load_id,pickup,delivery,distance,equipment,weight,market_index,quote_signal,posted_rate,predicted_rate,error,absolute_error,percentage_error,distance_group
TR-043148,Phoenix,Dayton,2211.8,Dry Van,27536.0,0.89734,2.37047,4001.45,4069.688687010498,68.23868701049832,68.23868701049832,1.705348986254941,1500+
TR-043149,Nashville,Albany,1244.7,Dry Van,36248.0,0.91049,2.13372,2466.25,2730.589214988425,264.3392149884248,264.3392149884248,10.7182651794597,1001-1500
TR-043150,Baton Rouge,Toledo,1083.9,Reefer,41497.0,0.95292,1.79117,2526.28,2563.348653870427,37.068653870426715,37.068653870426715,1.4673216694280409,1001-1500
TR-043151,Houston,Nashville,605.5,Reefer,26869.0,0.94184,1.64727,1518.22,1503.2447653240552,-14.975234675944876,14.975234675944876,0.9863678963486765,501-750
TR-043152,Tulsa,Albany,1663.3,Dry Van,5000.0,0.92167,2.35686,2999.76,3340.9123090413414,341.15230904134114,341.15230904134114,11.37265344698713,1500+
TR-043153,Nashville,Corpus Christi,780.4,Dry Van,30828.0,0.95885,1.95835,1704.26,1720.1130281755914,15.853028175591362,15.853028175591362,0.930200097144295,751-1000
TR-043154,Lexington,Chattanooga,216.5,Reefer,30612.0,0.88503,1.32675,605.83,678.3554555503558,72.52545555035579,72.52545555035579,11.97125522842312,0-250
TR-043155,Grand Rapids,Louisville,520.5,Dry Van,45376.0,0.92118,1.87455,1176.88,1134.7830460481402,-42.09695395185986,42.09695395185986,3.5769962911987507,501-750
TR-043156,Mobile,Grand Rapids,987.8,Dry Van,24167.0,0.88702,2.22843,1900.8,1946.0483860270292,45.248386027029255,45.248386027029255,2.3804916891324317,751-1000
TR-043157,Atlanta,Philadelphia,945.3,Dry Van,29375.0,0.92532,2.12378,1914.59,1886.9832675010523,-27.606732498947622,27.606732498947622,1.4419135427923275,751-1000
TR-043158,Greensboro,Fort Wayne,479.1,Reefer,33823.0,0.93187,1.61969,1223.46,1229.9736212257808,6.513621225780753,6.513621225780753,0.5323934763523738,251-500
TR-043159,Shreveport,Fort Wayne,857.4,Flatbed,31404.0,0.9112,1.84032,1941.22,1971.9205101756463,30.700510175646286,30.700510175646286,1.58150596921762,751-1000
TR-043160,Dayton,Baton Rouge,917.8,Reefer,40760.0,0.928,1.78045,2156.97,2184.3601143125006,27.390114312500828,27.390114312500828,1.2698421541561,751-1000
TR-043161,Jacksonville,Los Angeles,2203.9,Dry Van,47500.0,0.9212,2.26767,4262.62,4455.544642002278,192.92464200227823,192.92464200227823,4.525963890806082,1500+
TR-043162,Amarillo,Tucson,639.4,Dry Van,36200.0,0.96079,1.87949,1430.05,1440.9515744615278,10.901574461527844,10.901574461527844,0.7623212098547494,501-750
TR-043163,Fresno,Buffalo,2754.3,Dry Van,28815.0,0.91453,2.44012,4744.55,4864.913968253729,120.36396825372867,120.36396825372867,2.536889025381304,1500+
TR-043164,San Antonio,Kansas City,931.0,Dry Van,34497.0,0.9489,1.98098,2022.34,1944.767423857675,-77.5725761423248,77.5725761423248,3.8357831097799977,751-1000
TR-043165,St. Louis,El Paso,1373.6,Flatbed,38469.0,0.91194,1.92715,2990.31,3099.0412194707365,108.7312194707365,108.7312194707365,3.636118645583117,1001-1500
TR-043166,Kansas City,Fort Wayne,399.8,Reefer,26626.0,0.95337,1.68664,982.16,1004.6361329564206,22.476132956420656,22.476132956420656,2.288439048263079,251-500
TR-043167,Fort Wayne,Buffalo,415.8,Reefer,36116.0,0.90471,1.70774,1023.56,1073.7526263539223,50.19262635392238,50.19262635392238,4.903730739177223,251-500
TR-043168,Shreveport,Syracuse,1278.8,Reefer,40445.0,0.90742,1.94368,2873.9,2922.310528621295,48.410528621294816,48.410528621294816,1.6844889739133169,1001-1500
TR-043169,Albuquerque,Buffalo,2049.6,Flatbed,43072.0,0.92599,2.16641,4042.16,4227.635653668314,185.4756536683144,185.4756536683144,4.588528253911632,1500+
TR-043170,Indianapolis,Dayton,246.4,Reefer,39932.0,0.97449,1.26425,712.29,726.9266261369694,14.636626136969426,14.636626136969426,2.0548689630585053,0-250
TR-043171,Grand Rapids,Philadelphia,884.2,Dry Van,44533.0,0.94306,2.17027,1794.49,1859.0271513280188,64.53715132801881,64.53715132801881,3.5964062952715703,751-1000
TR-043172,Reno,Boston,3014.7,Flatbed,24898.0,0.92547,2.25686,5589.34,5594.737464976595,5.397464976595074,5.397464976595074,0.09656712557466668,1500+
TR-043173,Hartford,Atlanta,998.5,Flatbed,26527.0,0.92643,2.05124,2086.11,2168.463386414487,82.35338641448698,82.35338641448698,3.9477010519333575,751-1000
TR-043174,Raleigh,Richmond,242.5,Dry Van,24719.0,0.91634,1.71151,579.08,583.3480825122201,4.268082512220076,4.268082512220076,0.7370454017096214,0-250
TR-043175,Toledo,Harrisburg,449.7,Dry Van,37069.0,0.90976,2.0004,974.24,1032.5761315162702,58.33613151627014,58.33613151627014,5.987860436470494,251-500
TR-043176,Columbia,Chattanooga,282.2,Flatbed,41187.0,0.93982,1.49287,755.24,814.6147377971404,59.37473779714037,59.37473779714037,7.861704596835492,251-500
TR-043177,Dayton,Baton Rouge,884.8,Flatbed,37448.0,0.94791,1.92869,2004.9,2029.8482884030072,24.948288403007155,24.948288403007155,1.2443657241262485,751-1000
TR-043178,Nashville,Baltimore,1022.5,Dry Van,25107.0,0.92925,2.15102,2015.6,2052.537791342593,36.9377913425933,36.9377913425933,1.8325953236055417,1001-1500
TR-043179,Jacksonville,Charleston,378.6,Flatbed,23637.0,0.91421,1.76292,906.83,991.5079999932341,84.67799999323404,84.67799999323404,9.33780311560425,251-500
TR-043180,Richmond,Salt Lake City,2336.6,Flatbed,32396.0,0.93289,2.16873,4627.89,4756.686284116031,128.79628411603062,128.79628411603062,2.783045494081117,1500+
TR-043181,Philadelphia,Detroit,777.6,Dry Van,19703.0,0.97803,2.1958,1500.39,1549.1950136533078,48.8050136533077,48.8050136533077,3.252821843207945,751-1000
TR-043182,Madison,Green Bay,277.8,Dry Van,24115.0,0.91406,1.88312,628.71,627.0908902724452,-1.6191097275548145,1.6191097275548145,0.2575288650657401,251-500
TR-043183,Green Bay,Greensboro,764.2,Reefer,31784.0,0.90463,1.79948,1789.15,1765.7506584076714,-23.39934159232871,23.39934159232871,1.3078468318658978,751-1000
TR-043184,Richmond,Fort Wayne,589.6,Dry Van,26718.0,0.94393,2.10943,1184.39,1266.4609196715398,82.07091967153974,82.07091967153974,6.929383030212999,501-750
TR-043185,Fort Wayne,Atlanta,548.4,Reefer,26544.0,0.94021,1.76816,6477.13,1336.9150462857826,-5140.214953714218,5140.214953714218,79.3594532410839,501-750
TR-043186,Syracuse,Greensboro,684.8,Flatbed,43639.0,0.87384,1.97295,1498.58,1541.7226822452972,43.14268224529724,43.14268224529724,2.878904178975913,501-750
TR-043187,Oklahoma City,Austin,244.7,Reefer,40290.0,0.94006,1.01065,757.75,759.7760723884539,2.02607238845394,2.02607238845394,0.2673800578626117,0-250
TR-043188,Memphis,Syracuse,993.2,Dry Van,32962.0,0.99137,2.10365,2022.07,2047.6145944485172,25.544594448517273,25.544594448517273,1.2632893247274959,751-1000
TR-043189,Milwaukee,Mobile,650.6,Dry Van,22459.0,0.96254,2.05289,1372.49,1343.778705484674,-28.711294515326017,28.711294515326017,2.0919128383686596,501-750
TR-043190,Baton Rouge,Montgomery,461.0,Dry Van,24343.0,0.91213,1.94432,1000.3,1072.7477553292645,72.44775532926451,72.44775532926451,7.242602752100821,251-500
TR-043191,Tulsa,Atlanta,562.0,Dry Van,23040.0,0.92229,2.01727,1206.96,1291.3585819536208,84.3985819536208,84.3985819536208,6.992657747864121,501-750
TR-043192,Lubbock,Tulsa,470.7,Dry Van,32546.0,0.95908,1.74904,1133.3,1158.2693984134617,24.969398413461704,24.969398413461704,2.203247014335278,251-500
TR-043193,Reno,Columbia,2273.8,Flatbed,19245.0,0.97777,2.27185,4333.35,4439.580187367641,106.23018736764061,106.23018736764061,2.4514564336515767,1500+
TR-043194,Los Angeles,San Antonio,1273.2,Dry Van,38296.0,0.93332,2.0944,2647.58,2706.9393615678573,59.35936156785738,59.35936156785738,2.2420233408568344,1001-1500
TR-043195,Kansas City,Atlanta,495.9,Dry Van,26104.0,0.95722,1.94693,1100.57,1117.830786330452,17.260786330451992,17.260786330451992,1.5683497033766134,251-500
TR-043196,Fort Wayne,Jacksonville,758.8,Flatbed,39430.0,0.97014,1.89086,1733.31,1770.6672307843069,37.35723078430692,37.35723078430692,2.155253865973595,751-1000
TR-043197,Los Angeles,Milwaukee,2051.9,Reefer,41133.0,0.90426,2.01799,4360.08,4402.844513201475,42.76451320147498,42.76451320147498,0.980819462062049,1500+
TR-043198,Mobile,Corpus Christi,597.4,Dry Van,25697.0,0.90941,1.93705,1310.24,1371.0392462192176,60.79924621921759,60.79924621921759,4.640313699720478,501-750
TR-043199,Baltimore,Los Angeles,3035.7,Dry Van,33063.0,0.91931,2.35194,5448.66,5551.8842973136325,103.22429731363263,103.22429731363263,1.894489605033763,1500+
TR-043200,Oklahoma City,San Antonio,210.1,Dry Van,35587.0,0.9355,1.42143,572.62,637.9928477774215,65.3728477774215,65.3728477774215,11.416445073071408,0-250
TR-043201,Harrisburg,Oklahoma City,1471.5,Dry Van,25723.0,0.91538,2.26221,2839.21,2949.96179037671,110.75179037670978,110.75179037670978,3.900796009337449,1001-1500
TR-043202,Nashville,Tulsa,463.4,Dry Van,20883.0,0.89675,1.9198,1033.26,1067.3056180118922,34.0456180118922,34.0456180118922,3.2949710636134375,251-500
TR-043203,Mobile,Green Bay,1010.9,Dry Van,24986.0,0.94888,2.16724,1986.82,2018.7505442307054,31.930544230705436,31.930544230705436,1.6071181199457143,1001-1500
TR-043204,Shreveport,Richmond,1124.8,Reefer,22602.0,0.94677,2.0606,2400.85,2502.7342328211744,101.88423282117446,101.88423282117446,4.243673399886476,1001-1500
TR-043205,Kansas City,Tampa,951.8,Dry Van,43986.0,0.90774,2.06046,1936.07,2049.6632985241145,113.59329852411452,113.59329852411452,5.867210303558989,751-1000
TR-043206,Lexington,Providence,988.0,Dry Van,28775.0,0.90873,2.24577,1929.23,2060.13604072102,130.90604072101996,130.90604072101996,6.785403540325413,751-1000
TR-043207,Fresno,El Paso,647.7,Reefer,24066.0,0.94299,1.85385,1483.98,1553.7153266583748,69.73532665837479,69.73532665837479,4.699209332900361,501-750
TR-043208,Green Bay,Fresno,2216.0,Dry Van,24384.0,0.90228,2.39387,3829.84,3999.782632427828,169.9426324278279,169.9426324278279,4.437329821293524,1500+
TR-043209,Toledo,Columbia,605.9,Dry Van,27898.0,0.95495,2.1447,1217.54,1278.5381931348588,60.998193134858866,60.998193134858866,5.0099539345614,501-750
TR-043210,Shreveport,Buffalo,1159.0,Dry Van,39760.0,0.91431,2.12689,2360.65,2408.1576718174347,47.507671817434584,47.507671817434584,2.012482655939448,1001-1500
TR-043211,Philadelphia,Cincinnati,922.4,Reefer,35327.0,0.96607,1.86562,2088.6,2139.1845045605514,50.58450456055152,50.58450456055152,2.421933570839391,751-1000
TR-043212,Washington,San Francisco,2784.9,Dry Van,27614.0,0.92192,2.4201,4778.86,5111.068877704485,332.20887770448553,332.20887770448553,6.9516344421993015,1500+
TR-043213,Indianapolis,Raleigh,803.1,Flatbed,22362.0,0.90136,1.97681,1722.03,1709.7393388102732,-12.290661189726734,12.290661189726734,0.7137309564715327,751-1000
TR-043214,Dayton,Raleigh,637.7,Flatbed,24901.0,0.96179,1.93856,1412.16,1414.4604570120212,2.30045701202107,2.30045701202107,0.1629034253923826,501-750
TR-043215,El Paso,Richmond,2179.4,Reefer,21759.0,0.93656,2.08298,4500.92,4518.929353798589,18.009353798588563,18.009353798588563,0.4001260586410903,1500+
TR-043216,Shreveport,Boston,1553.5,Dry Van,47500.0,0.9728,2.07968,3181.84,3252.1270075393873,70.2870075393871,70.2870075393871,2.2090050894886955,1500+
TR-043217,Bakersfield,Austin,1203.3,Dry Van,42577.0,0.92708,2.08771,2498.9,2524.4101395091657,25.510139509165583,25.510139509165583,1.0208547564594654,1001-1500
TR-043218,Phoenix,Baton Rouge,1635.8,Dry Van,36575.0,0.93001,2.2081,3208.55,3337.0008502209043,128.45085022090416,128.45085022090416,4.003392505053814,1500+
TR-043219,Boston,El Paso,2628.8,Dry Van,43841.0,0.90459,2.2857,4900.51,5047.142412718447,146.63241271844709,146.63241271844709,2.992186787057818,1500+
TR-043220,El Paso,Mobile,1507.7,Dry Van,39046.0,0.92703,2.13682,3028.96,3112.6630326550803,83.70303265508028,83.70303265508028,2.7634248275011974,1500+
TR-043221,Mobile,Cincinnati,458.5,Dry Van,26528.0,0.88825,1.99187,1008.48,1089.7610157022104,81.28101570221042,81.28101570221042,8.059754849100669,251-500
TR-043222,Tucson,Albuquerque,451.9,Reefer,44563.0,0.91446,1.58949,1170.12,1230.0191779380193,59.89917793801942,59.89917793801942,5.119062825865674,251-500
TR-043223,Amarillo,Memphis,1005.8,Reefer,47500.0,0.96913,1.60466,2521.43,2544.5904665743988,23.160466574398924,23.160466574398924,0.9185448961263618,1001-1500
TR-043224,Grand Rapids,Milwaukee,358.0,Dry Van,42637.0,0.92698,1.7789,835.03,845.7772068140082,10.747206814008223,10.747206814008223,1.287044395292172,251-500
TR-043225,Phoenix,Syracuse,2633.9,Flatbed,23274.0,0.92561,2.36637,4810.57,5023.744201639212,213.1742016392127,213.1742016392127,4.4313709526981775,1500+
TR-043226,Grand Rapids,Syracuse,562.6,Reefer,5739.0,0.94232,1.92407,1244.63,1281.015794309278,36.3857943092778,36.3857943092778,2.9234225680947588,501-750
TR-043227,Chattanooga,Grand Rapids,678.9,Dry Van,28436.0,0.93238,2.01181,1446.38,1383.726435448093,-62.65356455190704,62.65356455190704,4.3317499240799116,501-750
TR-043228,Dayton,Indianapolis,244.1,Dry Van,18130.0,0.88948,1.81449,563.96,583.5876029856688,19.627602985668773,19.627602985668773,3.480318282443572,0-250
TR-043229,Albuquerque,Tucson,447.2,Dry Van,31876.0,0.95956,1.88069,1023.4,1067.1391512210193,43.73915122101937,43.73915122101937,4.273905728065211,251-500
TR-043230,Cincinnati,Harrisburg,607.5,Flatbed,35518.0,0.94627,1.80961,1421.17,1463.3760086812754,42.20600868127531,42.20600868127531,2.969807178682023,501-750
TR-043231,Baltimore,Greensboro,685.5,Dry Van,27719.0,0.91328,2.13163,1397.01,1400.2289991305597,3.218999130559723,3.218999130559723,0.2304206219396943,501-750
TR-043232,Montgomery,Amarillo,1253.7,Dry Van,30966.0,0.92729,2.20408,2477.14,2667.4143110826444,190.27431108264454,190.27431108264454,7.681209422262955,1001-1500
TR-043233,Charleston,New York,632.4,Reefer,23134.0,0.97127,1.75776,1490.25,1471.7027638615164,-18.54723613848364,18.54723613848364,1.244572128064663,501-750
TR-043234,Tucson,Tulsa,1283.2,Dry Van,25966.0,0.91819,2.26598,2459.43,2550.409143323957,90.97914332395703,90.97914332395703,3.699196290358215,1001-1500
TR-043235,Raleigh,Greensboro,359.6,Dry Van,24538.0,0.93111,1.97769,789.03,846.9214986633913,57.8914986633913,57.8914986633913,7.337046584209891,251-500
TR-043236,Greensboro,Mobile,509.2,Dry Van,37495.0,0.95134,1.84267,1164.68,1175.5944596061997,10.91445960619967,10.91445960619967,0.937120892107675,501-750
TR-043237,Fresno,Harrisburg,2731.3,Reefer,28295.0,0.91138,2.20715,5555.29,5349.112072227084,-206.1779277729156,206.1779277729156,3.7113801038814467,1500+
TR-043238,Tucson,Atlanta,1875.4,Dry Van,26096.0,0.96833,2.25537,3533.64,3659.6352981957207,125.9952981957208,125.9952981957208,3.565595199163492,1500+
TR-043239,Indianapolis,Dayton,256.8,Dry Van,36158.0,0.90325,1.56835,648.29,655.8843765887927,7.594376588792784,7.594376588792784,1.1714474369175498,251-500
TR-043240,New Orleans,Hartford,1435.0,Dry Van,41394.0,0.97375,2.15817,2853.94,3040.6280775060823,186.6880775060822,186.6880775060822,6.541415639644919,1001-1500
TR-043241,Fresno,Lubbock,1431.7,Dry Van,24891.0,0.91478,2.15409,2817.95,2884.3121072871904,66.36210728719061,66.36210728719061,2.354978168072202,1001-1500
TR-043242,Nashville,Kansas City,412.3,Flatbed,25831.0,0.92812,1.74285,1002.17,1017.8541953412853,15.684195341285317,15.684195341285317,1.565023433278318,251-500
TR-043243,Columbia,Amarillo,1434.7,Dry Van,37857.0,0.94716,2.04357,2898.42,3067.9900029167493,169.57000291674922,169.57000291674922,5.850428954973717,1001-1500
TR-043244,Buffalo,Jacksonville,862.0,Reefer,35602.0,0.89428,1.86893,1968.55,2072.7051651147203,104.15516511472038,104.15516511472038,5.290958579397037,751-1000
TR-043245,Montgomery,Tulsa,624.8,Dry Van,33757.0,0.91908,1.89207,1398.29,1485.61003841755,87.32003841755,87.32003841755,6.244773145595691,501-750
TR-043246,Detroit,Raleigh,790.4,Dry Van,38671.0,0.91521,2.15277,1614.53,1674.231404178172,59.70140417817197,59.70140417817197,3.6977575008313237,751-1000
TR-043247,Mobile,Lubbock,833.4,Dry Van,29664.0,0.89737,1.9963,1793.3,1848.193229486224,54.89322948622407,54.89322948622407,3.061017648258745,751-1000
TR-043248,Phoenix,Charleston,2442.1,Dry Van,28440.0,0.93595,2.27865,4537.86,4600.421967744927,62.56196774492764,62.56196774492764,1.3786667668224153,1500+
TR-043249,Richmond,Memphis,824.1,Dry Van,20292.0,0.91753,2.11213,1641.95,1771.855265641633,129.90526564163292,129.90526564163292,7.91164564338944,751-1000
TR-043250,Shreveport,Syracuse,1259.6,Flatbed,21423.0,0.92237,2.19049,2505.88,2677.2276190917014,171.3476190917013,171.3476190917013,6.837822205839917,1001-1500
TR-043251,Corpus Christi,Harrisburg,1519.1,Dry Van,29301.0,0.91959,2.21522,2902.34,2983.625400416986,81.2854004169858,81.2854004169858,2.8006849789130768,1500+
TR-043252,Toledo,Fort Wayne,104.7,Reefer,47500.0,0.95103,1.15563,311.26,410.39871551295005,99.13871551295006,99.13871551295006,31.85077283073638,0-250
TR-043253,Phoenix,Detroit,2267.7,Dry Van,30233.0,0.9605,2.29836,4200.14,4433.189254170247,233.04925417024697,233.04925417024697,5.548606812397847,1500+
TR-043254,Baton Rouge,Shreveport,176.0,Dry Van,46893.0,0.95413,1.24262,517.66,621.4987283339863,103.8387283339863,103.8387283339863,20.059252855925955,0-250
TR-043255,Salt Lake City,Fort Wayne,1837.0,Reefer,30272.0,0.91965,2.06652,3773.93,3983.7782813207023,209.84828132070243,209.84828132070243,5.560470949930243,1500+
TR-043256,Atlanta,San Antonio,933.6,Reefer,30160.0,0.93224,1.79268,2219.91,2193.748320435814,-26.16167956418576,26.16167956418576,1.1785018115232493,751-1000
TR-043257,Lubbock,Baton Rouge,538.3,Dry Van,32252.0,0.93052,1.75945,1283.16,1284.372285208659,1.212285208658841,1.212285208658841,0.09447654296103689,501-750
TR-043258,Syracuse,Houston,1522.5,Dry Van,25068.0,0.92469,2.21719,2877.77,2991.623682067202,113.85368206720204,113.85368206720204,3.9563162472053723,1500+
TR-043259,Tulsa,Boston,1726.6,Dry Van,38038.0,0.9164,2.23139,3332.2,3455.4301557523377,123.23015575233785,123.23015575233785,3.6981620476663424,1500+
TR-043260,New York,Tucson,2615.5,Reefer,25949.0,0.93069,2.16776,5124.5,5225.758733423349,101.25873342334944,101.25873342334944,1.9759729422060581,1500+
TR-043261,Green Bay,Bakersfield,2004.8,Reefer,27169.0,0.95142,2.16832,4070.24,4162.56581262784,92.3258126278406,92.3258126278406,2.2683137266559372,1500+
TR-043262,Memphis,Philadelphia,1123.5,Reefer,23306.0,0.89805,1.9382,2458.0,2409.094181374247,-48.905818625753,48.905818625753,1.989659016507445,1001-1500
TR-043263,Philadelphia,Nashville,1039.6,Dry Van,29476.0,0.92915,2.25155,2010.76,2155.6963637429626,144.9363637429626,144.9363637429626,7.208038937663501,1001-1500
TR-043264,Lexington,Phoenix,2254.2,Dry Van,36593.0,0.95503,2.30796,4221.49,4370.725579067993,149.23557906799306,149.23557906799306,3.5351399403526496,1500+
TR-043265,Shreveport,Grand Rapids,959.6,Reefer,22879.0,0.91159,1.89854,2113.04,2144.1743628581144,31.1343628581144,31.1343628581144,1.4734393507985841,751-1000
TR-043266,Indianapolis,San Francisco,2164.4,Flatbed,39863.0,0.90011,2.12275,4464.73,4370.893134914955,-93.83686508504434,93.83686508504434,2.10173661307726,1500+
TR-043267,Lexington,San Francisco,2291.1,Dry Van,32262.0,0.96267,2.27185,4310.7,4473.666802854168,162.96680285416824,162.96680285416824,3.780518311507835,1500+
TR-043268,Green Bay,Bakersfield,2012.0,Reefer,45324.0,0.95315,2.05857,4298.29,4304.399494152332,6.109494152332445,6.109494152332445,0.1421377839171495,1500+
TR-043269,Charleston,Milwaukee,734.0,Dry Van,28420.0,0.93799,2.16162,1487.21,1561.6667158751395,74.45671587513948,74.45671587513948,5.006469555418501,501-750
TR-043270,Tucson,Phoenix,275.2,Dry Van,29606.0,0.91558,1.78903,650.49,706.9195041659207,56.42950416592066,56.42950416592066,8.674922622318663,251-500
TR-043271,Amarillo,Phoenix,875.0,Dry Van,16374.0,0.93916,2.19266,1730.09,1930.7987074244907,200.70870742449074,200.70870742449074,11.601055865561372,751-1000
TR-043272,Lexington,Fort Wayne,371.4,Dry Van,26829.0,0.90458,1.87336,841.42,846.9278756708609,5.507875670860926,5.507875670860926,0.6545929108959766,251-500
TR-043273,Jacksonville,Los Angeles,2261.5,Dry Van,38330.0,0.92154,2.21434,4384.26,4446.231666267154,61.97166626715352,61.97166626715352,1.413503447951388,1500+
TR-043274,Indianapolis,Mobile,561.1,Dry Van,38066.0,0.94286,1.88244,1274.28,1296.922143085399,22.642143085399084,22.642143085399084,1.7768577616692631,501-750
TR-043275,San Antonio,Memphis,791.9,Dry Van,32338.0,0.9353,1.99454,1749.18,1715.1296345599858,-34.050365440014275,34.050365440014275,1.9466473113124019,751-1000
TR-043276,El Paso,Louisville,1577.7,Dry Van,41225.0,0.9126,2.11022,3134.93,3159.7351099027087,24.805109902708864,24.805109902708864,0.7912492432912015,1500+
TR-043277,Montgomery,Oklahoma City,855.9,Dry Van,35842.0,0.89807,2.01844,1791.66,2005.338686586117,213.678686586117,213.678686586117,11.926296651491745,751-1000
TR-043278,Greensboro,Harrisburg,442.4,Reefer,47500.0,0.89151,1.63535,1098.12,1156.8972776048788,58.77727760487892,58.77727760487892,5.352536845233574,251-500
TR-043279,Charleston,Atlanta,445.9,Dry Van,24307.0,0.93061,1.96958,977.98,1079.1053478166436,101.12534781664363,101.12534781664363,10.340226570752328,251-500
TR-043280,Nashville,Houston,583.0,Flatbed,30914.0,0.97482,1.75582,1398.37,1459.085575592209,60.71557559220901,60.71557559220901,4.341882019223025,501-750
TR-043281,San Antonio,Albuquerque,912.2,Dry Van,33514.0,0.9327,1.96782,1927.67,1979.3285867475774,51.658586747577374,51.658586747577374,2.6798459667669974,751-1000
TR-043282,Providence,Milwaukee,1227.5,Dry Van,37320.0,0.89347,2.23115,2331.68,2510.971587839966,179.29158783996627,179.29158783996627,7.689373663623066,1001-1500
TR-043283,Fort Wayne,Amarillo,1396.3,Dry Van,42207.0,1.0558,2.13926,2846.07,2967.7467595052462,121.67675950524608,121.67675950524608,4.275255334733371,1001-1500
TR-043284,Dayton,Charleston,629.3,Reefer,25310.0,0.94414,1.88681,1458.78,1451.3857186621735,-7.394281337826442,7.394281337826442,0.5068811841282744,501-750
TR-043285,Richmond,Boston,489.6,Reefer,27756.0,0.90536,1.8399,1157.74,1240.2103876235872,82.47038762358716,82.47038762358716,7.123394512030953,251-500
TR-043286,Milwaukee,Jacksonville,660.7,Dry Van,39401.0,0.92683,1.94467,1443.07,1466.698535294548,23.6285352945481,23.6285352945481,1.6373797040024463,501-750
TR-043287,Cincinnati,Louisville,70.0,Dry Van,26853.0,0.92808,1.34613,194.26,306.6716718642574,112.41167186425741,112.41167186425741,57.86660756936962,0-250
TR-043288,Boston,Amarillo,2337.0,Reefer,41008.0,0.93688,1.92078,5076.68,4929.9508995627775,-146.72910043722277,146.72910043722277,2.89025702697871,1500+
TR-043289,Toledo,Richmond,565.0,Dry Van,20368.0,0.94021,2.09841,1140.24,1203.0579291677125,62.817929167712464,62.817929167712464,5.509184835448017,501-750
TR-043290,Charleston,Syracuse,733.9,Reefer,25509.0,0.94133,1.94838,1645.12,1696.8211235535928,51.70112355359288,51.70112355359288,3.142696189554129,501-750
TR-043291,Charleston,Lexington,407.9,Dry Van,26756.0,0.92009,1.88086,921.92,964.0543664760141,42.13436647601418,42.13436647601418,4.570284458089008,251-500
TR-043292,Atlanta,Grand Rapids,699.1,Dry Van,36044.0,0.95818,1.98133,1498.47,1538.334254034844,39.86425403484395,39.86425403484395,2.660330472738457,501-750
TR-043293,Shreveport,Lubbock,594.4,Reefer,19599.0,0.93875,1.73159,1456.25,1459.671811241491,3.421811241491014,3.421811241491014,0.23497416250582068,501-750
TR-043294,New York,Grand Rapids,801.6,Flatbed,26720.0,0.96393,2.03271,1717.39,1710.2147700990195,-7.175229900980639,7.175229900980639,0.41779851408128843,751-1000
TR-043295,Kansas City,Bakersfield,1732.8,Dry Van,32451.0,0.97215,2.24337,3374.09,3427.955721694827,53.86572169482679,53.86572169482679,1.5964518342672183,1500+
TR-043296,Charleston,Toledo,735.6,Dry Van,35437.0,0.89536,2.1213,1509.89,1557.032168442337,47.142168442336924,47.142168442336924,3.1222253569688467,501-750
TR-043297,Hartford,Philadelphia,70.0,Dry Van,41400.0,0.96595,1.21592,203.0,294.1331276376586,91.13312763765862,91.13312763765862,44.893166323969766,0-250
TR-043298,Tulsa,San Antonio,414.8,Dry Van,31811.0,0.92166,1.7045,1013.72,1109.3946596749452,95.67465967494513,95.67465967494513,9.437976924095917,251-500
TR-043299,Lubbock,Syracuse,1869.1,Flatbed,38731.0,0.94689,2.12214,3856.36,3955.410386352626,99.05038635262599,99.05038635262599,2.5684942887237185,1500+
TR-043300,Savannah,Atlanta,320.9,Dry Van,29026.0,0.94406,1.75786,767.51,781.1329696423165,13.622969642316548,13.622969642316548,1.774956631485785,251-500
TR-043301,Amarillo,Fresno,1056.2,Reefer,35009.0,0.92546,1.81518,2447.96,2560.4905152443944,112.53051524439434,112.53051524439434,4.596909885961957,1001-1500
TR-043302,Atlanta,Chattanooga,84.4,Reefer,29124.0,0.95071,0.80326,280.13,406.56707097424373,126.43707097424374,126.43707097424374,45.13514117525568,0-250
TR-043303,Atlanta,Phoenix,2083.1,Reefer,40335.0,0.9074,1.94613,13894.55,4478.7610350537925,-9415.788964946207,9415.788964946207,67.76605910192275,1500+
TR-043304,Atlanta,Richmond,684.6,Dry Van,36871.0,0.91089,2.02593,1456.68,1458.9098737453155,2.2298737453154445,2.2298737453154445,0.1530791762992177,501-750
TR-043305,San Francisco,Amarillo,1194.6,Dry Van,30382.0,0.9153,2.15589,2368.1,2437.652631973301,69.55263197330123,69.55263197330123,2.9370648187703745,1001-1500
TR-043306,Baton Rouge,Detroit,1212.8,Dry Van,25756.0,0.88825,2.26441,2279.69,2349.3208260513265,69.6308260513265,69.6308260513265,3.0543988898195145,1001-1500
TR-043307,Albany,Tucson,2824.9,Dry Van,27302.0,0.96164,2.38517,4949.49,5303.943666627429,354.4536666274289,354.4536666274289,7.1614179769517445,1500+
TR-043308,Bakersfield,New York,2801.8,Reefer,30399.0,0.88411,2.14923,5510.91,5604.666345682575,93.75634568257556,93.75634568257556,1.7012860976240867,1500+
TR-043309,Mobile,Birmingham,159.3,Dry Van,26626.0,1.0558,1.44924,432.91,478.5181171048341,45.60811710483409,45.60811710483409,10.53524222236356,0-250
TR-043310,Dayton,Baton Rouge,914.5,Reefer,43228.0,0.98465,1.75692,2142.88,2208.6964267534386,65.81642675343846,65.81642675343846,3.0714004868886016,751-1000
TR-043311,Baton Rouge,Tampa,444.9,Reefer,29855.0,0.97099,1.49806,1200.45,1215.63932259261,15.18932259260987,15.18932259260987,1.2653023943196193,251-500
TR-043312,Chattanooga,Albuquerque,1468.5,Dry Van,41848.0,0.97147,2.12499,2968.11,3127.7326808590724,159.62268085907226,159.62268085907226,5.377923353887567,1001-1500
TR-043313,Tucson,Columbia,2027.3,Dry Van,33496.0,0.93912,2.1848,3842.4,4028.717385904356,186.3173859043559,186.3173859043559,4.848984642524357,1500+
TR-043314,Toledo,Montgomery,862.8,Flatbed,24062.0,0.94907,2.02479,1843.79,1908.1412301601486,64.35123016014859,64.35123016014859,3.4901604933397294,751-1000
TR-043315,Phoenix,Cincinnati,2060.5,Dry Van,30456.0,0.94498,2.34285,3792.71,3989.6825549832874,196.9725549832874,196.9725549832874,5.1934515157575305,1500+
TR-043316,San Antonio,Richmond,1622.8,Reefer,19328.0,1.0558,2.09975,3421.97,3559.7252809087436,137.75528090874377,137.75528090874377,4.025613342862263,1500+
TR-043317,Fort Wayne,Charleston,689.3,Dry Van,35351.0,0.93296,1.99465,1467.83,1522.9664111864422,55.136411186442274,55.136411186442274,3.7563213169401277,501-750
TR-043318,Shreveport,Cincinnati,562.4,Dry Van,31315.0,0.96834,1.92877,1236.69,1268.0030440023215,31.313044002321476,31.313044002321476,2.532004301993343,501-750
TR-043319,Chattanooga,Tucson,1776.6,Dry Van,36173.0,0.98367,2.28205,3405.12,3601.9820607421784,196.86206074217853,196.86206074217853,5.781354570240653,1500+
TR-043320,Montgomery,Charleston,507.6,Dry Van,47500.0,0.94116,1.87042,1143.93,1269.5167707175435,125.58677071754346,125.58677071754346,10.978536336798882,501-750
TR-043321,Syracuse,Greensboro,664.9,Dry Van,39672.0,0.99311,2.03592,1378.93,1449.924953338027,70.99495333802702,70.99495333802702,5.148553830725781,501-750
TR-043322,Fresno,Raleigh,2803.5,Dry Van,30727.0,0.93251,2.31957,5012.79,5237.611644479186,224.82164447918603,224.82164447918603,4.484960360980333,1500+
TR-043323,Corpus Christi,Cincinnati,937.3,Reefer,32688.0,0.95304,1.80582,2169.46,2210.987068018089,41.52706801808881,41.52706801808881,1.9141661066850189,751-1000
TR-043324,El Paso,Hartford,2554.1,Reefer,23325.0,0.97024,2.26885,5024.96,5096.311058492092,71.3510584920923,71.3510584920923,1.4199328649798666,1500+
TR-043325,Tucson,Oklahoma City,1005.7,Reefer,47500.0,0.96832,1.63795,2467.62,2490.904093116967,23.284093116967142,23.284093116967142,0.9435850380920541,1001-1500
TR-043326,Buffalo,San Francisco,2738.2,Dry Van,27007.0,0.99385,2.30244,4932.23,4915.561824982593,-16.66817501740661,16.66817501740661,0.33794399323240426,1500+
TR-043327,Baton Rouge,Harrisburg,1210.0,Dry Van,34145.0,0.9397,2.19709,2347.61,2493.7769130113793,146.16691301137917,146.16691301137917,6.226200817485833,1001-1500
TR-043328,Bakersfield,Richmond,2586.0,Flatbed,30925.0,0.98134,2.20193,4970.96,5144.712514149951,173.7525141499509,173.7525141499509,3.495351283252147,1500+
TR-043329,Austin,Toledo,1440.3,Dry Van,30427.0,0.93135,2.19974,2770.73,2942.2125471050977,171.48254710509764,171.48254710509764,6.189074615898973,1001-1500
TR-043330,Mobile,Albany,1430.6,Dry Van,33971.0,0.95239,2.18704,2802.12,3162.616068617042,360.49606861704206,360.49606861704206,12.86511886061418,1001-1500
TR-043331,Boston,Mobile,1337.8,Dry Van,35036.0,0.95747,2.10365,2727.55,2743.782316879072,16.232316879071732,16.232316879071732,0.5951244479137588,1001-1500
TR-043332,Columbia,El Paso,1754.5,Flatbed,24571.0,0.98927,2.11837,3588.13,3793.24207929112,205.1120792911197,205.1120792911197,5.716406019043895,1500+
TR-043333,Phoenix,Oklahoma City,1214.9,Dry Van,30987.0,0.94745,2.13103,2414.96,2479.978176243563,65.01817624356318,65.01817624356318,2.692308619752011,1001-1500
TR-043334,Nashville,El Paso,1487.4,Reefer,22023.0,0.97213,2.04946,3168.66,3310.427571688967,141.7675716889671,141.7675716889671,4.4740543854174035,1001-1500
TR-043335,Fort Wayne,Toledo,92.6,Reefer,27702.0,0.94899,1.19344,274.24,382.7565189591028,108.51651895910277,108.51651895910277,39.56990918870433,0-250
TR-043336,Madison,Greensboro,648.8,Flatbed,28661.0,0.9374,1.88033,1429.94,1472.956438890595,43.016438890595055,43.016438890595055,3.008268800830458,501-750
TR-043337,Lexington,Baton Rouge,762.7,Dry Van,38763.0,0.98745,1.87964,1729.78,1667.0460894375597,-62.733910562440315,62.733910562440315,3.6266988034571055,751-1000
TR-043338,Harrisburg,New York,281.2,Reefer,47500.0,0.95206,1.55604,745.43,780.8142243797254,35.384224379725424,35.384224379725424,4.746820543810341,251-500
TR-043339,Buffalo,San Francisco,2831.4,Reefer,22845.0,1.0558,2.2013,5505.02,5460.846887428664,-44.17311257133679,44.17311257133679,0.8024151151373979,1500+
TR-043340,Atlanta,New Orleans,458.5,Flatbed,42072.0,0.95044,1.66385,1142.27,1230.3917619081908,88.12176190819082,88.12176190819082,7.7146175517339,251-500
TR-043341,Chattanooga,Lexington,225.6,Reefer,24212.0,0.92864,1.36104,624.99,662.4125259676346,37.422525967634556,37.422525967634556,5.9876999580208565,0-250
TR-043342,Philadelphia,Memphis,1114.2,Flatbed,30196.0,0.92236,2.07069,2301.92,2422.087846144701,120.16784614470089,120.16784614470089,5.220331121181487,1001-1500
TR-043343,Salt Lake City,Reno,532.7,Flatbed,26267.0,0.9619,1.92644,1175.29,1200.786311266217,25.496311266216935,25.496311266216935,2.169363413814202,501-750
TR-043344,Shreveport,Richmond,1122.3,Dry Van,26343.0,0.97034,2.1725,2214.59,2295.6861605318154,81.09616053181526,81.09616053181526,3.6619040333341726,1001-1500
TR-043345,Austin,Madison,1213.2,Dry Van,44576.0,0.96718,2.02477,2592.64,2485.6047369943917,-107.03526300560816,107.03526300560816,4.128427510398982,1001-1500
TR-043346,Milwaukee,Amarillo,1152.6,Dry Van,16768.0,0.9434,2.14105,2287.12,2316.3842430519276,29.26424305192768,29.26424305192768,1.2795237264300814,1001-1500
TR-043347,Syracuse,Salt Lake City,2391.8,Reefer,42945.0,0.9904,2.18707,4754.03,5026.074492711616,272.04449271161593,272.04449271161593,5.722397475649417,1500+
TR-043348,Montgomery,Charleston,497.1,Dry Van,36857.0,0.98155,1.88267,1140.26,1254.6431464529217,114.38314645292166,114.38314645292166,10.031321492722858,251-500
TR-043349,Dayton,Hartford,842.1,Dry Van,33157.0,0.97686,2.13088,1672.88,1797.398538689672,124.51853868967191,124.51853868967191,7.443363462392514,751-1000
TR-043350,Philadelphia,Shreveport,1356.3,Flatbed,20949.0,0.91849,2.12697,2718.68,2871.587316957603,152.90731695760314,152.90731695760314,5.624321985581354,1001-1500
TR-043351,Oklahoma City,Austin,233.9,Dry Van,26277.0,0.98012,1.56136,611.62,704.3385852643103,92.71858526431026,92.71858526431026,15.159508398075646,0-250
TR-043352,Fresno,Lubbock,1391.0,Flatbed,40890.0,0.92607,1.89452,3094.08,3168.2373688513408,74.15736885134083,74.15736885134083,2.396750208505948,1001-1500
TR-043353,Greensboro,Amarillo,1475.3,Dry Van,28433.0,0.94338,2.24297,2843.33,2993.7422810002226,150.41228100022272,150.41228100022272,5.290004361091492,1001-1500
TR-043354,Grand Rapids,Boston,1096.9,Flatbed,32334.0,0.98291,2.11075,2265.33,2409.1236508030706,143.7936508030707,143.7936508030707,6.347580741131345,1001-1500
TR-043355,Baton Rouge,Green Bay,1140.1,Dry Van,36056.0,0.9245,2.04655,2393.81,2438.3088332364364,44.49883323643644,44.49883323643644,1.8589124966658357,1001-1500
TR-043356,Memphis,Savannah,525.3,Dry Van,23647.0,0.96868,1.86406,1174.22,1128.5671369560978,-45.652863043902244,45.652863043902244,3.8879309706785983,501-750
TR-043357,Austin,Salt Lake City,1030.0,Dry Van,47500.0,0.94476,2.02907,2169.9,2292.989246393115,123.08924639311499,123.08924639311499,5.672576911061108,1001-1500
TR-043358,Raleigh,New Orleans,1039.7,Dry Van,34202.0,0.9593,2.03115,2168.46,2199.209344328892,30.749344328891766,30.749344328891766,1.4180268175982846,1001-1500
TR-043359,El Paso,Fort Wayne,1697.5,Flatbed,36529.0,0.97926,2.08242,3535.11,3686.590332852461,151.48033285246083,151.48033285246083,4.285024591949354,1500+
TR-043360,Los Angeles,Austin,1211.5,Dry Van,34986.0,0.95316,2.07533,2482.49,2537.161735768602,54.67173576860205,54.67173576860205,2.2022943000214323,1001-1500
TR-043361,Syracuse,Tampa,1323.2,Dry Van,36681.0,0.97432,2.20739,2530.95,2698.9133504447273,167.96335044472744,167.96335044472744,6.636375686786679,1001-1500
TR-043362,Washington,Milwaukee,732.4,Dry Van,14243.0,0.95084,2.11301,1481.8,1490.521770228473,8.721770228473133,8.721770228473133,0.5885929429392046,501-750
TR-043363,Dallas,Oklahoma City,291.3,Reefer,27149.0,0.98274,1.28297,836.03,931.101572455241,95.07157245524104,95.07157245524104,11.371789583536602,251-500
TR-043364,Mobile,Oklahoma City,721.1,Flatbed,32193.0,0.96782,1.74452,1721.74,1769.293059748035,47.55305974803491,47.55305974803491,2.76191874197236,501-750
TR-043365,Tampa,Syracuse,1329.0,Dry Van,31669.0,0.95275,2.25062,2529.85,2618.667839736215,88.81783973621486,88.81783973621486,3.5107947007219744,1001-1500
TR-043366,Fresno,Jacksonville,2414.8,Dry Van,38106.0,0.9353,2.23738,4621.92,4622.563369520087,0.6433695200867078,0.6433695200867078,0.013919962268639608,1500+
TR-043367,Cincinnati,Lexington,128.1,Reefer,33354.0,0.95115,1.15076,386.18,473.2918291791782,87.11182917917819,87.11182917917819,22.55731243958211,0-250
TR-043368,Greensboro,Albuquerque,1750.6,Flatbed,29386.0,0.95386,2.09276,3633.54,3694.500100820065,60.960100820065236,60.960100820065236,1.6777055108809933,1500+
TR-043369,Baltimore,El Paso,2445.4,Dry Van,16452.0,0.96506,2.37918,4333.71,4722.355370186793,388.6453701867931,388.6453701867931,8.967959789344306,1500+
TR-043370,Nashville,Hartford,1100.8,Dry Van,16974.0,0.95025,2.33088,2038.03,2250.005516170885,211.97551617088516,211.97551617088516,10.40100077873658,1001-1500
TR-043371,Phoenix,Tulsa,1509.4,Dry Van,27056.0,0.93539,2.28937,2825.29,3006.5625954828943,181.2725954828943,181.2725954828943,6.41607040278677,1500+
TR-043372,San Francisco,Bakersfield,389.0,Flatbed,32906.0,0.93887,1.66844,974.77,1016.1031553117241,41.33315531172411,41.33315531172411,4.240298256175725,251-500
TR-043373,Shreveport,Lubbock,585.9,Reefer,39614.0,0.94827,1.50317,1557.11,1538.8940822168038,-18.21591778319612,18.21591778319612,1.1698542674053933,501-750
TR-043374,Detroit,Raleigh,769.4,Flatbed,34959.0,0.96041,1.95253,1673.46,1751.229207899261,77.76920789926089,77.76920789926089,4.647210444185155,751-1000
TR-043375,Grand Rapids,Detroit,137.9,Flatbed,33611.0,0.95819,1.34985,378.74,676.3490602855127,297.60906028551267,297.60906028551267,78.57872426612258,0-250
TR-043376,Lexington,Providence,1018.0,Dry Van,41082.0,0.9846,2.10907,2084.23,2132.609238347059,48.37923834705907,48.37923834705907,2.321204394287534,1001-1500
TR-043377,Lexington,Fort Wayne,354.1,Reefer,27073.0,0.96814,1.58181,901.41,919.0084472840751,17.598447284075178,17.598447284075178,1.9523243900195448,251-500
TR-043378,Albuquerque,Chattanooga,1471.9,Flatbed,28123.0,0.96131,2.03408,3087.75,3207.2130467463985,119.4630467463985,119.4630467463985,3.868935203510598,1001-1500
TR-043379,Atlanta,Toledo,605.0,Dry Van,24036.0,0.94656,2.11987,1262.04,1248.312001524841,-13.727998475158984,13.727998475158984,1.087762549139408,501-750
TR-043380,St. Louis,Charleston,764.0,Reefer,25418.0,0.96265,1.83741,1740.07,1770.7441265853838,30.674126585383874,30.674126585383874,1.7628099205999688,751-1000
TR-043381,Buffalo,Bakersfield,2545.4,Dry Van,26407.0,0.98407,2.42258,4425.69,4578.515180951604,152.82518095160412,152.82518095160412,3.4531379502767736,1500+
TR-043382,Charleston,Albany,956.5,Dry Van,47500.0,0.93222,2.11429,1948.49,2059.111205406764,110.62120540676392,110.62120540676392,5.677278580170487,751-1000
TR-043383,Kansas City,San Antonio,920.3,Dry Van,47500.0,0.94548,1.99207,1985.82,1982.8034561652987,-3.016543834701224,3.016543834701224,0.15190419245959977,751-1000
TR-043384,Providence,Dallas,1735.4,Dry Van,26749.0,0.96191,2.27263,3312.03,3560.2597942816974,248.2297942816972,248.2297942816972,7.494793050838826,1500+
TR-043385,Lexington,Lubbock,1187.0,Dry Van,25359.0,0.95849,2.17408,11696.44,2452.2535025699426,-9244.186497430059,9244.186497430059,79.03418901332421,1001-1500
TR-043386,Baton Rouge,New Orleans,180.2,Dry Van,32618.0,0.9506,1.50849,487.55,520.2191512708348,32.66915127083479,32.66915127083479,6.700677114313361,0-250
TR-043387,Green Bay,Grand Rapids,119.5,Dry Van,44076.0,0.96017,1.46102,321.82,355.86113435284346,34.04113435284347,34.04113435284347,10.577693851483273,0-250
TR-043388,Cincinnati,Greensboro,307.1,Reefer,20683.0,0.98239,1.56806,779.12,760.9318413921035,-18.188158607896526,18.188158607896526,2.3344489434100684,251-500
TR-043389,Green Bay,Milwaukee,423.5,Dry Van,32921.0,0.96437,1.94756,946.74,951.0960845317934,4.356084531793385,4.356084531793385,0.4601141318412009,251-500
TR-043390,Nashville,Mobile,293.5,Reefer,37348.0,0.92487,1.27909,825.3,846.8983724682621,21.59837246826214,21.59837246826214,2.6170328932827025,251-500
TR-043391,Las Vegas,Richmond,2559.4,Flatbed,31548.0,0.91207,2.20993,4936.62,5055.7524121917995,119.13241219179963,119.13241219179963,2.4132384544850454,1500+
TR-043392,New York,Shreveport,1366.8,Dry Van,34165.0,0.93956,2.18964,2706.68,2799.6504264011387,92.97042640113887,92.97042640113887,3.4348510500369036,1001-1500
TR-043393,Greensboro,Fort Wayne,467.1,Flatbed,31290.0,0.9852,1.74513,1096.8,1141.7085032879918,44.908503287991834,44.908503287991834,4.094502487964244,251-500
TR-043394,Providence,Amarillo,2294.0,Dry Van,32594.0,0.92887,2.21637,4472.5,4502.653968705605,30.15396870560471,30.15396870560471,0.6742083556311842,1500+
TR-043395,Bakersfield,Albany,2976.3,Dry Van,21669.0,0.98846,2.45292,4946.27,5291.283973793086,345.0139737930858,345.0139737930858,6.975235354986399,1500+
TR-043396,Toledo,Green Bay,286.6,Dry Van,34860.0,0.9712,1.83248,667.99,661.7886005336977,-6.201399466302291,6.201399466302291,0.9283671112295531,251-500
TR-043397,Montgomery,Shreveport,443.7,Dry Van,30159.0,0.95977,1.89063,1024.78,1126.9237580802755,102.14375808027557,102.14375808027557,9.9673840317215,251-500
TR-043398,Albuquerque,Philadelphia,2317.3,Flatbed,37340.0,0.97037,2.0822,4743.82,4780.650264699158,36.83026469915785,36.83026469915785,0.7763841102562461,1500+
TR-043399,Albuquerque,Grand Rapids,1572.5,Dry Van,25276.0,0.91773,2.27239,2930.65,3052.043231809144,121.3932318091438,121.3932318091438,4.142194796688236,1500+
TR-043400,Harrisburg,Fresno,2661.4,Dry Van,43595.0,0.92945,2.23741,4983.92,5089.502380491302,105.58238049130159,105.58238049130159,2.1184605790482514,1500+
TR-043401,Buffalo,Boston,593.6,Dry Van,39329.0,0.93933,2.11125,1229.98,1326.8198971160919,96.83989711609183,96.83989711609183,7.873290388143858,501-750
TR-043402,Syracuse,Philadelphia,396.8,Flatbed,22332.0,0.95485,1.94463,890.15,926.5669761295335,36.41697612953351,36.41697612953351,4.091105558561311,251-500
TR-043403,Lexington,Lubbock,1170.4,Dry Van,27764.0,0.97694,2.11832,2371.63,2424.4799686942692,52.84996869426914,52.84996869426914,2.2284238559247918,1001-1500
TR-043404,Kansas City,Tampa,943.7,Dry Van,29489.0,0.92242,2.10747,1904.66,1973.2472425540261,68.58724255402603,68.58724255402603,3.601022888810918,751-1000
TR-043405,Chattanooga,Corpus Christi,807.2,Dry Van,20561.0,0.97073,2.03682,1706.76,1725.7712581300661,19.011258130066153,19.011258130066153,1.1138799907465697,751-1000
TR-043406,Baton Rouge,Boston,1671.0,Dry Van,26918.0,0.97529,2.25725,3242.19,3309.064258220824,66.87425822082378,66.87425822082378,2.0626261329787514,1500+
TR-043407,El Paso,Hartford,2499.4,Reefer,34903.0,0.96134,2.09111,5196.65,5249.113119255422,52.4631192554225,52.4631192554225,1.009556526905266,1500+
TR-043408,Dallas,Green Bay,1118.4,Dry Van,35002.0,0.98302,2.16969,2278.96,2432.0616292619284,153.10162926192834,153.10162926192834,6.718048112381451,1001-1500
TR-043409,Columbia,Baltimore,735.0,Dry Van,26187.0,0.96812,2.08604,1485.65,1558.5076169630747,72.85761696307463,72.85761696307463,4.904090261035549,501-750
TR-043410,Nashville,Harrisburg,736.5,Dry Van,32841.0,0.92723,2.03478,1545.59,1560.8806574226983,15.29065742269836,15.29065742269836,0.9893087702882627,501-750
TR-043411,Los Angeles,Lexington,2148.9,Flatbed,29937.0,0.98043,2.29375,4135.86,4536.734678860139,400.8746788601393,400.8746788601393,9.692655913404693,1500+
TR-043412,Richmond,Albany,600.3,Flatbed,37374.0,0.98809,1.84861,1399.65,1484.1938502979815,84.54385029798141,84.54385029798141,6.0403565389905625,501-750
TR-043413,Bakersfield,Lexington,2114.8,Dry Van,22241.0,0.94125,2.38834,3762.94,3917.056299979098,154.11629997909813,154.11629997909813,4.095635327140431,1500+
TR-043414,Washington,Amarillo,1847.0,Reefer,34630.0,0.95326,2.07779,3797.45,4153.827936830388,356.37793683038853,356.37793683038853,9.384664362411318,1500+
TR-043415,Buffalo,Jacksonville,879.1,Reefer,19992.0,0.94804,2.03328,1869.49,1980.616015762264,111.12601576226393,111.12601576226393,5.9441888302298445,751-1000
TR-043416,Mobile,El Paso,1519.2,Flatbed,34940.0,0.93689,2.01873,3241.54,3403.5554060738805,162.0154060738805,162.0154060738805,4.998099856052386,1500+
TR-043417,Austin,Houston,366.1,Dry Van,37395.0,0.92463,1.68953,912.12,963.6949878704647,51.574987870464724,51.574987870464724,5.654408177703013,251-500
TR-043418,Lexington,Albany,1016.7,Reefer,34953.0,1.01383,1.88769,2326.48,2430.5886613162893,104.10866131628927,104.10866131628927,4.47494331850217,1001-1500
TR-043419,Richmond,Dayton,611.1,Flatbed,37270.0,0.95993,1.83736,1397.82,1449.9774682880322,52.157468288032305,52.157468288032305,3.7313436843107346,501-750
TR-043420,Philadelphia,Lubbock,1989.3,Dry Van,36952.0,0.92947,2.26208,3790.2,3866.550097856219,76.35009785621924,76.35009785621924,2.0144081540873633,1500+
TR-043421,Los Angeles,Salt Lake City,590.5,Dry Van,24943.0,0.95664,2.10061,1211.06,1306.440545270063,95.38054527006307,95.38054527006307,7.875790239134566,501-750
TR-043422,Savannah,Indianapolis,588.5,Dry Van,21507.0,0.99282,2.03341,1251.72,1271.7412382213538,20.02123822135377,20.02123822135377,1.5994981482563009,501-750
TR-043423,Columbia,Phoenix,2269.9,Dry Van,37862.0,0.95031,2.23633,4337.3,4464.906886179144,127.60688617914366,127.60688617914366,2.942081160610141,1500+
TR-043424,Tampa,Nashville,579.8,Reefer,41917.0,0.95523,1.63979,1470.73,1562.2463536531586,91.5163536531586,91.5163536531586,6.222512198238875,501-750
TR-043425,Dayton,Charleston,592.0,Reefer,26356.0,0.93012,1.76423,1414.03,1428.688963849188,14.658963849188012,14.658963849188012,1.036679833468032,501-750
TR-043426,Tampa,Lexington,739.0,Dry Van,32921.0,1.0558,2.01326,1606.91,1636.4392161680462,29.529216168046105,29.529216168046105,1.8376397040310972,501-750
TR-043427,Cincinnati,Oklahoma City,906.6,Reefer,35198.0,0.96529,1.66998,2215.28,2212.706638605387,-2.57336139461313,2.57336139461313,0.11616415959215674,751-1000
TR-043428,Chattanooga,Charleston,535.1,Dry Van,20107.0,0.97008,2.01002,1135.72,1131.4680843012934,-4.251915698706625,4.251915698706625,0.37438063067539756,501-750
TR-043429,Memphis,Richmond,881.8,Flatbed,34817.0,0.94919,1.81182,2038.06,1963.6990076350498,-74.3609923649501,74.3609923649501,3.64861644725622,751-1000
TR-043430,Dayton,El Paso,1680.4,Reefer,21914.0,0.94889,2.13344,3407.25,3601.19170956702,193.9417095670201,193.9417095670201,5.692030510441561,1500+
TR-043431,Charleston,Los Angeles,2645.4,Reefer,22073.0,0.97811,2.18954,5158.13,5155.9674154425675,-2.1625845574326377,2.1625845574326377,0.04192574745949865,1500+
TR-043432,Memphis,Harrisburg,808.4,Dry Van,27159.0,0.95255,2.21066,1608.58,1661.548648733899,52.968648733899045,52.968648733899045,3.292882463657328,751-1000
TR-043433,Phoenix,Lexington,2147.8,Dry Van,25812.0,0.97908,2.29389,3888.18,4097.293016167081,209.11301616708124,209.11301616708124,5.378172208258909,1500+
TR-043434,Lexington,Columbia,224.7,Flatbed,36095.0,0.95813,1.40536,614.52,674.068288227227,59.548288227226976,59.548288227226976,9.690211584200185,0-250
TR-043435,New York,Detroit,704.9,Dry Van,42448.0,0.93671,2.12987,574.1,1650.127206650517,1076.0272066505172,1076.0272066505172,187.42853277312614,501-750
TR-043436,Amarillo,Baton Rouge,843.1,Dry Van,40713.0,0.9953,1.93235,1888.11,1895.2908502258335,7.1808502258336375,7.1808502258336375,0.3803194848728961,751-1000
TR-043437,San Francisco,Tucson,690.9,Reefer,31496.0,0.90428,1.83688,1595.86,1654.4141911632455,58.554191163245605,58.554191163245605,3.669130823709198,501-750
TR-043438,Austin,Jacksonville,1099.9,Dry Van,38245.0,0.9804,2.05539,2339.89,2367.544456795472,27.654456795472015,27.654456795472015,1.181869950958037,1001-1500
TR-043439,Austin,Boston,2131.9,Reefer,34568.0,0.91822,1.99669,4530.09,4574.363176829009,44.27317682900866,44.27317682900866,0.9773134050098047,1500+
TR-043440,Lexington,Memphis,341.7,Dry Van,32136.0,0.92142,1.77734,822.57,881.2344876466323,58.66448764663221,58.66448764663221,7.131853537891268,251-500
TR-043441,Lexington,Los Angeles,2261.5,Flatbed,26682.0,1.0558,2.15824,4517.4,4554.3462365667,36.94623656670046,36.94623656670046,0.817865067665039,1500+
TR-043442,Tampa,Milwaukee,930.4,Flatbed,24089.0,0.96395,2.03817,1992.02,2005.0585416869596,13.038541686959661,13.038541686959661,0.6545386937359896,751-1000
TR-043443,Grand Rapids,Atlanta,714.0,Dry Van,22169.0,0.9484,2.15253,1401.38,1517.3148083439232,115.93480834392312,115.93480834392312,8.272903020160351,501-750
TR-043444,New Orleans,Harrisburg,1084.2,Dry Van,18653.0,0.94386,2.20355,2099.72,2133.565118209655,33.845118209655084,33.845118209655084,1.6118872139930605,1001-1500
TR-043445,Cincinnati,Raleigh,645.0,Dry Van,24847.0,0.96837,2.11543,1326.06,1341.6644412289315,15.604441228931591,15.604441228931591,1.1767522758345468,501-750
TR-043446,Phoenix,New York,2969.9,Dry Van,31281.0,0.93536,2.35703,5179.39,5288.275798897768,108.88579889776793,108.88579889776793,2.1022900167349423,1500+
TR-043447,Little Rock,El Paso,1235.0,Dry Van,30761.0,0.95543,2.14756,2440.48,2556.603551408192,116.12355140819182,116.12355140819182,4.758225898519628,1001-1500
TR-043448,El Paso,Providence,2702.1,Flatbed,34671.0,0.97638,2.20176,5393.16,5339.9431656667275,-53.216834333272345,53.216834333272345,0.986746811392066,1500+
TR-043449,Baltimore,Baton Rouge,1434.7,Dry Van,45682.0,0.97058,2.09148,2941.66,3067.510002591051,125.85000259105118,125.85000259105118,4.278196752549621,1001-1500
TR-043450,Columbia,Louisville,379.8,Dry Van,45939.0,0.92947,1.71978,907.34,928.0707781760291,20.730778176029048,20.730778176029048,2.2847860973867617,251-500
TR-043451,Little Rock,Montgomery,469.0,Dry Van,41351.0,0.99314,1.75097,1115.99,1218.673832149625,102.683832149625,102.683832149625,9.20114267597604,251-500
TR-043452,San Antonio,Nashville,858.8,Reefer,28731.0,0.95279,1.71468,2066.62,2051.7256398161835,-14.894360183816389,14.894360183816389,0.7207111217261223,751-1000
TR-043453,Oklahoma City,Nashville,773.0,Reefer,43494.0,0.96788,1.73036,1850.9,1939.383070873249,88.48307087324883,88.48307087324883,4.78054302627094,751-1000
TR-043454,Cincinnati,Atlanta,204.9,Dry Van,30436.0,0.95767,1.50673,544.03,567.492689493736,23.46268949373598,23.46268949373598,4.312756556391372,0-250
TR-043455,Toledo,Albuquerque,1638.1,Reefer,31668.0,1.00574,2.01851,3455.38,3669.909661477218,214.52966147721781,214.52966147721781,6.208569288391373,1500+
TR-043456,Milwaukee,El Paso,1503.5,Reefer,32225.0,0.95277,1.99434,3247.42,3419.5109088728527,172.09090887285265,172.09090887285265,5.299311726627681,1500+
TR-043457,Milwaukee,Houston,853.8,Reefer,33360.0,0.93708,1.69466,2055.14,2067.754991569993,12.61499156999298,12.61499156999298,0.6138263850634498,751-1000
TR-043458,Philadelphia,Boston,232.6,Dry Van,29253.0,0.98624,1.74073,561.81,563.067502660733,1.2575026607330528,1.2575026607330528,0.22383059410353198,0-250
TR-043459,Fort Wayne,Savannah,645.9,Reefer,34863.0,0.94563,1.7894,1530.92,1595.3882691117728,64.46826911177277,64.46826911177277,4.211080207442111,501-750
TR-043460,Corpus Christi,Bakersfield,1489.8,Reefer,31193.0,0.92101,1.89203,3338.08,3387.888755610612,49.808755610612025,49.808755610612025,1.492137864000025,1001-1500
TR-043461,Hartford,Oklahoma City,1782.6,Reefer,40555.0,0.95642,1.98702,3912.89,4089.9835336258934,177.09353362589354,177.09353362589354,4.525901153006948,1500+
TR-043462,Syracuse,San Francisco,2867.3,Dry Van,33414.0,0.96498,2.42131,5059.84,5215.974650136176,156.13465013617588,156.13465013617588,3.08576259597489,1500+
TR-043463,Cincinnati,Reno,1980.6,Dry Van,36830.0,0.95456,2.28354,3626.2,3855.747857585172,229.5478575851721,229.5478575851721,6.330259157938671,1500+
TR-043464,Montgomery,Lubbock,973.8,Flatbed,27956.0,1.00451,1.88449,2208.66,2212.6896717168047,4.029671716804842,4.029671716804842,0.18244871174399147,751-1000
TR-043465,Detroit,Charleston,819.4,Reefer,34287.0,1.0427,1.86784,1870.73,1929.8139477967072,59.08394779670721,59.08394779670721,3.158336467406157,751-1000
TR-043466,Albany,Hartford,379.9,Flatbed,22834.0,0.99706,1.82694,884.41,913.0554460264068,28.64544602640683,28.64544602640683,3.2389328508731055,251-500
TR-043467,Harrisburg,Little Rock,978.6,Flatbed,28538.0,1.02328,1.80141,2283.48,2220.9958186442686,-62.48418135573138,62.48418135573138,2.7363577239884465,751-1000
TR-043468,Indianapolis,Green Bay,494.7,Flatbed,30107.0,1.05486,1.84642,1149.7,1217.1070502668447,67.40705026684464,67.40705026684464,5.8630121133204,251-500
TR-043469,Atlanta,Albany,1197.0,Dry Van,42431.0,1.00495,2.14194,2383.72,2451.860722971763,68.14072297176335,68.14072297176335,2.8585875426544796,1001-1500
TR-043470,Hartford,Albuquerque,2353.8,Dry Van,37816.0,1.0558,2.19314,4527.45,4602.421486524766,74.97148652476608,74.97148652476608,1.655931849601124,1500+
TR-043471,Phoenix,El Paso,532.0,Flatbed,27654.0,1.02331,1.78652,1279.64,1343.8044990205542,64.1644990205541,64.1644990205541,5.01426174709716,501-750
TR-043472,Shreveport,Jacksonville,563.1,Dry Van,23925.0,1.03798,2.05747,1207.78,1237.9722529152048,30.19225291520479,30.19225291520479,2.4998139491633236,501-750
TR-043473,Hartford,Albuquerque,2360.4,Dry Van,44978.0,1.03721,2.19497,4573.2,4614.611006503051,41.411006503050885,41.411006503050885,0.9055148802381459,1500+
TR-043474,Milwaukee,Reno,1835.9,Reefer,34116.0,1.03555,1.95728,3926.18,4109.4315502627815,183.25155026278162,183.25155026278162,4.667426105343657,1500+
TR-043475,San Antonio,Tampa,819.9,Reefer,41289.0,1.06461,1.55578,2107.89,2052.814551688373,-55.07544831162704,55.07544831162704,2.6128236441003585,751-1000
TR-043476,Nashville,Philadelphia,1015.3,Dry Van,29183.0,1.06251,2.08804,2069.38,2119.989116427105,50.60911642710471,50.60911642710471,2.4456173552998823,1001-1500
TR-043477,New Orleans,Bakersfield,1635.3,Flatbed,46429.0,1.02474,1.96013,3639.69,3648.6285597800997,8.938559780099695,8.938559780099695,0.24558574439305803,1500+
TR-043478,Bakersfield,Lexington,2079.3,Flatbed,27583.0,1.04255,2.05269,4325.53,4255.368637285771,-70.16136271422874,70.16136271422874,1.6220292707304942,1500+
TR-043479,Birmingham,Montgomery,199.2,Dry Van,46564.0,0.99908,1.40766,541.62,664.2092684133413,122.5892684133413,122.5892684133413,22.63381492805681,0-250
TR-043480,Hartford,Albany,381.6,Dry Van,36523.0,1.00227,1.93998,864.05,916.2008529658542,52.150852965854256,52.150852965854256,6.035629068439819,251-500
TR-043481,Tampa,Mobile,307.7,Dry Van,38420.0,1.04221,1.55747,789.67,806.5452266361415,16.87522663614152,16.87522663614152,2.136997307247524,251-500
TR-043482,Memphis,Bakersfield,1858.7,Dry Van,33380.0,1.0496,2.23385,3694.25,3731.9382892085937,37.68828920859369,37.68828920859369,1.0201878380887512,1500+
TR-043483,Toledo,Albuquerque,1653.9,Dry Van,28439.0,1.04396,2.30535,3102.58,3324.641396661451,222.061396661451,222.061396661451,7.157314127643801,1500+
TR-043484,Dayton,San Antonio,1200.6,Reefer,39490.0,1.02643,1.78737,2760.6,2822.6313602827954,62.031360282795504,62.031360282795504,2.2470245701222744,1001-1500
TR-043485,Washington,Fort Wayne,568.2,Reefer,31300.0,1.09614,1.78715,1347.45,1378.3926120565925,30.942612056592452,30.942612056592452,2.2963829497638097,501-750
TR-043486,Jacksonville,Toledo,843.9,Dry Van,26490.0,1.02474,2.1449,1703.91,1701.856144606615,-2.0538553933849926,2.0538553933849926,0.12053778623196017,751-1000
TR-043487,Milwaukee,Buffalo,636.2,Dry Van,38032.0,1.02104,2.05003,1365.42,1372.3455668278448,6.925566827844705,6.925566827844705,0.507211468108326,501-750
TR-043488,El Paso,Baton Rouge,1227.9,Dry Van,44189.0,1.02755,1.99459,2648.98,2622.8605190227418,-26.119480977258263,26.119480977258263,0.9860203163956792,1001-1500
TR-043489,Savannah,Boston,955.3,Flatbed,33172.0,1.0558,1.90793,2110.12,2193.344887523137,83.22488752313711,83.22488752313711,3.9440831575046498,751-1000
TR-043490,Memphis,Grand Rapids,686.8,Reefer,15578.0,1.01779,1.93334,1536.64,1535.9686088677427,-0.6713911322574404,0.6713911322574404,0.043692155108381946,501-750
TR-043491,Columbia,Indianapolis,494.1,Dry Van,36319.0,1.03321,1.89244,1116.63,1173.4730122197532,56.843012219753064,56.843012219753064,5.090586158329353,251-500
TR-043492,Tucson,Tampa,1880.5,Dry Van,31496.0,1.04954,2.12207,3806.59,3718.3713271371125,-88.21867286288762,88.21867286288762,2.317524946550262,1500+
TR-043493,San Antonio,Atlanta,958.2,Dry Van,39121.0,1.02748,1.95287,2122.53,2040.8953583245373,-81.63464167546294,81.63464167546294,3.84610072297979,751-1000
TR-043494,Charleston,Milwaukee,717.3,Dry Van,29496.0,1.0146,2.03362,1531.3,1577.9529834735258,46.652983473525865,46.652983473525865,3.046625969667986,501-750
TR-043495,Kansas City,Providence,1363.9,Dry Van,36130.0,1.02457,2.1221,2744.43,2839.743538796753,95.31353879675316,95.31353879675316,3.472981230956999,1001-1500
TR-043496,Charleston,Reno,2512.7,Dry Van,25011.0,1.0637,2.3662,4490.45,4615.110912615824,124.6609126158246,124.6609126158246,2.7761340760018394,1500+
TR-043497,Hartford,Raleigh,497.6,Flatbed,21469.0,1.02562,1.89576,1104.16,1144.101920576685,39.94192057668488,39.94192057668488,3.617403327116077,251-500
TR-043498,Montgomery,Houston,608.4,Flatbed,30000.0,1.05123,1.81806,1433.36,1493.8310808290728,60.47108082907289,60.47108082907289,4.218834126044601,501-750
TR-043499,Columbia,Philadelphia,776.9,Dry Van,40932.0,1.05632,2.00632,1645.35,1693.4650798167931,48.11507981679324,48.11507981679324,2.924306671333956,751-1000
TR-043500,Lubbock,Los Angeles,1192.5,Reefer,18368.0,1.05072,1.88677,2662.01,2649.5345196651124,-12.475480334887834,12.475480334887834,0.46864889068365007,1001-1500
TR-043501,San Antonio,Grand Rapids,1374.7,Flatbed,31496.0,1.03423,2.05242,2864.16,2993.988617769381,129.82861776938125,129.82861776938125,4.532868895919965,1001-1500
TR-043502,Grand Rapids,Milwaukee,352.4,Dry Van,28834.0,1.0283,1.79129,815.37,819.4029234072316,4.0329234072315785,4.0329234072315785,0.4946126797934163,251-500
TR-043503,Baton Rouge,Providence,1701.7,Flatbed,23216.0,1.01043,2.05586,3618.39,3531.240112272113,-87.14988772788683,87.14988772788683,2.4085266576540074,1500+
TR-043504,Dallas,Greensboro,853.4,Dry Van,21436.0,1.04801,2.14179,1740.91,1841.2564121459604,100.34641214596036,100.34641214596036,5.7640206642480285,751-1000
TR-043505,Little Rock,Grand Rapids,842.0,Reefer,23531.0,1.05592,1.8217,1969.27,2010.221803905622,40.951803905622,40.951803905622,2.0795423636993404,751-1000
TR-043506,Nashville,Philadelphia,1038.6,Dry Van,33634.0,1.03325,2.04959,2147.08,2194.5952839975344,47.515283997534425,47.515283997534425,2.213018797507984,1001-1500
TR-043507,Bakersfield,Memphis,1731.6,Flatbed,34751.0,1.03054,1.9704,3819.43,3898.6538885093114,79.22388850931156,79.22388850931156,2.074233288980596,1500+
TR-043508,Amarillo,Syracuse,1910.1,Reefer,46203.0,1.08281,1.93439,4201.07,4249.368411024019,48.298411024019515,48.298411024019515,1.149669275304137,1500+
TR-043509,Kansas City,Reno,1678.9,Reefer,28980.0,1.02435,2.02094,3590.52,3699.267133859149,108.74713385914902,108.74713385914902,3.0287293723234803,1500+
TR-043510,Lexington,Lubbock,1160.4,Dry Van,22295.0,1.01891,2.0776,2398.53,2429.8022155446884,31.27221554468815,31.27221554468815,1.303807563161109,1001-1500
TR-043511,Columbia,Syracuse,764.2,Reefer,23028.0,1.06995,1.93389,1711.77,1750.3190518816477,38.549051881647756,38.549051881647756,2.251999502365841,751-1000
TR-043512,Atlanta,Montgomery,305.5,Dry Van,38197.0,0.9965,1.61568,774.59,765.1074161493511,-9.482583850648894,9.482583850648894,1.224206851450302,251-500
TR-043513,Fresno,Syracuse,2766.0,Reefer,22459.0,1.012,2.1584,5521.8,5838.989414641119,317.1894146411187,317.1894146411187,5.744311902660702,1500+
TR-043514,Albuquerque,Greensboro,1771.2,Reefer,18507.0,1.0558,2.13931,3646.15,3730.7123039296735,84.56230392967336,84.56230392967336,2.3192217525245358,1500+
TR-043515,Richmond,Memphis,868.3,Reefer,37276.0,1.02278,1.71532,2132.15,2069.80631060599,-62.3436893940102,62.3436893940102,2.9239823367966697,751-1000
TR-043516,Philadelphia,Albuquerque,2312.2,Flatbed,36485.0,1.01109,2.07055,4849.98,4781.439207925358,-68.54079207464201,68.54079207464201,1.4132180354278165,1500+
TR-043517,Austin,Oklahoma City,240.5,Dry Van,17838.0,1.01925,1.55068,620.43,701.1203439983603,80.69034399836039,80.69034399836039,13.005551633280207,0-250
TR-043518,Chattanooga,Milwaukee,365.5,Reefer,37167.0,0.9825,1.38012,1011.24,1013.2136755475449,1.9736755475448717,1.9736755475448717,0.19517380122867684,251-500
TR-043519,Philadelphia,Lexington,808.0,Dry Van,15878.0,1.05678,2.13721,1629.83,1655.3378424322336,25.5078424322337,25.5078424322337,1.5650615360027549,751-1000
TR-043520,Jacksonville,San Francisco,2505.2,Dry Van,27928.0,1.00551,2.28078,4652.93,4706.9419499939095,54.011949993909184,54.011949993909184,1.1608158728781472,1500+
TR-043521,Memphis,Toledo,615.0,Dry Van,37730.0,1.03757,1.87919,1385.93,1349.772200616867,-36.157799383133124,36.157799383133124,2.6089195978969446,501-750
TR-043522,Madison,Baltimore,1104.3,Dry Van,29099.0,0.99521,2.15513,2201.44,2236.2358864897055,34.79588648970548,34.79588648970548,1.5805966317367488,1001-1500
TR-043523,Cincinnati,Bakersfield,1955.1,Flatbed,31574.0,1.08371,2.10453,4040.38,4163.491296733579,123.11129673357846,123.11129673357846,3.047022723941274,1500+
TR-043524,Baton Rouge,Nashville,507.9,Dry Van,28526.0,0.99816,1.76001,1176.24,1243.7592374772519,67.51923747725186,67.51923747725186,5.740260276580618,501-750
TR-043525,Las Vegas,Bakersfield,111.7,Dry Van,47500.0,1.00714,1.1955,323.69,362.2796446795114,38.58964467951142,38.58964467951142,11.921790812045915,0-250
TR-043526,Phoenix,Boston,3147.1,Dry Van,21344.0,1.04028,2.39877,5465.63,5623.006089942579,157.3760899425788,157.3760899425788,2.8793769417721067,1500+
TR-043527,San Antonio,New York,1804.0,Dry Van,40084.0,1.02607,2.16967,3633.88,3654.2654875910875,20.38548759108744,20.38548759108744,0.5609840608684777,1500+
TR-043528,Albuquerque,Hartford,2291.5,Dry Van,27359.0,0.98367,2.37346,4131.55,4337.932134487833,206.38213448783245,206.38213448783245,4.995271374855259,1500+
TR-043529,Greensboro,Tulsa,860.4,Dry Van,36057.0,1.05851,1.94626,1913.02,1852.8464083434308,-60.173591656569215,60.173591656569215,3.1454763492576774,751-1000
TR-043530,Cincinnati,Fresno,2242.9,Dry Van,37961.0,1.07334,2.25615,4305.39,4351.982631976876,46.592631976875964,46.592631976875964,1.0821930644349516,1500+
TR-043531,Detroit,Montgomery,1000.5,Dry Van,40457.0,1.0425,2.12202,2020.28,2134.8373895389504,114.55738953895047,114.55738953895047,5.670371905822484,1001-1500
TR-043532,Nashville,Shreveport,359.6,Dry Van,34136.0,1.00957,1.60465,920.36,933.1001354415409,12.740135441540929,12.740135441540929,1.3842556653419236,251-500
TR-043533,Columbia,Bakersfield,2260.6,Reefer,39851.0,1.0643,1.94528,4962.26,4876.30407004944,-85.95592995055995,85.95592995055995,1.7321931932337271,1500+
TR-043534,Lexington,Fresno,2291.3,Dry Van,36716.0,1.03964,2.23904,4484.17,4541.3704154606985,57.20041546069842,57.20041546069842,1.2756076478076974,1500+
TR-043535,New York,Montgomery,1085.2,Dry Van,42845.0,1.02694,2.02773,2279.97,2290.9033495419976,10.933349541997814,10.933349541997814,0.47953918437513715,1001-1500
TR-043536,Greensboro,Lubbock,1276.7,Dry Van,32070.0,1.10631,2.0645,2676.0,2648.172661969271,-27.827338030729152,27.827338030729152,1.0398855766341237,1001-1500
TR-043537,Hartford,Baton Rouge,1561.9,Flatbed,18518.0,1.03049,2.1145,3216.36,3257.7333021047907,41.37330210479058,41.37330210479058,1.2863392811995729,1500+
TR-043538,Tulsa,Hartford,1537.0,Dry Van,12766.0,1.05645,2.27639,2925.73,3116.719495746297,190.98949574629705,190.98949574629705,6.527926218287301,1500+
TR-043539,Phoenix,Toledo,2303.4,Reefer,38370.0,1.04346,1.86005,5231.69,4940.404427579357,-291.2855724206429,291.2855724206429,5.567714685324301,1500+
TR-043540,Milwaukee,Bakersfield,1893.0,Dry Van,30760.0,1.08079,2.22972,17514.11,3725.9070690870212,-13788.20293091298,13788.20293091298,78.7262551788985,1500+
TR-043541,Oklahoma City,Dayton,1066.7,Dry Van,24309.0,1.06066,2.15605,2131.74,2170.076512627985,38.33651262798503,38.33651262798503,1.7983671849280416,1001-1500
TR-043542,Albuquerque,Reno,676.7,Dry Van,26674.0,1.04766,2.05073,1419.12,1426.7155555643271,7.595555564327242,7.595555564327242,0.5352299709909832,501-750
TR-043543,New York,Columbia,760.2,Dry Van,33155.0,1.00591,2.05002,1590.91,1606.2400606706344,15.330060670634339,15.330060670634339,0.9636032629522938,751-1000
TR-043544,San Antonio,El Paso,885.6,Reefer,30576.0,1.04185,1.78796,2135.05,2138.700838509864,3.650838509863661,3.650838509863661,0.17099545724285897,751-1000
TR-043545,Fort Wayne,Tucson,1995.2,Dry Van,33980.0,1.04351,2.25254,3795.8,3808.6870508394304,12.88705083943023,12.88705083943023,0.33950816269113837,1500+
TR-043546,Mobile,Memphis,325.7,Dry Van,37856.0,1.05863,1.58622,841.39,882.54017755515,41.15017755514998,41.15017755514998,4.89073765496975,251-500
TR-043547,Amarillo,Baton Rouge,863.5,Dry Van,32915.0,1.02527,1.99773,1881.14,1867.3831288657188,-13.756871134281255,13.756871134281255,0.7313050136768796,751-1000
TR-043548,Kansas City,Albany,1274.1,Dry Van,39573.0,1.0266,2.15256,2584.5,2593.3542464014913,8.85424640149131,8.85424640149131,0.3425903037914997,1001-1500
TR-043549,Phoenix,Tampa,2111.2,Dry Van,22378.0,0.99656,2.31216,3867.37,3993.989581673367,126.61958167336707,126.61958167336707,3.2740488154318586,1500+
TR-043550,Dallas,Dayton,868.7,Flatbed,30321.0,1.02583,1.85036,1992.33,2004.3535725804995,12.023572580499604,12.023572580499604,0.6034930247749923,751-1000
TR-043551,New York,Houston,1510.0,Dry Van,17306.0,1.00195,2.18241,2854.85,3091.705666364211,236.85566636421117,236.85566636421117,8.296606349342738,1500+
TR-043552,Atlanta,Memphis,257.5,Dry Van,19911.0,1.02768,1.66877,634.0,634.1192543683721,0.11925436837213965,0.11925436837213965,0.01880983728267187,251-500
TR-043553,Shreveport,San Francisco,1985.3,Reefer,27129.0,1.02416,1.94154,4305.52,4229.990877953189,-75.52912204681161,75.52912204681161,1.7542392567404541,1500+
TR-043554,Kansas City,Cincinnati,343.0,Flatbed,42813.0,1.01224,1.53323,896.64,948.3744504014091,51.73445040140916,51.73445040140916,5.76981290165609,251-500
TR-043555,Richmond,Buffalo,339.5,Dry Van,22519.0,1.02529,1.99026,750.47,786.0184139820271,35.548413982027114,35.548413982027114,4.736820123659455,251-500
TR-043556,Green Bay,Houston,1204.9,Dry Van,26246.0,1.04179,2.12313,2426.3,2385.131118302188,-41.16888169781214,41.16888169781214,1.6967762312085122,1001-1500
TR-043557,Toledo,Bakersfield,2173.9,Dry Van,24981.0,0.99874,2.37792,3888.25,3995.8322169275116,107.58221692751158,107.58221692751158,2.7668544185047663,1500+
TR-043558,Baltimore,Cincinnati,922.6,Dry Van,47500.0,1.00779,1.97646,2007.17,1947.4156654550286,-59.75433454497147,59.75433454497147,2.977044024421024,751-1000
TR-043559,Reno,Louisville,1992.9,Dry Van,38208.0,1.02881,2.13704,3858.38,3831.9390593968615,-26.440940603138642,26.440940603138642,0.685286068327605,1500+
TR-043560,Jacksonville,Savannah,218.0,Dry Van,42707.0,1.06169,1.30647,620.2,654.6095388810922,34.4095388810922,34.4095388810922,5.548135904723025,0-250
TR-043561,Albany,Los Angeles,3296.4,Dry Van,34144.0,1.01847,2.35677,5909.05,6149.663328441853,240.6133284418529,240.6133284418529,4.0719460563348235,1500+
TR-043562,Baltimore,Tucson,2736.2,Dry Van,19753.0,1.06036,2.38756,4774.43,5154.7029763474275,380.2729763474272,380.2729763474272,7.964782735267397,1500+
TR-043563,Buffalo,Indianapolis,686.0,Reefer,39519.0,1.03356,1.68703,1693.26,1712.0238973302592,18.76389733025917,18.76389733025917,1.1081521638885445,501-750
TR-043564,Lubbock,Louisville,1019.9,Dry Van,22759.0,1.03386,2.15641,2056.32,2132.427585309632,76.10758530963176,76.10758530963176,3.7011547477839906,1001-1500
TR-043565,Fresno,Bakersfield,228.3,Dry Van,34961.0,1.04365,1.5122,602.77,605.0029666389416,2.2329666389416616,2.2329666389416616,0.37045085836084435,0-250
TR-043566,Tampa,Montgomery,267.3,Dry Van,25730.0,1.04814,1.74361,649.32,760.9874208374893,111.6674208374892,111.6674208374892,17.19759453543541,251-500
TR-043567,Birmingham,San Francisco,2253.6,Flatbed,26366.0,0.99565,2.05062,4603.49,4593.635189398664,-9.854810601335885,9.854810601335885,0.2140725971238318,1500+
TR-043568,Jacksonville,Oklahoma City,970.5,Dry Van,37887.0,1.02496,2.01327,2092.92,2139.752438427873,46.83243842787306,46.83243842787306,2.237660227236256,751-1000
TR-043569,Houston,Montgomery,622.8,Reefer,29195.0,1.03378,1.59593,1619.31,1563.7279326994553,-55.58206730054462,55.58206730054462,3.4324537797299235,501-750
TR-043570,Mobile,Fort Wayne,813.8,Reefer,34172.0,0.98193,1.69632,1988.15,1947.2371793283,-40.91282067170005,40.91282067170005,2.057833698247116,751-1000
TR-043571,Kansas City,Columbia,638.3,Dry Van,37278.0,1.03087,1.961,1403.26,1419.525158585865,16.265158585865038,16.265158585865038,1.159097999363271,501-750
TR-043572,Raleigh,Tampa,864.1,Dry Van,20428.0,1.0236,2.18729,1748.97,1818.6445490806539,69.67454908065383,69.67454908065383,3.9837475245804006,751-1000
TR-043573,Mobile,Indianapolis,542.4,Flatbed,24107.0,1.02066,1.83805,1277.48,1334.2350738581413,56.75507385814126,56.75507385814126,4.442736783209229,501-750
TR-043574,Nashville,Lexington,274.3,Dry Van,25788.0,1.0344,1.62973,678.25,664.1150419050769,-14.13495809492315,14.13495809492315,2.084033629918636,251-500
TR-043575,Toledo,Mobile,835.5,Dry Van,31908.0,1.01712,2.11165,1704.81,1847.4648018001108,142.65480180011082,142.65480180011082,8.367783025680914,751-1000
TR-043576,Milwaukee,Savannah,644.1,Flatbed,29562.0,1.04538,1.83159,1501.24,1502.4962043503374,1.2562043503373843,1.2562043503373843,0.08367778305516668,501-750
TR-043577,Tulsa,Bakersfield,1497.0,Flatbed,31496.0,1.01851,1.98277,3245.38,3279.5989579300976,34.21895793009753,34.21895793009753,1.0543898689859903,1001-1500
TR-043578,Reno,Little Rock,1783.4,Flatbed,47500.0,1.04048,1.9391,3858.97,3871.5510047722364,12.58100477223661,12.58100477223661,0.3260197610304463,1500+
TR-043579,Fresno,Tulsa,1675.9,Dry Van,16375.0,0.98126,2.25066,3163.93,3343.8284064416944,179.89840644169453,179.89840644169453,5.685916137262662,1500+
TR-043580,El Paso,Greensboro,1815.5,Reefer,47500.0,1.00891,1.8758,4077.19,4114.097158912252,36.907158912251816,36.907158912251816,0.9052106699038264,1500+
TR-043581,Grand Rapids,Hartford,907.8,Reefer,35629.0,1.02697,1.87308,2037.82,2146.2181064913443,108.39810649134438,108.39810649134438,5.319317039353052,751-1000
TR-043582,Reno,San Antonio,1604.3,Reefer,43049.0,1.04168,1.92176,3653.22,3660.563270361352,7.343270361352097,7.343270361352097,0.20100816160406704,1500+
TR-043583,Mobile,Los Angeles,2013.9,Reefer,23126.0,1.04574,2.06476,4179.42,4252.431461137386,73.0114611373856,73.0114611373856,1.7469280698610237,1500+
TR-043584,Nashville,Fresno,2118.1,Dry Van,37793.0,1.05392,2.17711,4155.33,4147.032519815281,-8.297480184718552,8.297480184718552,0.1996828214538569,1500+
TR-043585,Toledo,Greensboro,484.7,Reefer,21523.0,1.05271,1.78359,1141.76,1167.7859502783026,26.025950278302616,26.025950278302616,2.279458929924206,251-500
TR-043586,Columbia,Cincinnati,313.5,Dry Van,22242.0,1.02783,1.83943,729.41,788.7125184794015,59.302518479401556,59.302518479401556,8.130203654926799,251-500
TR-043587,Hartford,Atlanta,1010.5,Dry Van,39437.0,1.01623,2.08505,2059.41,2116.597894620287,57.18789462028735,57.18789462028735,2.7769067169862898,1001-1500
TR-043588,Jacksonville,Kansas City,757.1,Dry Van,20639.0,1.02508,2.10948,1550.98,1582.1079089053924,31.12790890539236,31.12790890539236,2.006983256095653,751-1000
TR-043589,Louisville,Kansas City,314.3,Reefer,21914.0,1.03167,1.47409,846.72,815.5574701480914,-31.16252985190863,31.16252985190863,3.6803819269544396,251-500
TR-043590,Bakersfield,Greensboro,2231.9,Dry Van,47500.0,1.08916,2.19235,4391.59,4426.377473039208,34.787473039207725,34.787473039207725,0.7921384518866225,1500+
TR-043591,San Francisco,Raleigh,2900.8,Reefer,32143.0,1.08279,2.0617,6011.56,5912.059817379595,-99.50018262040521,99.50018262040521,1.6551474595679856,1500+
TR-043592,Indianapolis,Louisville,127.8,Dry Van,30145.0,1.02241,1.33828,360.5,370.6875161834673,10.187516183467324,10.187516183467324,2.825940688895235,0-250
TR-043593,Tucson,Dayton,1952.6,Dry Van,33990.0,0.97767,2.2775,3719.42,3812.715275289615,93.29527528961489,93.29527528961489,2.5083285912753843,1500+
TR-043594,Raleigh,Lexington,533.1,Dry Van,16040.0,1.05292,2.02483,1138.44,1118.6745637304386,-19.765436269561405,19.765436269561405,1.736186032602632,501-750
TR-043595,Lexington,Houston,826.3,Dry Van,41977.0,1.01754,1.97567,1815.62,1852.9129449941715,37.29294499417165,37.29294499417165,2.054006069230987,751-1000
TR-043596,Shreveport,Los Angeles,1714.7,Dry Van,37347.0,1.04057,2.14108,3392.57,3526.363163107112,133.79316310711192,133.79316310711192,3.9437112014523477,1500+
TR-043597,El Paso,Lubbock,814.1,Flatbed,46216.0,1.01701,1.64837,2040.58,1923.1752955772686,-117.40470442273136,117.40470442273136,5.753496771639992,751-1000
TR-043598,San Antonio,Savannah,1129.1,Dry Van,35282.0,1.09031,2.0787,2373.1,2481.1858307141215,108.08583071412158,108.08583071412158,4.554626046695107,1001-1500
TR-043599,Atlanta,Phoenix,2040.6,Dry Van,29731.0,1.03923,2.23844,3871.02,4004.9876976670994,133.9676976670994,133.9676976670994,3.460785469129568,1500+
TR-043600,Nashville,Green Bay,740.1,Reefer,47500.0,1.01655,1.71683,1782.45,1791.2140809135517,8.764080913551652,8.764080913551652,0.4916873356083846,501-750
TR-043601,Salt Lake City,Columbia,2025.3,Dry Van,31020.0,1.00557,2.16554,4020.29,3985.947449330837,-34.34255066916285,34.34255066916285,0.854230681596672,1500+
TR-043602,Harrisburg,Grand Rapids,592.0,Flatbed,32737.0,1.02576,1.9509,1312.03,1396.6649109497653,84.6349109497653,84.6349109497653,6.450684126869454,501-750
TR-043603,Baton Rouge,Raleigh,1105.1,Dry Van,36915.0,1.05891,2.02561,2342.27,2346.1419550057226,3.8719550057226115,3.8719550057226115,0.16530779994290204,1001-1500
TR-043604,Tucson,Kansas City,1565.9,Dry Van,41548.0,1.00894,2.05183,3220.84,3263.443077280708,42.60307728070802,42.60307728070802,1.322731873694689,1500+
TR-043605,Austin,Bakersfield,1213.8,Flatbed,31496.0,1.02799,1.91417,2734.86,2675.243025374386,-59.61697462561415,59.61697462561415,2.1798912787350777,1001-1500
TR-043606,Salt Lake City,Syracuse,2292.4,Dry Van,45259.0,0.97731,2.25517,4300.69,4424.473564047141,123.78356404714123,123.78356404714123,2.8782256811614237,1500+
TR-043607,Indianapolis,Phoenix,1921.8,Reefer,46291.0,1.06042,1.92295,4309.19,4313.9442011959645,4.754201195964924,4.754201195964924,0.1103270265633431,1500+
TR-043608,Lubbock,Lexington,1176.4,Reefer,32901.0,1.0504,1.76952,2768.84,2855.1464174432595,86.3064174432593,86.3064174432593,3.117060481763457,1001-1500
TR-043609,Providence,Reno,3096.5,Dry Van,13195.0,1.04497,2.41687,5421.97,5633.456791963321,211.48679196332068,211.48679196332068,3.9005526028974833,1500+
TR-043610,Chattanooga,Phoenix,2071.7,Dry Van,36096.0,1.0392,2.21139,4008.9,4104.200681203092,95.30068120309215,95.30068120309215,2.3772276984482565,1500+
TR-043611,Fort Wayne,Memphis,534.0,Dry Van,27828.0,1.04492,1.93168,1170.72,1197.9703050677485,27.250305067748513,27.250305067748513,2.327653501071863,501-750
TR-043612,Philadelphia,Tucson,2696.2,Flatbed,27227.0,1.04465,2.24391,5165.38,5219.260368512782,53.8803685127823,53.8803685127823,1.0431056091281241,1500+
TR-043613,Tucson,Bakersfield,321.3,Reefer,40694.0,0.99948,1.31615,903.02,906.9031240651154,3.883124065115453,3.883124065115453,0.4300152892644076,251-500
TR-043614,Oklahoma City,Nashville,784.4,Dry Van,20052.0,1.05727,2.0653,1652.81,1658.76105577423,5.951055774230099,5.951055774230099,0.3600568591810371,751-1000
TR-043615,Los Angeles,Fresno,439.7,Dry Van,21432.0,1.00564,1.94533,953.94,985.2942710447123,31.354271044712277,31.354271044712277,3.2868179387290892,251-500
TR-043616,Columbia,Hartford,826.0,Flatbed,33619.0,1.04069,1.91789,1842.01,1929.5231109431288,87.51311094312882,87.51311094312882,4.750957429282622,751-1000
TR-043617,Shreveport,Oklahoma City,448.4,Dry Van,25390.0,1.01391,1.84225,1055.81,1142.4339607578424,86.6239607578425,86.6239607578425,8.204502775863318,251-500
TR-043618,Chattanooga,Albany,1234.9,Dry Van,30196.0,1.06045,2.10385,2471.27,2480.6567748961183,9.386774896118368,9.386774896118368,0.37983607198397457,1001-1500
TR-043619,Grand Rapids,Baton Rouge,1123.5,Reefer,33335.0,1.02427,1.71599,2713.34,2723.910293016364,10.570293016363848,10.570293016363848,0.3895675815181233,1001-1500
TR-043620,Lexington,Tulsa,728.8,Dry Van,41886.0,1.05743,1.86761,1681.52,1642.1712002249349,-39.34879977506512,39.34879977506512,2.340073253667225,501-750
TR-043621,San Francisco,Lubbock,1562.4,Dry Van,28619.0,1.05195,2.16346,3102.36,3256.1469523697883,153.7869523697882,153.7869523697882,4.957095642342868,1500+
TR-043622,Grand Rapids,Jacksonville,953.6,Dry Van,42675.0,0.99619,2.08126,1954.35,2007.0679230646665,52.71792306466659,52.71792306466659,2.697465810354675,751-1000
TR-043623,Boston,Fort Wayne,988.9,Dry Van,39043.0,0.9969,2.03688,2099.59,2057.0088419394456,-42.58115806055457,42.58115806055457,2.0280701499128195,751-1000
TR-043624,Hartford,Tucson,2866.1,Reefer,39931.0,1.05795,1.94542,6260.64,5805.93072258516,-454.70927741484047,454.70927741484047,7.262983934786867,1500+
TR-043625,San Antonio,Bakersfield,1306.6,Dry Van,24962.0,1.04615,2.21374,2574.34,2669.5938301351184,95.25383013511828,95.25383013511828,3.7001262511990753,1001-1500
TR-043626,Jacksonville,Hartford,1047.1,Dry Van,42137.0,0.99851,2.05504,2164.69,2190.3187271867523,25.628727186752258,25.628727186752258,1.1839444533282946,1001-1500
TR-043627,Fort Wayne,Lexington,355.5,Flatbed,39069.0,1.07118,1.5779,920.52,936.6308311933947,16.110831193394688,16.110831193394688,1.750188066896394,251-500
TR-043628,New York,Cincinnati,855.6,Reefer,22358.0,0.99229,1.91737,1923.65,1919.1551865499582,-4.494813450041875,4.494813450041875,0.23366066852295764,751-1000
TR-043629,Toledo,Montgomery,872.7,Flatbed,39424.0,1.0239,1.85675,1990.73,2024.9694907413395,34.23949074133952,34.23949074133952,1.7199464890436937,751-1000
TR-043630,Dayton,Montgomery,709.9,Flatbed,27384.0,1.04331,1.84821,1664.69,1651.6602755948643,-13.029724405135767,13.029724405135767,0.782711760456047,501-750
TR-043631,Nashville,Tulsa,488.3,Dry Van,30770.0,1.01941,1.80147,1137.99,1132.134336468752,-5.855663531247956,5.855663531247956,0.5145619496874274,251-500
TR-043632,Milwaukee,Savannah,645.1,Flatbed,31866.0,1.05228,1.86591,1504.21,1515.1885957327795,10.978595732779468,10.978595732779468,0.7298579143058128,501-750
TR-043633,Amarillo,Tucson,656.0,Dry Van,38431.0,1.03028,1.94268,1469.29,1470.9139670206296,1.6239670206296068,1.6239670206296068,0.11052733093055876,501-750
TR-043634,Milwaukee,Little Rock,505.5,Dry Van,31650.0,1.03549,1.84431,1151.86,1142.4159562105456,-9.444043789454327,9.444043789454327,0.8198951078650467,501-750
TR-043635,Atlanta,Dallas,629.3,Dry Van,30650.0,0.98382,1.91008,1411.05,1371.3367843641136,-39.7132156358864,39.7132156358864,2.814444253278509,501-750
TR-043636,Baton Rouge,Baltimore,1424.8,Dry Van,26811.0,1.01791,2.23125,2798.24,2968.9216330578715,170.68163305787175,170.68163305787175,6.099606647673958,1001-1500
TR-043637,El Paso,Richmond,2232.1,Dry Van,34769.0,1.04215,2.1697,4336.33,4371.73537086113,35.405370861129995,35.405370861129995,0.8164823908957574,1500+
TR-043638,Albany,Salt Lake City,2653.0,Dry Van,30718.0,0.9838,2.38531,4743.68,5011.3192536246615,267.63925362466125,267.63925362466125,5.642017455322898,1500+
TR-043639,Philadelphia,Amarillo,2114.2,Dry Van,27027.0,1.06622,2.27042,3959.56,3999.1510407030555,39.59104070305557,39.59104070305557,0.9998848534447152,1500+
TR-043640,Oklahoma City,Little Rock,509.0,Reefer,30157.0,1.04835,1.46794,1369.01,1291.479920556319,-77.53007944368096,77.53007944368096,5.66322228790739,501-750
TR-043641,Lubbock,Buffalo,1629.0,Dry Van,29805.0,0.92265,2.19749,3116.04,3218.5302124046684,102.49021240466845,102.49021240466845,3.289117354227431,1500+
TR-043642,Amarillo,Hartford,2173.0,Reefer,30059.0,0.92964,2.02244,4712.14,4537.996015927986,-174.14398407201406,174.14398407201406,3.6956453770901128,1500+
TR-043643,Milwaukee,Baltimore,985.2,Dry Van,16150.0,0.93795,2.21345,8236.26,1979.2432805984197,-6257.01671940158,6257.01671940158,75.96915006813263,751-1000
TR-043644,Raleigh,Kansas City,937.3,Flatbed,38432.0,0.91235,1.9018,2107.24,2067.5217565960897,-39.71824340391004,39.71824340391004,1.8848466906432129,751-1000
TR-043645,Richmond,Grand Rapids,723.3,Reefer,29585.0,0.96722,1.85781,1636.11,1706.5137172758032,70.40371727580327,70.40371727580327,4.303116372114545,501-750
TR-043646,Lexington,Bakersfield,2077.2,Reefer,32504.0,0.9617,1.94883,4496.97,4440.564488916372,-56.40551108362797,56.40551108362797,1.2543003641035622,1500+
TR-043647,Amarillo,Shreveport,829.0,Dry Van,23460.0,0.95213,2.08294,1760.84,1752.283165085534,-8.55683491446598,8.55683491446598,0.485951870383793,751-1000
TR-043648,Jacksonville,Atlanta,283.1,Dry Van,38421.0,0.96841,1.64004,714.11,758.109978448867,43.999978448866955,43.999978448866955,6.161512714969256,251-500
TR-043649,St. Louis,Tucson,1705.1,Reefer,35420.0,0.94226,1.99202,3624.75,3732.64871518826,107.89871518826021,107.89871518826021,2.976721572198364,1500+
TR-043650,Phoenix,Columbia,2303.3,Reefer,28793.0,0.92644,2.09689,4847.61,4821.478119295908,-26.1318807040916,26.1318807040916,0.5390673074791826,1500+
TR-043651,Kansas City,Cincinnati,351.9,Dry Van,26265.0,0.93117,1.81425,820.92,809.0500098263033,-11.869990173696692,11.869990173696692,1.4459375059319657,251-500
TR-043652,Cincinnati,Madison,428.0,Flatbed,14511.0,0.95316,1.8453,993.82,1016.3281264291509,22.50812642915082,22.50812642915082,2.2648091635457948,251-500
TR-043653,Green Bay,Bakersfield,2008.5,Dry Van,32984.0,0.94274,2.33025,3708.06,3780.766826446502,72.70682644650196,72.70682644650196,1.9607780469167695,1500+
TR-043654,Baton Rouge,Green Bay,1140.5,Dry Van,41663.0,0.944,2.02281,2419.17,2404.159699863155,-15.010300136845217,15.010300136845217,0.6204731431377379,1001-1500
TR-043655,Cincinnati,Los Angeles,2044.1,Flatbed,25170.0,0.96391,2.15432,4046.09,4233.124821318276,187.03482131827604,187.03482131827604,4.622606548996093,1500+
TR-043656,San Francisco,Syracuse,2883.7,Dry Van,26214.0,0.94287,2.47232,4938.57,5011.569842880351,72.99984288035103,72.99984288035103,1.478157500660131,1500+
TR-043657,Reno,Mobile,2037.8,Flatbed,32518.0,0.95489,2.16853,4076.29,4206.024635675427,129.73463567542694,129.73463567542694,3.1826645227750463,1500+
TR-043658,Oklahoma City,Grand Rapids,1248.7,Reefer,31870.0,0.99037,1.94471,2792.04,2781.759649139709,-10.280350860291037,10.280350860291037,0.3682021339340066,1001-1500
TR-043659,Las Vegas,Lexington,2073.0,Dry Van,41993.0,0.92896,2.18524,4024.07,4003.762232308482,-20.307767691518166,20.307767691518166,0.5046574162854564,1500+
TR-043660,Corpus Christi,Syracuse,1669.4,Dry Van,41048.0,0.96225,2.08946,3412.66,3338.366506840672,-74.29349315932768,74.29349315932768,2.1769966290028213,1500+
TR-043661,Mobile,Dayton,684.3,Dry Van,28649.0,0.96989,1.98307,1506.16,1430.762485343055,-75.39751465694508,75.39751465694508,5.005943236903454,501-750
TR-043662,Montgomery,Albany,1397.7,Dry Van,40040.0,0.94985,2.12119,2798.93,3050.5180920260323,251.58809202603243,251.58809202603243,8.988723977592596,1001-1500
TR-043663,Reno,Mobile,1993.5,Flatbed,31801.0,0.9569,2.12229,4036.53,4045.90135241975,9.371352419749655,9.371352419749655,0.2321635766301664,1500+
TR-043664,Albany,Dayton,940.6,Dry Van,29313.0,0.94237,2.1306,1861.61,1817.6927483952973,-43.91725160470264,43.91725160470264,2.359100542256576,751-1000
TR-043665,Grand Rapids,Chattanooga,662.7,Dry Van,28146.0,0.96385,2.03425,1419.09,1375.7756175135842,-43.31438248641575,43.31438248641575,3.052264654561427,501-750
TR-043666,Lexington,Richmond,560.8,Flatbed,34769.0,0.93671,1.78367,1329.77,1353.9596859073858,24.189685907385865,24.189685907385865,1.8190879556153217,501-750
TR-043667,Grand Rapids,Philadelphia,886.2,Dry Van,31413.0,0.93809,2.15304,1776.12,1792.4379183959227,16.31791839592279,16.31791839592279,0.9187396344798093,751-1000
TR-043668,Raleigh,Montgomery,694.1,Flatbed,30808.0,0.95652,1.8477,1577.96,1582.0643261568512,4.10432615685113,4.10432615685113,0.26010330786909236,501-750
TR-043669,Albuquerque,Harrisburg,2046.0,Reefer,47500.0,0.88376,2.0284,4340.8,4355.234100742416,14.434100742415467,14.434100742415467,0.33252167209766553,1500+
TR-043670,Austin,Buffalo,1686.4,Reefer,35837.0,0.95106,1.88497,3787.11,3720.8545128170795,-66.25548718292066,66.25548718292066,1.7494999401369555,1500+
TR-043671,Houston,Reno,1708.9,Dry Van,29446.0,0.91831,2.25216,3276.76,3356.392136928427,79.63213692842692,79.63213692842692,2.4302096256188097,1500+
TR-043672,Baton Rouge,Reno,1789.5,Dry Van,38510.0,0.94947,2.20729,3482.73,3635.7353636874714,153.00536368747134,153.00536368747134,4.393259416821612,1500+
TR-043673,Fort Wayne,Providence,1061.1,Flatbed,28628.0,0.95932,2.05815,2257.75,2318.736234261199,60.986234261199115,60.986234261199115,2.701195183753698,1001-1500
TR-043674,Milwaukee,Los Angeles,2071.4,Flatbed,44838.0,0.90021,1.99833,1274.95,4247.168618889495,2972.218618889495,2972.218618889495,233.12432792576138,1500+
TR-043675,Charleston,Green Bay,936.6,Flatbed,32626.0,0.99699,1.96959,2050.65,2180.103774031722,129.45377403172188,129.45377403172188,6.312816620667684,751-1000
TR-043676,Grand Rapids,Green Bay,122.1,Dry Van,36364.0,0.97737,1.42117,328.91,329.2741842068965,0.364184206896482,0.364184206896482,0.11072457720850142,0-250
TR-043677,Raleigh,Reno,2712.1,Flatbed,25682.0,0.93596,2.23515,5235.99,4955.76959007256,-280.2204099274395,280.2204099274395,5.351813313765677,1500+
TR-043678,Grand Rapids,Hartford,890.2,Dry Van,23613.0,0.94934,2.25679,1666.27,1812.997284355558,146.7272843555579,146.7272843555579,8.805732825746002,751-1000
TR-043679,Madison,Grand Rapids,269.9,Dry Van,31738.0,0.97851,1.86789,620.95,621.9500697400085,1.0000697400084846,1.0000697400084846,0.16105479346299775,251-500
TR-043680,Savannah,Houston,893.4,Reefer,43026.0,0.92807,1.64485,2192.5,2175.3894358704033,-17.110564129596696,17.110564129596696,0.7804134152609667,751-1000
TR-043681,Memphis,Dallas,468.7,Reefer,15061.0,0.9605,1.5438,1227.83,1154.8962129230838,-72.93378707691613,72.93378707691613,5.9400557957466535,251-500
TR-043682,Mobile,Madison,807.3,Flatbed,45024.0,0.97979,1.86641,1880.52,1880.9061952101313,0.3861952101312909,0.3861952101312909,0.02053661807007056,751-1000
TR-043683,Charleston,Amarillo,1624.9,Dry Van,36278.0,0.91048,2.06914,3260.47,3340.8414257485383,80.37142574853851,80.37142574853851,2.4650257707796275,1500+
TR-043684,Indianapolis,Savannah,596.5,Dry Van,47152.0,0.93649,1.90053,1327.19,1353.4924645141086,26.30246451410858,26.30246451410858,1.9818160560363305,501-750
TR-043685,Dallas,Syracuse,1445.5,Reefer,42490.0,0.93797,1.84475,3302.07,3551.64442295181,249.57442295181,249.57442295181,7.558120298837093,1001-1500
TR-043686,Nashville,Little Rock,290.1,Reefer,28977.0,0.93037,1.32141,823.97,803.036923465269,-20.93307653473107,20.93307653473107,2.540514404011198,251-500
TR-043687,San Antonio,Fresno,1491.4,Dry Van,34883.0,0.91143,2.10516,3109.53,3113.440422033347,3.910422033347004,3.910422033347004,0.12575604780616376,1001-1500
TR-043688,Atlanta,Nashville,153.4,Flatbed,33072.0,0.93591,1.11466,459.09,503.2023080295969,44.11230802959693,44.11230802959693,9.608640578012357,0-250
TR-043689,Bakersfield,Dallas,1515.7,Dry Van,15659.0,0.96398,2.20124,2945.56,2971.893594706494,26.33359470649384,26.33359470649384,0.8940097878330043,1500+
TR-043690,New Orleans,San Antonio,507.9,Flatbed,45951.0,0.89533,1.53856,1314.59,1386.9954047167967,72.40540471679674,72.40540471679674,5.507831697852315,501-750
TR-043691,New York,Greensboro,693.1,Flatbed,23068.0,0.93519,1.99175,548.16,1472.7195883020665,924.5595883020666,924.5595883020666,168.66600779007345,501-750
TR-043692,Austin,San Antonio,114.4,Flatbed,32560.0,0.96673,0.9586,367.01,503.81890019262596,136.80890019262597,136.80890019262597,37.27661376873272,0-250
TR-043693,Philadelphia,Memphis,1108.6,Reefer,43097.0,0.94629,1.87649,2476.11,2579.804710734519,103.69471073451905,103.69471073451905,4.18780711416371,1001-1500
TR-043694,Toledo,Atlanta,587.1,Dry Van,46236.0,0.9877,1.97727,1283.4,1343.0183988627896,59.61839886278949,59.61839886278949,4.645348204985935,501-750
TR-043695,Albany,San Antonio,2123.6,Flatbed,27283.0,0.90134,2.13249,4203.77,4214.7490292173225,10.979029217322022,10.979029217322022,0.2611710254681398,1500+
TR-043696,Fresno,El Paso,665.6,Dry Van,38942.0,0.95537,1.96949,1475.54,1427.9055510887401,-47.634448911259824,47.634448911259824,3.2282722875191334,501-750
TR-043697,Indianapolis,Toledo,397.0,Reefer,34079.0,0.91195,1.56314,1033.03,1033.5392970995692,0.5092970995692667,0.5092970995692667,0.04930128840104031,251-500
TR-043698,Nashville,Oklahoma City,748.7,Dry Van,30345.0,0.97989,1.90646,1697.51,1668.6176459881472,-28.89235401185283,28.89235401185283,1.702043228720469,501-750
TR-043699,Jacksonville,Baton Rouge,585.1,Dry Van,25629.0,0.99748,1.88118,1321.52,1322.4996423478733,0.9796423478733232,0.9796423478733232,0.07412996760346593,501-750
TR-043700,Grand Rapids,Memphis,650.5,Reefer,21089.0,0.95287,1.83957,1474.42,1532.7275479123714,58.30754791237132,58.30754791237132,3.95460912849604,501-750
TR-043701,Milwaukee,Oklahoma City,889.0,Dry Van,21975.0,0.93221,2.10768,1832.33,1818.833438338041,-13.496561661958822,13.496561661958822,0.7365792003601329,751-1000
TR-043702,Charleston,Memphis,661.2,Reefer,25641.0,0.91658,1.69846,1604.25,1584.2976262199145,-19.95237378008551,19.95237378008551,1.2437197307206176,501-750
TR-043703,St. Louis,Tulsa,519.4,Dry Van,30295.0,0.90888,1.83679,1206.42,1140.5105535667094,-65.90944643329067,65.90944643329067,5.463225612414472,501-750
TR-043704,Austin,Lubbock,70.0,Flatbed,31909.0,0.91077,0.7816,236.92,386.32065507097855,149.40065507097856,149.40065507097856,63.059537004465035,0-250
TR-043705,New York,Austin,1943.2,Reefer,37091.0,0.92669,1.95753,785.33,4172.978273904177,3387.6482739041767,3387.6482739041767,431.36621215338477,1500+
TR-043706,Jacksonville,Lexington,436.6,Dry Van,39209.0,0.94271,1.82294,1021.77,1013.2531841487091,-8.516815851290858,8.516815851290858,0.8335355169256151,251-500
TR-043707,San Antonio,Charleston,1398.2,Dry Van,26984.0,0.91247,2.16857,2768.1,2767.6988419296986,-0.4011580703013351,0.4011580703013351,0.014492181290464042,1001-1500
TR-043708,Boston,Richmond,496.5,Flatbed,34406.0,0.99039,1.73977,1208.93,1187.8549730871566,-21.07502691284344,21.07502691284344,1.7432793389893078,251-500
TR-043709,Philadelphia,Tucson,2641.3,Flatbed,30299.0,0.96375,2.15642,5280.63,5200.373489763322,-80.25651023667797,80.25651023667797,1.519828320421578,1500+
TR-043710,San Antonio,Indianapolis,985.1,Dry Van,45134.0,0.97888,1.97154,2130.66,2106.6550766512382,-24.004923348761622,24.004923348761622,1.1266426059888308,751-1000
TR-043711,Toledo,Atlanta,599.7,Dry Van,20469.0,0.95998,2.14186,1231.13,1299.4273666107008,68.29736661070069,68.29736661070069,5.547534915947193,501-750
TR-043712,Baton Rouge,Phoenix,1650.6,Reefer,47500.0,0.91633,1.80282,3788.94,3819.0804188607835,30.140418860783484,30.140418860783484,0.7954841950725924,1500+
TR-043713,Nashville,Grand Rapids,661.9,Flatbed,41039.0,0.91818,1.83318,1530.87,1551.8844393518434,21.01443935184352,21.01443935184352,1.3727122062515773,501-750
TR-043714,Oklahoma City,Grand Rapids,1202.8,Flatbed,36412.0,0.96941,1.89318,2663.29,2660.0410433136276,-3.2489566863723667,3.2489566863723667,0.12199034601460473,1001-1500
TR-043715,Houston,Richmond,1354.6,Dry Van,23220.0,0.93197,2.24493,2579.7,2696.544935918126,116.84493591812634,116.84493591812634,4.529400159635863,1001-1500
TR-043716,Atlanta,Fort Wayne,540.1,Reefer,27561.0,0.98464,1.70225,1324.87,1318.0980600898686,-6.771939910131323,6.771939910131323,0.5111399541186172,501-750
TR-043717,Los Angeles,Dallas,1540.0,Reefer,22372.0,0.94048,2.02672,3270.72,3412.981754768103,142.2617547681034,142.2617547681034,4.349554678116849,1500+
TR-043718,Providence,Phoenix,3143.8,Reefer,47500.0,0.90176,2.06356,6619.87,6677.898929965774,58.028929965774296,58.028929965774296,0.8765871530071481,1500+
TR-043719,Jacksonville,Atlanta,264.1,Dry Van,23454.0,0.9092,1.64675,659.64,727.9995668474255,68.35956684742553,68.35956684742553,10.36316276263197,251-500
TR-043720,Fresno,Columbia,2425.1,Reefer,37753.0,0.94025,2.02279,5192.29,5062.027401462573,-130.26259853742704,130.26259853742704,2.508769705417591,1500+
TR-043721,Tulsa,Washington,1231.7,Reefer,33286.0,0.94395,1.90362,2769.33,2832.5690300844244,63.239030084424485,63.239030084424485,2.2835498147358564,1001-1500
TR-043722,San Antonio,Tucson,1052.4,Dry Van,43063.0,0.91765,1.90395,2299.67,2282.9200329769596,-16.749967023040426,16.749967023040426,0.7283639401757829,1001-1500
TR-043723,Tucson,Las Vegas,254.3,Dry Van,33996.0,0.95524,1.63818,628.7,638.128425703195,9.42842570319499,9.42842570319499,1.4996700657221231,251-500
TR-043724,Shreveport,Cincinnati,529.6,Dry Van,37726.0,0.96397,1.80315,1229.26,1327.798516229888,98.53851622988805,98.53851622988805,8.016084166888051,501-750
TR-043725,El Paso,Hartford,2578.6,Reefer,36329.0,0.9292,2.00811,5479.97,5256.168855261787,-223.80114473821322,223.80114473821322,4.083984852804179,1500+
TR-043726,Madison,Los Angeles,2031.1,Dry Van,32987.0,0.95742,2.25835,3853.49,3858.272144444729,4.782144444729056,4.782144444729056,0.12409904903682263,1500+
TR-043727,Reno,Toledo,2117.6,Dry Van,25124.0,0.94851,2.37759,8592.93,3801.3920685536505,-4791.53793144635,4791.53793144635,55.76139839899022,1500+
TR-043728,Nashville,Fort Wayne,516.9,Flatbed,32006.0,0.95128,1.73787,1252.52,1220.7506507605108,-31.769349239489202,31.769349239489202,2.536434487232875,501-750
TR-043729,Baton Rouge,Tulsa,298.9,Flatbed,39152.0,0.96483,1.22597,878.24,854.2215326445316,-24.018467355468374,24.018467355468374,2.734840972338811,251-500
TR-043730,Shreveport,Nashville,385.6,Dry Van,40284.0,0.99181,1.57613,1000.57,1041.8750384086877,41.305038408687665,41.305038408687665,4.128150794915665,251-500
TR-043731,Raleigh,Lexington,525.2,Dry Van,36164.0,0.9117,1.89683,1173.39,1160.1347677278864,-13.255232272113744,13.255232272113744,1.1296527388262847,501-750
TR-043732,San Francisco,Providence,3228.2,Dry Van,22551.0,0.94725,2.45816,5555.83,5547.715906617015,-8.11409338298472,8.11409338298472,0.14604646619829478,1500+
TR-043733,Washington,Mobile,935.5,Dry Van,34312.0,0.89363,2.12148,1938.54,1938.1931519353552,-0.34684806464474605,0.34684806464474605,0.017892231506429893,751-1000
TR-043734,Baltimore,Washington,296.7,Dry Van,33734.0,0.98104,1.63872,729.62,665.9171587060191,-63.702841293980896,63.702841293980896,8.730961499682149,251-500
TR-043735,Bakersfield,Cincinnati,1977.2,Dry Van,40698.0,0.92884,2.22935,3909.68,3867.8566321296985,-41.823367870301354,41.823367870301354,1.069738901145397,1500+
TR-043736,Cincinnati,Nashville,189.0,Flatbed,37010.0,0.96758,1.22795,544.04,566.9644769090783,22.924476909078294,22.924476909078294,4.2137484209025615,0-250
TR-043737,Austin,San Antonio,111.0,Dry Van,24033.0,0.95297,1.28497,311.38,490.57914676050336,179.19914676050337,179.19914676050337,57.54998611359219,0-250
TR-043738,Boston,Montgomery,1306.2,Dry Van,20550.0,0.94061,2.19682,2523.73,2538.763885587216,15.033885587215991,15.033885587215991,0.5957010293183499,1001-1500
TR-043739,Hartford,Reno,2899.8,Reefer,23167.0,0.97024,2.23886,5601.89,5575.946152907763,-25.943847092237775,25.943847092237775,0.46312667853595435,1500+
TR-043740,Baltimore,Boston,245.7,Dry Van,23832.0,0.95859,1.76889,584.56,562.5310801711323,-22.02891982886763,22.02891982886763,3.7684617197323855,0-250
TR-043741,Lexington,Baltimore,826.0,Reefer,33217.0,0.98823,1.77349,1977.98,1936.23152212771,-41.748477872290096,41.748477872290096,2.1106622853765002,751-1000
TR-043742,Mobile,Fort Wayne,815.0,Dry Van,34246.0,0.94491,2.00013,1708.09,1709.286716251272,1.1967162512721643,1.1967162512721643,0.07006166251615338,751-1000
TR-043743,Boston,Jacksonville,1166.9,Reefer,37265.0,0.91361,1.81407,2682.14,2698.4864074427815,16.346407442781583,16.346407442781583,0.6094539227177397,1001-1500
TR-043744,Mobile,Baton Rouge,332.8,Dry Van,29671.0,0.95764,1.53015,850.3,847.86428256409,-2.4357174359099645,2.4357174359099645,0.28645389108667113,251-500
TR-043745,Lubbock,Shreveport,559.0,Dry Van,19610.0,0.95637,1.85676,1297.39,1317.033774179253,19.643774179252887,19.643774179252887,1.5140993979645971,501-750
TR-043746,New York,Bakersfield,2748.5,Dry Van,19620.0,0.96599,2.3795,4845.69,4814.07770220306,-31.612297796939856,31.612297796939856,0.6523796981841566,1500+
TR-043747,Dallas,Hartford,1603.8,Reefer,32443.0,0.92302,1.96569,3598.91,3572.411151583954,-26.498848416045803,26.498848416045803,0.7363020585690057,1500+
TR-043748,New York,El Paso,2405.0,Dry Van,25287.0,0.95155,2.32374,4429.13,4405.994448047226,-23.13555195277422,23.13555195277422,0.5223498057806888,1500+
TR-043749,Cincinnati,Nashville,201.0,Dry Van,34276.0,0.92505,1.47022,533.64,563.3706252425638,29.73062524256386,29.73062524256386,5.5712887419541,0-250
TR-043750,Houston,Providence,1800.5,Reefer,18393.0,0.93008,1.99285,3891.84,3797.814245113975,-94.02575488602497,94.02575488602497,2.415971748222562,1500+
TR-043751,Fort Wayne,Baton Rouge,1026.7,Reefer,23664.0,0.90865,1.87056,2290.3,2236.2583544711238,-54.041645528876415,54.041645528876415,2.3595880683262633,1001-1500
TR-043752,Chattanooga,Memphis,166.0,Flatbed,24412.0,0.95931,1.3142,475.85,516.9615228015612,41.11152280156114,41.11152280156114,8.63959710025452,0-250
TR-043753,Phoenix,Chattanooga,1970.2,Dry Van,36816.0,0.94557,2.24461,3865.88,3878.812487576025,12.932487576024869,12.932487576024869,0.33452894492392077,1500+
TR-043754,Savannah,Boston,956.6,Flatbed,33771.0,0.92103,1.99623,2070.69,2162.5998601363667,91.90986013636666,91.90986013636666,4.438610324885263,751-1000
TR-043755,Montgomery,Fort Wayne,803.2,Dry Van,34183.0,0.92826,1.95722,1756.9,1750.0281708544644,-6.871829145535685,6.871829145535685,0.39113376660798477,751-1000
TR-043756,Fresno,Tampa,2317.4,Dry Van,40462.0,0.97561,2.10847,4610.23,4499.2444920532125,-110.98550794678704,110.98550794678704,2.407374641759458,1500+
TR-043757,Mobile,Tucson,1749.8,Dry Van,22818.0,0.94908,2.27793,3297.05,3357.2257484785455,60.1757484785453,60.1757484785453,1.8251390933878862,1500+
TR-043758,Albany,Houston,1932.5,Dry Van,34043.0,0.94934,2.19838,3828.19,3718.0526707203394,-110.13732927966066,110.13732927966066,2.8770079144363434,1500+
TR-043759,Memphis,Nashville,114.5,Reefer,35060.0,0.96874,0.86406,382.8,443.9440801002381,61.144080100238114,61.144080100238114,15.972852690762307,0-250
TR-043760,El Paso,Harrisburg,2108.4,Dry Van,30013.0,0.92808,2.33425,3873.89,3974.960657142132,101.07065714213195,101.07065714213195,2.6090223816920965,1500+
TR-043761,Syracuse,Hartford,393.7,Reefer,35450.0,0.93631,1.65735,966.85,1020.412040866257,53.56204086625701,53.56204086625701,5.539850118038682,251-500
TR-043762,Raleigh,Chattanooga,660.5,Dry Van,35710.0,0.93609,1.87139,1479.39,1434.2588753110676,-45.13112468893246,45.13112468893246,3.050657682486191,501-750
TR-043763,Syracuse,Raleigh,612.3,Dry Van,35836.0,0.95317,2.01513,1312.59,1301.8120823529557,-10.777917647044205,10.777917647044205,0.8211183726101986,501-750
TR-043764,Cincinnati,Savannah,418.6,Reefer,26681.0,0.93464,1.60661,1058.82,1069.4486504873353,10.628650487335335,10.628650487335335,1.003820336538348,251-500
TR-043765,Albany,Amarillo,2256.1,Flatbed,34461.0,0.95364,2.1343,4554.3,4607.517041733963,53.217041733963015,53.217041733963015,1.1685010151716624,1500+
TR-043766,Chattanooga,Los Angeles,2090.0,Dry Van,27363.0,0.91881,2.28618,3893.45,3946.373444660964,52.92344466096438,52.92344466096438,1.359294318945007,1500+
TR-043767,Buffalo,Baton Rouge,1260.3,Reefer,33014.0,0.9566,1.90415,2911.9,2908.4497103674503,-3.4502896325498114,3.4502896325498114,0.11848928989834166,1001-1500
TR-043768,Atlanta,Memphis,238.1,Flatbed,34182.0,0.98703,1.40405,666.14,691.3630898521449,25.22308985214488,25.22308985214488,3.786454777095638,0-250
TR-043769,Corpus Christi,Salt Lake City,1296.3,Dry Van,36146.0,0.93713,2.11054,2671.78,2760.4742346588887,88.69423465888849,88.69423465888849,3.3196683356746624,1001-1500
TR-043770,Raleigh,Oklahoma City,1416.4,Flatbed,40377.0,0.92974,1.87032,3207.15,3188.4932019000166,-18.65679809998346,18.65679809998346,0.5817251484958128,1001-1500
TR-043771,Albany,Mobile,1511.2,Reefer,45329.0,0.97009,1.94487,3377.25,3400.927820095634,23.67782009563416,23.67782009563416,0.7010976414430131,1500+
TR-043772,New York,Corpus Christi,1746.9,Reefer,39683.0,0.95937,1.94187,3892.47,3846.946324545135,-45.52367545486459,45.52367545486459,1.1695318256753318,1500+
TR-043773,Harrisburg,Fresno,2757.0,Dry Van,34353.0,0.92663,2.28661,5122.83,5013.351704199633,-109.47829580036705,109.47829580036705,2.1370667346050336,1500+
TR-043774,Indianapolis,Richmond,769.2,Dry Van,19974.0,0.95935,2.18291,1527.39,1533.6488114195017,6.258811419501626,6.258811419501626,0.40977166404792653,751-1000
TR-043775,St. Louis,Richmond,865.0,Dry Van,32370.0,0.95627,2.07072,1810.92,1751.004620455753,-59.915379544247116,59.915379544247116,3.308560264630526,751-1000
TR-043776,Shreveport,Lexington,603.7,Dry Van,27449.0,0.92486,1.9368,1358.72,1314.5056250711857,-44.21437492881432,44.21437492881432,3.2541196809360518,501-750
TR-043777,Louisville,Baton Rouge,670.1,Dry Van,28574.0,0.92593,1.97595,1445.2,1412.5355161289026,-32.664483871097445,32.664483871097445,2.260205083801373,501-750
TR-043778,Corpus Christi,Phoenix,1428.4,Dry Van,31003.0,0.96285,2.14786,2882.24,3007.556056337437,125.3160563374372,125.3160563374372,4.347870279277132,1001-1500
TR-043779,Greensboro,San Francisco,2514.7,Reefer,38744.0,0.99782,1.97826,5443.87,5268.794411465243,-175.07558853475712,175.07558853475712,3.2160133973580765,1500+
TR-043780,Columbia,Houston,880.6,Dry Van,28931.0,0.94423,2.07107,1859.45,1809.2838855786547,-50.166114421345355,50.166114421345355,2.6979006922125013,751-1000
TR-043781,Philadelphia,Cincinnati,906.1,Flatbed,36149.0,0.94643,1.88578,2008.07,2019.7229859489457,11.652985948945798,11.652985948945798,0.5803077556532291,751-1000
TR-043782,Washington,Las Vegas,2568.1,Dry Van,29502.0,0.93836,2.31967,4695.78,4675.494473339571,-20.28552666042833,20.28552666042833,0.43199482642773585,1500+
TR-043783,Harrisburg,Reno,2499.3,Dry Van,26872.0,0.94937,2.4394,4291.14,4483.910938171761,192.77093817176046,192.77093817176046,4.492301303890351,1500+
TR-043784,Salt Lake City,Amarillo,596.0,Dry Van,29404.0,0.94677,1.91017,1321.48,1319.6517252198437,-1.8282747801563346,1.8282747801563346,0.13835054485549042,501-750
TR-043785,Harrisburg,Kansas City,806.7,Flatbed,34633.0,0.92097,1.93681,1832.78,1825.8651896496826,-6.914810350317339,6.914810350317339,0.3772853452305972,751-1000
TR-043786,Houston,Harrisburg,1307.4,Reefer,34225.0,0.93812,1.959,2841.05,3014.6858390423336,173.63583904233337,173.63583904233337,6.11167839504174,1001-1500
TR-043787,Richmond,Columbia,517.0,Dry Van,38952.0,0.93148,1.90145,1171.18,1165.8008485262353,-5.37915147376475,5.37915147376475,0.4592933173179827,501-750
TR-043788,Salt Lake City,Lexington,1822.1,Flatbed,33969.0,0.96038,2.04913,3781.63,3899.871974414058,118.24197441405795,118.24197441405795,3.1267462552935625,1500+
TR-043789,San Antonio,Oklahoma City,202.7,Flatbed,23356.0,0.91409,1.23925,589.08,628.0511235619401,38.97112356194009,38.97112356194009,6.615591016829647,0-250
TR-043790,Albuquerque,Little Rock,1168.8,Dry Van,37513.0,0.95697,2.01843,2476.4,2461.748485798056,-14.651514201943883,14.651514201943883,0.5916457035189744,1001-1500
TR-043791,Kansas City,Milwaukee,169.3,Dry Van,40675.0,0.91977,1.42924,454.21,469.8337006106983,15.623700610698336,15.623700610698336,3.439752671825441,0-250
TR-043792,Columbia,Lexington,231.2,Dry Van,29932.0,0.96565,1.57431,608.66,588.6913058642162,-19.96869413578372,19.96869413578372,3.2807633384457207,0-250
TR-043793,Greensboro,Shreveport,704.5,Dry Van,39804.0,0.95713,1.91832,1589.78,1613.6359942982995,23.855994298299493,23.855994298299493,1.5005846279547794,501-750
TR-043794,Cincinnati,Lexington,137.7,Dry Van,28815.0,0.84907,1.52052,362.84,371.9822670990807,9.142267099080698,9.142267099080698,2.5196414670600538,0-250
TR-043795,San Antonio,El Paso,886.5,Reefer,34331.0,0.89468,1.66538,2190.49,2155.7688288520353,-34.72117114796447,34.72117114796447,1.5850869507719492,751-1000
TR-043796,Little Rock,Albany,1490.2,Dry Van,39403.0,0.8044,2.18328,2930.08,3188.41729317694,258.33729317693997,258.33729317693997,8.816731733500108,1001-1500
TR-043797,Fresno,Lexington,2278.4,Reefer,33416.0,0.91058,2.01383,4821.17,4765.879916599,-55.29008340099972,55.29008340099972,1.1468187888209649,1500+
TR-043798,Hartford,El Paso,2513.2,Dry Van,15319.0,0.80155,2.4108,4297.75,4564.230107658712,266.48010765871186,266.48010765871186,6.200456230788479,1500+
TR-043799,San Antonio,Madison,1137.7,Dry Van,22398.0,0.86694,2.18518,2227.95,2246.739360944228,18.789360944228065,18.789360944228065,0.8433475142722264,1001-1500
TR-043800,San Antonio,Kansas City,957.8,Flatbed,32120.0,0.87854,1.88076,2175.85,2117.6932647231647,-58.15673527683521,58.15673527683521,2.672828332689993,751-1000
TR-043801,Phoenix,St. Louis,1933.0,Flatbed,17471.0,0.83167,2.22839,3724.48,3887.5576630572086,163.0776630572086,163.0776630572086,4.3785350722036,1500+
TR-043802,Lubbock,Nashville,886.1,Flatbed,29679.0,0.89968,1.85339,2032.14,2096.650664660289,64.51066466028874,64.51066466028874,3.1745187172285734,751-1000
TR-043803,Syracuse,Cincinnati,781.8,Dry Van,28580.0,0.85524,2.20304,1539.19,1598.0347666853058,58.844766685305785,58.844766685305785,3.8230995968857506,751-1000
TR-043804,Indianapolis,Phoenix,1887.5,Reefer,43269.0,0.86818,1.93533,4145.69,4199.9925518565515,54.30255185655187,54.30255185655187,1.3098555814967323,1500+
TR-043805,Memphis,Providence,1329.6,Reefer,39434.0,0.87627,1.82238,3099.4,3039.4410004065335,-59.958999593466615,59.958999593466615,1.9345357034737891,1001-1500
TR-043806,Lubbock,Lexington,1143.4,Flatbed,22063.0,0.89791,2.03165,2437.21,2512.4742793537675,75.2642793537675,75.2642793537675,3.0881327154314775,1001-1500
TR-043807,Philadelphia,Tucson,2703.5,Reefer,37318.0,0.90917,2.0978,5540.6,5519.471710032882,-21.12828996711869,21.12828996711869,0.3813357753152852,1500+
TR-043808,Oklahoma City,Richmond,1513.4,Reefer,23143.0,0.87962,1.97342,3262.76,3287.9303557436533,25.17035574365309,25.17035574365309,0.771443677857185,1500+
TR-043809,Greensboro,Indianapolis,459.1,Flatbed,34954.0,0.88369,1.71731,1125.42,1177.1970240598398,51.77702405983973,51.77702405983973,4.600684549753845,251-500
TR-043810,Milwaukee,Las Vegas,1858.0,Reefer,22098.0,0.90047,2.12154,3858.91,3880.3035924774213,21.393592477421407,21.393592477421407,0.5543946989544044,1500+
TR-043811,Nashville,Atlanta,159.5,Flatbed,21626.0,0.90522,1.4422,439.04,477.12724541346665,38.08724541346663,38.08724541346663,8.675119673256795,0-250
TR-043812,Bakersfield,Lexington,2077.1,Dry Van,36087.0,0.94304,2.1476,4057.63,4016.7322837633346,-40.897716236665474,40.897716236665474,1.0079212800739712,1500+
TR-043813,Oklahoma City,Fort Wayne,1142.1,Dry Van,29588.0,0.91015,2.10051,2331.03,2320.9131368100348,-10.116863189965443,10.116863189965443,0.43400827917124374,1001-1500
TR-043814,Milwaukee,Boston,1167.6,Dry Van,41265.0,0.90055,2.14856,2384.15,2421.6313987379617,37.48139873796163,37.48139873796163,1.572107406747127,1001-1500
TR-043815,Hartford,Buffalo,455.2,Reefer,40289.0,0.84278,1.69356,1122.82,1151.6214855026658,28.801485502665855,28.801485502665855,2.5651026435818616,251-500
TR-043816,Philadelphia,Grand Rapids,883.1,Dry Van,21517.0,0.87879,2.19497,1729.91,1736.3798736719136,6.469873671913547,6.469873671913547,0.37400059378311856,751-1000
TR-043817,Harrisburg,Charleston,479.2,Reefer,25214.0,0.85852,1.85607,1118.16,1163.443152159375,45.28315215937482,45.28315215937482,4.049791815068937,251-500
TR-043818,Mobile,Chattanooga,314.3,Reefer,32569.0,0.88105,1.39673,868.53,871.1264977757664,2.5964977757664656,2.5964977757664656,0.29895314793576105,251-500
TR-043819,Chattanooga,Nashville,80.8,Flatbed,36890.0,0.90218,0.89448,263.56,397.62111433273753,134.06111433273753,134.06111433273753,50.8655009609719,0-250
TR-043820,Kansas City,Houston,751.0,Dry Van,32136.0,0.87051,1.98315,1633.97,1623.8015736420402,-10.168426357959788,10.168426357959788,0.6223141402816323,751-1000
TR-043821,San Francisco,Indianapolis,2093.1,Flatbed,34122.0,0.8728,2.10269,4178.31,4260.105114738462,81.79511473846196,81.79511473846196,1.9576124016279777,1500+
TR-043822,Oklahoma City,El Paso,816.3,Reefer,47500.0,0.90532,1.5933,2094.64,1993.4320947211133,-101.20790527888653,101.20790527888653,4.831756544269494,751-1000
TR-043823,Fresno,Toledo,2363.0,Dry Van,25669.0,0.86011,2.39605,4177.17,4271.84962742789,94.6796274278895,94.6796274278895,2.2665974194942864,1500+
TR-043824,Atlanta,Columbia,225.0,Flatbed,39325.0,0.91272,1.29462,646.74,677.6750685888819,30.935068588881904,30.935068588881904,4.78323106486098,0-250
TR-043825,Richmond,Raleigh,230.3,Flatbed,37523.0,0.87891,1.40419,632.92,673.2478995493586,40.327899549358676,40.327899549358676,6.371721473386634,0-250
TR-043826,Philadelphia,Greensboro,703.2,Reefer,35614.0,0.87438,1.76196,1652.34,1710.802030638471,58.462030638471106,58.462030638471106,3.5381356523760914,501-750
TR-043827,Bakersfield,Hartford,2922.8,Dry Van,23262.0,0.85575,2.40353,5079.21,5217.431241765436,138.2212417654364,138.2212417654364,2.721313782368447,1500+
TR-043828,Fresno,Providence,3310.6,Flatbed,10062.0,0.86764,2.24252,6152.73,5965.183440388386,-187.5465596116137,187.5465596116137,3.048184458144819,1500+
TR-043829,Dallas,Syracuse,1389.2,Dry Van,36565.0,0.88301,2.21788,2785.51,2861.6073369503665,76.0973369503663,76.0973369503663,2.731899614446413,1001-1500
TR-043830,Tampa,Fresno,2275.0,Flatbed,24193.0,0.86517,2.20605,4402.88,4505.562682991542,102.6826829915417,102.6826829915417,2.3321708289015755,1500+
TR-043831,Los Angeles,Raleigh,2794.3,Flatbed,37502.0,0.83972,2.18647,5433.87,5489.4081491612715,55.538149161271576,55.538149161271576,1.0220735711614664,1500+
TR-043832,Grand Rapids,Greensboro,663.6,Dry Van,47500.0,0.91925,1.98052,1429.58,1380.03892167176,-49.54107832824002,49.54107832824002,3.465428890180334,501-750
TR-043833,St. Louis,Las Vegas,1734.3,Dry Van,28980.0,0.87076,2.26079,3352.17,3347.4959190273303,-4.674080972669799,4.674080972669799,0.13943448490589078,1500+
TR-043834,Lubbock,Raleigh,1572.4,Dry Van,24925.0,0.91163,2.16812,3063.16,3090.8199856613537,27.659985661353858,27.659985661353858,0.9029886020107948,1500+
TR-043835,Charleston,Kansas City,822.5,Dry Van,20232.0,0.85497,2.20038,1606.06,1701.411233461022,95.35123346102205,95.35123346102205,5.9369658332205555,751-1000
TR-043836,Oklahoma City,Lubbock,209.4,Dry Van,34526.0,0.86937,1.3478,584.99,605.5034412599675,20.51344125996752,20.51344125996752,3.5066310979619346,0-250
TR-043837,Greensboro,Atlanta,265.0,Dry Van,28669.0,0.87831,1.66223,651.87,651.237062159222,-0.6329378407780268,0.6329378407780268,0.09709571552273104,251-500
TR-043838,Savannah,Dayton,574.2,Flatbed,41917.0,0.86706,1.81708,1355.11,1389.0587336892067,33.94873368920685,33.94873368920685,2.505238223406723,501-750
TR-043839,El Paso,Savannah,1849.4,Dry Van,28879.0,0.86036,2.29045,3490.4,3632.010051842707,141.61005184270698,141.61005184270698,4.057129608145398,1500+
TR-043840,Charleston,New York,624.3,Dry Van,13208.0,0.87931,2.17492,1243.66,1273.2554395620923,29.595439562092224,29.595439562092224,2.379705028873826,501-750
TR-043841,Fort Wayne,Philadelphia,767.8,Flatbed,24871.0,0.88393,1.97642,1688.78,1663.9667176045414,-24.8132823954586,24.8132823954586,1.469302241586151,751-1000
TR-043842,Madison,Atlanta,610.4,Reefer,41586.0,0.88794,1.67066,1502.59,1490.2368553843276,-12.353144615672363,12.353144615672363,0.8221234412362897,501-750
TR-043843,Albany,Columbia,1065.9,Dry Van,37720.0,0.88003,2.1726,2109.69,2195.267815142628,85.57781514262797,85.57781514262797,4.056416589291696,1001-1500
TR-043844,Little Rock,Indianapolis,411.8,Dry Van,29009.0,0.90578,1.79557,955.05,963.7072015827487,8.657201582748712,8.657201582748712,0.9064657957958968,251-500
TR-043845,Savannah,New York,749.7,Dry Van,35772.0,0.91545,2.06804,1574.04,1605.0546562280683,31.01465622806836,31.01465622806836,1.9703855193049962,501-750
TR-043846,Birmingham,Harrisburg,788.2,Dry Van,31186.0,0.89495,2.05491,1652.68,1605.5684394222635,-47.111560577736554,47.111560577736554,2.850616004171198,751-1000
TR-043847,Nashville,Atlanta,143.6,Dry Van,43753.0,0.86566,1.32485,409.03,462.4421482624098,53.4121482624098,53.4121482624098,13.058247136496053,0-250
TR-043848,Montgomery,Grand Rapids,980.8,Dry Van,37509.0,0.84898,2.0935,2029.81,2124.412513100609,94.60251310060903,94.60251310060903,4.660658539499216,751-1000
TR-043849,Columbia,Tampa,573.7,Dry Van,37571.0,0.88856,1.90314,1291.36,1360.644948106566,69.28494810656616,69.28494810656616,5.365269801338602,501-750
TR-043850,Houston,Baton Rouge,173.7,Dry Van,22581.0,0.87188,1.51991,462.62,568.9519063069392,106.33190630693923,106.33190630693923,22.984718842017042,0-250
TR-043851,Salt Lake City,Austin,1005.4,Reefer,41033.0,0.83018,1.70931,2438.43,2491.175311138572,52.745311138572106,52.745311138572106,2.1630849004717017,1001-1500
TR-043852,Cincinnati,Montgomery,461.1,Dry Van,41773.0,0.87458,1.77969,1094.31,1129.495975223081,35.18597522308096,35.18597522308096,3.2153571860881245,251-500
TR-043853,New York,Boston,285.5,Dry Van,41606.0,0.88642,1.77415,688.95,664.3697022470972,-24.58029775290288,24.58029775290288,3.5677912407145476,251-500
TR-043854,Shreveport,Nashville,385.3,Reefer,30306.0,0.89952,1.35327,1055.69,1113.845120280976,58.15512028097601,58.15512028097601,5.508730809326224,251-500
TR-043855,Houston,Los Angeles,1554.5,Reefer,31496.0,0.90083,1.95744,3402.93,3530.25379394046,127.32379394046029,127.32379394046029,3.741593095963194,1500+
TR-043856,Montgomery,Tucson,1849.6,Reefer,16466.0,0.85235,2.09709,3850.45,4063.0373452859817,212.58734528598188,212.58734528598188,5.521103904374343,1500+
TR-043857,Lubbock,Hartford,1986.9,Dry Van,21730.0,0.86475,2.26602,3761.16,3701.912414694675,-59.24758530532472,59.24758530532472,1.5752476710728796,1500+
TR-043858,Montgomery,Phoenix,2046.2,Dry Van,40936.0,0.89761,2.2296,4124.94,4114.105659759596,-10.834340240403435,10.834340240403435,0.26265449292361676,1500+
TR-043859,Lubbock,Shreveport,576.4,Flatbed,26632.0,0.90623,1.65371,1464.25,1476.3046421407853,12.05464214078529,12.05464214078529,0.8232639331251692,501-750
TR-043860,Boston,Nashville,1282.2,Dry Van,40722.0,0.85322,2.18032,2569.74,2617.492255287565,47.752255287565276,47.752255287565276,1.8582524024829468,1001-1500
TR-043861,Harrisburg,Bakersfield,2475.6,Dry Van,31572.0,0.83598,2.35519,4474.48,4552.163766551017,77.68376655101747,77.68376655101747,1.7361518333083952,1500+
TR-043862,Las Vegas,Tucson,250.4,Flatbed,32724.0,0.93396,1.43566,679.73,691.8044186910558,12.074418691055826,12.074418691055826,1.7763551249843061,251-500
TR-043863,Oklahoma City,St. Louis,786.8,Dry Van,28035.0,0.8953,2.01698,1641.35,1635.8255900805766,-5.524409919423306,5.524409919423306,0.3365772028771015,751-1000
TR-043864,Baltimore,Los Angeles,3053.3,Flatbed,31496.0,0.8756,2.23311,5800.91,5892.431714577797,91.52171457779696,91.52171457779696,1.577713058430435,1500+
TR-043865,El Paso,Tucson,275.8,Flatbed,39105.0,0.90705,1.38462,766.17,789.5740044564593,23.404004456459347,23.404004456459347,3.054675131688705,251-500
TR-043866,Shreveport,Oklahoma City,462.5,Flatbed,47500.0,0.87026,1.45908,1232.04,1309.2866129922058,77.24661299220588,77.24661299220588,6.269813722947784,251-500
TR-043867,Phoenix,Charleston,2447.7,Dry Van,29417.0,0.88741,2.35191,4487.22,4560.758295755226,73.53829575522559,73.53829575522559,1.6388386518874847,1500+
TR-043868,Toledo,Reno,2099.1,Reefer,30792.0,0.93699,2.08427,4287.3,4316.233268111572,28.933268111572033,28.933268111572033,0.6748598911103033,1500+
TR-043869,Raleigh,Reno,2616.3,Dry Van,25765.0,0.86496,2.32042,4614.15,4601.645802699852,-12.504197300148007,12.504197300148007,0.27099676647157134,1500+
TR-043870,Houston,Bakersfield,1516.7,Reefer,42584.0,0.90003,1.90017,3454.75,3479.549391021977,24.799391021977044,24.799391021977044,0.7178346051661348,1500+
TR-043871,Las Vegas,Tampa,2004.8,Dry Van,33988.0,0.90517,2.16091,3896.22,3868.2458261828906,-27.974173817109204,27.974173817109204,0.7179823987636531,1500+
TR-043872,Philadelphia,Richmond,288.1,Reefer,24780.0,0.82758,1.62885,737.2,726.8730491009287,-10.326950899071335,10.326950899071335,1.400834359613583,251-500
TR-043873,Memphis,Fort Wayne,540.3,Reefer,21358.0,0.87092,1.72112,1295.99,1293.7111277184447,-2.278872281555323,2.278872281555323,0.1758402674060234,501-750
TR-043874,Jacksonville,Richmond,725.1,Dry Van,37782.0,0.87628,2.08571,1462.8,1594.9907820118701,132.19078201187017,132.19078201187017,9.036832240352076,501-750
TR-043875,Las Vegas,Milwaukee,1806.8,Dry Van,28785.0,0.88007,2.2754,3359.38,3475.488222118341,116.10822211834102,116.10822211834102,3.456239607259108,1500+
TR-043876,Atlanta,Reno,2098.5,Flatbed,31813.0,0.86259,2.18211,4200.54,4219.399827044426,18.85982704442631,18.85982704442631,0.44898577431535736,1500+
TR-043877,Baton Rouge,Lexington,765.8,Reefer,30609.0,0.86445,1.83367,1814.57,1879.9403532436895,65.37035324368958,65.37035324368958,3.6025258459959977,751-1000
TR-043878,Memphis,Atlanta,243.1,Dry Van,20179.0,0.9095,1.73188,593.84,601.857168235485,8.017168235484974,8.017168235484974,1.3500552733876083,0-250
TR-043879,Jacksonville,Madison,855.4,Dry Van,38103.0,0.87663,2.08796,1804.12,1843.5965938708832,39.476593870883335,39.476593870883335,2.188135704436697,751-1000
TR-043880,Amarillo,Toledo,1477.3,Dry Van,38971.0,0.85514,2.12868,2935.08,2968.8753812820087,33.79538128200875,33.79538128200875,1.1514296469605172,1001-1500
TR-043881,Baton Rouge,Jacksonville,606.6,Reefer,31215.0,0.89841,1.64543,1530.9,1496.3255594344664,-34.57444056553368,34.57444056553368,2.258438863775144,501-750
TR-043882,Albuquerque,Hartford,2366.1,Dry Van,19485.0,0.86026,2.34748,4209.75,4328.613519710616,118.86351971061595,118.86351971061595,2.823529181319935,1500+
TR-043883,Houston,Austin,388.2,Dry Van,32045.0,0.88701,1.69501,957.06,982.0747199470995,25.014719947099593,25.014719947099593,2.613704464411802,251-500
TR-043884,Albuquerque,Lexington,1559.8,Dry Van,29973.0,0.91474,2.23236,2958.24,3123.1671990344894,164.9271990344896,164.9271990344896,5.575179804021635,1500+
TR-043885,Baton Rouge,Toledo,1057.5,Reefer,47500.0,0.90119,1.80765,2491.41,2542.994354419186,51.584354419186184,51.584354419186184,2.0704883748233405,1001-1500
TR-043886,Dayton,Montgomery,680.7,Reefer,31632.0,0.88274,1.66125,1643.22,1683.8326023577551,40.61260235775512,40.61260235775512,2.4715255630868125,501-750
TR-043887,Shreveport,Baltimore,1348.4,Reefer,25462.0,0.86034,1.90892,11052.72,3039.4328916379754,-8013.287108362024,8013.287108362024,72.50058907094385,1001-1500
TR-043888,Nashville,Bakersfield,1851.9,Reefer,19021.0,0.87378,2.16155,3737.91,3991.218468690203,253.30846869020297,253.30846869020297,6.776740710455923,1500+
TR-043889,Columbia,Philadelphia,766.8,Flatbed,45489.0,0.93442,1.83179,1765.8,1768.675317511087,2.8753175110871325,2.8753175110871325,0.16283370206632305,751-1000
TR-043890,Richmond,Mobile,931.4,Dry Van,25871.0,0.8565,2.11828,1911.29,1894.2868252455778,-17.00317475442216,17.00317475442216,0.8896177322343632,751-1000
TR-043891,Cincinnati,Kansas City,324.4,Dry Van,32933.0,0.87655,1.74404,779.31,771.2315284417309,-8.07847155826903,8.07847155826903,1.0366184904940308,251-500
TR-043892,Phoenix,Madison,2023.7,Reefer,33108.0,0.90974,1.98842,4284.86,4318.013320958406,33.153320958406766,33.153320958406766,0.7737317195522554,1500+
TR-043893,Hartford,Tulsa,1517.0,Reefer,39207.0,0.88588,1.91065,3396.71,3515.6856115945925,118.97561159459246,118.97561159459246,3.5026720442602537,1500+
TR-043894,Chattanooga,Atlanta,82.9,Reefer,37082.0,0.84868,0.73028,279.76,404.638143487477,124.87814348747702,124.87814348747702,44.63759775789142,0-250
TR-043895,Lexington,Grand Rapids,532.9,Dry Van,35010.0,0.8655,1.98584,1160.12,1201.7863147633216,41.66631476332168,41.66631476332168,3.5915521466160123,501-750
TR-043896,Oklahoma City,Charleston,1294.8,Reefer,24436.0,0.84704,1.9411,2848.75,2895.806197085014,47.05619708501399,47.05619708501399,1.6518191166305922,1001-1500
TR-043897,Madison,Chattanooga,556.0,Dry Van,12888.0,0.91897,2.05314,1167.81,1164.3162027140452,-3.49379728595477,3.49379728595477,0.2991751471519143,501-750
TR-043898,Savannah,Jacksonville,203.2,Dry Van,25736.0,0.85378,1.67145,507.62,596.1776717933064,88.55767179330644,88.55767179330644,17.445662462729295,0-250
TR-043899,Charleston,Buffalo,625.4,Reefer,29344.0,0.90369,1.79924,1472.72,1472.3627499220283,-0.35725007797168473,0.35725007797168473,0.024257841135564447,501-750
TR-043900,Atlanta,Raleigh,592.6,Flatbed,45595.0,0.88719,1.78757,1393.73,1461.098112442835,67.3681124428349,67.3681124428349,4.833655904862125,501-750
TR-043901,Albuquerque,Fresno,713.0,Flatbed,27730.0,0.92728,1.92378,1607.33,1687.7071746398751,80.3771746398752,80.3771746398752,5.0006641224810835,501-750
TR-043902,Bakersfield,Baton Rouge,1654.9,Dry Van,32385.0,0.84087,2.22346,3247.32,3340.9047619278863,93.58476192788612,93.58476192788612,2.881907601587959,1500+
TR-043903,Montgomery,Corpus Christi,720.5,Flatbed,26152.0,0.89288,1.777,1689.73,1737.872277551493,48.14227755149295,48.14227755149295,2.849110659779548,501-750
TR-043904,Harrisburg,Nashville,731.4,Dry Van,32588.0,0.90152,2.06571,1531.51,1561.3711434457782,29.861143445778225,29.861143445778225,1.9497844248994929,501-750
TR-043905,Hartford,Columbia,823.0,Flatbed,35982.0,0.88835,1.9513,1830.18,1872.2969867353981,42.116986735398086,42.116986735398086,2.3012483326994113,751-1000
TR-043906,Tulsa,Los Angeles,1547.6,Dry Van,22089.0,0.90862,2.25645,3017.98,3084.121954332605,66.14195433260511,66.14195433260511,2.191596840688312,1500+
TR-043907,Milwaukee,Grand Rapids,345.5,Dry Van,31805.0,0.87631,1.84246,809.89,788.6792543276204,-21.21074567237963,21.21074567237963,2.6189662389188197,251-500
TR-043908,Memphis,San Antonio,762.3,Dry Van,37915.0,0.88664,1.93389,1697.73,1687.9284187589367,-9.801581241063332,9.801581241063332,0.577334513795676,751-1000
TR-043909,San Antonio,Richmond,1649.8,Dry Van,33755.0,0.85983,2.19343,3194.09,3277.188530447344,83.09853044734382,83.09853044734382,2.601633969216391,1500+
TR-043910,Baltimore,Harrisburg,374.8,Dry Van,30963.0,0.86535,1.81558,875.46,849.5075102905355,-25.952489709464544,25.952489709464544,2.9644403752843695,251-500
TR-043911,Dayton,Richmond,595.1,Flatbed,29360.0,0.90326,1.96868,1330.8,1361.3642932902803,30.564293290280375,30.564293290280375,2.296685699600269,501-750
TR-043912,New York,Bakersfield,2781.5,Dry Van,25269.0,0.89018,2.35934,4904.69,5004.2255385866965,99.53553858669693,99.53553858669693,2.0293951011521,1500+
TR-043913,Grand Rapids,Madison,283.6,Reefer,47500.0,0.88643,1.32073,811.04,750.301948410791,-60.73805158920891,60.73805158920891,7.488909497584448,251-500
TR-043914,Philadelphia,Fort Wayne,805.2,Reefer,38544.0,0.8929,1.83862,1843.84,1870.4184462757291,26.57844627572922,26.57844627572922,1.4414724854504308,751-1000
TR-043915,Nashville,Montgomery,358.9,Reefer,28029.0,0.90566,1.52987,953.32,946.8409544657075,-6.479045534292595,6.479045534292595,0.6796296662498001,251-500
TR-043916,Bakersfield,Tucson,335.3,Dry Van,34057.0,0.85893,1.7415,808.69,807.2311480454014,-1.4588519545986856,1.4588519545986856,0.18039693264399034,251-500
TR-043917,Nashville,Dayton,424.2,Dry Van,25622.0,0.891,1.86875,4646.65,914.7073141169819,-3731.9426858830175,3731.9426858830175,80.31469307744327,251-500
TR-043918,Mobile,Nashville,293.0,Dry Van,22685.0,0.87429,1.69541,698.11,724.1011599657613,25.991159965761312,25.991159965761312,3.7230751551705765,251-500
TR-043919,Albany,Buffalo,492.7,Dry Van,31708.0,0.87929,2.08414,1017.32,1053.5987476045634,36.278747604563364,36.278747604563364,3.5661097397636303,251-500
TR-043920,Greensboro,Tucson,1989.6,Dry Van,23494.0,0.86331,2.32318,3621.78,3781.4445189652884,159.66451896528815,159.66451896528815,4.408454377827701,1500+
TR-043921,Syracuse,Lubbock,1798.7,Flatbed,23409.0,0.89475,2.18021,3572.79,3721.4459787148476,148.6559787148476,148.6559787148476,4.1607813141787675,1500+
TR-043922,Hartford,Amarillo,2127.4,Flatbed,30979.0,0.84292,2.09173,4471.7,4351.5710068247745,-120.12899317522533,120.12899317522533,2.6864278277886564,1500+
TR-043923,Toledo,Lexington,421.3,Dry Van,28697.0,0.88422,1.90094,960.58,927.443128431072,-33.136871568928086,33.136871568928086,3.4496732774915246,251-500
TR-043924,Mobile,Tampa,305.9,Dry Van,29747.0,0.90049,1.73799,742.04,756.855204789036,14.815204789035988,14.815204789035988,1.9965506965980255,251-500
TR-043925,Oklahoma City,Greensboro,1122.7,Dry Van,24178.0,0.88117,2.09681,2256.96,2204.24704758607,-52.71295241393,52.71295241393,2.3355731786974516,1001-1500
TR-043926,Toledo,Grand Rapids,176.1,Dry Van,25333.0,0.87143,1.62809,442.63,398.8941694761379,-43.73583052386209,43.73583052386209,9.880900644751167,0-250
TR-043927,Amarillo,Fresno,1073.6,Flatbed,23764.0,0.90768,1.98381,2343.92,2340.9731134744643,-2.946886525535774,2.946886525535774,0.12572470585752815,1001-1500
TR-043928,Raleigh,New York,446.7,Dry Van,32546.0,0.85407,2.02026,963.41,1025.827634688646,62.41763468864599,62.41763468864599,6.478823625314871,251-500
TR-043929,Shreveport,Lubbock,586.9,Dry Van,34097.0,0.89494,1.86998,1354.82,1367.1107138040975,12.29071380409755,12.29071380409755,0.9071842609422321,501-750
TR-043930,Amarillo,Phoenix,891.6,Dry Van,32439.0,0.88173,2.01032,1881.9,1934.1465619711835,52.24656197118338,52.24656197118338,2.7762666438803008,751-1000
TR-043931,Oklahoma City,Cincinnati,919.6,Flatbed,29615.0,0.88365,1.97638,2080.68,2048.358150490182,-32.32184950981764,32.32184950981764,1.553427221380397,751-1000
TR-043932,Indianapolis,Buffalo,685.1,Dry Van,39138.0,0.80898,2.04523,1426.28,1496.8989017113931,70.61890171139316,70.61890171139316,4.951264948775357,501-750
TR-043933,Lubbock,Dayton,1214.4,Dry Van,36685.0,0.89478,2.07416,2509.73,2505.325948031095,-4.404051968905151,4.404051968905151,0.17547911404434544,1001-1500
TR-043934,Grand Rapids,Fort Wayne,206.3,Reefer,45481.0,0.87428,1.3336,579.38,612.2735075789219,32.89350757892191,32.89350757892191,5.677363315772363,0-250
TR-043935,Tulsa,Baton Rouge,293.4,Flatbed,41155.0,0.88229,1.26442,829.88,925.1678874241777,95.28788742417771,95.28788742417771,11.482128431119886,251-500
TR-043936,Fresno,Tampa,2279.4,Reefer,17269.0,0.83797,2.08743,4697.97,4592.440075701525,-105.52992429847563,105.52992429847563,2.2462877433971613,1500+
TR-043937,Syracuse,Dallas,1444.5,Dry Van,36448.0,0.9019,2.17688,2865.78,2962.5958366512773,96.8158366512771,96.8158366512771,3.378341556270094,1001-1500
TR-043938,San Antonio,Tucson,1028.1,Dry Van,39837.0,0.86312,2.01581,2220.22,2252.0553021093174,31.83530210931758,31.83530210931758,1.4338805212689547,1001-1500
TR-043939,Corpus Christi,Nashville,763.2,Reefer,34281.0,0.87967,1.58936,1922.64,1879.7848408996072,-42.85515910039294,42.85515910039294,2.2289746962714254,751-1000
TR-043940,Indianapolis,Tucson,1738.9,Flatbed,21273.0,0.90347,2.27343,3299.32,3593.4541892405373,294.1341892405371,294.1341892405371,8.91499427883737,1500+
TR-043941,Fort Wayne,Phoenix,2201.7,Reefer,27654.0,0.87207,2.11004,4468.77,4529.601430684472,60.83143068447134,60.83143068447134,1.361256692209967,1500+
TR-043942,Nashville,Philadelphia,1023.1,Dry Van,31250.0,0.84868,2.16352,2034.14,2102.940484887724,68.80048488772377,68.80048488772377,3.3822885783536907,1001-1500
TR-043943,Tucson,Memphis,1657.9,Dry Van,22741.0,0.87753,2.25283,3118.92,3216.614538369494,97.69453836949378,97.69453836949378,3.132319468581874,1500+
TR-043944,Kansas City,Lexington,452.9,Dry Van,28909.0,0.85266,1.84334,1020.65,1025.5518627573724,4.901862757372442,4.901862757372442,0.4802687265343107,251-500
TR-043945,San Antonio,Boston,2087.0,Dry Van,38114.0,0.90825,2.15041,4138.77,4055.1896801303337,-83.58031986966671,83.58031986966671,2.0194482870434136,1500+
TR-043946,Los Angeles,Chattanooga,2091.5,Dry Van,45353.0,0.8528,2.26694,4043.62,4098.531174307018,54.91117430701797,54.91117430701797,1.3579706873301145,1500+
TR-043947,Montgomery,Kansas City,729.3,Dry Van,37843.0,0.87304,2.04223,1573.69,1684.7623289741496,111.07232897414951,111.07232897414951,7.058081895046008,501-750
TR-043948,Fort Wayne,Lubbock,1298.2,Dry Van,41142.0,0.87472,2.20376,2537.6,2759.11951557821,221.5195155782103,221.5195155782103,8.729489106959738,1001-1500
TR-043949,Amarillo,San Antonio,507.0,Reefer,34544.0,0.90993,1.46738,1354.69,1415.8132194796522,61.12321947965211,61.12321947965211,4.511970966025593,501-750
TR-043950,New York,Columbia,775.6,Flatbed,35843.0,0.92057,1.83829,1810.66,1766.595885884046,-44.064114115954,44.064114115954,2.433594054982934,751-1000
TR-043951,Bakersfield,Buffalo,2555.8,Reefer,28525.0,0.91723,2.16542,5246.48,5059.861975010603,-186.61802498939687,186.61802498939687,3.5570139405734302,1500+
TR-043952,Atlanta,Fresno,2231.8,Dry Van,27328.0,0.85888,2.39404,3971.46,4216.112223760206,244.65222376020574,244.65222376020574,6.160259042271752,1500+
TR-043953,Grand Rapids,Richmond,741.8,Dry Van,39323.0,0.87145,2.02645,1552.77,1553.4284912755434,0.6584912755433834,0.6584912755433834,0.042407521754244566,501-750
TR-043954,Cincinnati,Milwaukee,235.9,Dry Van,45415.0,0.89431,1.50096,624.15,644.4892149559942,20.33921495599418,20.33921495599418,3.258706233436542,0-250
TR-043955,Oklahoma City,Corpus Christi,337.7,Dry Van,31701.0,0.90364,1.58428,858.03,888.9677442147108,30.937744214710847,30.937744214710847,3.605671621587922,251-500
TR-043956,Jacksonville,Indianapolis,639.6,Reefer,22171.0,0.92708,1.87235,1486.69,1602.2792730641206,115.58927306412056,115.58927306412056,7.774941182366233,501-750
TR-043957,Richmond,Tulsa,1273.2,Reefer,18979.0,0.90356,1.95901,2718.63,2757.063186398576,38.4331863985758,38.4331863985758,1.4136968399000893,1001-1500
TR-043958,Providence,Memphis,1310.6,Dry Van,18286.0,0.89813,2.25923,2460.16,2595.4229145354398,135.2629145354399,135.2629145354399,5.498134858523019,1001-1500
TR-043959,Los Angeles,Bakersfield,410.2,Dry Van,47500.0,0.9357,1.83892,947.3,1011.6543913144221,64.35439131442217,64.35439131442217,6.793454165989885,251-500
TR-043960,Milwaukee,Fort Wayne,260.4,Dry Van,25938.0,0.90505,1.81262,618.64,600.91129982857,-17.728700171429978,17.728700171429978,2.8657539395173246,251-500
TR-043961,Phoenix,Albany,3183.4,Reefer,23942.0,0.84504,2.17815,6161.01,6012.200703688414,-148.80929631158597,148.80929631158597,2.415339308191124,1500+
TR-043962,Milwaukee,Chattanooga,376.7,Flatbed,31939.0,0.86485,1.65344,946.19,987.6245338467252,41.43453384672512,41.43453384672512,4.37909234368627,251-500
TR-043963,Los Angeles,Savannah,2423.6,Reefer,29123.0,0.87156,2.18318,4912.37,4943.552954411674,31.182954411674473,31.182954411674473,0.6347843181941603,1500+
TR-043964,Tucson,Phoenix,273.2,Reefer,34705.0,0.9127,1.39659,747.96,823.4938602671655,75.53386026716544,75.53386026716544,10.098649696128861,251-500
TR-043965,Phoenix,Louisville,2012.4,Dry Van,27841.0,0.85228,2.32009,3624.9,3841.6245415642734,216.7245415642733,216.7245415642733,5.978772974820638,1500+
TR-043966,Fort Wayne,Albany,901.0,Reefer,41028.0,0.87895,1.85648,2061.34,2149.0990865169483,87.75908651694817,87.75908651694817,4.257380466926765,751-1000
TR-043967,Milwaukee,Houston,830.5,Dry Van,32312.0,0.85836,2.03228,1761.62,1807.4659465540674,45.845946554067496,45.845946554067496,2.602487855159881,751-1000
TR-043968,Fort Wayne,Atlanta,554.1,Flatbed,26628.0,0.87976,1.7854,1293.64,1324.7872363715985,31.14723637159841,31.14723637159841,2.4077205692154235,501-750
TR-043969,Reno,Bakersfield,517.6,Reefer,37536.0,0.88287,1.62348,1318.59,1366.604915939221,48.014915939221055,48.014915939221055,3.6413832911838444,501-750
TR-043970,San Antonio,San Francisco,1658.3,Dry Van,22860.0,0.90996,2.1857,3182.58,3246.621502500968,64.04150250096791,64.04150250096791,2.0122511453276246,1500+
TR-043971,Philadelphia,Charleston,588.9,Reefer,28892.0,0.86345,1.69393,1408.96,1455.5410579576392,46.58105795763913,46.58105795763913,3.3060596438251713,501-750
TR-043972,Los Angeles,Oklahoma City,1304.0,Dry Van,47500.0,0.88011,2.1195,2653.8,2798.4700449417123,144.67004494171215,144.67004494171215,5.451429834264532,1001-1500
TR-043973,Raleigh,Reno,2554.5,Dry Van,27226.0,0.89903,2.33609,4564.71,4645.59050411118,80.88050411118002,80.88050411118002,1.771865115443917,1500+
TR-043974,Hartford,Houston,1673.7,Dry Van,24911.0,0.94524,2.22047,3230.92,3243.8477456246137,12.927745624613635,12.927745624613635,0.4001258348895558,1500+
TR-043975,Greensboro,Houston,935.1,Dry Van,20302.0,0.89543,2.12771,1890.03,1902.047453084422,12.017453084421959,12.017453084421959,0.635833985937893,751-1000
TR-043976,Milwaukee,Nashville,373.7,Dry Van,45372.0,0.89436,1.72497,903.04,909.1923661457997,6.1523661457997605,6.1523661457997605,0.6812949753941975,251-500
TR-043977,Phoenix,Tulsa,1525.8,Reefer,27737.0,0.88453,1.95457,3330.57,3358.6793586293243,28.109358629324106,28.109358629324106,0.8439804186467814,1500+
TR-043978,Cincinnati,Harrisburg,606.9,Flatbed,14045.0,0.8312,1.9955,1290.78,1352.0463003802822,61.266300380282246,61.266300380282246,4.746455660940071,501-750
TR-043979,Fresno,Phoenix,463.2,Flatbed,34098.0,0.88338,1.64849,1136.45,1203.8993032187234,67.44930321872334,67.44930321872334,5.935087616588794,251-500
TR-043980,Columbia,Cincinnati,331.3,Reefer,25127.0,0.89527,1.54916,863.94,875.6268945914508,11.68689459145071,11.68689459145071,1.3527437775135667,251-500
TR-043981,Oklahoma City,Phoenix,1251.2,Dry Van,39169.0,0.86349,2.06034,2609.34,2665.5123161294055,56.17231612940532,56.17231612940532,2.1527403914171903,1001-1500
TR-043982,Madison,Lexington,494.1,Dry Van,29055.0,0.88253,1.99948,1061.3,1098.604006275337,37.30400627533709,37.30400627533709,3.5149351055627145,251-500
TR-043983,Savannah,Boston,968.7,Reefer,32787.0,0.91791,1.91541,2172.14,2264.4156447630994,92.27564476309954,92.27564476309954,4.2481444457125015,751-1000
TR-043984,Nashville,Atlanta,130.2,Dry Van,44755.0,0.85714,1.36123,363.74,449.7190366460384,85.97903664603837,85.97903664603837,23.637498390619225,0-250
TR-043985,Tulsa,Bakersfield,1479.7,Reefer,11780.0,0.84662,1.97319,3195.86,3231.759711778561,35.899711778560686,35.899711778560686,1.1233192874081057,1001-1500
TR-043986,Fort Wayne,Albany,898.3,Reefer,36286.0,0.88532,1.97241,1974.12,2155.645825500815,181.52582550081524,181.52582550081524,9.19527817462035,751-1000
TR-043987,Columbia,Amarillo,1454.0,Reefer,23756.0,0.88349,1.99195,3107.72,3235.624631321384,127.90463132138439,127.90463132138439,4.115706412462654,1001-1500
TR-043988,Hartford,Baltimore,134.5,Flatbed,28293.0,0.8717,1.46447,363.14,400.75902549674356,37.619025496743575,37.619025496743575,10.359372555142253,0-250
TR-043989,Philadelphia,Montgomery,1103.6,Reefer,36661.0,0.94261,1.78612,2586.91,2593.245466797362,6.335466797362187,6.335466797362187,0.24490480137933623,1001-1500
TR-043990,Hartford,St. Louis,1103.3,Dry Van,47500.0,0.91205,1.97172,2332.39,2341.8999657510262,9.509965751026357,9.509965751026357,0.4077348021139842,1001-1500
TR-043991,Memphis,Corpus Christi,721.1,Reefer,31237.0,0.89937,1.59619,1795.1,1811.5424969058697,16.442496905869803,16.442496905869803,0.9159655119976493,501-750
TR-043992,Kansas City,Savannah,737.8,Dry Van,30476.0,0.87429,2.01194,1546.97,1571.5972704907276,24.627270490727597,24.627270490727597,1.591968201757474,501-750
TR-043993,Albany,Raleigh,806.3,Reefer,30653.0,0.92183,1.94842,1796.04,1852.8748982125953,56.83489821259536,56.83489821259536,3.1644561486712637,751-1000
TR-043994,Atlanta,Dayton,427.0,Reefer,16630.0,0.8813,1.6501,1058.89,1042.4443065175094,-16.445693482490697,16.445693482490697,1.5531068838586344,251-500
TR-043995,Shreveport,Tucson,1472.1,Reefer,18576.0,0.92777,2.05181,3165.13,3218.1186585861838,52.98865858618365,52.98865858618365,1.6741384583313683,1001-1500
TR-043996,Louisville,Savannah,457.3,Dry Van,30257.0,0.89906,1.8725,1067.6,1089.5027882889397,21.902788288939746,21.902788288939746,2.0515912597358326,251-500
TR-043997,Green Bay,Phoenix,2187.0,Flatbed,39238.0,0.88419,2.16305,4472.27,4452.955172118098,-19.314827881902602,19.314827881902602,0.4318797362838692,1500+
TR-043998,Kansas City,Tucson,1604.2,Reefer,38291.0,0.90982,1.91682,3579.44,3668.161577259223,88.72157725922307,88.72157725922307,2.478644068882928,1500+
TR-043999,Hartford,Columbia,834.0,Dry Van,26144.0,0.89765,2.19544,1662.93,1702.6990177620182,39.769017762018166,39.769017762018166,2.3915028150323927,751-1000
TR-044000,Philadelphia,Fresno,3059.4,Dry Van,38919.0,0.93966,2.1903,5836.48,5599.74192104285,-236.7380789571498,236.7380789571498,4.056179048967012,1500+
TR-044001,Richmond,Oklahoma City,1515.1,Reefer,15504.0,0.92354,2.0875,3215.63,3300.3454210758337,84.71542107583355,84.71542107583355,2.6344890760390203,1500+
TR-044002,Mobile,San Francisco,2234.6,Dry Van,35941.0,0.92042,2.17063,4373.47,4385.810205623244,12.340205623243492,12.340205623243492,0.2821605183811365,1500+
TR-044003,Mobile,Milwaukee,642.8,Dry Van,23142.0,0.84381,2.064,1363.25,1355.1240363975403,-8.125963602459706,8.125963602459706,0.5960728848310806,501-750
TR-044004,Tucson,Greensboro,2097.2,Dry Van,33616.0,0.89411,2.24493,3980.77,4020.649223079691,39.8792230796912,39.8792230796912,1.0017967146981914,1500+
TR-044005,Milwaukee,Hartford,1023.5,Dry Van,42411.0,0.8719,2.16721,2030.02,2131.963524427769,101.9435244277688,101.9435244277688,5.021799018126364,1001-1500
TR-044006,Phoenix,Indianapolis,2009.4,Flatbed,15584.0,0.92037,2.238,3811.81,3972.563904480693,160.7539044806931,160.7539044806931,4.217259109994808,1500+
TR-044007,Columbia,Nashville,345.5,Dry Van,28024.0,0.88521,1.82788,807.11,877.7400647578618,70.63006475786176,70.63006475786176,8.75098372686025,251-500
TR-044008,Houston,Little Rock,360.6,Dry Van,34623.0,0.88699,1.61559,905.93,920.8540464426287,14.924046442628764,14.924046442628764,1.6473730246960323,251-500
TR-044009,Baton Rouge,Grand Rapids,1155.1,Reefer,30492.0,0.86622,2.00067,2506.97,2569.664238174948,62.69423817494817,62.69423817494817,2.500797304114057,1001-1500
TR-044010,Fort Wayne,Toledo,92.7,Reefer,36959.0,0.83659,1.02461,291.93,432.3752580008163,140.4452580008163,140.4452580008163,48.10922412935166,0-250
TR-044011,Jacksonville,Salt Lake City,1890.8,Flatbed,33245.0,0.89474,2.11766,3918.02,4080.6538790360655,162.63387903606554,162.63387903606554,4.150920083002781,1500+
TR-044012,Bakersfield,Philadelphia,2796.2,Reefer,32658.0,0.88083,2.23285,5501.66,5823.985373027366,322.32537302736637,322.32537302736637,5.858693067680779,1500+
TR-044013,Chattanooga,St. Louis,318.3,Reefer,40851.0,0.85426,1.4184,875.47,881.8132258057174,6.3432258057173385,6.3432258057173385,0.7245509047388646,251-500
TR-044014,Tulsa,El Paso,1052.9,Flatbed,23038.0,0.85257,1.98487,2275.74,2362.991916304477,87.25191630447716,87.25191630447716,3.834001964392996,1001-1500
TR-044015,Atlanta,Richmond,663.0,Dry Van,25537.0,0.90089,2.08144,337.89,1419.6208881315956,1081.7308881315957,1081.7308881315957,320.14291282121275,501-750
TR-044016,Fort Wayne,Cincinnati,374.0,Reefer,41120.0,0.87341,1.62537,956.77,993.5215993805364,36.75159938053639,36.75159938053639,3.8412156924377214,251-500
TR-044017,Raleigh,Austin,1592.3,Dry Van,35041.0,0.8906,2.13088,3218.43,3308.0447990412486,89.61479904124872,89.61479904124872,2.7844259170231673,1500+
TR-044018,El Paso,San Antonio,872.5,Dry Van,34145.0,0.83607,1.94727,1879.08,1926.3949788135446,47.31497881354471,47.31497881354471,2.5179863983196413,751-1000
TR-044019,Houston,Reno,1711.4,Dry Van,34030.0,0.86119,2.23808,3286.71,3459.3161467042873,172.6061467042873,172.6061467042873,5.25163907689718,1500+
TR-044020,Richmond,Nashville,786.3,Dry Van,37253.0,0.90736,2.04671,1656.21,1697.9548447236334,41.74484472363338,41.74484472363338,2.5205043275691716,751-1000
TR-044021,Columbia,Amarillo,1429.1,Flatbed,15000.0,0.87601,2.10613,2929.0,3128.9108814508504,199.9108814508504,199.9108814508504,6.8252264066524555,1001-1500
TR-044022,Boston,Oklahoma City,1961.5,Flatbed,40570.0,0.90558,2.03115,4098.02,4148.570488749028,50.55048874902786,50.55048874902786,1.233534456860334,1500+
TR-044023,Lexington,Dallas,767.0,Flatbed,20899.0,0.90168,1.93063,1687.81,1692.6598564968613,4.849856496861321,4.849856496861321,0.2873461169717753,751-1000
TR-044024,Fort Wayne,Memphis,559.7,Dry Van,34513.0,0.87541,1.91173,1235.98,1260.7984310264158,24.818431026415738,24.818431026415738,2.0079961671237188,501-750
TR-044025,Tulsa,Jacksonville,703.8,Dry Van,27341.0,0.93572,2.01002,1504.38,1557.6561502776806,53.27615027768047,53.27615027768047,3.5414024566718827,501-750
TR-044026,Atlanta,Tampa,537.4,Dry Van,29383.0,0.88559,1.94435,1204.0,1255.464172594393,51.46417259439295,51.46417259439295,4.274432939733633,501-750
TR-044027,Indianapolis,Little Rock,412.3,Flatbed,27263.0,0.9147,1.62528,1044.13,1052.462907536127,8.332907536126868,8.332907536126868,0.7980718431734427,251-500
TR-044028,Albuquerque,San Francisco,819.4,Dry Van,42394.0,0.88068,2.01618,1759.53,1766.5956000491146,7.065600049114664,7.065600049114664,0.40156178349415267,751-1000
TR-044029,Bakersfield,Oklahoma City,1212.8,Flatbed,38216.0,0.90842,1.9294,2734.73,2773.935689164858,39.205689164858086,39.205689164858086,1.4336219357983453,1001-1500
TR-044030,Tampa,Kansas City,984.1,Reefer,24158.0,0.93292,1.87282,2246.92,2170.304608604176,-76.61539139582419,76.61539139582419,3.409796138528483,751-1000
TR-044031,Buffalo,Albany,518.2,Flatbed,44146.0,0.88961,1.89865,1171.5,1202.7945121180771,31.294512118077137,31.294512118077137,2.671319856429973,501-750
TR-044032,Lubbock,Montgomery,940.5,Dry Van,27573.0,1.0558,2.0009,1942.68,1976.573486493426,33.893486493425826,33.893486493425826,1.744676760630975,751-1000
TR-044033,Montgomery,Savannah,318.6,Dry Van,41044.0,0.88863,1.62653,811.41,910.3680728133784,98.95807281337841,98.95807281337841,12.195816272091594,251-500
TR-044034,Richmond,Mobile,920.7,Dry Van,33360.0,0.9182,2.00149,1954.55,1919.9841486567873,-34.56585134321267,34.56585134321267,1.7684813048124977,751-1000
TR-044035,Memphis,Lexington,333.9,Dry Van,35563.0,0.90518,1.61339,848.67,843.6523766811802,-5.017623318819801,5.017623318819801,0.5912337326428178,251-500
TR-044036,New York,Los Angeles,3028.4,Reefer,25043.0,0.89558,2.22573,5870.7,5765.759716442075,-104.94028355792489,104.94028355792489,1.7875259093110683,1500+
TR-044037,San Antonio,Los Angeles,1255.0,Dry Van,39414.0,0.87389,2.11436,2574.17,2740.043084686172,165.87308468617175,165.87308468617175,6.443750206325602,1001-1500
TR-044038,Nashville,Amarillo,1113.4,Dry Van,35094.0,0.89301,2.05315,2346.53,2367.934309188579,21.404309188578736,21.404309188578736,0.9121685718306918,1001-1500
TR-044039,Milwaukee,Albany,1102.7,Reefer,41863.0,0.90819,1.87716,2491.67,2609.3314599787886,117.66145997878857,117.66145997878857,4.722192745379146,1001-1500
TR-044040,Cincinnati,Bakersfield,1992.9,Dry Van,33360.0,0.92835,2.23194,3773.44,3874.0527157219635,100.61271572196347,100.61271572196347,2.666339354063228,1500+
TR-044041,Fort Wayne,Tulsa,893.1,Dry Van,41272.0,0.89544,2.06314,1856.42,1914.7066135741668,58.28661357416672,58.28661357416672,3.139732042003788,751-1000
TR-044042,Fort Wayne,Philadelphia,768.7,Dry Van,25035.0,0.88272,2.19394,1532.18,1575.4890737838687,43.3090737838686,43.3090737838686,2.826630930038807,751-1000
TR-044043,Nashville,Memphis,114.4,Reefer,23803.0,0.90408,1.12354,350.78,429.18436147977104,78.40436147977107,78.40436147977107,22.351434369054985,0-250
TR-044044,Albany,Shreveport,1584.8,Reefer,36619.0,0.90621,1.928,3533.81,3581.93172098436,48.121720984359854,48.121720984359854,1.3617517915326478,1500+
TR-044045,Phoenix,Chattanooga,2047.2,Dry Van,29081.0,0.86616,2.26205,3900.6,3956.1125258927113,55.51252589271144,55.51252589271144,1.4231791491747792,1500+
TR-044046,Boston,Lexington,1030.7,Reefer,36691.0,0.87948,1.88976,2340.45,2322.225141884209,-18.224858115790994,18.224858115790994,0.7786903422756732,1001-1500
TR-044047,Chattanooga,Birmingham,172.1,Dry Van,31157.0,0.89644,1.42342,474.64,460.8227765646009,-13.817223435399114,13.817223435399114,2.9110954482131963,0-250
TR-044048,Boston,Las Vegas,2960.9,Dry Van,40689.0,0.91056,2.25091,5573.55,5484.874264880021,-88.67573511997944,88.67573511997944,1.5910099509285722,1500+
TR-044049,Fort Wayne,Lexington,360.6,Dry Van,37179.0,0.875,1.75697,864.11,860.0691129445695,-4.040887055430517,4.040887055430517,0.4676357240895854,251-500
TR-044050,Memphis,Hartford,1144.7,Dry Van,47500.0,0.91685,2.0325,2352.33,2423.826578583873,71.49657858387309,71.49657858387309,3.0393940724249187,1001-1500
TR-044051,Kansas City,Savannah,744.4,Dry Van,39094.0,0.87778,1.91644,1676.58,1612.5064030653184,-64.07359693468152,64.07359693468152,3.821684437049322,501-750
TR-044052,Mobile,Tampa,324.7,Dry Van,31035.0,0.88485,1.75958,784.02,813.4868201633985,29.466820163398552,29.466820163398552,3.758427101782933,251-500
TR-044053,Oklahoma City,Dallas,318.2,Reefer,26122.0,0.87788,1.32931,891.23,861.5020242845787,-29.72797571542128,29.72797571542128,3.3356120996175265,251-500
TR-044054,New York,Richmond,249.5,Flatbed,17372.0,0.86073,1.69996,610.58,621.6347693435719,11.05476934357182,11.05476934357182,1.8105357764047005,0-250
TR-044055,Albany,San Antonio,2107.1,Flatbed,26841.0,0.91556,2.27167,4116.8,4223.227942327733,106.42794232773304,106.42794232773304,2.58521041410156,1500+
TR-044056,Little Rock,Lexington,530.7,Reefer,29044.0,0.86385,1.67667,1320.52,1385.8066058696268,65.28660586962678,65.28660586962678,4.94400735086381,501-750
TR-044057,Montgomery,Fort Wayne,824.7,Reefer,28499.0,0.90777,1.8603,1877.91,1924.5926869784457,46.682686978445645,46.682686978445645,2.485885211668591,751-1000
TR-044058,Kansas City,El Paso,1372.5,Dry Van,35915.0,0.83284,2.0711,2863.58,2826.9910304222412,-36.58896957775869,36.58896957775869,1.2777351978208638,1001-1500
TR-044059,Philadelphia,Indianapolis,1009.0,Flatbed,32413.0,0.89301,1.9781,2169.35,2206.4419809114042,37.091980911404335,37.091980911404335,1.7098200341763354,1001-1500
TR-044060,Grand Rapids,Mobile,953.5,Dry Van,29740.0,0.8729,2.13658,1929.48,1976.0764484666709,46.596448466670836,46.596448466670836,2.4149744214332793,751-1000
TR-044061,Cincinnati,Harrisburg,591.0,Dry Van,30000.0,0.84399,2.06528,1203.53,1299.7093444271525,96.1793444271525,96.1793444271525,7.991437224427518,501-750
TR-044062,Amarillo,Green Bay,1361.8,Dry Van,16833.0,0.89044,2.26497,2541.47,2836.5559012070266,295.08590120702684,295.08590120702684,11.610835508860102,1001-1500
TR-044063,Oklahoma City,Austin,233.1,Dry Van,33013.0,0.89547,1.46034,626.22,647.5077755729851,21.287775572985083,21.287775572985083,3.399408446390259,0-250
TR-044064,Savannah,Hartford,827.8,Flatbed,25825.0,0.90311,1.95274,1779.27,1815.0044240719972,35.73442407199718,35.73442407199718,2.008375573802581,751-1000
TR-044065,Raleigh,Greensboro,360.7,Flatbed,19060.0,0.87129,1.7196,882.45,913.3725175684724,30.922517568472358,30.922517568472358,3.5041665327749287,251-500
TR-044066,El Paso,Baton Rouge,1230.0,Reefer,34583.0,0.89603,1.81231,2885.04,2925.8803854271255,40.84038542712551,40.84038542712551,1.4155916530490222,1001-1500
TR-044067,Charleston,St. Louis,779.4,Dry Van,39374.0,0.93502,1.97706,1687.5,1686.8369955460882,-0.6630044539117534,0.6630044539117534,0.03928915282440021,751-1000
TR-044068,Baton Rouge,Hartford,1561.0,Dry Van,37171.0,0.9035,2.13265,3118.32,3178.6822902457234,60.362290245723216,60.362290245723216,1.935731106676775,1500+
TR-044069,Lubbock,Los Angeles,1211.0,Dry Van,26232.0,0.90356,2.18886,2401.07,2412.993203286692,11.92320328669166,11.92320328669166,0.4965787455880778,1001-1500
TR-044070,Dayton,Atlanta,429.3,Dry Van,33752.0,0.87649,1.89723,969.91,979.8034242554063,9.89342425540633,9.89342425540633,1.020035287336591,251-500
TR-044071,El Paso,Tampa,1675.0,Flatbed,41386.0,0.91932,2.06164,3518.03,3660.965019628997,142.935019628997,142.935019628997,4.062927821223725,1500+
TR-044072,Milwaukee,Montgomery,673.3,Flatbed,42911.0,0.87088,1.68474,1636.43,1687.660432409104,51.23043240910397,51.23043240910397,3.130621683121427,501-750
TR-044073,Buffalo,Los Angeles,2631.3,Dry Van,30328.0,0.92569,2.35639,4831.89,4799.237914958092,-32.65208504190832,32.65208504190832,0.6757621767446759,1500+
TR-044074,Lexington,Bakersfield,2148.6,Dry Van,35166.0,0.89982,2.23167,4100.88,4126.486936950323,25.60693695032296,25.60693695032296,0.6244254147968963,1500+
TR-044075,Greensboro,Reno,2276.9,Dry Van,46114.0,0.88773,2.24586,4337.77,4619.243476724168,281.473476724168,281.473476724168,6.488898137157293,1500+
TR-044076,Atlanta,Hartford,995.4,Dry Van,12686.0,0.86415,2.27733,1872.82,2153.043282089361,280.2232820893612,280.2232820893612,14.96263827219707,751-1000
TR-044077,Hartford,Montgomery,1131.3,Reefer,32044.0,0.87178,1.99454,2474.26,2570.3626735185576,96.10267351855737,96.10267351855737,3.8840976097320965,1001-1500
TR-044078,Cincinnati,Kansas City,369.0,Dry Van,33165.0,0.8673,1.77336,867.2,892.7988640499907,25.598864049990652,25.598864049990652,2.9518985297498443,251-500
TR-044079,Atlanta,Columbia,217.4,Dry Van,29288.0,0.91065,1.57873,561.58,587.7207945725747,26.14079457257469,26.14079457257469,4.654865659848052,0-250
TR-044080,Nashville,Greensboro,363.9,Dry Van,35413.0,0.89356,1.68712,880.74,885.0604277159853,4.320427715985261,4.320427715985261,0.4905451910876378,251-500
TR-044081,Washington,Chattanooga,712.2,Flatbed,41235.0,0.89646,1.89215,1607.56,1731.8078402111169,124.24784021111691,124.24784021111691,7.728970626982315,501-750
TR-044082,Shreveport,Tulsa,202.9,Flatbed,15674.0,0.89651,1.35395,568.52,721.7678230314718,153.24782303147185,153.24782303147185,26.955572896551022,0-250
TR-044083,Boston,Philadelphia,236.3,Dry Van,34313.0,0.8776,1.58067,595.93,559.6421512431339,-36.28784875686608,36.28784875686608,6.089280411603055,0-250
TR-044084,Richmond,Atlanta,692.0,Reefer,22082.0,0.91263,1.8158,1612.8,1616.5582941409127,3.758294140912767,3.758294140912767,0.2330291506022301,501-750
TR-044085,Las Vegas,Bakersfield,117.1,Dry Van,22190.0,0.88472,1.5277,309.64,342.8709565892452,33.23095658924524,33.23095658924524,10.73212653056622,0-250
TR-044086,Albuquerque,Chattanooga,1465.9,Reefer,33121.0,0.89715,1.82659,3379.8,3388.0804856930226,8.280485693022456,8.280485693022456,0.2449992808160973,1001-1500
TR-044087,Corpus Christi,Baltimore,1778.3,Flatbed,24942.0,0.9017,2.11178,3604.59,3699.9435142365164,95.35351423651628,95.35351423651628,2.6453359254871227,1500+
TR-044088,Oklahoma City,Providence,1922.2,Dry Van,20373.0,0.88038,2.20517,3621.3,3707.0104512354537,85.71045123545355,85.71045123545355,2.366842052176112,1500+
TR-044089,Tucson,Dayton,1862.5,Dry Van,32805.0,0.88662,2.25128,3520.84,3661.148548859786,140.3085488597858,140.3085488597858,3.9850873331303265,1500+
TR-044090,Grand Rapids,Hartford,910.8,Flatbed,23595.0,0.94617,2.09306,1865.44,1957.1310174351397,91.69101743513966,91.69101743513966,4.915248811815961,751-1000
TR-044091,Nashville,Fresno,2087.3,Dry Van,23125.0,0.90165,2.33073,3796.72,3923.46612347702,126.74612347702032,126.74612347702032,3.3383057870219646,1500+
TR-044092,Lubbock,Syracuse,1780.3,Dry Van,40224.0,0.9004,2.24569,3400.27,3625.271699563443,225.0016995634428,225.0016995634428,6.6171715647122955,1500+
TR-044093,Cincinnati,Milwaukee,242.1,Dry Van,40375.0,0.93645,1.493,641.14,648.8512425977199,7.711242597719888,7.711242597719888,1.2027392765573648,0-250
TR-044094,Los Angeles,Memphis,1898.8,Dry Van,21996.0,0.99723,2.29307,3521.79,3714.459601749153,192.66960174915312,192.66960174915312,5.470786212384984,1500+
TR-044095,Fresno,Tucson,481.3,Dry Van,20196.0,0.97633,1.8976,1081.64,1069.4693954345896,-12.170604565410486,12.170604565410486,1.1251991943170079,251-500
TR-044096,Lexington,Las Vegas,2019.8,Dry Van,40074.0,0.99635,2.1663,4002.03,4098.781113435275,96.75111343527487,96.75111343527487,2.417550928785513,1500+
TR-044097,Buffalo,Lubbock,1691.0,Reefer,21353.0,0.95379,1.9892,3613.18,3620.4667427693776,7.2867427693777245,7.2867427693777245,0.20167118077089224,1500+
TR-044098,Birmingham,Shreveport,406.6,Reefer,45982.0,0.95059,1.36684,1129.78,1231.720647243531,101.94064724353098,101.94064724353098,9.023052916809554,251-500
TR-044099,Atlanta,Lexington,195.7,Dry Van,43107.0,1.00052,1.39314,543.25,592.7208757827289,49.470875782728854,49.470875782728854,9.106465859683176,0-250
TR-044100,San Antonio,Amarillo,512.9,Dry Van,33117.0,0.97686,1.82584,1191.94,1187.8566187521624,-4.0833812478376785,4.0833812478376785,0.3425827850258972,501-750
TR-044101,Lexington,Richmond,528.9,Flatbed,30984.0,0.93789,1.8658,1221.71,1323.13898168398,101.42898168398006,101.42898168398006,8.302214247569395,501-750
TR-044102,Nashville,Shreveport,379.6,Dry Van,39776.0,0.94419,1.64167,941.96,965.9360155095483,23.976015509548233,23.976015509548233,2.545332658451339,251-500
TR-044103,Little Rock,Baton Rouge,310.3,Dry Van,43991.0,0.97985,1.46012,810.34,885.6373741170555,75.29737411705548,75.29737411705548,9.292071737425708,251-500
TR-044104,Los Angeles,Providence,3185.8,Dry Van,20056.0,0.94464,2.27632,5766.93,5555.579936984475,-211.35006301552494,211.35006301552494,3.6648626394897272,1500+
TR-044105,Hartford,Oklahoma City,1913.4,Reefer,37816.0,0.97237,1.97049,4281.85,4223.164150126728,-58.68584987327267,58.68584987327267,1.3705722963969469,1500+
TR-044106,Syracuse,Buffalo,164.7,Dry Van,47500.0,1.01122,1.58956,417.09,436.48326468509026,19.393264685090287,19.393264685090287,4.649659470399743,0-250
TR-044107,Baton Rouge,Chattanooga,556.5,Dry Van,30685.0,0.96165,1.94243,1254.51,1272.7855576690058,18.27555766900582,18.27555766900582,1.4567885205383633,501-750
TR-044108,Greensboro,Columbia,135.8,Dry Van,20042.0,0.93432,1.58092,347.21,367.8852355021395,20.675235502139515,20.675235502139515,5.95467742926169,0-250
TR-044109,Nashville,Amarillo,1093.9,Reefer,33569.0,0.97429,1.75987,2628.55,2647.6070850343294,19.057085034329248,19.057085034329248,0.7250037105753836,1001-1500
TR-044110,Montgomery,Los Angeles,2202.0,Dry Van,17532.0,0.94905,2.38043,4005.12,4261.537076516446,256.4170765164463,256.4170765164463,6.402232055879631,1500+
TR-044111,Salt Lake City,Savannah,2021.5,Reefer,39978.0,0.96338,1.90881,4566.62,4446.8457225356615,-119.77427746433841,119.77427746433841,2.622821199581713,1500+
TR-044112,Hartford,Baltimore,137.8,Dry Van,45285.0,0.95871,1.38066,378.59,375.0817557399919,-3.508244260008098,3.508244260008098,0.9266605721250161,0-250
TR-044113,Tulsa,Toledo,970.7,Reefer,29430.0,0.93368,1.91897,2202.48,2204.425866446141,1.9458664461408262,1.9458664461408262,0.08834888153993799,751-1000
TR-044114,Memphis,Chattanooga,180.7,Dry Van,17477.0,0.95984,1.53774,467.61,462.46167329419654,-5.14832670580347,5.14832670580347,1.100987298347655,0-250
TR-044115,Bakersfield,Reno,525.1,Reefer,28251.0,0.98452,1.72123,1276.25,1345.8070904729836,69.55709047298365,69.55709047298365,5.450114826482558,501-750
TR-044116,Louisville,Richmond,721.4,Dry Van,23515.0,1.00522,2.12134,1459.87,1512.1981941893605,52.3281941893606,52.3281941893606,3.5844420523307283,501-750
TR-044117,Phoenix,Toledo,2267.3,Flatbed,31282.0,0.9707,2.08116,4654.5,4603.108988297561,-51.391011702438846,51.391011702438846,1.1041145494132312,1500+
TR-044118,Greensboro,Hartford,755.2,Dry Van,21865.0,0.96308,2.23007,1495.33,1566.9738824280184,71.64388242801851,71.64388242801851,4.7911753544714895,751-1000
TR-044119,Amarillo,Milwaukee,1149.8,Flatbed,32613.0,0.94915,1.923,2550.13,2580.1971307943977,30.0671307943976,30.0671307943976,1.1790430603301636,1001-1500
TR-044120,Los Angeles,Albany,3162.1,Dry Van,7120.0,0.96154,2.50508,5368.81,5426.520958255825,57.71095825582415,57.71095825582415,1.0749301661974282,1500+
TR-044121,Milwaukee,Toledo,309.7,Flatbed,22243.0,0.9729,1.66324,764.04,731.9968153726559,-32.04318462734409,32.04318462734409,4.193914536849391,251-500
TR-044122,Lexington,Phoenix,2221.3,Reefer,26321.0,0.97034,2.05804,4560.49,4579.677051649778,19.18705164977837,19.18705164977837,0.4207234672102859,1500+
TR-044123,Lexington,Oklahoma City,1003.3,Reefer,31366.0,1.01742,1.67071,2492.07,2395.2133133557104,-96.85668664428977,96.85668664428977,3.8865957474826054,1001-1500
TR-044124,Phoenix,Mobile,1927.0,Dry Van,47500.0,0.94599,2.13127,3882.76,3955.30800399151,72.54800399150963,72.54800399150963,1.8684648031686129,1500+
TR-044125,Philadelphia,Charleston,609.2,Dry Van,35292.0,0.9732,2.02692,1329.78,1340.612899321423,10.832899321422929,10.832899321422929,0.81463846060423,501-750
TR-044126,Los Angeles,Little Rock,1780.3,Reefer,28588.0,0.97159,1.9441,3987.15,3887.153394946902,-99.99660505309794,99.99660505309794,2.507971986333545,1500+
TR-044127,Oklahoma City,Dayton,1031.1,Dry Van,39896.0,0.9612,2.00842,2199.94,2245.118197309469,45.17819730946894,45.17819730946894,2.0536104307148806,1001-1500
TR-044128,Richmond,Los Angeles,2803.0,Flatbed,22389.0,0.95973,2.29769,5209.11,5319.363903288338,110.25390328833873,110.25390328833873,2.116559321810035,1500+
TR-044129,Toledo,Amarillo,1429.7,Reefer,14300.0,0.97567,2.02246,3013.41,3216.365188308445,202.95518830844503,202.95518830844503,6.735067193260959,1001-1500
TR-044130,Fresno,Louisville,2148.6,Dry Van,23129.0,0.95433,2.31853,3930.32,4023.068986553995,92.74898655399465,92.74898655399465,2.359832953906925,1500+
TR-044131,Grand Rapids,Kansas City,466.3,Dry Van,47500.0,0.94308,1.82391,1076.93,1081.3596315424365,4.429631542436482,4.429631542436482,0.41132028473869997,251-500
TR-044132,San Antonio,Greensboro,1206.8,Dry Van,31950.0,0.96124,2.11401,2481.63,2447.9916137292125,-33.63838627078758,33.63838627078758,1.3554956327408831,1001-1500
TR-044133,Lubbock,Los Angeles,1197.8,Dry Van,40959.0,0.96351,2.04666,2596.05,2548.0301868168026,-48.019813183197584,48.019813183197584,1.8497260523948913,1001-1500
TR-044134,Montgomery,Lexington,483.1,Reefer,26231.0,0.97451,1.65474,1188.47,1238.2194147828561,49.74941478285609,49.74941478285609,4.186005097550304,251-500
TR-044135,Indianapolis,Fort Wayne,334.0,Reefer,28294.0,0.94892,1.54004,872.03,872.7714762716664,0.7414762716664427,0.7414762716664427,0.08502875722927454,251-500
TR-044136,Oklahoma City,Milwaukee,909.8,Flatbed,39179.0,0.9547,1.78193,2120.59,2096.0576260715097,-24.532373928490415,24.532373928490415,1.1568654916080154,751-1000
TR-044137,Tampa,Tucson,1838.4,Dry Van,29167.0,0.97067,2.23651,3521.73,3697.3770886465654,175.6470886465654,175.6470886465654,4.9875228551469135,1500+
TR-044138,Fort Wayne,Corpus Christi,1221.6,Dry Van,23259.0,0.93286,2.17385,2442.27,2490.6153006275376,48.345300627537654,48.345300627537654,1.9795231742410813,1001-1500
TR-044139,Charleston,Albuquerque,1990.5,Dry Van,24572.0,0.9767,2.25314,3713.4,3783.0250441820326,69.62504418203252,69.62504418203252,1.8749675279267657,1500+
TR-044140,Hartford,Baltimore,143.8,Dry Van,33665.0,0.95988,1.46686,383.5,388.7908579302084,5.290857930208404,5.290857930208404,1.3796239713711613,0-250
TR-044141,San Antonio,Buffalo,1601.8,Dry Van,30074.0,0.9762,2.15299,3098.51,3162.672086939381,64.16208693938097,64.16208693938097,2.070740031156297,1500+
TR-044142,Cincinnati,Baltimore,925.0,Flatbed,27711.0,0.92025,1.94017,1996.97,2015.9627553714884,18.99275537148833,18.99275537148833,0.9510786527333073,751-1000
TR-044143,Milwaukee,Tucson,1764.6,Dry Van,36922.0,1.0558,2.20442,3494.0,3575.0328010493604,81.03280104936039,81.03280104936039,2.319198656249582,1500+
TR-044144,Harrisburg,Hartford,395.6,Flatbed,32187.0,1.01442,1.69705,950.43,989.0441039995869,38.61410399958697,38.61410399958697,4.062803573076079,251-500
TR-044145,Boston,Montgomery,1290.6,Dry Van,31375.0,0.91546,2.23513,2486.75,2535.1679658807143,48.41796588071429,48.41796588071429,1.9470379362909136,1001-1500
TR-044146,Salt Lake City,Philadelphia,2526.2,Flatbed,18183.0,0.98456,2.2413,4845.95,4862.336750102491,16.386750102491533,16.386750102491533,0.338153511746748,1500+
TR-044147,Jacksonville,Reno,2336.4,Reefer,44191.0,0.98307,1.96964,5058.57,4953.7199016857885,-104.85009831421121,104.85009831421121,2.0727220996093996,1500+
TR-044148,Phoenix,Hartford,2943.1,Dry Van,33774.0,0.99032,2.3303,5346.93,5470.704584991727,123.77458499172644,123.77458499172644,2.314871991810748,1500+
TR-044149,San Antonio,Buffalo,1562.1,Reefer,38651.0,0.95947,1.84723,3549.06,3632.8633905938727,83.80339059387279,83.80339059387279,2.361284131400224,1500+
TR-044150,Lubbock,Las Vegas,1072.7,Dry Van,35779.0,0.94535,1.99955,2303.95,2366.7196386910855,62.769638691085675,62.769638691085675,2.724435803341465,1001-1500
TR-044151,Providence,Montgomery,1231.0,Reefer,39980.0,0.91959,1.73353,2964.61,2872.924922206045,-91.68507779395532,91.68507779395532,3.092652247477925,1001-1500
TR-044152,Salt Lake City,Green Bay,1778.0,Dry Van,26934.0,0.94797,2.27691,3303.47,3328.06714903219,24.597149032190373,24.597149032190373,0.7445852098608546,1500+
TR-044153,Cincinnati,Fort Wayne,380.5,Dry Van,47500.0,0.95424,1.78593,910.55,909.9393348063898,-0.6106651936102026,0.6106651936102026,0.06706553111967521,251-500
TR-044154,Oklahoma City,Kansas City,796.6,Dry Van,31662.0,0.96619,2.0198,1743.43,1691.3019822962015,-52.128017703798605,52.128017703798605,2.989969066942671,751-1000
TR-044155,Greensboro,Milwaukee,485.3,Dry Van,36889.0,0.94888,1.86892,1101.55,1137.5440864080392,35.994086408039266,35.994086408039266,3.2675853486486557,251-500
TR-044156,Tulsa,Milwaukee,650.3,Dry Van,38716.0,0.97662,1.78652,1525.43,1444.0930134421878,-81.33698655781222,81.33698655781222,5.332069420282296,501-750
TR-044157,Indianapolis,Buffalo,711.8,Flatbed,19177.0,0.95731,1.93584,1554.33,1585.9083896188276,31.578389618827714,31.578389618827714,2.0316399747047096,501-750
TR-044158,Oklahoma City,Phoenix,1189.0,Dry Van,33044.0,0.96242,2.14143,2448.67,2520.892211600651,72.22221160065101,72.22221160065101,2.9494464995549015,1001-1500
TR-044159,Tucson,Fort Wayne,2010.4,Dry Van,21588.0,0.92984,2.39837,3635.27,3737.6968007086903,102.42680070869028,102.42680070869028,2.817584407999689,1500+
TR-044160,Jacksonville,Amarillo,1363.3,Flatbed,43138.0,0.99715,1.81474,3181.62,3148.473428789179,-33.146571210821094,33.146571210821094,1.041814271057546,1001-1500
TR-044161,Milwaukee,Baton Rouge,806.2,Dry Van,36381.0,0.94238,2.00131,1778.31,1743.7176554092825,-34.5923445907174,34.5923445907174,1.9452370278926285,751-1000
TR-044162,Baton Rouge,Detroit,1189.2,Flatbed,31603.0,0.95007,2.02274,8425.34,2641.034194314917,-5784.305805685083,5784.305805685083,68.65367813862804,1001-1500
TR-044163,Little Rock,Tucson,1461.7,Dry Van,44692.0,0.94466,2.13446,2928.06,3114.0496610828413,185.9896610828414,185.9896610828414,6.351975747861773,1001-1500
TR-044164,Fresno,Baltimore,3071.7,Dry Van,35093.0,0.91287,2.27607,5768.57,5727.614171819801,-40.955828180198296,40.955828180198296,0.7099823384339325,1500+
TR-044165,Lubbock,Richmond,1674.0,Dry Van,27638.0,0.9505,2.185,3282.71,3299.588090599506,16.878090599505867,16.878090599505867,0.5141511312149373,1500+
TR-044166,Hartford,San Antonio,1858.7,Dry Van,34414.0,0.95674,2.19553,3603.1,3763.4680117567536,160.36801175675373,160.36801175675373,4.450834330347582,1500+
TR-044167,El Paso,Cincinnati,1576.8,Dry Van,25792.0,0.94443,2.25143,3028.7,3134.918196039396,106.21819603939639,106.21819603939639,3.507055701766315,1500+
TR-044168,Albany,Corpus Christi,2002.6,Reefer,27852.0,0.97102,2.02371,4204.74,4215.419533217682,10.679533217682547,10.679533217682547,0.25398795686968867,1500+
TR-044169,Amarillo,Washington,1864.5,Reefer,40643.0,1.0022,1.82343,4287.51,4192.161876191898,-95.34812380810217,95.34812380810217,2.2238577591213122,1500+
TR-044170,Austin,El Paso,829.8,Reefer,36533.0,0.97298,1.61304,2085.87,2050.780018244968,-35.08998175503211,35.08998175503211,1.682270791326023,751-1000
TR-044171,New York,Madison,969.1,Dry Van,38068.0,0.95998,2.06606,2005.58,2043.7525146868834,38.17251468688346,38.17251468688346,1.903315484143413,751-1000
TR-044172,Philadelphia,Nashville,1032.3,Flatbed,21547.0,0.97294,2.05781,2142.38,2259.748823815013,117.368823815013,117.368823815013,5.4784316421462576,1001-1500
TR-044173,Washington,Providence,507.7,Reefer,35255.0,0.97521,1.59303,1277.52,1286.3355081668833,8.815508166883319,8.815508166883319,0.6900485445929081,501-750
TR-044174,Harrisburg,Kansas City,841.7,Dry Van,39992.0,0.95187,2.12083,1734.56,1754.778063028459,20.218063028459028,20.218063028459028,1.1656018257344243,751-1000
TR-044175,Fresno,Toledo,2362.6,Reefer,31371.0,0.92001,2.07809,4817.58,4874.765075909845,57.18507590984518,57.18507590984518,1.1870083301127368,1500+
TR-044176,Raleigh,Milwaukee,796.6,Flatbed,29959.0,0.96635,2.00347,463.05,1802.264388364832,1339.214388364832,1339.214388364832,289.215935290969,751-1000
TR-044177,Houston,Greensboro,925.2,Reefer,40697.0,0.97995,1.64199,2293.83,2215.724123031337,-78.10587696866287,78.10587696866287,3.405042089808873,751-1000
TR-044178,Albany,San Antonio,2101.9,Flatbed,35181.0,0.98342,2.0622,4489.14,4352.7195271072305,-136.4204728927698,136.4204728927698,3.038899942812427,1500+
TR-044179,Chattanooga,Mobile,285.5,Dry Van,20081.0,0.98664,1.674,713.84,705.4548408193384,-8.385159180661617,8.385159180661617,1.1746552701812194,251-500
TR-044180,Houston,Chattanooga,647.2,Reefer,41247.0,0.98301,1.60181,1671.84,1663.6151486245972,-8.22485137540275,8.22485137540275,0.4919640261868809,501-750
TR-044181,Boston,Green Bay,1160.7,Dry Van,33233.0,0.96422,2.26861,2193.1,2361.5532555101086,168.45325551010865,168.45325551010865,7.681056746619336,1001-1500
TR-044182,San Antonio,Lexington,1072.1,Reefer,31152.0,0.96578,1.78993,2518.87,2526.487652413033,7.617652413033284,7.617652413033284,0.3024234046629355,1001-1500
TR-044183,Columbia,Dayton,467.6,Reefer,28485.0,0.94264,1.73634,1147.73,1188.1678791498935,40.43787914989343,40.43787914989343,3.5232919893958887,251-500
TR-044184,Hartford,Chattanooga,1030.0,Flatbed,32798.0,0.93335,2.04287,2193.67,2259.529767102641,65.85976710264094,65.85976710264094,3.002264110036648,1001-1500
TR-044185,Baton Rouge,Tulsa,312.4,Dry Van,27278.0,1.0101,1.66128,777.68,801.275915090147,23.59591509014706,23.59591509014706,3.0341419465779063,251-500
TR-044186,Richmond,Corpus Christi,1510.6,Dry Van,22790.0,0.96103,2.23164,2903.55,2981.278754823018,77.72875482301788,77.72875482301788,2.6770248427965035,1500+
TR-044187,Kansas City,Toledo,468.8,Dry Van,27461.0,0.96034,1.9553,1013.2,1017.9551181977236,4.755118197723505,4.755118197723505,0.4693168375171244,251-500
TR-044188,Richmond,Louisville,696.1,Flatbed,27195.0,0.97735,1.85461,1561.6,1622.8119212470583,61.2119212470584,61.2119212470584,3.919820776579047,501-750
TR-044189,Columbia,Phoenix,2278.1,Reefer,27246.0,0.97195,2.12562,4752.22,4782.361512401038,30.1415124010382,30.1415124010382,0.6342617219118264,1500+
TR-044190,Madison,Nashville,530.4,Flatbed,25579.0,0.96241,1.78988,1234.37,1290.3162502283112,55.94625022831133,55.94625022831133,4.532372807854317,501-750
TR-044191,New York,Fort Wayne,742.6,Dry Van,22957.0,0.98505,2.235,1460.12,1480.3431287187955,20.22312871879558,20.22312871879558,1.3850319644135811,501-750
TR-044192,Lubbock,Indianapolis,986.1,Dry Van,29874.0,0.97089,2.04475,2074.22,2102.228342556268,28.008342556268417,28.008342556268417,1.3503072266330678,751-1000
TR-044193,Baltimore,Lubbock,1910.9,Dry Van,44922.0,0.91871,2.14159,3829.1,3873.613470156026,44.51347015602596,44.51347015602596,1.1625047702077764,1500+
TR-044194,Mobile,Atlanta,296.0,Dry Van,31398.0,0.96923,1.54736,760.31,739.2280789415543,-21.081921058445687,21.081921058445687,2.7728059684136324,251-500
TR-044195,Little Rock,Greensboro,644.8,Dry Van,37274.0,0.92623,1.94694,1451.78,1415.8788138953446,-35.90118610465538,35.90118610465538,2.4729081613367994,501-750
TR-044196,Boston,Richmond,490.9,Dry Van,29942.0,0.92913,1.91622,1086.79,1073.2503219068137,-13.53967809318624,13.53967809318624,1.2458412474522438,251-500
TR-044197,Providence,Baton Rouge,1621.3,Reefer,24668.0,0.98732,1.93097,3527.99,3557.58803681054,29.59803681054018,29.59803681054018,0.8389489995873056,1500+
TR-044198,Philadelphia,Raleigh,439.4,Flatbed,47500.0,0.94089,1.63776,1109.09,1140.2060637919255,31.116063791925626,31.116063791925626,2.805549034967913,251-500
TR-044199,Houston,Tulsa,217.4,Dry Van,30419.0,0.95935,1.38059,600.81,645.2952198095077,44.485219809507726,44.485219809507726,7.404207621295872,0-250
TR-044200,Amarillo,Chattanooga,1128.4,Dry Van,36125.0,0.98049,2.07579,2342.36,2457.8438416034705,115.48384160347041,115.48384160347041,4.9302345328416814,1001-1500
TR-044201,Columbia,Fresno,2452.9,Reefer,39314.0,0.97078,1.98818,5264.82,5164.032383115609,-100.78761688439045,100.78761688439045,1.914360165863039,1500+
TR-044202,Charleston,Jacksonville,388.5,Dry Van,37104.0,0.97453,1.72564,934.61,985.4158799376733,50.80587993767324,50.80587993767324,5.4360513944504385,251-500
TR-044203,Syracuse,Lubbock,1812.5,Dry Van,42122.0,0.97102,2.14315,3669.51,3716.376209306013,46.866209306012934,46.866209306012934,1.2771789504869295,1500+
TR-044204,Detroit,Columbia,730.7,Dry Van,36449.0,0.95464,2.0458,1561.47,1568.2114154166356,6.741415416635618,6.741415416635618,0.4317351864996201,501-750
TR-044205,St. Louis,Kansas City,107.4,Reefer,35200.0,0.99448,0.96361,343.65,447.1702620278827,103.52026202788272,103.52026202788272,30.1237485895192,0-250
TR-044206,Baton Rouge,Oklahoma City,422.7,Dry Van,37229.0,0.9518,1.64063,1050.79,1148.0248095833817,97.23480958338178,97.23480958338178,9.253495901500946,251-500
TR-044207,Chattanooga,Buffalo,764.8,Reefer,39696.0,0.96352,1.69526,1843.82,1818.5551400164989,-25.264859983501083,25.264859983501083,1.3702454677517917,751-1000
TR-044208,St. Louis,Memphis,254.9,Dry Van,32769.0,0.95154,1.62286,646.5,656.6167858498316,10.116785849831558,10.116785849831558,1.5648547331526,251-500
TR-044209,Philadelphia,Reno,2819.1,Flatbed,42631.0,0.97873,2.12478,5552.48,5660.413165286421,107.93316528642117,107.93316528642117,1.9438731033055712,1500+
TR-044210,Fort Wayne,Jacksonville,772.2,Reefer,33559.0,0.95475,1.86541,1769.05,1856.7321443891715,87.68214438917153,87.68214438917153,4.956453711832426,751-1000
TR-044211,Montgomery,Austin,946.5,Reefer,21771.0,1.00806,1.86752,2209.39,2260.5970984481614,51.20709844816156,51.20709844816156,2.317703006176436,751-1000
TR-044212,Columbia,Harrisburg,545.6,Flatbed,19866.0,0.9906,1.93141,1246.09,1278.9719279548983,32.8819279548984,32.8819279548984,2.6388084291582796,501-750
TR-044213,New Orleans,San Antonio,488.3,Dry Van,31346.0,0.94682,1.79726,1148.19,1246.6339129994399,98.44391299943982,98.44391299943982,8.573834731136817,251-500
TR-044214,Jacksonville,Boston,1199.2,Flatbed,23703.0,1.00246,2.13185,2411.14,2536.982350019481,125.84235001948127,125.84235001948127,5.219205438899495,1001-1500
TR-044215,Nashville,Tucson,1770.0,Dry Van,27030.0,0.96364,2.20342,725.75,3396.080333626439,2670.330333626439,2670.330333626439,367.9407969171807,1500+
TR-044216,Philadelphia,Lexington,780.2,Dry Van,22852.0,0.95885,2.1097,1548.72,1616.8172684597284,68.09726845972841,68.09726845972841,4.397003232329176,751-1000
TR-044217,Albany,Kansas City,1263.9,Dry Van,32320.0,0.96845,2.18165,2462.56,2510.7413071145047,48.18130711450476,48.18130711450476,1.9565536317695715,1001-1500
TR-044218,Harrisburg,Lexington,502.8,Flatbed,29532.0,0.91685,1.90466,1145.57,1200.0257513711772,54.45575137117726,54.45575137117726,4.7535944002703685,501-750
TR-044219,Albuquerque,Tucson,444.6,Dry Van,41018.0,0.93596,1.73758,1054.4,1087.3603058774704,32.96030587747032,32.96030587747032,3.1259774163002954,251-500
TR-044220,Phoenix,Baton Rouge,1659.3,Dry Van,22143.0,0.96653,2.23358,3137.27,3235.196178182629,97.92617818262897,97.92617818262897,3.121381907920867,1500+
TR-044221,Tulsa,Syracuse,1383.6,Flatbed,29174.0,0.95246,2.00656,2978.41,2997.305788305442,18.895788305442238,18.895788305442238,0.6344253580078713,1001-1500
TR-044222,Lubbock,Charleston,1414.1,Reefer,28508.0,0.97351,2.02086,3087.54,3249.2410000526197,161.70100005261975,161.70100005261975,5.2372115034175994,1001-1500
TR-044223,Atlanta,Bakersfield,2036.2,Flatbed,32973.0,0.93991,2.07462,4294.78,4307.676459727365,12.896459727365254,12.896459727365254,0.30028219669843986,1500+
TR-044224,Chattanooga,Phoenix,2032.0,Dry Van,29840.0,0.94981,2.29738,3853.42,3969.6843690854166,116.26436908541655,116.26436908541655,3.0171735519464926,1500+
TR-044225,Grand Rapids,Syracuse,564.5,Dry Van,47500.0,0.92428,2.04125,1195.74,1240.7879451272304,45.04794512723038,45.04794512723038,3.7673695893112527,501-750
TR-044226,El Paso,Tulsa,1046.8,Dry Van,22263.0,0.95849,2.14942,2100.06,2173.5212245220227,73.4612245220228,73.4612245220228,3.498053604279059,1001-1500
TR-044227,Corpus Christi,Greensboro,1063.1,Reefer,23199.0,0.95966,1.90853,2338.11,2412.424632626459,74.31463262645866,74.31463262645866,3.178406175349263,1001-1500
TR-044228,Milwaukee,Atlanta,412.4,Flatbed,9902.0,0.95202,1.80948,981.78,1021.2978933490999,39.51789334909995,39.51789334909995,4.025127151612373,251-500
TR-044229,Greensboro,Raleigh,377.7,Reefer,28203.0,0.94734,1.61354,979.31,1000.7481414409642,21.438141440964273,21.438141440964273,2.189106763023381,251-500
TR-044230,Nashville,Buffalo,804.4,Dry Van,30943.0,0.95505,2.11665,1628.75,1644.5490181585756,15.799018158575564,15.799018158575564,0.9700087894750922,751-1000
TR-044231,Atlanta,Providence,1109.9,Reefer,36297.0,0.92936,1.92113,2527.69,2650.1775882687352,122.48758826873518,122.48758826873518,4.845831105425711,1001-1500
TR-044232,Detroit,Austin,1542.6,Dry Van,21688.0,0.99676,2.15503,2997.84,3026.776835953513,28.936835953512855,28.936835953512855,0.965256182902118,1500+
TR-044233,Boston,Tampa,1456.7,Reefer,15295.0,0.96434,2.15292,2996.55,3222.0187200069313,225.4687200069311,225.4687200069311,7.5242769186875265,1001-1500
TR-044234,Madison,Mobile,810.3,Flatbed,18821.0,0.94884,1.97175,1751.13,1763.347685330126,12.21768533012596,12.21768533012596,0.6977029306862402,751-1000
TR-044235,Nashville,Richmond,806.6,Dry Van,42352.0,0.94767,2.03801,1697.88,1710.3605179609053,12.480517960905217,12.480517960905217,0.7350647843725833,751-1000
TR-044236,San Antonio,Nashville,850.4,Reefer,35314.0,1.01033,1.64676,2134.87,2115.488001677982,-19.381998322017807,19.381998322017807,0.9078772160374078,751-1000
TR-044237,Detroit,Lubbock,1466.4,Dry Van,28965.0,0.95105,2.24307,2838.8,3026.9746202648257,188.17462026482553,188.17462026482553,6.628667756264109,1001-1500
TR-044238,El Paso,Fresno,655.9,Dry Van,35664.0,1.00749,1.94263,1458.81,1460.8790057312904,2.0690057312904173,2.0690057312904173,0.14182832111724059,501-750
TR-044239,Houston,Oklahoma City,294.4,Dry Van,39066.0,0.98428,1.42357,798.7,790.5804888193968,-8.11951118060324,8.11951118060324,1.0165908577191987,251-500
TR-044240,Buffalo,Baton Rouge,1320.6,Reefer,24450.0,0.96376,1.89892,2936.32,2872.926297587517,-63.39370241248298,63.39370241248298,2.158950741488767,1001-1500
TR-044241,Bakersfield,Phoenix,387.5,Dry Van,28636.0,0.96375,1.7989,896.02,946.0757604942451,50.05576049424508,50.05576049424508,5.586455714631937,251-500
TR-044242,Milwaukee,Baton Rouge,801.2,Flatbed,23526.0,0.93864,1.89129,1807.79,1774.2966178862712,-33.493382113728785,33.493382113728785,1.852725267521603,751-1000
TR-044243,New York,Atlanta,911.5,Dry Van,39500.0,0.99947,2.04494,1912.19,1929.9131443385756,17.723144338575594,17.723144338575594,0.926850592178371,751-1000
TR-044244,Greensboro,Bakersfield,2259.0,Reefer,33931.0,0.99106,1.96782,4914.48,4828.066589422466,-86.4134105775338,86.4134105775338,1.7583429086604037,1500+
TR-044245,Lubbock,Baton Rouge,530.4,Flatbed,25360.0,0.91972,1.56859,1341.93,1350.6561602624286,8.726160262428493,8.726160262428493,0.650269407676145,501-750
TR-044246,Greensboro,Fresno,2427.0,Dry Van,30896.0,0.98,2.25999,4578.11,4651.757877329863,73.64787732986315,73.64787732986315,1.6086961066873264,1500+
TR-044247,Philadelphia,Grand Rapids,894.7,Flatbed,29949.0,0.98703,1.98752,1934.91,1973.0538450969143,38.14384509691422,38.14384509691422,1.9713498352333814,751-1000
TR-044248,New York,Amarillo,2058.0,Flatbed,29654.0,0.99854,2.11305,4255.76,4257.160923485887,1.4009234858867785,1.4009234858867785,0.03291829158333126,1500+
TR-044249,Hartford,Reno,2896.8,Dry Van,26130.0,1.02249,2.35456,5055.75,5249.053991773755,193.30399177375511,193.30399177375511,3.82344838597152,1500+
TR-044250,Lexington,El Paso,1706.7,Dry Van,22893.0,0.95392,2.2535,3200.14,3387.0179060468645,186.8779060468646,186.8779060468646,5.839679078004856,1500+
TR-044251,San Antonio,Phoenix,1231.4,Reefer,32767.0,1.04577,1.91443,2812.67,2904.5727223792683,91.9027223792682,91.9027223792682,3.2674548517696063,1001-1500
TR-044252,Austin,Amarillo,469.9,Dry Van,32048.0,0.9498,1.75796,1139.45,1110.1439057192497,-29.306094280750358,29.306094280750358,2.5719508781210547,251-500
TR-044253,Fresno,Syracuse,2754.5,Dry Van,26100.0,1.01679,2.32491,4886.24,4907.4652200529945,21.2252200529947,21.2252200529947,0.4343875874495461,1500+
TR-044254,Syracuse,Providence,651.9,Dry Van,29992.0,0.99021,2.09873,1369.5,1374.7660231963064,5.266023196306378,5.266023196306378,0.3845215915521269,501-750
TR-044255,Baton Rouge,Richmond,1197.9,Dry Van,30222.0,0.9305,2.13376,2443.14,2429.948773910427,-13.191226089572865,13.191226089572865,0.5399291931519629,1001-1500
TR-044256,Little Rock,Phoenix,1761.5,Dry Van,28346.0,0.91846,2.26398,3332.67,3412.19221620214,79.52221620214004,79.52221620214004,2.386141328188511,1500+
TR-044257,Reno,San Antonio,1578.1,Reefer,25689.0,0.97493,1.97933,3461.27,3452.134317393721,-9.135682606278806,9.135682606278806,0.26394018976499395,1500+
TR-044258,Oklahoma City,Richmond,1504.1,Dry Van,39483.0,1.03257,2.15052,3016.26,3157.01626812411,140.75626812410974,140.75626812410974,4.666582725763353,1500+
TR-044259,Salt Lake City,Houston,1300.1,Dry Van,31632.0,1.0558,2.04707,2714.39,2698.479012273284,-15.91098772671603,15.91098772671603,0.5861717633323152,1001-1500
TR-044260,Harrisburg,Bakersfield,2558.4,Reefer,29241.0,1.02748,2.10309,5189.95,5224.186095805371,34.236095805371406,34.236095805371406,0.6596613802709353,1500+
TR-044261,Albany,Bakersfield,3008.3,Reefer,28408.0,1.01554,2.13817,6037.04,5950.660418933121,-86.37958106687893,86.37958106687893,1.4308267141989937,1500+
TR-044262,Amarillo,Toledo,1484.5,Reefer,17604.0,1.03047,2.05245,3142.74,3201.705593871835,58.96559387183515,58.96559387183515,1.8762479197081259,1001-1500
TR-044263,New Orleans,Mobile,297.7,Reefer,22363.0,1.02589,1.2814,855.24,895.3602523571858,40.12025235718579,40.12025235718579,4.691110373367217,251-500
TR-044264,Atlanta,Little Rock,406.1,Dry Van,29834.0,1.05572,1.84181,950.68,1002.3634173056435,51.6834173056435,51.6834173056435,5.4364683495648904,251-500
TR-044265,San Antonio,Tulsa,429.3,Dry Van,41204.0,1.00504,1.64037,1071.43,1057.8730739553985,-13.556926044601596,13.556926044601596,1.2653114104142684,251-500
TR-044266,Nashville,Green Bay,741.1,Dry Van,32377.0,1.02535,2.00182,1578.75,1635.1549320309803,56.40493203098026,56.40493203098026,3.572758956831687,501-750
TR-044267,Buffalo,Indianapolis,686.6,Dry Van,39235.0,1.06244,2.06068,1441.53,1541.2473763162225,99.7173763162225,99.7173763162225,6.9174679899983005,501-750
TR-044268,Albany,Albuquerque,2492.6,Dry Van,25513.0,1.0559,2.38846,14425.42,4779.174832765579,-9646.245167234421,9646.245167234421,66.86976994246561,1500+
TR-044269,Harrisburg,Milwaukee,651.6,Dry Van,37526.0,1.05609,1.94142,1423.7,1425.39065906,1.6906590599999163,1.6906590599999163,0.1187510753669956,501-750
TR-044270,El Paso,Baton Rouge,1263.1,Reefer,38385.0,1.06085,1.72319,3015.04,2992.9607336144895,-22.079266385510437,22.079266385510437,0.7323042608227565,1001-1500
TR-044271,Columbia,Kansas City,652.1,Reefer,21645.0,1.02988,1.78127,313.15,1539.7074381783598,1226.55743817836,1226.55743817836,391.6836781664889,501-750
TR-044272,Oklahoma City,Charleston,1293.6,Reefer,43436.0,1.10496,1.70274,3157.99,3142.323855620117,-15.666144379883008,15.666144379883008,0.4960796069614853,1001-1500
TR-044273,Tucson,Syracuse,2470.5,Dry Van,20766.0,1.04178,2.45188,4227.08,4464.754000596018,237.67400059601823,237.67400059601823,5.622652057591014,1500+
TR-044274,Los Angeles,Phoenix,74.7,Dry Van,26826.0,1.03948,1.16799,222.72,341.09026244455913,118.37026244455913,118.37026244455913,53.14756754874242,0-250
TR-044275,St. Louis,Tulsa,531.5,Dry Van,27153.0,1.03493,1.89796,1222.99,1158.8047683838918,-64.18523161610824,64.18523161610824,5.248222112699878,501-750
TR-044276,Atlanta,Boston,1119.0,Dry Van,25799.0,0.98217,2.20263,2211.67,2311.5158016089185,99.84580160891846,99.84580160891846,4.514498166947079,1001-1500
TR-044277,Atlanta,Indianapolis,345.2,Reefer,23455.0,1.03837,1.55665,895.44,927.6447828197386,32.20478281973851,32.20478281973851,3.596531629114012,251-500
TR-044278,Dayton,Fort Wayne,127.0,Flatbed,39736.0,1.07986,1.24246,372.9,419.20923704272104,46.309237042721065,46.309237042721065,12.418674455006991,0-250
TR-044279,Nashville,Montgomery,359.1,Flatbed,22233.0,1.06452,1.72296,882.73,912.9349059240221,30.204905924022114,30.204905924022114,3.421760439094866,251-500
TR-044280,Baltimore,Oklahoma City,1837.1,Flatbed,23494.0,1.00398,2.06775,3785.69,3842.3270455676648,56.6370455676647,56.6370455676647,1.4960824992977422,1500+
TR-044281,Corpus Christi,Philadelphia,1723.3,Dry Van,25678.0,1.05823,2.24156,3332.32,3394.1296893665667,61.809689366566545,61.809689366566545,1.854854556782258,1500+
TR-044282,Grand Rapids,Buffalo,492.3,Flatbed,38665.0,1.01854,1.7451,1186.99,1196.7787001155455,9.788700115545453,9.788700115545453,0.8246657609200965,251-500
TR-044283,Cincinnati,Buffalo,647.8,Dry Van,24930.0,1.05849,2.05397,1331.38,1359.9884216618202,28.608421661820103,28.608421661820103,2.1487795867310684,501-750
TR-044284,New York,Albuquerque,2310.5,Reefer,37622.0,1.03763,1.95139,5018.12,4935.277784898457,-82.84221510154293,82.84221510154293,1.6508615796661488,1500+
TR-044285,Las Vegas,Columbia,2142.2,Dry Van,21471.0,1.02364,2.28724,3965.18,4020.3621106255123,55.18211062551245,55.18211062551245,1.3916672288650818,1500+
TR-044286,Fort Wayne,Cincinnati,363.8,Dry Van,24832.0,1.03497,1.92397,820.16,828.0742841965643,7.914284196564381,7.914284196564381,0.964968322835103,251-500
TR-044287,Mobile,Richmond,944.9,Dry Van,37887.0,1.03164,1.99996,4729.66,1998.5459750254913,-2731.1140249745085,2731.1140249745085,57.744404988403154,751-1000
TR-044288,Syracuse,Shreveport,1251.6,Flatbed,21108.0,1.07268,2.02704,2571.46,2714.0545618883707,142.59456188837066,142.59456188837066,5.545276297837441,1001-1500
TR-044289,Milwaukee,Buffalo,646.7,Dry Van,31496.0,1.03499,2.0696,1318.04,1369.197625660141,51.15762566014109,51.15762566014109,3.8813409046873457,501-750
TR-044290,Kansas City,Washington,878.1,Dry Van,31822.0,1.07697,2.13761,1802.45,1834.5499418450322,32.09994184503216,32.09994184503216,1.780906091432892,751-1000
TR-044291,Syracuse,Charleston,701.8,Flatbed,37432.0,1.01678,1.95765,1551.27,1703.6202828251696,152.35028282516964,152.35028282516964,9.82100361801425,501-750
TR-044292,Nashville,Los Angeles,2002.2,Reefer,28252.0,1.05012,2.02985,4277.65,4281.54180972607,3.891809726070278,3.891809726070278,0.09098008780686308,1500+
TR-044293,Columbia,Baton Rouge,730.2,Reefer,44549.0,1.05126,1.47052,1950.32,1873.6469284425061,-76.67307155749381,76.67307155749381,3.9313072499637913,501-750
TR-044294,Mobile,Memphis,328.7,Reefer,29674.0,1.04082,1.34906,917.6,954.5222740807485,36.92227408074848,36.92227408074848,4.023787497901971,251-500
TR-044295,Nashville,Memphis,108.8,Dry Van,24356.0,1.01684,1.42696,302.65,335.01354319653296,32.36354319653299,32.36354319653299,10.693389458626463,0-250
TR-044296,Louisville,Washington,683.0,Flatbed,22769.0,1.05976,1.96675,1548.61,1503.914387989892,-44.69561201010788,44.69561201010788,2.8861761198822093,501-750
TR-044297,Phoenix,Albany,3148.3,Reefer,24743.0,1.02281,2.1797,6263.27,6122.093503831664,-141.1764961683366,141.1764961683366,2.254038164861751,1500+
TR-044298,Indianapolis,Lexington,292.9,Reefer,32180.0,1.04961,1.33185,837.86,816.8285984605607,-21.031401539439344,21.031401539439344,2.5101331415080494,251-500
TR-044299,Shreveport,Nashville,357.1,Dry Van,40076.0,1.02083,1.5792,906.63,1033.3345726304817,126.70457263048172,126.70457263048172,13.97533421908405,251-500
TR-044300,Madison,Albuquerque,1351.5,Flatbed,37523.0,0.99925,1.90005,2996.39,3033.2061299710076,36.81612997100774,36.81612997100774,1.228682847393288,1001-1500
TR-044301,Atlanta,Montgomery,310.5,Flatbed,33694.0,1.01305,1.49252,825.14,827.1458264854843,2.005826485484363,2.005826485484363,0.24308923158304807,251-500
TR-044302,Mobile,St. Louis,557.1,Dry Van,36018.0,1.02336,1.76444,1315.64,1300.2729850851206,-15.367014914879519,15.367014914879519,1.168025821264139,501-750
TR-044303,Baton Rouge,Oklahoma City,459.2,Dry Van,30131.0,1.05239,1.71199,1103.62,1185.8224705742557,82.20247057425581,82.20247057425581,7.448439732358586,251-500
TR-044304,Bakersfield,Cincinnati,1995.2,Dry Van,29441.0,1.05025,2.29095,3801.19,3848.0963654035395,46.90636540353944,46.90636540353944,1.2339916027228166,1500+
TR-044305,Lexington,Charleston,435.3,Dry Van,24691.0,1.06357,1.96071,981.87,978.8978901194282,-2.972109880571793,2.972109880571793,0.30269891946711813,251-500
TR-044306,Jacksonville,Richmond,736.2,Reefer,23176.0,1.03323,1.87362,1659.84,1725.8563326058197,66.0163326058198,66.0163326058198,3.9772708577826656,501-750
TR-044307,Lexington,Milwaukee,328.0,Dry Van,32374.0,1.01656,1.72921,812.96,803.6127558855808,-9.347244114419254,9.347244114419254,1.1497790929958736,251-500
TR-044308,Fort Wayne,Raleigh,716.6,Reefer,42359.0,1.02381,1.71861,1719.38,1780.7685317867044,61.388531786704334,61.388531786704334,3.5703876854857173,501-750
TR-044309,Atlanta,Los Angeles,2108.9,Flatbed,22048.0,0.97968,2.06199,4330.69,4303.939998319824,-26.750001680175956,26.750001680175956,0.6176845186373524,1500+
TR-044310,Tucson,Memphis,1665.9,Dry Van,24949.0,1.00816,2.22348,3208.13,3260.5937926511433,52.463792651143194,52.463792651143194,1.6353387378673305,1500+
TR-044311,Phoenix,Albany,3166.1,Dry Van,35256.0,1.04157,2.37271,5697.12,5731.148794375673,34.02879437567299,34.02879437567299,0.5972981853229875,1500+
TR-044312,Mobile,Houston,478.4,Dry Van,22177.0,1.02633,1.88619,411.17,1126.565917568954,715.395917568954,715.395917568954,173.99030025754652,251-500
TR-044313,Lubbock,Raleigh,1580.7,Dry Van,44310.0,1.01593,2.08159,3197.76,3296.7809262650417,99.02092626504145,99.02092626504145,3.0965715458646503,1500+
TR-044314,Corpus Christi,Mobile,618.7,Dry Van,30134.0,1.04842,1.93974,1387.71,1401.8909151718663,14.180915171866218,14.180915171866218,1.0218932753865158,501-750
TR-044315,Atlanta,San Antonio,945.8,Dry Van,36161.0,1.08019,1.96894,2051.57,2044.8348732876284,-6.735126712371766,6.735126712371766,0.3282913433308035,751-1000
TR-044316,Lubbock,Amarillo,434.0,Dry Van,32436.0,1.01472,1.70156,1066.71,1018.181190028791,-48.52880997120906,48.52880997120906,4.54939111578677,251-500
TR-044317,Milwaukee,Lubbock,1085.5,Reefer,28069.0,1.04707,1.85168,2517.8,2518.474945110826,0.6749451108257745,0.6749451108257745,0.026806939027157615,1001-1500
TR-044318,New York,St. Louis,1034.4,Dry Van,39273.0,1.0526,2.06466,2121.19,2132.640669119853,11.450669119853046,11.450669119853046,0.5398228880889051,1001-1500
TR-044319,Madison,Bakersfield,1826.8,Dry Van,26045.0,1.0632,2.34128,3384.59,3591.4390734548288,206.8490734548286,206.8490734548286,6.11149573374703,1500+
TR-044320,Raleigh,Philadelphia,427.9,Dry Van,36109.0,1.05556,1.88237,988.67,1037.2612933864166,48.59129338641662,48.59129338641662,4.914814183338892,251-500
TR-044321,Milwaukee,Fort Wayne,261.7,Dry Van,21216.0,1.07457,1.74464,626.31,592.9886920808474,-33.32130791915256,33.32130791915256,5.3202580062832405,251-500
TR-044322,San Antonio,Hartford,1896.7,Reefer,10935.0,1.00567,2.12768,3896.37,4037.4945021009057,141.12450210090583,141.12450210090583,3.6219481748629065,1500+
TR-044323,Nashville,Milwaukee,366.1,Flatbed,31774.0,1.08259,1.6282,923.77,936.1405199017329,12.370519901732905,12.370519901732905,1.3391341894338316,251-500
TR-044324,Columbia,Raleigh,417.8,Flatbed,29283.0,1.03731,1.67095,1025.83,1059.0013123988726,33.171312398872715,33.171312398872715,3.233607166769613,251-500
TR-044325,Houston,Richmond,1315.9,Reefer,10071.0,1.02745,1.94544,2880.8,2868.5631704860316,-12.236829513968587,12.236829513968587,0.4247719214790539,1001-1500
TR-044326,Greensboro,San Antonio,1182.0,Dry Van,47500.0,1.05705,2.07364,2475.13,2568.5279968173786,93.3979968173785,93.3979968173785,3.7734582352190995,1001-1500
TR-044327,Las Vegas,Fresno,339.6,Dry Van,16671.0,1.0261,1.92125,779.8,802.5484207800657,22.74842078006577,22.74842078006577,2.917212205702202,251-500
TR-044328,Chattanooga,Jacksonville,339.8,Flatbed,46083.0,1.06207,1.45568,919.26,970.1794189123068,50.91941891230681,50.91941891230681,5.539174870255076,251-500
TR-044329,Salt Lake City,Memphis,1593.0,Flatbed,19669.0,1.02341,2.18153,3104.79,3381.615866334241,276.82586633424125,276.82586633424125,8.916089859032052,1500+
TR-044330,Kansas City,Fort Wayne,391.6,Flatbed,28479.0,1.03764,1.63052,977.05,987.7844127570536,10.734412757053633,10.734412757053633,1.0986554175378571,251-500
TR-044331,Boston,Philadelphia,236.0,Dry Van,28523.0,1.04702,1.71086,578.45,539.2171956197633,-39.23280438023676,39.23280438023676,6.782402001942563,0-250
TR-044332,Memphis,Amarillo,1045.9,Reefer,21714.0,1.01615,1.76463,2499.24,2377.5919078358797,-121.64809216412004,121.64809216412004,4.867403377191469,1001-1500
TR-044333,Buffalo,Lexington,565.0,Dry Van,27648.0,1.02962,2.04724,1188.73,1219.4717494427928,30.741749442792752,30.741749442792752,2.5861002450340074,501-750
TR-044334,Grand Rapids,Savannah,844.2,Dry Van,29891.0,1.05432,2.08947,1778.52,1800.8653216716086,22.345321671608644,22.345321671608644,1.2563997971126917,751-1000
TR-044335,Boston,Fresno,3288.9,Dry Van,27512.0,1.02021,2.3564,5920.59,6025.933670409984,105.34367040998404,105.34367040998404,1.779276565510938,1500+
TR-044336,Houston,Greensboro,927.0,Reefer,27564.0,1.04854,1.83459,2154.76,2133.0646216871824,-21.695378312817866,21.695378312817866,1.0068582261048964,751-1000
TR-044337,Syracuse,Richmond,398.6,Dry Van,29337.0,1.04016,1.9199,895.22,885.9633611557131,-9.256638844286954,9.256638844286954,1.0340071540277198,251-500
TR-044338,El Paso,Cincinnati,1591.5,Dry Van,27900.0,1.06071,2.16634,3124.21,3196.7716732450062,72.5616732450062,72.5616732450062,2.322560687181918,1500+
TR-044339,El Paso,Kansas City,1344.8,Dry Van,40549.0,1.06081,2.0442,2842.65,2861.9017418022477,19.25174180224758,19.25174180224758,0.6772462949095942,1001-1500
TR-044340,Lexington,Raleigh,523.1,Flatbed,31106.0,1.0134,1.73417,1249.95,1246.0267347024312,-3.9232652975688325,3.9232652975688325,0.31387377875665684,501-750
TR-044341,Hartford,San Francisco,3155.7,Flatbed,39533.0,1.04746,2.02629,6512.76,6238.320958718456,-274.43904128154463,274.43904128154463,4.213866951669409,1500+
TR-044342,Chattanooga,Las Vegas,1902.4,Flatbed,29626.0,1.06485,2.10405,3955.44,4057.493658074097,102.0536580740968,102.0536580740968,2.580083582966669,1500+
TR-044343,Atlanta,Fort Wayne,533.1,Dry Van,33092.0,1.07538,1.8696,1216.74,1231.6391974933456,14.899197493345582,14.899197493345582,1.2245177682451125,501-750
TR-044344,St. Louis,Amarillo,1014.6,Dry Van,25052.0,1.05419,2.05848,2089.49,2155.0843765201157,65.59437652011593,65.59437652011593,3.1392529526399233,1001-1500
TR-044345,Lexington,Albany,1040.0,Dry Van,36569.0,1.04012,2.05845,10566.25,2245.1654447093792,-8321.084555290621,8321.084555290621,78.75153962182063,1001-1500
TR-044346,Bakersfield,Harrisburg,2480.9,Dry Van,38927.0,1.0278,2.26742,4668.25,4807.731162346829,139.48116234682857,139.48116234682857,2.987868309255686,1500+
TR-044347,Raleigh,Jacksonville,547.5,Reefer,22665.0,1.04753,1.6858,1334.51,1348.3131373891053,13.803137389105359,13.803137389105359,1.0343225145637993,501-750
TR-044348,Corpus Christi,Oklahoma City,339.8,Reefer,22854.0,1.04609,1.3319,972.88,954.5779503023498,-18.302049697650205,18.302049697650205,1.8812237580842657,251-500
TR-044349,Shreveport,Providence,1528.0,Dry Van,44243.0,1.0362,2.0605,3174.36,3250.4954769619776,76.13547696197747,76.13547696197747,2.3984512456677085,1500+
TR-044350,Baton Rouge,Salt Lake City,1448.0,Dry Van,42977.0,1.05468,2.01077,3098.28,3121.906401806005,23.62640180600465,23.62640180600465,0.7625650943750937,1001-1500
TR-044351,Hartford,San Francisco,3189.5,Flatbed,30037.0,1.01863,2.23028,6080.94,6071.511260054297,-9.428739945702546,9.428739945702546,0.155053987470729,1500+
TR-044352,Syracuse,Reno,2512.9,Reefer,29688.0,1.07769,2.04437,5136.23,5128.220828492022,-8.009171507977953,8.009171507977953,0.15593482978717765,1500+
TR-044353,Madison,Houston,972.4,Dry Van,26292.0,1.0649,2.13941,1984.99,1958.9263799765972,-26.06362002340279,26.06362002340279,1.3130353313317846,751-1000
TR-044354,Nashville,Harrisburg,740.7,Reefer,23294.0,1.04075,1.72041,1763.19,1709.6550524513127,-53.53494754868734,53.53494754868734,3.036255170950796,501-750
TR-044355,Savannah,Green Bay,936.9,Flatbed,28537.0,1.07366,1.91981,2070.12,2034.950848566202,-35.16915143379788,35.16915143379788,1.6988943362605975,751-1000
TR-044356,Savannah,Philadelphia,763.7,Dry Van,34712.0,1.05935,1.94528,1645.67,1644.848751542208,-0.8212484577920804,0.8212484577920804,0.04990359293127301,751-1000
TR-044357,Charleston,Bakersfield,2451.3,Reefer,42934.0,1.01962,1.92453,5333.52,5216.663789781812,-116.85621021818861,116.85621021818861,2.1909772573870274,1500+
TR-044358,Kansas City,Madison,201.4,Reefer,29241.0,1.07238,1.2394,585.34,644.2961806533292,58.95618065332917,58.95618065332917,10.072125713829427,0-250
TR-044359,San Antonio,Chattanooga,894.7,Flatbed,32906.0,1.05539,1.8654,2056.8,2105.339006365696,48.53900636569597,48.53900636569597,2.3599283530579522,751-1000
TR-044360,Green Bay,Phoenix,2189.8,Flatbed,28270.0,1.0632,2.12969,4397.12,4416.308782054252,19.188782054252442,19.188782054252442,0.4363943229716824,1500+
TR-044361,St. Louis,Austin,1008.3,Dry Van,26419.0,1.08848,2.09755,2071.17,2098.883288186101,27.713288186100726,27.713288186100726,1.3380499034893671,1001-1500
TR-044362,Tulsa,Detroit,1047.0,Flatbed,31333.0,1.00793,2.02411,2242.32,2554.959224252861,312.6392242528609,312.6392242528609,13.94266760555411,1001-1500
TR-044363,Baton Rouge,San Antonio,431.2,Dry Van,40681.0,1.07879,1.66767,1085.63,1146.518977414069,60.888977414068904,60.888977414068904,5.60863069499451,251-500
TR-044364,Lubbock,Richmond,1667.9,Dry Van,33788.0,1.04046,2.21386,3277.97,3422.7713162889327,144.80131628893287,144.80131628893287,4.417408221824266,1500+
TR-044365,Milwaukee,Raleigh,805.1,Dry Van,32674.0,1.04887,2.00173,1712.04,1694.762552909352,-17.27744709064791,17.27744709064791,1.0091730970449238,751-1000
TR-044366,Cincinnati,Corpus Christi,934.1,Reefer,30103.0,1.03074,1.69666,2247.82,2226.0366783842915,-21.7833216157087,21.7833216157087,0.9690865645696141,751-1000
TR-044367,Baton Rouge,Fresno,1824.4,Reefer,40211.0,1.04838,1.89339,4165.0,4158.116123008289,-6.883876991711077,6.883876991711077,0.16527915946485178,1500+
TR-044368,Louisville,Shreveport,527.8,Flatbed,40906.0,1.02251,1.51094,1396.12,1316.2900757185541,-79.82992428144576,79.82992428144576,5.717984434106364,501-750
TR-044369,Green Bay,Detroit,215.5,Dry Van,17868.0,1.07551,1.88498,501.69,519.9612614250063,18.271261425006344,18.271261425006344,3.6419425192860815,0-250
TR-044370,Syracuse,Fort Wayne,529.9,Dry Van,37773.0,1.03445,1.9804,1152.09,1208.7556797185173,56.66567971851737,56.66567971851737,4.91851155018422,501-750
TR-044371,Mobile,Indianapolis,559.4,Reefer,38632.0,1.02055,1.51815,1461.55,1468.7097466752225,7.15974667522255,7.15974667522255,0.48987353667151656,501-750
TR-044372,Greensboro,Los Angeles,2320.8,Dry Van,43103.0,1.06275,2.18991,4493.05,4632.846748282202,139.7967482822014,139.7967482822014,3.1113997903918587,1500+
TR-044373,Phoenix,Kansas City,1824.8,Dry Van,30781.0,1.05697,2.21165,3534.58,3647.9124037189104,113.33240371891043,113.33240371891043,3.2063895489396317,1500+
TR-044374,Los Angeles,Austin,1237.0,Flatbed,44396.0,1.03888,1.82283,2917.59,2795.6818756277034,-121.9081243722967,121.9081243722967,4.178384364228583,1001-1500
TR-044375,Fresno,Kansas City,1971.0,Dry Van,24133.0,1.01902,2.3308,3657.67,3736.583270972731,78.91327097273097,78.91327097273097,2.1574737735424727,1500+
TR-044376,Kansas City,Richmond,921.4,Dry Van,28851.0,1.03456,2.17877,1838.07,1893.9983164245996,55.92831642459964,55.92831642459964,3.0427740197380757,751-1000
TR-044377,Lubbock,Greensboro,1246.1,Reefer,41233.0,1.05025,1.71141,3042.93,3009.001844919926,-33.92815508007379,33.92815508007379,1.1149830945856065,1001-1500
TR-044378,Baltimore,Montgomery,1044.5,Dry Van,38556.0,1.05643,2.2106,2100.15,2264.179928839216,164.0299288392157,164.0299288392157,7.810391107264514,1001-1500
TR-044379,San Antonio,Austin,86.8,Dry Van,26959.0,1.05233,1.15773,257.52,441.1185732555816,183.59857325558164,183.59857325558164,71.29487933192826,0-250
TR-044380,Tulsa,Baton Rouge,285.1,Dry Van,32954.0,1.01926,1.61005,741.71,858.0894870051052,116.37948700510515,116.37948700510515,15.690699465438668,251-500
TR-044381,Tucson,Green Bay,2006.4,Dry Van,23300.0,1.02178,2.29475,3741.48,3722.7531635460873,-18.72683645391271,18.72683645391271,0.5005194857092036,1500+
TR-044382,Reno,Amarillo,1047.3,Dry Van,20894.0,1.04697,2.23348,1996.66,2158.58559593181,161.92559593181,161.92559593181,8.10982320133673,1001-1500
TR-044383,San Antonio,Oklahoma City,215.9,Dry Van,43494.0,1.06905,1.2523,621.68,648.1359824834349,26.455982483434923,26.455982483434923,4.255562746659845,0-250
TR-044384,Milwaukee,Mobile,664.8,Reefer,33055.0,1.04502,1.55452,1700.19,1616.276698647262,-83.91330135273802,83.91330135273802,4.935524932668585,501-750
TR-044385,Kansas City,Greensboro,618.4,Reefer,22834.0,1.04754,1.69171,1500.99,1469.6051983209495,-31.384801679050497,31.384801679050497,2.0909400914763254,501-750
TR-044386,New York,Shreveport,1325.9,Dry Van,32436.0,1.07688,2.15173,2666.75,2701.0542811901864,34.30428119018643,34.30428119018643,1.2863703455586926,1001-1500
TR-044387,New York,Grand Rapids,821.8,Reefer,26767.0,1.04411,1.87178,1875.44,1837.1167263936086,-38.32327360639147,38.32327360639147,2.043428401142743,751-1000
TR-044388,Memphis,Philadelphia,1090.4,Flatbed,47500.0,1.07334,1.847,2445.03,2494.155996490486,49.125996490485704,49.125996490485704,2.009218557256381,1001-1500
TR-044389,Los Angeles,Baltimore,3006.7,Dry Van,42600.0,1.07697,2.25164,5670.75,5649.156707747297,-21.593292252702668,21.593292252702668,0.3807837103152611,1500+
TR-044390,Bakersfield,Milwaukee,1897.3,Dry Van,22090.0,1.04345,2.31255,3544.19,3660.7448987391517,116.55489873915167,116.55489873915167,3.288618802579762,1500+
TR-044391,Buffalo,Columbia,659.3,Dry Van,20221.0,1.00782,2.21772,1308.91,1355.514582111501,46.60458211150103,46.60458211150103,3.5605642948331835,501-750
TR-044392,Amarillo,Fort Wayne,1366.0,Flatbed,10098.0,1.03914,2.04943,2945.22,2998.848068412937,53.62806841293741,53.62806841293741,1.820851020057497,1001-1500
TR-044393,Raleigh,Tucson,2439.9,Flatbed,36514.0,1.0131,2.12575,5009.84,4951.862308432719,-57.977691567281,57.977691567281,1.157276311564461,1500+
TR-044394,Syracuse,Atlanta,869.6,Dry Van,38036.0,1.02756,2.00952,1847.58,1872.0250494793154,24.445049479315458,24.445049479315458,1.323084763816206,751-1000
TR-044395,Grand Rapids,Fresno,2265.0,Flatbed,35453.0,1.0558,2.03778,4694.66,4664.210791118652,-30.44920888134766,30.44920888134766,0.6485924195010428,1500+
TR-044396,El Paso,Baton Rouge,1223.4,Flatbed,31240.0,1.00579,1.90028,2735.4,2759.502832763007,24.102832763006973,24.102832763006973,0.8811447233679526,1001-1500
TR-044397,Greensboro,Phoenix,2334.3,Dry Van,27449.0,1.02713,2.36027,4225.88,4436.73031004706,210.8503100470598,210.8503100470598,4.989500649499271,1500+
TR-044398,Savannah,Amarillo,1492.0,Dry Van,47500.0,1.01909,2.02615,3194.31,3165.1517428518755,-29.15825714812445,29.15825714812445,0.9128186415258522,1001-1500
TR-044399,Baton Rouge,Salt Lake City,1441.3,Reefer,36282.0,1.04237,1.82742,3375.73,3478.349061495118,102.61906149511788,102.61906149511788,3.039907264358165,1001-1500
TR-044400,Shreveport,Cincinnati,558.5,Reefer,36743.0,1.012,1.60137,1438.13,1530.1796153386647,92.04961533866458,92.04961533866458,6.400646348985458,501-750
TR-044401,Fort Wayne,Mobile,796.9,Dry Van,34371.0,1.03798,2.02035,1719.59,1743.9524509702155,24.362450970215605,24.362450970215605,1.4167592839116072,751-1000
TR-044402,New Orleans,Albuquerque,1205.4,Flatbed,32637.0,1.01656,1.88009,2735.62,2709.7944953512188,-25.825504648781134,25.825504648781134,0.9440457610626161,1001-1500
TR-044403,Reno,Corpus Christi,1751.3,Flatbed,38709.0,1.04915,1.99658,3817.37,3742.656671541594,-74.71332845840607,74.71332845840607,1.9571937867800624,1500+
TR-044404,Providence,Tulsa,1703.6,Dry Van,30026.0,1.0229,2.13002,3441.81,3379.2301453753357,-62.57985462466422,62.57985462466422,1.8182251380716608,1500+
TR-044405,Savannah,Mobile,424.1,Dry Van,43364.0,1.03358,1.61774,1053.16,1099.28216439289,46.12216439289,46.12216439289,4.379407154932773,251-500
TR-044406,Kansas City,Albuquerque,1234.9,Dry Van,43993.0,1.02418,2.02307,2584.59,2634.897276118325,50.30727611832481,50.30727611832481,1.9464315856025445,1001-1500
TR-044407,El Paso,Richmond,2156.1,Dry Van,23144.0,1.05199,2.35796,3962.36,4133.243839197495,170.88383919749458,170.88383919749458,4.3126782825764085,1500+
TR-044408,Houston,Providence,1736.7,Dry Van,26401.0,1.03145,2.15643,3502.63,3488.952784544478,-13.677215455521946,13.677215455521946,0.3904841634863501,1500+
TR-044409,Little Rock,Cincinnati,439.3,Reefer,44202.0,1.01928,1.43113,1196.54,1270.2597999917928,73.7197999917928,73.7197999917928,6.161081116535411,251-500
TR-044410,Indianapolis,Amarillo,1097.7,Reefer,34822.0,1.06308,1.73436,2670.34,2678.0866408209304,7.746640820930224,7.746640820930224,0.2900994188354376,1001-1500
TR-044411,Mobile,Syracuse,1145.9,Reefer,38994.0,1.06406,1.81814,2641.96,2739.8681506372745,97.9081506372745,97.9081506372745,3.7058907264786183,1001-1500
TR-044412,Richmond,Harrisburg,182.1,Reefer,33679.0,1.05022,1.28219,515.65,566.6791277340988,51.02912773409878,51.02912773409878,9.896078296150252,0-250
TR-044413,Lubbock,Mobile,837.5,Reefer,24868.0,1.0723,1.70113,2047.8,2097.4671041874512,49.66710418745129,49.66710418745129,2.4253884259913705,751-1000
TR-044414,Memphis,Atlanta,242.4,Dry Van,28320.0,1.11251,1.52682,2281.75,638.9685197547983,-1642.7814802452017,1642.7814802452017,71.99655879238311,0-250
TR-044415,Lexington,Grand Rapids,549.4,Flatbed,28893.0,1.05382,1.82491,1264.02,1302.7644506592135,38.7444506592135,38.7444506592135,3.0651770272000047,501-750
TR-044416,Raleigh,Tucson,2434.8,Dry Van,32464.0,1.08752,2.21633,4584.93,4677.936219426315,93.0062194263146,93.0062194263146,2.0285199430812377,1500+
TR-044417,El Paso,Indianapolis,1473.1,Dry Van,47383.0,1.06148,2.05233,3093.95,3093.28541407637,-0.6645859236296019,0.6645859236296019,0.021480176590752985,1001-1500
TR-044418,Madison,Charleston,894.5,Flatbed,27796.0,1.06305,1.92809,1945.36,1990.6380959843427,45.278095984342826,45.278095984342826,2.327491877305117,751-1000
TR-044419,Columbia,Tampa,598.6,Dry Van,35603.0,1.0509,1.98735,1324.61,1400.383862829017,75.77386282901716,75.77386282901716,5.720465860065768,501-750
TR-044420,Cincinnati,Lexington,127.3,Dry Van,31303.0,1.05131,1.43234,350.21,389.83347715225887,39.623477152258886,39.623477152258886,11.314204949104505,0-250
TR-044421,Philadelphia,Cincinnati,911.6,Dry Van,21315.0,1.05203,2.18328,1777.07,1899.8289811532372,122.7589811532373,122.7589811532373,6.90794291464249,751-1000
TR-044422,Nashville,Lexington,248.1,Dry Van,10026.0,1.054,1.73885,596.8,602.4742353123524,5.674235312352494,5.674235312352494,0.9507766944290372,0-250
TR-044423,Montgomery,Raleigh,679.7,Dry Van,33249.0,1.06877,1.89541,4747.88,1559.532765266623,-3188.3472347333773,3188.3472347333773,67.15307115456535,501-750
TR-044424,Lexington,San Antonio,1078.9,Reefer,40668.0,1.057,1.74551,2664.93,2651.6789359384934,-13.25106406150644,13.25106406150644,0.4972387290287716,1001-1500
TR-044425,Amarillo,Baton Rouge,876.7,Dry Van,21018.0,1.0587,2.02755,1880.05,1806.0639865920434,-73.98601340795653,73.98601340795653,3.9353215822960315,751-1000
TR-044426,Grand Rapids,Oklahoma City,1252.3,Dry Van,36363.0,1.10077,2.13012,2542.03,2637.3820898845574,95.35208988455724,95.35208988455724,3.751021423215196,1001-1500
TR-044427,Las Vegas,Philadelphia,2678.9,Dry Van,32361.0,1.04166,2.30522,5016.11,5013.228643588478,-2.881356411521665,2.881356411521665,0.05744204994550887,1500+
TR-044428,Bakersfield,Fresno,238.3,Dry Van,18984.0,1.08601,1.56624,599.05,570.1701293500209,-28.87987064997901,28.87987064997901,4.820944937814709,0-250
TR-044429,Grand Rapids,Tucson,1967.7,Reefer,22420.0,1.09826,2.07178,4113.37,4149.290111607817,35.92011160781749,35.92011160781749,0.8732526275977481,1500+
TR-044430,Cincinnati,Philadelphia,942.2,Flatbed,32034.0,1.09144,1.9279,2121.88,2081.2139785324853,-40.66602146751484,40.66602146751484,1.9165090140589873,751-1000
TR-044431,Atlanta,Boston,1126.9,Reefer,40171.0,1.05049,1.76653,2658.76,2716.8498322652663,58.08983226526607,58.08983226526607,2.1848467806521112,1001-1500
TR-044432,Fort Wayne,Memphis,555.2,Flatbed,26019.0,1.11729,1.81999,1313.69,1326.187148806474,12.497148806473888,12.497148806473888,0.951301205495504,501-750
TR-044433,Montgomery,Fort Wayne,825.7,Dry Van,34392.0,1.07225,1.93046,1849.4,1818.110697816824,-31.289302183176005,31.289302183176005,1.6918623436344764,751-1000
TR-044434,Harrisburg,Toledo,447.1,Dry Van,37432.0,1.08261,1.83385,1021.86,1017.7344714841549,-4.125528515845076,4.125528515845076,0.4037273712490044,251-500
TR-044435,Lubbock,Corpus Christi,324.2,Reefer,43535.0,1.08741,1.15791,961.45,944.2640346491655,-17.185965350834522,17.185965350834522,1.7875048469327077,251-500
TR-044436,Shreveport,Raleigh,1022.9,Dry Van,20330.0,1.06478,2.06349,2090.03,2082.755641485901,-7.274358514099276,7.274358514099276,0.3480504353573526,1001-1500
TR-044437,Albany,Savannah,1114.9,Dry Van,27595.0,1.0448,2.22168,2211.15,2217.226588448482,6.076588448481743,6.076588448481743,0.27481574965433114,1001-1500
TR-044438,Greensboro,Raleigh,363.6,Flatbed,31031.0,1.03341,1.64186,911.78,957.7457461081426,45.96574610814264,45.96574610814264,5.04131984778594,251-500
TR-044439,Los Angeles,New Orleans,1722.2,Flatbed,39895.0,1.06009,1.88607,3852.58,3810.9234936938756,-41.656506306124356,41.656506306124356,1.0812625904231543,1500+
TR-044440,Boston,Tucson,2902.6,Dry Van,33275.0,1.09553,2.31422,5332.05,5667.366853476673,335.3168534766728,335.3168534766728,6.288704222141067,1500+
TR-044441,Kansas City,Mobile,662.6,Reefer,26628.0,1.0167,1.78551,1585.9,1557.1502780793298,-28.749721920670254,28.749721920670254,1.8128332127290658,501-750
TR-044442,Albany,Fresno,3087.5,Flatbed,29640.0,1.04339,2.19992,5938.75,6050.702697304785,111.95269730478503,111.95269730478503,1.8851222446606615,1500+
TR-044443,Greensboro,Memphis,444.9,Dry Van,26488.0,1.05698,1.91759,995.1,1089.4217108394364,94.32171083943638,94.32171083943638,9.478616303832418,251-500
TR-044444,Lexington,San Francisco,2326.7,Dry Van,23931.0,1.07337,2.27763,4275.91,4403.758437237983,127.84843723798349,127.84843723798349,2.98997025751205,1500+
TR-044445,Tampa,Reno,2295.4,Reefer,27951.0,1.0634,2.06753,4782.28,4869.117715239801,86.83771523980158,86.83771523980158,1.8158224788134865,1500+
TR-044446,Greensboro,Buffalo,564.5,Dry Van,40303.0,1.04993,1.95185,1266.91,1274.6950383465635,7.785038346563397,7.785038346563397,0.6144902437081873,501-750
TR-044447,Raleigh,El Paso,2166.4,Flatbed,29262.0,1.09525,2.07263,4404.31,4499.405448841133,95.09544884113257,95.09544884113257,2.1591452200488286,1500+
TR-044448,Savannah,Reno,2458.0,Dry Van,26918.0,1.03996,2.31466,4516.71,4484.907428500086,-31.802571499913938,31.802571499913938,0.7041092188764374,1500+
TR-044449,Lubbock,Dallas,436.1,Dry Van,40351.0,1.03698,1.55534,1119.61,1060.8940159303327,-58.71598406966723,58.71598406966723,5.24432472643753,251-500
TR-044450,Baton Rouge,El Paso,1240.4,Flatbed,21330.0,1.1043,2.02522,2617.72,2706.7997401209527,89.07974012095292,89.07974012095292,3.402951427996612,1001-1500
TR-044451,Dayton,Albany,977.5,Dry Van,27188.0,1.0596,2.10966,1954.43,1920.5651535294678,-33.86484647053226,33.86484647053226,1.7327224034901354,751-1000
TR-044452,Indianapolis,Cincinnati,189.7,Dry Van,36734.0,1.04234,1.44924,506.9,509.70393973379146,2.8039397337914806,2.8039397337914806,0.5531544158199804,0-250
TR-044453,Mobile,Baton Rouge,350.9,Dry Van,36362.0,1.11149,1.54574,920.64,941.2112666949197,20.5712666949197,20.5712666949197,2.234452847466947,251-500
TR-044454,Fresno,Corpus Christi,1715.8,Reefer,21393.0,1.0883,1.93389,3737.47,3710.8675585244264,-26.602441475573414,26.602441475573414,0.7117767226378651,1500+
TR-044455,Raleigh,El Paso,2177.2,Dry Van,41815.0,1.07018,2.20096,4327.96,4375.158857977851,47.19885797785082,47.19885797785082,1.0905567051879135,1500+
TR-044456,Boston,Columbia,977.7,Reefer,31923.0,1.11313,1.81271,2254.47,2297.361021068694,42.891021068694045,42.891021068694045,1.9024879935725048,751-1000
TR-044457,Savannah,Madison,826.6,Dry Van,38102.0,1.0533,1.967,1795.99,1757.5681949822738,-38.42180501772623,38.42180501772623,2.1393106318925064,751-1000
TR-044458,Nashville,San Antonio,853.7,Dry Van,38112.0,1.0536,1.9048,1922.84,1904.2910305883197,-18.54896941168022,18.54896941168022,0.9646652561669312,751-1000
TR-044459,Baton Rouge,Reno,1835.5,Reefer,33972.0,1.05561,1.92785,4049.21,4116.028834859789,66.8188348597887,66.8188348597887,1.6501696592616508,1500+
TR-044460,Cincinnati,Shreveport,530.0,Reefer,22982.0,1.06073,1.58829,1371.17,1357.5277251655589,-13.642274834441196,13.642274834441196,0.9949367937193196,501-750
TR-044461,Phoenix,Baltimore,3033.0,Dry Van,41022.0,1.05547,2.27485,5791.84,5862.959082088375,71.11908208837485,71.11908208837485,1.2279186249684877,1500+
TR-044462,Columbia,Dayton,467.8,Dry Van,28846.0,1.07975,1.81236,1058.31,1071.5203097709484,13.21030977094847,13.21030977094847,1.248245766452974,251-500
TR-044463,Montgomery,Grand Rapids,997.8,Dry Van,28045.0,1.05551,2.07723,2054.89,2102.028209105107,47.13820910510731,47.13820910510731,2.2939529174363256,751-1000
TR-044464,Richmond,Houston,1343.5,Reefer,33234.0,1.03896,1.88524,3037.14,3108.668135242806,71.528135242806,71.528135242806,2.355114852881527,1001-1500
TR-044465,Fort Wayne,Lexington,358.4,Dry Van,22593.0,1.06873,1.86079,816.77,826.9371739121575,10.167173912157523,10.167173912157523,1.2448025652457269,251-500
TR-044466,Columbia,Buffalo,654.4,Reefer,30303.0,1.07122,1.72634,1573.0,1556.478542246281,-16.521457753719005,16.521457753719005,1.050315178240242,501-750
TR-044467,Raleigh,Syracuse,614.4,Dry Van,20021.0,1.04612,2.09918,1260.89,1262.2773471825392,1.387347182539088,1.387347182539088,0.11002920021088976,501-750
TR-044468,Boston,Mobile,1405.6,Dry Van,32383.0,1.07364,2.13118,2916.35,2878.4631949690574,-37.88680503094247,37.88680503094247,1.2991172195018592,1001-1500
TR-044469,Los Angeles,Phoenix,77.5,Dry Van,28691.0,1.01691,1.29156,223.86,324.0021450507884,100.14214505078837,100.14214505078837,44.73427367586365,0-250
TR-044470,Lexington,New York,759.6,Flatbed,34098.0,1.09962,1.85221,1777.76,1767.5638228412809,-10.196177158719138,10.196177158719138,0.5735407005849574,751-1000
TR-044471,Syracuse,Reno,2534.4,Dry Van,39141.0,1.11157,2.29408,4774.04,4774.407788204608,0.36778820460767747,0.36778820460767747,0.007703919627981279,1500+
TR-044472,Bakersfield,Kansas City,1716.1,Dry Van,42108.0,1.0744,2.21868,3423.01,3544.0515461687096,121.04154616870937,121.04154616870937,3.536114301994717,1500+
TR-044473,Syracuse,Jacksonville,1004.8,Reefer,38926.0,1.0774,1.74693,2413.73,2393.7078334221333,-20.022166577866756,20.022166577866756,0.829511444025088,1001-1500
TR-044474,Hartford,Corpus Christi,1797.4,Dry Van,17504.0,1.05955,2.24832,3383.17,3554.9838155299276,171.81381552992752,171.81381552992752,5.078486021391994,1500+
TR-044475,Corpus Christi,Oklahoma City,348.9,Reefer,39170.0,1.02401,1.22034,1029.53,1035.7307965952086,6.200796595208658,6.200796595208658,0.6022939200614512,251-500
TR-044476,Dayton,Jacksonville,664.9,Reefer,19450.0,1.07113,1.80375,1550.3,1521.0372610211016,-29.26273897889837,29.26273897889837,1.8875533109010108,501-750
TR-044477,Shreveport,Savannah,696.8,Dry Van,27566.0,1.05519,1.98877,1544.43,1564.7562616536138,20.326261653613756,20.326261653613756,1.3161011929070112,501-750
TR-044478,Columbia,Tucson,2079.5,Dry Van,33348.0,1.06038,2.14545,4135.5,4128.309764702058,-7.1902352979423085,7.1902352979423085,0.17386616607284025,1500+
TR-044479,Jacksonville,Mobile,278.4,Dry Van,22705.0,1.10427,1.58703,707.53,747.986168739998,40.45616873999802,40.45616873999802,5.717943937359267,251-500
TR-044480,Reno,Fort Wayne,2059.1,Flatbed,40768.0,1.07754,2.17356,4078.06,4294.098200449205,216.0382004492053,216.0382004492053,5.297572876544369,1500+
TR-044481,Austin,Memphis,875.4,Dry Van,40194.0,1.06215,1.90278,1955.55,1950.4937797146429,-5.056220285357085,5.056220285357085,0.2585574536757989,751-1000
TR-044482,Nashville,Albuquerque,1416.3,Dry Van,35605.0,1.07876,2.05091,2973.63,3044.6219172918672,70.99191729186714,70.99191729186714,2.38738233377613,1001-1500
TR-044483,Tulsa,Greensboro,872.6,Dry Van,30334.0,1.09792,1.8971,1956.4,1822.059885713722,-134.3401142862781,134.3401142862781,6.866699769284303,751-1000
TR-044484,Nashville,Raleigh,716.8,Reefer,17314.0,1.07308,1.85085,1643.75,1698.0572456689276,54.307245668927635,54.307245668927635,3.3038628543834303,501-750
TR-044485,Oklahoma City,Dallas,282.8,Flatbed,47500.0,1.06017,1.27554,811.54,858.7725409202394,47.232540920239444,47.232540920239444,5.820112492328098,251-500
TR-044486,Kansas City,Cincinnati,355.2,Dry Van,17679.0,1.0575,1.90165,802.51,843.530240271092,41.02024027109201,41.02024027109201,5.111492725460369,251-500
TR-044487,Milwaukee,Albany,1074.1,Dry Van,27290.0,1.03593,2.24015,2089.95,2214.5198463956067,124.56984639560687,124.56984639560687,5.960422325682762,1001-1500
TR-044488,Hartford,Detroit,781.4,Reefer,36778.0,1.10482,1.78976,1834.67,1998.3244211967979,163.65442119679778,163.65442119679778,8.920101227839218,751-1000
TR-044489,Bakersfield,Los Angeles,386.0,Dry Van,23052.0,1.07199,1.96318,841.52,886.2795168215307,44.759516821530724,44.759516821530724,5.318889250585931,251-500
TR-044490,Los Angeles,Indianapolis,2012.5,Dry Van,38756.0,1.05735,2.20974,3969.29,4020.6455340545795,51.35553405457949,51.35553405457949,1.2938216672145268,1500+
TR-044491,Greensboro,Shreveport,705.5,Dry Van,13307.0,1.09206,1.96197,1521.83,1601.929099791687,80.09909979168697,80.09909979168697,5.263340832529716,501-750
TR-044492,Boston,Hartford,186.7,Dry Van,22726.0,1.07228,1.66056,464.23,431.3680770020014,-32.86192299799859,32.86192299799859,7.078802101975009,0-250
TR-044493,Madison,Philadelphia,1059.5,Dry Van,40382.0,1.10955,2.09204,2195.41,2221.6006606461797,26.190660646179822,26.190660646179822,1.1929735514632722,1001-1500
TR-044494,Boston,Toledo,954.8,Dry Van,47500.0,1.07101,2.06923,1962.57,1982.676273124984,20.106273124984,20.106273124984,1.0244869291278274,751-1000
TR-044495,Grand Rapids,Milwaukee,359.8,Flatbed,34107.0,1.07853,1.61993,905.33,921.8809740492284,16.55097404922833,16.55097404922833,1.828170285887834,251-500
TR-044496,Fresno,Los Angeles,441.7,Reefer,28696.0,1.08313,1.59169,1125.21,1132.4380608544789,7.2280608544788265,7.2280608544788265,0.6423743882900815,251-500
TR-044497,Los Angeles,Hartford,3061.6,Reefer,46677.0,1.11077,1.97398,6610.87,6283.281127918586,-327.5888720814137,327.5888720814137,4.95530651913309,1500+
TR-044498,Nashville,Albuquerque,1427.1,Dry Van,36550.0,1.06987,2.04499,2958.24,3122.9918819605236,164.75188196052386,164.75188196052386,5.569253406096999,1001-1500
TR-044499,Richmond,Bakersfield,2652.5,Reefer,31343.0,1.06618,2.00608,5686.14,5394.100982739402,-292.0390172605985,292.0390172605985,5.13598007190464,1500+
TR-044500,Bakersfield,Dallas,1494.7,Reefer,47500.0,1.06062,1.81457,3519.69,3553.9676121422654,34.2776121422653,34.2776121422653,0.973881567475127,1001-1500
TR-044501,Toledo,Tucson,2059.8,Dry Van,25384.0,1.03536,2.2752,3828.39,3944.106886491445,115.71688649144517,115.71688649144517,3.0225992255607492,1500+
TR-044502,San Francisco,Milwaukee,2162.5,Dry Van,38847.0,1.0227,2.13187,4282.29,4194.274259439305,-88.01574056069512,88.01574056069512,2.0553428320056586,1500+
TR-044503,Columbia,Shreveport,650.2,Dry Van,21435.0,1.06397,1.92558,5511.27,1442.7215052526499,-4068.5484947473506,4068.5484947473506,73.8223403089914,501-750
TR-044504,Cincinnati,Memphis,235.9,Reefer,24960.0,1.05252,1.37838,656.59,694.2023830225073,37.61238302250729,37.61238302250729,5.728442867315567,0-250
TR-044505,Greensboro,Memphis,467.8,Dry Van,20535.0,1.03863,1.94846,1044.29,1107.6084467411767,63.318446741176786,63.318446741176786,6.063301069738941,251-500
TR-044506,Shreveport,Albuquerque,1190.1,Flatbed,28929.0,1.10453,1.95179,2611.99,2679.605989565016,67.6159895650162,67.6159895650162,2.5886771988030666,1001-1500
TR-044507,Tampa,El Paso,1680.5,Reefer,42742.0,1.06191,1.85501,3806.22,3892.75865903666,86.53865903666019,86.53865903666019,2.2736115893632056,1500+
TR-044508,Nashville,Toledo,581.0,Reefer,40972.0,1.07288,1.61414,1457.28,1506.05826838396,48.77826838396004,48.77826838396004,3.3472131905989264,501-750
TR-044509,Houston,Lubbock,368.1,Flatbed,23433.0,1.06886,1.50177,973.83,1027.4483080173661,53.618308017366076,53.618308017366076,5.505920747704022,251-500
TR-044510,Fort Wayne,Montgomery,831.4,Reefer,25758.0,1.04906,1.81488,1926.36,1931.6116887581084,5.2516887581084575,5.2516887581084575,0.27262239446980097,751-1000
TR-044511,Shreveport,Cincinnati,548.2,Reefer,33257.0,1.05461,1.52723,1431.35,1506.6083254850978,75.25832548509788,75.25832548509788,5.25785625354371,501-750
TR-044512,Oklahoma City,Montgomery,869.2,Flatbed,35127.0,1.04025,1.72174,2149.17,2081.775270101188,-67.39472989881187,67.39472989881187,3.1358491835830518,751-1000
TR-044513,Tampa,Savannah,546.0,Dry Van,34293.0,1.05376,1.86604,1241.75,1307.285590393925,65.53559039392508,65.53559039392508,5.27767991897927,501-750
TR-044514,Tucson,Baltimore,2763.2,Dry Van,26552.0,1.0608,2.33971,5053.13,5206.174564299034,153.04456429903348,153.04456429903348,3.028708232304205,1500+
TR-044515,Albany,New York,383.6,Flatbed,31415.0,1.11598,1.67028,958.28,933.4626981242245,-24.817301875775456,24.817301875775456,2.5897756267244914,251-500
TR-044516,Chattanooga,Charleston,512.3,Dry Van,40753.0,1.08557,1.80282,1203.76,1181.255747217391,-22.504252782609,22.504252782609,1.869496642404549,501-750
TR-044517,Chattanooga,Providence,1147.3,Dry Van,21623.0,1.09938,2.21882,2237.63,2355.528018461032,117.89801846103182,117.89801846103182,5.2688790577991815,1001-1500
TR-044518,Montgomery,Charleston,512.4,Dry Van,24843.0,1.08563,1.94551,1117.48,1193.7502609988705,76.27026099887053,76.27026099887053,6.825201435271372,501-750
TR-044519,Los Angeles,Baton Rouge,1696.1,Flatbed,25014.0,1.05087,2.13328,3466.55,3631.4735899877587,164.92358998775853,164.92358998775853,4.757571360221504,1500+
TR-044520,Atlanta,Dallas,611.0,Reefer,35656.0,1.04785,1.55793,1571.77,1540.0807473111267,-31.68925268887324,31.68925268887324,2.016150752901076,501-750
TR-044521,Nashville,Richmond,778.6,Reefer,41904.0,1.07658,1.67501,1901.84,1919.1441978263701,17.304197826370228,17.304197826370228,0.9098661205133043,751-1000
TR-044522,Madison,San Antonio,1135.0,Reefer,16896.0,1.03934,1.88149,2504.88,2567.1569898348116,62.2769898348115,62.2769898348115,2.486226479304857,1001-1500
TR-044523,Baltimore,Boston,223.0,Flatbed,31613.0,1.10719,1.40955,611.91,655.5522518520959,43.64225185209591,43.64225185209591,7.132135747429509,0-250
TR-044524,Tampa,Mobile,310.0,Dry Van,12098.0,1.06272,1.70896,2940.49,817.6316345484142,-2122.8583654515855,2122.8583654515855,72.19403451300926,251-500
TR-044525,Tucson,Toledo,2016.7,Dry Van,21004.0,1.09415,2.23551,3704.53,3856.0072865828583,151.47728658285814,151.47728658285814,4.088974487529002,1500+
TR-044526,Charleston,Harrisburg,476.7,Dry Van,35684.0,1.04555,1.86199,1095.83,1147.7029450709967,51.87294507099682,51.87294507099682,4.73366718113182,251-500
TR-044527,Tucson,Greensboro,2073.2,Dry Van,35448.0,1.05599,2.27175,4016.71,4128.2099942362065,111.49999423620648,111.49999423620648,2.7759035189547285,1500+
TR-044528,Buffalo,Kansas City,792.5,Dry Van,47500.0,1.09035,1.99876,1701.51,1725.1383556383514,23.628355638351422,23.628355638351422,1.3886698073094734,751-1000
TR-044529,Philadelphia,Tucson,2673.7,Reefer,36308.0,1.08856,2.05728,5687.25,5561.378954120846,-125.87104587915383,125.87104587915383,2.213214574340038,1500+
TR-044530,Reno,Syracuse,2471.1,Reefer,32105.0,1.0679,2.13881,4901.87,5221.032801134423,319.1628011344228,319.1628011344228,6.511041727635021,1500+
TR-044531,Lexington,Fresno,2254.9,Flatbed,23702.0,1.10516,2.18484,4501.42,4603.878423524602,102.45842352460204,102.45842352460204,2.276135608865692,1500+
TR-044532,El Paso,Raleigh,2194.2,Reefer,28106.0,1.06456,2.02702,4628.73,4650.43626877363,21.706268773630654,21.706268773630654,0.46894653120036506,1500+
TR-044533,Fresno,Mobile,2205.7,Reefer,33984.0,1.05292,1.83914,5069.63,4702.35419280623,-367.27580719377056,367.27580719377056,7.244627461841802,1500+
TR-044534,Los Angeles,New Orleans,1730.1,Flatbed,19423.0,1.05947,2.10266,3540.21,3663.5379213646697,123.32792136466969,123.32792136466969,3.4836329303818045,1500+
TR-044535,Oklahoma City,Boston,2012.3,Dry Van,31506.0,1.08806,2.16889,3957.89,3930.54362865773,-27.346371342269777,27.346371342269777,0.6909330815730043,1500+
TR-044536,Atlanta,Phoenix,2082.8,Dry Van,24925.0,1.1015,2.26271,3939.62,3989.252452382558,49.63245238255831,49.63245238255831,1.2598284195571734,1500+
TR-044537,Madison,Mobile,820.8,Dry Van,17863.0,1.09569,2.10466,1639.77,1667.3601963906158,27.5901963906158,27.5901963906158,1.6825650176924691,751-1000
TR-044538,Fort Wayne,Madison,285.2,Dry Van,14738.0,1.04924,1.80449,665.88,649.0010749862358,-16.87892501376416,16.87892501376416,2.534829851289145,251-500
TR-044539,Little Rock,Kansas City,407.1,Dry Van,20118.0,1.08502,1.84149,942.96,1050.310279763531,107.35027976353103,107.35027976353103,11.384393798626775,251-500
TR-044540,Phoenix,San Antonio,1270.4,Dry Van,30757.0,1.06676,2.08564,2603.65,2583.6864190273145,-19.963580972685577,19.963580972685577,0.7667536332719673,1001-1500
TR-044541,Syracuse,Chattanooga,896.3,Reefer,45205.0,1.03223,1.79033,2071.76,2151.2617838237993,79.50178382379909,79.50178382379909,3.837403165607941,751-1000
TR-044542,Lexington,Dallas,746.9,Dry Van,37858.0,1.05565,1.87892,1691.61,1649.839494560615,-41.770505439384806,41.770505439384806,2.469275154402304,501-750
TR-044543,Los Angeles,Columbia,2308.3,Dry Van,32481.0,1.07263,2.28678,4241.74,4530.976495470133,289.2364954701334,289.2364954701334,6.818817171022584,1500+
TR-044544,Albany,Oklahoma City,1982.6,Dry Van,20623.0,1.06746,2.30005,3757.74,3969.169917115096,211.42991711509603,211.42991711509603,5.626517989937996,1500+
TR-044545,Shreveport,Cincinnati,525.2,Dry Van,20612.0,1.07952,1.99979,1152.84,1217.5501060456552,64.71010604565527,64.71010604565527,5.613103817152013,501-750
TR-044546,Nashville,Corpus Christi,775.1,Dry Van,47147.0,1.0921,1.90825,1789.11,1783.6565440155591,-5.4534559844407795,5.4534559844407795,0.3048139010145145,751-1000
TR-044547,Tulsa,Oklahoma City,285.1,Dry Van,28977.0,1.09602,1.55451,742.74,835.6882520120937,92.94825201209369,92.94825201209369,12.51423809301959,251-500
TR-044548,Tucson,Bakersfield,314.6,Dry Van,46656.0,1.06371,1.67344,794.34,812.787136303298,18.447136303297953,18.447136303297953,2.3223224693831295,251-500
TR-044549,Harrisburg,Jacksonville,776.3,Dry Van,30463.0,1.07526,2.07146,1612.45,1655.0324984530282,42.582498453028165,42.582498453028165,2.6408569849005032,751-1000
TR-044550,Milwaukee,Phoenix,2025.9,Flatbed,32738.0,1.03625,2.01818,4242.66,4276.713572613375,34.053572613374854,34.053572613374854,0.802646750231573,1500+
TR-044551,Madison,Richmond,880.1,Dry Van,28922.0,1.0553,2.07027,1769.34,1813.9522987656474,44.61229876564744,44.61229876564744,2.5214090432391423,751-1000
TR-044552,Tucson,Amarillo,641.8,Dry Van,21670.0,1.02675,1.90729,1423.71,1391.5725620703006,-32.137437929699445,32.137437929699445,2.2573022546515404,501-750
TR-044553,Memphis,Corpus Christi,711.4,Dry Van,34118.0,1.06601,1.78674,1653.45,1662.9257728489915,9.475772848991483,9.475772848991483,0.5730909824301601,501-750
TR-044554,Mobile,Detroit,988.9,Dry Van,29001.0,1.03844,2.15844,2008.89,2194.679927043008,185.78992704300776,185.78992704300776,9.248387270731984,751-1000
TR-044555,Baton Rouge,San Antonio,439.5,Dry Van,38250.0,1.06926,1.66253,1077.79,1149.2525532622467,71.46255326224673,71.46255326224673,6.630470988063235,251-500
TR-044556,Milwaukee,Greensboro,455.6,Dry Van,25324.0,1.05617,1.95438,367.67,1023.2321689338405,655.5621689338404,655.5621689338404,178.30178391868807,251-500
TR-044557,Corpus Christi,Lubbock,322.1,Flatbed,29661.0,1.06789,1.48847,874.67,877.3357379989598,2.6657379989597985,2.6657379989597985,0.30477071340731915,251-500
TR-044558,Montgomery,Atlanta,312.9,Reefer,20551.0,1.0952,1.46337,856.91,878.4000971796072,21.490097179607233,21.490097179607233,2.5078593060656584,251-500
TR-044559,Phoenix,Raleigh,2724.0,Flatbed,34468.0,1.07855,2.09187,5584.9,5493.695240752071,-91.20475924792845,91.20475924792845,1.6330598443647772,1500+
TR-044560,Little Rock,Kansas City,431.3,Dry Van,38459.0,1.03873,1.68043,1059.7,1117.9089255237468,58.20892552374676,58.20892552374676,5.4929626803573415,251-500
TR-044561,Amarillo,San Francisco,1189.9,Reefer,39626.0,1.03781,1.85378,2781.77,2837.024118388594,55.25411838859418,55.25411838859418,1.9862935608836885,1001-1500
TR-044562,Toledo,Baltimore,836.5,Dry Van,31496.0,1.05144,2.00597,1776.94,1739.2288384317026,-37.711161568297484,37.711161568297484,2.1222529499193827,751-1000
TR-044563,Charleston,Boston,791.4,Dry Van,16809.0,1.04035,2.20101,1556.42,1678.9758350694992,122.55583506949915,122.55583506949915,7.874213584347357,751-1000
TR-044564,Detroit,Mobile,1021.1,Flatbed,36351.0,1.08516,1.90558,2283.31,2285.3998853041203,2.089885304120344,2.089885304120344,0.09152875886849986,1001-1500
TR-044565,Kansas City,Shreveport,560.4,Reefer,35176.0,1.09048,1.44521,1484.72,1473.338944623713,-11.381055376287122,11.381055376287122,0.7665455692849239,501-750
TR-044566,Charleston,Cincinnati,519.5,Flatbed,31542.0,1.10034,1.67064,1264.57,1283.1466575033173,18.576657503317392,18.576657503317392,1.4690098217826923,501-750
TR-044567,Boston,Milwaukee,1154.0,Dry Van,47091.0,1.10076,2.07911,2415.68,2423.2358419237216,7.5558419237218,7.5558419237218,0.3127832297208985,1001-1500
TR-044568,Toledo,Fort Wayne,82.8,Dry Van,30138.0,1.0558,1.41009,231.71,306.8834523470332,75.17345234703319,75.17345234703319,32.4429037793074,0-250
TR-044569,Corpus Christi,Syracuse,1751.0,Dry Van,41770.0,1.05401,2.17507,3521.35,3467.348346370196,-54.00165362980397,54.00165362980397,1.5335497360331682,1500+
TR-044570,Hartford,Memphis,1156.8,Dry Van,36556.0,1.04424,2.04112,2405.13,2476.516563021732,71.38656302173194,71.38656302173194,2.968095821087922,1001-1500
TR-044571,Chattanooga,Atlanta,83.1,Reefer,40534.0,1.05532,0.74801,282.04,441.44868552709113,159.4086855270911,159.4086855270911,56.519885664122505,0-250
TR-044572,Buffalo,Green Bay,581.0,Dry Van,17248.0,1.05416,2.16386,1163.86,1236.8050795308427,72.9450795308428,72.9450795308428,6.267513234482052,501-750
TR-044573,Dallas,St. Louis,626.7,Dry Van,29390.0,1.06563,1.86256,1445.85,1457.062539681312,11.212539681312137,11.212539681312137,0.7754981278356771,501-750
TR-044574,Syracuse,Corpus Christi,1689.3,Dry Van,34279.0,1.04832,2.17539,3348.58,3416.9216318809085,68.34163188090861,68.34163188090861,2.0409138166299927,1500+
TR-044575,Jacksonville,Montgomery,140.5,Dry Van,36710.0,1.10645,1.368,396.7,445.88322028569723,49.183220285697246,49.183220285697246,12.398089308217102,0-250
TR-044576,Bakersfield,Birmingham,2060.7,Flatbed,22673.0,1.07985,2.12886,4226.48,4236.508936267673,10.028936267673089,10.028936267673089,0.2372881515510091,1500+
TR-044577,Corpus Christi,Mobile,611.8,Dry Van,31715.0,1.07835,1.82178,1415.91,1385.301300908725,-30.608699091275184,30.608699091275184,2.161768692309199,501-750
TR-044578,Los Angeles,Syracuse,2821.2,Reefer,19221.0,1.02589,2.21369,5360.52,5642.996728909936,282.47672890993545,282.47672890993545,5.269576998312392,1500+
TR-044579,Montgomery,New York,1061.4,Flatbed,29665.0,1.03733,2.02557,2275.93,2379.8996149022814,103.96961490228159,103.96961490228159,4.568225512308445,1001-1500
TR-044580,El Paso,Lubbock,793.1,Dry Van,40628.0,1.0197,1.8283,1853.27,1752.841704456685,-100.42829554331502,100.42829554331502,5.418978105905508,751-1000
TR-044581,Louisville,Toledo,436.0,Reefer,38049.0,0.98994,1.54774,1128.32,1128.3490564607891,0.02905646078920654,0.02905646078920654,0.0025751968226395473,251-500
TR-044582,Louisville,Philadelphia,925.9,Dry Van,34946.0,1.04126,2.17212,1898.58,1936.8519457318087,38.27194573180873,38.27194573180873,2.015819493084765,751-1000
TR-044583,St. Louis,Bakersfield,1794.9,Dry Van,9921.0,0.98175,2.27943,3378.19,3454.568017239695,76.37801723969505,76.37801723969505,2.2609153789365033,1500+
TR-044584,Raleigh,New York,451.0,Dry Van,45200.0,1.0331,1.84949,1028.21,1072.1753690877601,43.96536908776011,43.96536908776011,4.275913391988029,251-500
TR-044585,Shreveport,Atlanta,450.8,Reefer,42849.0,1.00273,1.36721,1244.46,1320.3390748082384,75.87907480823833,75.87907480823833,6.09734943736547,251-500
TR-044586,Shreveport,Grand Rapids,975.1,Reefer,27870.0,1.06014,1.75156,2302.46,2288.133944152073,-14.32605584792691,14.32605584792691,0.6222065029545316,751-1000
TR-044587,Tampa,Albuquerque,1694.8,Flatbed,45889.0,1.01117,2.00734,3759.04,3709.2210971508484,-49.81890284915153,49.81890284915153,1.3253091972724826,1500+
TR-044588,New Orleans,Richmond,1126.9,Dry Van,44589.0,0.9934,1.98543,2435.89,2400.272538665476,-35.617461334523796,35.617461334523796,1.4621949814861837,1001-1500
TR-044589,Lubbock,Los Angeles,1160.7,Dry Van,26718.0,1.03766,2.10999,2421.18,2411.3117073108647,-9.86829268913516,9.86829268913516,0.407581951326839,1001-1500
TR-044590,Las Vegas,Chattanooga,1889.9,Reefer,31780.0,1.04693,1.86457,4254.93,4143.200936456099,-111.72906354390125,111.72906354390125,2.625873129379361,1500+
TR-044591,Chattanooga,New York,956.9,Dry Van,47500.0,1.06639,2.02353,2033.38,2024.8123083066073,-8.567691693392817,8.567691693392817,0.42135221618157037,751-1000
TR-044592,Albany,Buffalo,476.1,Dry Van,32604.0,0.97598,2.08818,993.54,1060.8293690699063,67.28936906990634,67.28936906990634,6.772688474536139,251-500
TR-044593,Hartford,Albany,368.8,Dry Van,21880.0,0.97703,2.03386,789.41,871.2859494885763,81.87594948857634,81.87594948857634,10.371790259633947,251-500
TR-044594,Tulsa,Toledo,939.1,Reefer,31253.0,1.01423,1.78172,2242.33,2194.0970340899426,-48.23296591005737,48.23296591005737,2.1510199618279815,751-1000
TR-044595,Los Angeles,Montgomery,2164.4,Flatbed,32331.0,0.98595,2.04519,4589.65,4511.398435621044,-78.25156437895566,78.25156437895566,1.7049571182760268,1500+
TR-044596,Tulsa,New York,1475.2,Reefer,29545.0,1.03531,1.95877,3217.79,3329.343687356104,111.55368735610409,111.55368735610409,3.466779602028227,1001-1500
TR-044597,Corpus Christi,Detroit,1403.3,Dry Van,39015.0,0.95883,2.11199,2864.16,3198.9927488604735,334.83274886047366,334.83274886047366,11.690434502977267,1001-1500
TR-044598,Green Bay,Philadelphia,951.6,Reefer,29724.0,1.0337,1.86288,2174.63,2226.7102473875557,52.08024738755557,52.08024738755557,2.3949015412992356,751-1000
TR-044599,Grand Rapids,Baton Rouge,1136.1,Dry Van,37119.0,1.02931,2.1221,2343.86,2413.2388246248674,69.37882462486732,69.37882462486732,2.9600242601890607,1001-1500
TR-044600,Fresno,Fort Wayne,2294.4,Dry Van,39687.0,1.0316,2.26426,4335.83,4444.060685292579,108.23068529257944,108.23068529257944,2.4961930078573062,1500+
TR-044601,Salt Lake City,Green Bay,1737.0,Reefer,24733.0,0.97475,2.09253,3522.2,3645.2021556159807,123.00215561598088,123.00215561598088,3.4921967979098545,1500+
TR-044602,Bakersfield,San Francisco,388.0,Dry Van,30133.0,1.06171,1.79938,915.66,923.9494033718763,8.289403371876347,8.289403371876347,0.9052927256707017,251-500
TR-044603,Shreveport,Washington,1134.6,Reefer,24912.0,1.03813,1.91922,2507.38,2554.8389148737247,47.45891487372455,47.45891487372455,1.8927691404463844,1001-1500
TR-044604,Oklahoma City,Baltimore,1791.8,Flatbed,17774.0,0.97569,2.1909,3614.88,3757.536651470989,142.6566514709889,142.6566514709889,3.9463730876540546,1500+
TR-044605,Kansas City,Tampa,941.5,Flatbed,36370.0,1.06452,1.90262,2154.79,2172.255851347049,17.46585134704901,17.46585134704901,0.8105593281502611,751-1000
TR-044606,San Francisco,Charleston,2752.5,Flatbed,32883.0,1.01812,2.14737,5539.54,5409.50072724741,-130.03927275258957,130.03927275258957,2.3474742081939937,1500+
TR-044607,Reno,Grand Rapids,1985.6,Dry Van,25093.0,0.98181,2.3785,3574.14,3643.2778774260596,69.13787742605973,69.13787742605973,1.934391977540324,1500+
TR-044608,Philadelphia,Nashville,1031.6,Dry Van,24700.0,1.05391,2.2192,1984.11,2184.7839354837906,200.67393548379073,200.67393548379073,10.114052924676088,1001-1500
TR-044609,Buffalo,Amarillo,1787.3,Reefer,32588.0,1.0715,1.85888,4085.99,3983.3964090877535,-102.59359091224633,102.59359091224633,2.5108625060816676,1500+
TR-044610,El Paso,Tampa,1650.0,Dry Van,30112.0,1.04431,2.22017,3224.7,3381.880221846787,157.1802218467874,157.1802218467874,4.874258748000973,1500+
TR-044611,Los Angeles,Memphis,1979.1,Dry Van,22986.0,1.01416,2.25364,3692.86,3758.5660326294696,65.70603262946952,65.70603262946952,1.7792722342430938,1500+
TR-044612,New Orleans,Phoenix,1625.9,Reefer,26599.0,1.05598,1.91598,3564.26,3706.696231712306,142.43623171230593,142.43623171230593,3.996235732306451,1500+
TR-044613,Syracuse,New Orleans,1295.1,Dry Van,21089.0,1.02606,2.1875,2527.85,2512.3361185512945,-15.513881448705433,15.513881448705433,0.613718434586919,1001-1500
TR-044614,Tampa,Mobile,307.6,Reefer,47500.0,1.00233,1.21994,2094.59,910.3627247952497,-1184.2272752047504,1184.2272752047504,56.537426188645526,251-500
TR-044615,Indianapolis,Tulsa,540.2,Dry Van,39030.0,0.99676,1.82027,1264.94,1307.888822183541,42.94882218354087,42.94882218354087,3.395324852051549,501-750
TR-044616,Jacksonville,Austin,1060.8,Dry Van,24362.0,1.03024,2.03114,2194.61,2227.4021245491003,32.79212454910021,32.79212454910021,1.4942119351092087,1001-1500
TR-044617,Tampa,Los Angeles,2161.9,Dry Van,24470.0,1.06363,2.28067,4045.17,4049.1828805086766,4.012880508676517,4.012880508676517,0.09920177665404709,1500+
TR-044618,Atlanta,Tucson,1829.1,Reefer,16753.0,1.00856,2.03586,3893.83,4006.5180357696095,112.68803576960954,112.68803576960954,2.8940152952134413,1500+
TR-044619,Milwaukee,Montgomery,689.3,Flatbed,39675.0,0.99211,1.73225,1653.38,1716.5655567001609,63.18555670016076,63.18555670016076,3.821599190758371,501-750
TR-044620,Nashville,Reno,2026.0,Flatbed,32009.0,1.00525,2.12148,4118.68,4211.914531629353,93.23453162935311,93.23453162935311,2.263699331566257,1500+
TR-044621,Lexington,Bakersfield,2051.9,Flatbed,27042.0,0.99069,2.11074,4176.34,4249.244586053455,72.9045860534552,72.9045860534552,1.7456573471856986,1500+
TR-044622,Tampa,Toledo,1074.6,Dry Van,27603.0,0.99891,2.23353,2062.28,2229.9677986070456,167.68779860704535,167.68779860704535,8.131184834602738,1001-1500
TR-044623,Tampa,Lexington,730.3,Reefer,30981.0,1.04585,1.68419,1806.72,1807.510363555246,0.7903635552459036,0.7903635552459036,0.04374576886545251,501-750
TR-044624,Fresno,Buffalo,2708.6,Dry Van,23663.0,1.00272,2.40069,4782.29,4755.583769768869,-26.706230231130576,26.706230231130576,0.5584402081666018,1500+
TR-044625,Atlanta,Richmond,681.8,Dry Van,35007.0,1.02481,1.99703,1473.33,1476.2869920929043,2.956992092904329,2.956992092904329,0.20070127486064418,501-750
TR-044626,Greensboro,Kansas City,611.3,Reefer,34744.0,1.03586,1.61151,1562.83,1519.176047502649,-43.65395249735093,43.65395249735093,2.7932630226800694,501-750
TR-044627,Hartford,Grand Rapids,919.7,Reefer,24484.0,1.01597,1.98654,2032.95,2004.573806181094,-28.37619381890613,28.37619381890613,1.395813660882271,751-1000
TR-044628,Reno,Baton Rouge,1820.1,Reefer,18777.0,1.01358,2.0724,3836.59,3904.4197131581104,67.82971315811028,67.82971315811028,1.7679687732624616,1500+
TR-044629,Bakersfield,Green Bay,2011.1,Flatbed,35806.0,1.04279,2.10819,4088.24,4180.54708854267,92.3070885426705,92.3070885426705,2.2578686315546665,1500+
TR-044630,Corpus Christi,New York,1702.5,Dry Van,37861.0,1.01952,2.11958,3500.41,3467.7919354895694,-32.618064510430486,32.618064510430486,0.9318355424201875,1500+
TR-044631,Birmingham,Buffalo,823.1,Dry Van,45655.0,1.01669,2.07134,1738.92,1786.463045039838,47.543045039838034,47.543045039838034,2.734055910555864,751-1000
TR-044632,Hartford,Tucson,2797.9,Flatbed,46289.0,1.05349,2.0654,5899.4,5594.074130948493,-305.32586905150674,305.32586905150674,5.175541055895629,1500+
TR-044633,Hartford,Lubbock,1980.2,Flatbed,27430.0,1.05796,1.99418,4160.02,4070.8787828506793,-89.14121714932116,89.14121714932116,2.142807417976864,1500+
TR-044634,Bakersfield,Toledo,2106.5,Reefer,33150.0,1.01046,1.97824,4594.27,4553.318873214608,-40.95112678539226,40.95112678539226,0.8913522014464161,1500+
TR-044635,Buffalo,Fort Wayne,431.3,Flatbed,12441.0,1.05273,1.90169,960.78,974.8518457785372,14.071845778537181,14.071845778537181,1.4646272589497265,251-500
TR-044636,Houston,Buffalo,1401.6,Dry Van,42770.0,1.00075,2.10696,2855.05,2910.2222491997036,55.1722491997034,55.1722491997034,1.9324442373935096,1001-1500
TR-044637,Toledo,Detroit,153.4,Dry Van,19330.0,1.01889,1.73744,379.54,360.2434503333061,-19.29654966669392,19.29654966669392,5.084193936526827,0-250
TR-044638,Tampa,Baton Rouge,457.6,Flatbed,31475.0,1.02004,1.51404,1199.69,1220.1911195377377,20.501119537737623,20.501119537737623,1.7088680857336163,251-500
TR-044639,Cincinnati,Corpus Christi,968.9,Dry Van,34338.0,1.01483,1.92542,2093.43,2051.5496067258537,-41.88039327414617,41.88039327414617,2.000563346954337,751-1000
TR-044640,Providence,El Paso,2692.2,Reefer,26317.0,0.99732,2.05,5694.27,5405.757968056368,-288.5120319436328,288.5120319436328,5.06670797035674,1500+
TR-044641,Los Angeles,Memphis,1887.2,Flatbed,22301.0,1.0543,2.14527,3828.99,3988.4743064692475,159.4843064692477,159.4843064692477,4.1651794982292385,1500+
TR-044642,Kansas City,Phoenix,1829.7,Reefer,17811.0,1.02617,2.05475,3758.85,3987.313504936074,228.46350493607406,228.46350493607406,6.078016013835988,1500+
TR-044643,Fresno,Washington,2821.0,Flatbed,33030.0,1.01045,2.11019,5681.14,5633.996314946675,-47.1436850533255,47.1436850533255,0.829827905197293,1500+
TR-044644,Milwaukee,Grand Rapids,347.8,Dry Van,22403.0,1.01171,1.87786,803.07,803.5656613767237,0.4956613767236604,0.4956613767236604,0.06172081844965699,251-500
TR-044645,Cincinnati,Syracuse,769.4,Dry Van,31005.0,1.03455,2.10116,1590.39,1596.9175030493814,6.5275030493812665,6.5275030493812665,0.4104341104622933,751-1000
TR-044646,Amarillo,Charleston,1708.9,Dry Van,44157.0,1.01268,2.15965,3398.84,3431.4943890689465,32.65438906894633,32.65438906894633,0.9607509935432773,1500+
TR-044647,Buffalo,Los Angeles,2672.2,Dry Van,19806.0,1.05378,2.35334,4761.97,4764.303198055375,2.333198055374851,2.333198055374851,0.04899648791098748,1500+
TR-044648,Hartford,Tampa,1316.7,Flatbed,30804.0,1.0558,1.92005,2890.9,2845.103870953751,-45.79612904624901,45.79612904624901,1.584147810240721,1001-1500
TR-044649,Little Rock,Baton Rouge,324.1,Reefer,13832.0,1.04175,1.45205,866.98,941.1149985254933,74.1349985254933,74.1349985254933,8.550946795254019,251-500
TR-044650,Indianapolis,Providence,1265.9,Dry Van,28104.0,1.01935,2.16425,2545.24,2529.629346917387,-15.610653082612771,15.610653082612771,0.6133273515508467,1001-1500
TR-044651,Columbia,Oklahoma City,1042.9,Reefer,34069.0,1.01454,1.67257,2601.44,2642.6245841814275,41.184584181427454,41.184584181427454,1.583145649387549,1001-1500
TR-044652,Baton Rouge,Lubbock,517.5,Dry Van,34462.0,1.0257,1.67764,1283.49,1223.0096652533787,-60.48033474662134,60.48033474662134,4.712178103968191,501-750
TR-044653,Shreveport,Lexington,615.0,Dry Van,15454.0,1.00841,2.01522,1327.27,1399.2512835083235,71.98128350832349,71.98128350832349,5.4232585312953265,501-750
TR-044654,Birmingham,Lubbock,952.6,Flatbed,46166.0,1.01425,1.8164,2213.71,2274.8188387565674,61.108838756567366,61.108838756567366,2.7604717310111697,751-1000
TR-044655,Austin,Lexington,1177.0,Dry Van,38279.0,1.0268,2.11512,2460.2,2514.802556636056,54.602556636056306,54.602556636056306,2.2194356814915985,1001-1500
TR-044656,Nashville,Indianapolis,272.9,Reefer,39882.0,1.00359,1.21874,798.7,823.7721776329977,25.072177632997636,25.072177632997636,3.139123279453817,251-500
TR-044657,St. Louis,Atlanta,383.0,Dry Van,29467.0,0.99966,1.78924,906.37,931.0639552451228,24.693955245122766,24.693955245122766,2.7244894739590637,251-500
TR-044658,El Paso,Memphis,1376.4,Dry Van,20395.0,1.04621,2.24964,2636.13,2824.8585993743663,188.72859937436624,188.72859937436624,7.159305473340321,1001-1500
TR-044659,Nashville,Baton Rouge,500.7,Dry Van,30563.0,1.02305,1.87707,1146.59,1160.750235119225,14.160235119225035,14.160235119225035,1.2349867973054918,501-750
TR-044660,Charleston,Tampa,672.6,Dry Van,22935.0,1.01216,1.98609,1430.83,1493.0547851091242,62.22478510912424,62.22478510912424,4.348859410910048,501-750
TR-044661,San Antonio,Dayton,1189.8,Dry Van,26649.0,1.00995,2.12597,2381.74,2374.254156630365,-7.485843369634949,7.485843369634949,0.31430145060480785,1001-1500
TR-044662,Savannah,Syracuse,821.5,Flatbed,34142.0,1.0761,1.84637,1862.97,1885.1734529709338,22.203452970933768,22.203452970933768,1.1918309457980412,751-1000
TR-044663,Columbia,Charleston,246.4,Dry Van,32480.0,1.0246,1.5883,634.08,649.6790092665308,15.599009266530743,15.599009266530743,2.460101133379186,0-250
TR-044664,Mobile,Baton Rouge,333.1,Dry Van,34575.0,1.02125,1.49792,877.06,893.6555171303066,16.59551713030669,16.59551713030669,1.8921758067072594,251-500
TR-044665,Corpus Christi,El Paso,1094.2,Flatbed,26299.0,1.00163,2.03244,2343.09,2426.316995115715,83.226995115715,83.226995115715,3.5520187067383238,1001-1500
TR-044666,Mobile,Shreveport,292.3,Dry Van,37994.0,1.00959,1.52678,770.02,791.0799698559088,21.059969855908776,21.059969855908776,2.7349899815470735,251-500
TR-044667,Baton Rouge,Nashville,514.2,Dry Van,29654.0,0.95994,1.90683,1180.98,1166.3905084305188,-14.589491569481197,14.589491569481197,1.2353716040475873,501-750
TR-044668,San Antonio,Columbia,1140.1,Dry Van,23412.0,1.01469,2.18085,2260.68,2308.4086626732055,47.72866267320569,47.72866267320569,2.1112524847924385,1001-1500
TR-044669,Albuquerque,Montgomery,1627.4,Reefer,34244.0,1.00839,1.94729,3613.73,3691.0613645204667,77.33136452046665,77.33136452046665,2.13993199603918,1500+
TR-044670,Columbia,Buffalo,656.4,Dry Van,35189.0,1.05034,1.98836,1431.42,1415.9709946998955,-15.449005300104545,15.449005300104545,1.079278290096865,501-750
TR-044671,Tampa,Baton Rouge,444.7,Dry Van,22553.0,0.99589,1.83416,200.31,1143.182211772174,942.8722117721741,942.8722117721741,470.70651079435584,251-500
TR-044672,Lubbock,Reno,1475.4,Dry Van,10327.0,1.01638,2.33262,2740.91,2914.4107070520786,173.50070705207872,173.50070705207872,6.330040280493658,1001-1500
TR-044673,Richmond,Oklahoma City,1540.1,Dry Van,33329.0,1.02304,2.14654,3052.02,3108.5572998371704,56.537299837170394,56.537299837170394,1.852455089978781,1500+
TR-044674,Oklahoma City,Baltimore,1781.8,Dry Van,34929.0,0.99772,2.13077,3638.92,3642.649434068729,3.729434068729006,3.729434068729006,0.10248738825610361,1500+
TR-044675,Los Angeles,New Orleans,1709.6,Dry Van,14109.0,1.02033,2.2344,3223.52,3391.6984702903173,168.17847029031736,168.17847029031736,5.217230552015106,1500+
TR-044676,Richmond,Tucson,2440.1,Reefer,33324.0,1.01066,2.0224,5148.13,5172.318232617947,24.188232617946596,24.188232617946596,0.4698450236871756,1500+
TR-044677,Albany,Los Angeles,3094.1,Reefer,30797.0,1.00555,2.1297,6336.16,6524.458727367806,188.29872736780635,188.29872736780635,2.9718114341778987,1500+
TR-044678,Montgomery,Raleigh,692.6,Dry Van,26825.0,1.02648,1.95354,1505.85,1515.2465085945246,9.396508594524676,9.396508594524676,0.6240003051117095,501-750
TR-044679,Grand Rapids,Oklahoma City,1237.2,Dry Van,32659.0,1.0319,2.06835,2540.67,2545.0834914971906,4.413491497190535,4.413491497190535,0.1737136856494757,1001-1500
TR-044680,Columbia,Toledo,627.3,Dry Van,26790.0,1.05108,2.04273,1331.84,1304.4567843033076,-27.383215696692332,27.383215696692332,2.056043946471974,501-750
TR-044681,Greensboro,Green Bay,750.3,Dry Van,32650.0,1.01682,1.97947,1633.71,1664.5708813999272,30.860881399927166,30.860881399927166,1.8890060904277484,751-1000
TR-044682,Chattanooga,Phoenix,1978.5,Flatbed,25424.0,1.05602,2.06286,4065.44,4106.992641816367,41.55264181636676,41.55264181636676,1.0220945781112685,1500+
TR-044683,Shreveport,Albuquerque,1177.8,Reefer,37644.0,1.0393,1.85473,2737.93,2876.8069731209025,138.87697312090268,138.87697312090268,5.072334687917612,1001-1500
TR-044684,Washington,Lexington,540.8,Dry Van,25825.0,1.00899,2.10064,1092.65,1191.3161708023567,98.66617080235665,98.66617080235665,9.029988633355297,501-750
TR-044685,Tampa,San Francisco,2496.8,Dry Van,41565.0,1.03541,2.24439,4871.12,4789.396722883883,-81.72327711611706,81.72327711611706,1.6777102004491178,1500+
TR-044686,Raleigh,Jacksonville,545.7,Dry Van,27205.0,0.99141,1.96066,1190.14,1230.399439479497,40.259439479496905,40.259439479496905,3.3827482043706536,501-750
TR-044687,Milwaukee,Green Bay,389.5,Dry Van,27809.0,1.0099,1.79775,905.9,886.0754198978777,-19.82458010212224,19.82458010212224,2.1883850427334406,251-500
TR-044688,Hartford,Harrisburg,384.7,Dry Van,41207.0,0.98074,1.89311,875.41,923.4351284295974,48.02512842959743,48.02512842959743,5.486015516112157,251-500
TR-044689,Chattanooga,San Antonio,899.3,Flatbed,36160.0,1.01515,1.83639,2080.96,2129.5369145742666,48.57691457426654,48.57691457426654,2.334351192443225,751-1000
TR-044690,Fresno,San Antonio,1501.1,Flatbed,32965.0,1.08434,1.92542,3355.91,3325.676326282167,-30.23367371783297,30.23367371783297,0.9009083592180056,1500+
TR-044691,Fort Wayne,Houston,1064.8,Flatbed,27631.0,1.00562,1.9533,2357.78,2371.0134432059535,13.233443205953336,13.233443205953336,0.5612670904814416,1001-1500
TR-044692,Bakersfield,Shreveport,1672.5,Reefer,29928.0,1.02888,1.90967,3711.34,3687.542576954941,-23.797423045059077,23.797423045059077,0.6412083787812239,1500+
TR-044693,New York,Milwaukee,914.1,Dry Van,17572.0,1.07095,2.12622,362.69,1823.4483410382059,1460.7583410382058,1460.7583410382058,402.7567181444776,751-1000
TR-044694,San Antonio,Baltimore,1827.8,Flatbed,19462.0,0.99384,2.01733,3873.54,3891.1149892587364,17.574989258736423,17.574989258736423,0.45371905953562947,1500+
TR-044695,Dayton,Green Bay,371.2,Dry Van,24736.0,1.02439,1.88663,833.33,851.6603818881661,18.330381888166016,18.330381888166016,2.1996546251984226,251-500
TR-044696,Dayton,Amarillo,1316.1,Dry Van,24662.0,1.03409,2.17819,2599.36,2654.449616854355,55.08961685435497,55.08961685435497,2.1193531043931957,1001-1500
TR-044697,Nashville,Philadelphia,1011.5,Dry Van,30819.0,1.0586,2.11334,2073.63,2133.112083995535,59.48208399553505,59.48208399553505,2.868500359058031,1001-1500
TR-044698,Mobile,Memphis,329.2,Dry Van,35662.0,0.99579,1.60774,838.28,869.7793515303788,31.499351530378817,31.499351530378817,3.7576169693156003,251-500
TR-044699,Savannah,Nashville,418.7,Dry Van,27309.0,1.00637,1.83019,961.44,1010.8015248863285,49.361524886328425,49.361524886328425,5.134124322508781,251-500
TR-044700,Grand Rapids,Richmond,712.6,Reefer,30616.0,0.99498,1.81738,1654.14,1730.6629182056126,76.52291820561254,76.52291820561254,4.626145199657377,501-750
TR-044701,Madison,Charleston,877.8,Dry Van,23606.0,1.0558,2.21655,1747.88,1796.0254875796381,48.14548757963803,48.14548757963803,2.7545076080530717,751-1000
TR-044702,Houston,New Orleans,250.7,Flatbed,30979.0,1.01776,1.33737,710.97,734.8799100089316,23.909910008931547,23.909910008931547,3.362998440008938,251-500
TR-044703,Houston,Corpus Christi,201.7,Reefer,23494.0,0.99101,1.16947,610.44,673.0197551007932,62.579755100793136,62.579755100793136,10.251581662537372,0-250
TR-044704,Fort Wayne,Memphis,548.2,Dry Van,41478.0,0.99471,1.81557,1258.79,1256.054120102671,-2.735879897328914,2.735879897328914,0.2173420425431497,501-750
TR-044705,Oklahoma City,Indianapolis,836.9,Dry Van,20786.0,1.02795,1.95974,1787.06,1765.4570074891585,-21.602992510841432,21.602992510841432,1.2088565862836969,751-1000
TR-044706,Memphis,St. Louis,238.2,Dry Van,47500.0,1.02708,1.51926,637.89,664.5587959777874,26.668795977787454,26.668795977787454,4.180782890120155,0-250
TR-044707,Oklahoma City,Jacksonville,976.1,Reefer,28182.0,1.04445,1.72404,2339.21,2297.2882156889127,-41.92178431108732,41.92178431108732,1.7921342808506855,751-1000
TR-044708,New York,Lexington,773.3,Dry Van,23509.0,1.01749,2.06408,1608.79,1569.4804086963104,-39.30959130368956,39.30959130368956,2.4434258855220112,751-1000
TR-044709,Tucson,Fort Wayne,2027.2,Dry Van,25146.0,1.03209,2.26549,3775.5,3875.3361386209494,99.83613862094944,99.83613862094944,2.644315683245913,1500+
TR-044710,New York,Raleigh,461.2,Dry Van,27069.0,0.99255,1.98101,1003.34,1039.9715690837413,36.63156908374128,36.63156908374128,3.6509626929795767,251-500
TR-044711,Austin,Baton Rouge,525.4,Dry Van,32609.0,0.9995,1.78367,1226.9,1296.6928240516684,69.79282405166828,69.79282405166828,5.688550334311539,501-750
TR-044712,Lexington,Tucson,1952.7,Dry Van,30698.0,1.0242,2.20572,3849.77,3857.8955360059226,8.12553600592264,8.12553600592264,0.2110654923780548,1500+
TR-044713,Shreveport,Austin,579.4,Dry Van,25757.0,1.04055,1.8322,1328.5,1444.1695087367755,115.66950873677547,115.66950873677547,8.706775215414037,501-750
TR-044714,Boston,Cincinnati,1122.4,Dry Van,21949.0,1.00685,2.22466,2169.55,2242.6761806931922,73.12618069319205,73.12618069319205,3.3705690439580582,1001-1500
TR-044715,Madison,New York,956.0,Flatbed,33413.0,1.00745,1.95245,2089.85,2204.465556890843,114.61555689084298,114.61555689084298,5.4843915539796155,751-1000
TR-044716,Jacksonville,Detroit,940.7,Dry Van,30312.0,0.95213,2.07078,1909.37,1889.9115516763175,-19.458448323682433,19.458448323682433,1.0191030718866658,751-1000
TR-044717,Tucson,Atlanta,1838.9,Dry Van,38679.0,1.00603,2.06232,3714.5,3788.9865534812297,74.48655348122975,74.48655348122975,2.0052915192146923,1500+
TR-044718,Columbia,Grand Rapids,749.8,Dry Van,25477.0,1.01305,2.16758,1525.78,1573.6204098859375,47.84040988593756,47.84040988593756,3.1354723410935756,501-750
TR-044719,Boston,New Orleans,1536.8,Dry Van,27997.0,1.0231,2.14859,3046.89,3105.2324203042317,58.34242030423184,58.34242030423184,1.9148187267749028,1500+
TR-044720,Lubbock,Kansas City,973.7,Reefer,22934.0,1.0131,1.81391,2290.09,2279.542375943252,-10.547624056748191,10.547624056748191,0.4605768357028846,751-1000
TR-044721,Shreveport,Phoenix,1663.5,Dry Van,24336.0,1.00695,2.16332,3221.15,3322.1875958517226,101.03759585172247,101.03759585172247,3.1366932881648624,1500+
TR-044722,Dayton,Richmond,586.5,Dry Van,33927.0,1.0619,1.886,1288.83,1310.0342970984973,21.204297098497364,21.204297098497364,1.6452361520524323,501-750
TR-044723,Lubbock,Greensboro,1234.4,Dry Van,33894.0,1.03187,2.0783,2573.69,2613.846662615755,40.15666261575507,40.15666261575507,1.5602758147156444,1001-1500
TR-044724,Green Bay,Memphis,722.3,Reefer,29098.0,0.98855,1.74503,1717.37,1741.436269890904,24.066269890904096,24.066269890904096,1.4013444913387387,501-750
TR-044725,Grand Rapids,Raleigh,863.0,Flatbed,43167.0,1.02957,1.84766,1955.02,1960.1694179426297,5.149417942629725,5.149417942629725,0.26339464264456247,751-1000
TR-044726,Montgomery,Madison,861.2,Dry Van,45918.0,1.00426,2.01548,1835.97,1954.356254923442,118.38625492344204,118.38625492344204,6.448158462471721,751-1000
TR-044727,El Paso,Charleston,2061.9,Dry Van,10517.0,1.00189,2.37836,3745.12,3872.218680163162,127.09868016316204,127.09868016316204,3.393714491475895,1500+
TR-044728,Syracuse,New York,315.7,Dry Van,34771.0,1.05583,1.71453,750.33,719.2614619639462,-31.068538036053837,31.068538036053837,4.1406498522055415,251-500
TR-044729,Fresno,Corpus Christi,1689.5,Dry Van,37138.0,1.03461,2.10856,3518.45,3481.2434018006807,-37.20659819931916,37.20659819931916,1.0574712785266,1500+
TR-044730,Nashville,Salt Lake City,1659.7,Flatbed,26516.0,1.02682,2.01467,3543.04,3547.4535953390464,4.413595339046424,4.413595339046424,0.12457085833200934,1500+
TR-044731,Amarillo,Philadelphia,2134.7,Flatbed,19255.0,0.90783,2.14289,4130.04,4191.345609266554,61.3056092665538,61.3056092665538,1.4843829422125163,1500+
TR-044732,Montgomery,Austin,952.7,Dry Van,33402.0,0.91691,1.9676,2066.18,2173.294498390782,107.11449839078205,107.11449839078205,5.184180390420102,751-1000
TR-044733,Memphis,Reno,1877.8,Reefer,29709.0,0.94094,2.05048,3996.28,4031.528996444763,35.248996444762724,35.248996444762724,0.8820452131673138,1500+
TR-044734,Milwaukee,New York,922.3,Reefer,34955.0,0.95779,1.82049,2143.64,2142.954185479642,-0.6858145203577806,0.6858145203577806,0.031992989511195,751-1000
TR-044735,Raleigh,Houston,1218.3,Dry Van,35202.0,0.97322,2.04875,2526.69,2516.9288677078116,-9.76113229218845,9.76113229218845,0.38632092944478547,1001-1500
TR-044736,Milwaukee,Mobile,655.2,Dry Van,31495.0,0.93752,1.90411,1451.28,1389.6081827333082,-61.67181726669173,61.67181726669173,4.24947751410422,501-750
TR-044737,Milwaukee,Cincinnati,246.2,Dry Van,39392.0,0.94017,1.62453,624.8,626.1250313556525,1.325031355652527,1.325031355652527,0.2120728802260767,0-250
TR-044738,Kansas City,Fresno,1939.9,Reefer,30806.0,0.90376,1.91854,4266.12,4161.047903206301,-105.07209679369862,105.07209679369862,2.462942833152809,1500+
TR-044739,Lexington,Shreveport,627.8,Dry Van,36794.0,0.89075,1.78857,1446.63,1388.1306263654835,-58.49937363451659,58.49937363451659,4.043837998279905,501-750
TR-044740,Boston,Charleston,781.7,Dry Van,38338.0,0.92086,2.02591,1659.78,1673.377478004611,13.597478004611048,13.597478004611048,0.8192337541488058,751-1000
TR-044741,Lexington,Chattanooga,212.2,Flatbed,31724.0,0.92812,1.36352,592.16,652.0068546356699,59.846854635669956,59.846854635669956,10.106534489946966,0-250
TR-044742,Los Angeles,Mobile,1995.0,Dry Van,23267.0,0.93438,2.20563,3718.09,3774.6917285879426,56.60172858794249,56.60172858794249,1.522333471969277,1500+
TR-044743,Mobile,New York,1182.9,Flatbed,39728.0,0.95993,1.95556,2569.64,2666.173245797237,96.53324579723721,96.53324579723721,3.7566836520772258,1001-1500
TR-044744,El Paso,Tampa,1731.4,Reefer,11543.0,0.90712,2.1307,3529.82,3608.3055023496236,78.4855023496234,78.4855023496234,2.223498715221269,1500+
TR-044745,Little Rock,Indianapolis,398.9,Flatbed,27149.0,0.91695,1.70506,995.91,1013.1104618191937,17.20046181919372,17.20046181919372,1.7271100620732516,251-500
TR-044746,Green Bay,Oklahoma City,1220.0,Dry Van,39017.0,0.91783,2.1002,2469.04,2537.8323354571235,68.7923354571235,68.7923354571235,2.7861976904838928,1001-1500
TR-044747,Shreveport,Cincinnati,533.4,Dry Van,25182.0,0.97666,1.96828,1185.3,1198.3143568590006,13.0143568590006,13.0143568590006,1.0979799931663377,501-750
TR-044748,Columbia,Tampa,586.5,Dry Van,27337.0,0.91314,1.99307,1222.96,1311.953242428043,88.993242428043,88.993242428043,7.2768727045891115,501-750
TR-044749,New York,Buffalo,332.3,Flatbed,34316.0,0.94152,1.63425,830.84,834.8328157724904,3.9928157724904167,3.9928157724904167,0.48057577541890334,251-500
TR-044750,Lexington,Philadelphia,817.3,Reefer,32994.0,1.0558,1.89392,1833.98,1917.7585757292472,83.77857572924722,83.77857572924722,4.568129190571719,751-1000
TR-044751,Fort Wayne,Fresno,2241.6,Reefer,28804.0,0.93054,2.02589,4593.62,4639.849664188876,46.229664188876086,46.229664188876086,1.006388516875059,1500+
TR-044752,Philadelphia,Richmond,253.3,Dry Van,22967.0,0.91745,1.86072,576.81,585.4338306083919,8.623830608391927,8.623830608391927,1.4950903431618605,251-500
TR-044753,Fort Wayne,Corpus Christi,1247.9,Flatbed,32887.0,0.95705,2.00511,2696.69,2793.9273825451396,97.23738254513955,97.23738254513955,3.605804988528142,1001-1500
TR-044754,Albany,Mobile,1499.4,Dry Van,47500.0,0.92567,2.2078,2900.53,3073.7588062119075,173.22880621190734,173.22880621190734,5.972315618590648,1001-1500
TR-044755,Tampa,Houston,582.0,Dry Van,37801.0,0.91395,1.7394,1409.03,1381.6059908077866,-27.42400919221336,27.42400919221336,1.9463041377552899,501-750
TR-044756,New York,Hartford,114.6,Flatbed,27047.0,1.0558,1.20776,330.59,359.05138134567983,28.461381345679854,28.461381345679854,8.609268684981352,0-250
TR-044757,Oklahoma City,Toledo,1249.6,Dry Van,42555.0,0.93392,2.01123,2634.45,2571.8056178888596,-62.6443821111402,62.6443821111402,2.3778922397897175,1001-1500
TR-044758,Washington,San Antonio,1591.9,Dry Van,33646.0,0.95025,2.17584,3226.88,3265.715034887655,38.83503488765473,38.83503488765473,1.203485561522422,1500+
TR-044759,Birmingham,Toledo,710.5,Dry Van,31387.0,0.99897,1.98552,1539.47,1528.315701854658,-11.154298145341954,11.154298145341954,0.7245544340157297,501-750
TR-044760,Lexington,Raleigh,524.0,Flatbed,45051.0,0.91683,1.70418,1278.47,1276.33216150304,-2.1378384969600575,2.1378384969600575,0.16721851095137605,501-750
TR-044761,Lexington,Mobile,468.3,Flatbed,40945.0,0.93177,1.67736,1171.99,1210.736970819908,38.74697081990803,38.74697081990803,3.3060837396145044,251-500
TR-044762,Bakersfield,Fresno,220.4,Reefer,39040.0,0.96217,1.10835,652.79,680.16411087349,27.374110873490054,27.374110873490054,4.1934022998958405,0-250
TR-044763,Toledo,Baton Rouge,1054.5,Reefer,38965.0,0.90109,1.85144,2435.68,2570.9698304836843,135.28983048368445,135.28983048368445,5.554499379380069,1001-1500
TR-044764,Montgomery,Baton Rouge,464.4,Dry Van,30826.0,0.9274,1.7823,1097.91,1181.23632072148,83.32632072147999,83.32632072147999,7.589540191953802,251-500
TR-044765,Shreveport,Washington,1131.8,Reefer,27346.0,0.95582,1.8756,2539.48,2543.5191661432855,4.039166143285456,4.039166143285456,0.15905485151627324,1001-1500
TR-044766,Oklahoma City,Baton Rouge,446.3,Dry Van,21285.0,0.93471,1.81224,1029.56,1014.708516138478,-14.851483861521956,14.851483861521956,1.4425078539883014,251-500
TR-044767,Shreveport,Buffalo,1172.6,Dry Van,34918.0,0.91444,2.0751,2369.47,2395.1341324360883,25.664132436088494,25.664132436088494,1.0831170023713528,1001-1500
TR-044768,Memphis,Syracuse,995.6,Dry Van,36127.0,0.921,2.12398,2008.85,2047.7574251719082,38.907425171908244,38.907425171908244,1.9368009145485352,751-1000
TR-044769,Richmond,Nashville,768.6,Flatbed,42522.0,0.94612,1.87681,1774.03,1803.8612381103453,29.83123811034534,29.83123811034534,1.681552065655335,751-1000
TR-044770,Albany,Tampa,1620.0,Reefer,43679.0,0.95809,2.00064,3453.25,3634.3228080037184,181.07280800371836,181.07280800371836,5.243547614673666,1500+
TR-044771,Lubbock,Shreveport,590.0,Dry Van,38100.0,0.96007,1.70578,1450.86,1429.999289686441,-20.86071031355891,20.86071031355891,1.4378169026342247,501-750
TR-044772,Los Angeles,Chattanooga,2089.2,Flatbed,34499.0,0.91441,2.15415,4264.86,4347.765252670213,82.90525267021349,82.90525267021349,1.943914985959996,1500+
TR-044773,Philadelphia,Milwaukee,997.0,Dry Van,26260.0,0.86493,2.28918,1850.81,1942.7659434414772,91.9559434414773,91.9559434414773,4.968416176780831,751-1000
TR-044774,San Francisco,San Antonio,1623.4,Dry Van,18476.0,0.94079,2.14863,3135.88,3182.713061675116,46.833061675115914,46.833061675115914,1.493458349015776,1500+
TR-044775,Cincinnati,Columbia,313.8,Dry Van,30428.0,0.91459,1.70473,765.24,750.5303618131129,-14.709638186887105,14.709638186887105,1.9222254700338595,251-500
TR-044776,Green Bay,Tucson,1877.7,Dry Van,35008.0,0.93277,2.20118,3622.4,3693.875682477888,71.47568247788786,71.47568247788786,1.9731581956130704,1500+
TR-044777,Austin,Chattanooga,1008.7,Dry Van,26142.0,0.94479,2.09579,2038.84,2044.2300344007767,5.390034400776813,5.390034400776813,0.26436769931808346,1001-1500
TR-044778,Boston,San Antonio,2035.8,Flatbed,26961.0,0.92265,2.19219,3969.34,4225.169730894091,255.82973089409097,255.82973089409097,6.4451453111623325,1500+
TR-044779,Phoenix,Philadelphia,3031.5,Dry Van,33151.0,0.94945,2.34016,5512.17,5503.732303108917,-8.437696891082851,8.437696891082851,0.15307395982131994,1500+
TR-044780,Hartford,St. Louis,1101.4,Dry Van,24168.0,0.98159,2.16954,2181.21,2211.4552503449218,30.245250344921715,30.245250344921715,1.3866271631306346,1001-1500
TR-044781,Dallas,Toledo,1035.2,Dry Van,33678.0,0.97969,2.0597,2154.25,2284.1908622589963,129.94086225899628,129.94086225899628,6.0318376353253464,1001-1500
TR-044782,Bakersfield,San Antonio,1293.8,Dry Van,30353.0,0.91753,2.04271,2695.97,2656.240204357532,-39.72979564246771,39.72979564246771,1.4736735068442048,1001-1500
TR-044783,Phoenix,Washington,2638.6,Dry Van,45230.0,0.90649,2.26933,4912.78,4995.365899030609,82.58589903060965,82.58589903060965,1.6810420786318472,1500+
TR-044784,Washington,Atlanta,674.2,Flatbed,35333.0,0.93621,1.86391,1551.1,1636.3309731797667,85.2309731797668,85.2309731797668,5.494872876008434,501-750
TR-044785,Reno,Cincinnati,1981.9,Dry Van,36645.0,0.88498,2.26433,3763.44,3791.0158820061733,27.575882006173288,27.575882006173288,0.7327307465024895,1500+
TR-044786,Los Angeles,Buffalo,2721.3,Dry Van,34466.0,0.9022,2.36142,4836.65,4884.133599291109,47.483599291109385,47.483599291109385,0.9817456150664073,1500+
TR-044787,Albany,Montgomery,1415.2,Dry Van,41223.0,0.9627,2.2267,2770.88,2942.1010991080116,171.22109910801146,171.22109910801146,6.17930401562,1001-1500
TR-044788,Nashville,Houston,609.9,Dry Van,29142.0,0.93306,1.90726,1366.29,1321.2222600829373,-45.06773991706268,45.06773991706268,3.2985486183067048,501-750
TR-044789,San Francisco,Milwaukee,2181.5,Dry Van,20126.0,0.95443,2.25603,4022.24,3952.7804894615438,-69.45951053845602,69.45951053845602,1.7268862757681296,1500+
TR-044790,Lexington,Albuquerque,1641.8,Dry Van,43469.0,0.99021,2.19652,3331.13,3362.8529567478336,31.72295674783345,31.72295674783345,0.9523181847551265,1500+
TR-044791,Cincinnati,Detroit,539.8,Dry Van,35178.0,0.87568,1.84318,1225.76,1223.552010532667,-2.2079894673329363,2.2079894673329363,0.18013228261102796,501-750
TR-044792,Greensboro,Raleigh,374.2,Dry Van,47500.0,0.93243,1.7383,913.55,930.2328913966048,16.682891396604873,16.682891396604873,1.8261607352202809,251-500
TR-044793,San Antonio,Providence,2074.4,Dry Van,46189.0,0.90668,2.06479,4235.01,4087.304915675908,-147.70508432409224,147.70508432409224,3.487715125208494,1500+
TR-044794,Nashville,Mobile,304.8,Reefer,8793.0,0.86639,1.49501,815.47,785.5552504507832,-29.914749549216822,29.914749549216822,3.668405894664037,251-500
TR-044795,Savannah,Lubbock,1237.2,Reefer,30393.0,0.93823,1.83992,2868.54,2866.472471051848,-2.067528948151903,2.067528948151903,0.07207600201328561,1001-1500
TR-044796,Atlanta,Savannah,308.5,Reefer,37557.0,0.92504,1.39454,843.59,836.8752235719139,-6.714776428086111,6.714776428086111,0.7959762951298749,251-500
TR-044797,Dallas,Fort Wayne,957.4,Reefer,35119.0,0.91632,1.7272,2296.11,2479.087700186028,182.97770018602796,182.97770018602796,7.969030237489839,751-1000
TR-044798,Bakersfield,Tulsa,1447.6,Dry Van,24463.0,0.93174,2.20691,2811.96,2948.787079297754,136.82707929775415,136.82707929775415,4.865897071713472,1001-1500
TR-044799,Albany,Atlanta,1179.2,Dry Van,37164.0,0.97095,2.09411,2415.75,2480.019895776321,64.26989577632094,64.26989577632094,2.6604531005410714,1001-1500
TR-044800,Lubbock,Fresno,1426.2,Dry Van,29515.0,0.93423,2.1662,2823.06,2979.8888457320954,156.8288457320955,156.8288457320955,5.555278518065344,1001-1500
TR-044801,Mobile,Nashville,310.9,Dry Van,26813.0,0.9349,1.72997,745.09,737.7181567255716,-7.371843274428443,7.371843274428443,0.9893896407720466,251-500
TR-044802,Milwaukee,Baltimore,1012.6,Dry Van,34892.0,0.88915,2.12114,2086.52,2083.364760114985,-3.1552398850149075,3.1552398850149075,0.15122020805048156,1001-1500
TR-044803,Tulsa,Dallas,136.3,Dry Van,28785.0,0.91335,1.38933,374.65,415.9513450709426,41.3013450709426,41.3013450709426,11.023981067914749,0-250
TR-044804,Richmond,Tampa,1012.8,Flatbed,28121.0,0.96967,1.96245,2215.66,2302.4551031831043,86.7951031831044,86.7951031831044,3.9173475706157266,1001-1500
TR-044805,Providence,Atlanta,1131.2,Reefer,37755.0,0.9405,1.82111,2603.08,2663.7921680453296,60.71216804532969,60.71216804532969,2.33232048363207,1001-1500
TR-044806,Buffalo,St. Louis,750.1,Flatbed,29016.0,1.0558,1.86643,1687.27,1715.5386088987211,28.26860889872114,28.26860889872114,1.6754051751480876,751-1000
TR-044807,Corpus Christi,El Paso,1076.8,Dry Van,32740.0,0.98875,2.09166,2232.09,2284.742709971056,52.65270997105563,52.65270997105563,2.3588972653905365,1001-1500
TR-044808,Harrisburg,Phoenix,2594.3,Reefer,33006.0,0.96102,2.12407,5298.97,5313.144331909103,14.174331909102875,14.174331909102875,0.26749220903501764,1500+
TR-044809,Syracuse,Shreveport,1261.1,Reefer,32049.0,0.91214,2.00324,2749.99,2894.0555343148944,144.06553431489465,144.06553431489465,5.238765752417087,1001-1500
TR-044810,Bakersfield,San Francisco,402.3,Dry Van,40956.0,0.95653,1.75143,954.62,964.8197420311412,10.199742031141227,10.199742031141227,1.0684609615492267,251-500
TR-044811,Tulsa,Bakersfield,1454.8,Flatbed,7735.0,0.92627,2.10158,2995.69,3136.973496905116,141.28349690511595,141.28349690511595,4.71622554086424,1001-1500
TR-044812,San Antonio,Lexington,1071.3,Dry Van,34801.0,0.92785,2.02855,2266.03,2271.2440502441086,5.214050244108421,5.214050244108421,0.23009625839500888,1001-1500
TR-044813,Chattanooga,Dallas,547.0,Dry Van,33382.0,0.92901,1.86052,1260.72,1275.980867210062,15.26086721006186,15.26086721006186,1.2104882297466417,501-750
TR-044814,Green Bay,Chattanooga,760.0,Dry Van,25168.0,0.88624,2.07615,1530.36,1534.2385011784986,3.878501178498709,3.878501178498709,0.2534371767753149,751-1000
TR-044815,Shreveport,Baltimore,1331.7,Flatbed,22556.0,0.91965,2.04621,2836.3,2852.8158460001187,16.515846000118472,16.515846000118472,0.5823025067911882,1001-1500
TR-044816,Lexington,Phoenix,2136.4,Reefer,27152.0,0.90965,2.1678,4245.61,4534.27175734833,288.66175734832996,288.66175734832996,6.799064382935079,1500+
TR-044817,Memphis,Charleston,683.3,Dry Van,35007.0,0.94149,1.85701,1560.25,1455.4035107698692,-104.84648923013083,104.84648923013083,6.719851897460716,501-750
TR-044818,Nashville,Baton Rouge,502.5,Dry Van,22338.0,0.90358,2.02869,1092.72,1097.0120479776851,4.292047977685115,4.292047977685115,0.3927857070141587,501-750
TR-044819,Lexington,Philadelphia,791.3,Reefer,16611.0,0.92192,1.91546,1765.53,1792.7818466624722,27.25184666247219,27.25184666247219,1.5435504728026253,751-1000
TR-044820,Montgomery,Philadelphia,1080.2,Dry Van,42166.0,0.91119,2.03722,2297.87,2322.3252405095286,24.45524050952872,24.45524050952872,1.0642569209541324,1001-1500
TR-044821,Toledo,Buffalo,371.9,Dry Van,47500.0,0.91048,1.82644,845.88,885.7121596454183,39.8321596454183,39.8321596454183,4.708961040031482,251-500
TR-044822,Toledo,Charleston,730.1,Dry Van,19195.0,0.93329,2.17733,1429.24,1486.670215848792,57.43021584879193,57.43021584879193,4.018234575634039,501-750
TR-044823,Dayton,San Antonio,1193.6,Dry Van,32254.0,0.91808,2.16148,2375.68,2448.17781793319,72.49781793319016,72.49781793319016,3.0516659623009064,1001-1500
TR-044824,St. Louis,Harrisburg,730.2,Flatbed,35237.0,0.98567,1.83023,1693.39,1704.2476497310117,10.857649731011634,10.857649731011634,0.6411783305093116,501-750
TR-044825,Mobile,Baton Rouge,329.2,Dry Van,33077.0,0.9601,1.56368,850.11,860.948176079125,10.838176079124992,10.838176079124992,1.2749145497788512,251-500
TR-044826,Harrisburg,Tulsa,1190.0,Flatbed,17996.0,0.93287,2.06002,2482.78,2518.3404278136068,35.560427813606566,35.560427813606566,1.432282675613891,1001-1500
TR-044827,Fresno,Chattanooga,2204.7,Dry Van,29337.0,0.8836,2.27803,4042.27,4164.499984020692,122.22998402069197,122.22998402069197,3.0237956400906416,1500+
TR-044828,Kansas City,Montgomery,749.7,Dry Van,40611.0,0.92927,1.97123,1656.01,1632.1024392281886,-23.907560771811404,23.907560771811404,1.4436845654199797,501-750
TR-044829,New York,Buffalo,323.6,Dry Van,35368.0,0.94692,1.84259,743.88,732.8283510242011,-11.051648975798912,11.051648975798912,1.4856763155077315,251-500
TR-044830,Fresno,Richmond,2734.6,Dry Van,30849.0,0.90334,2.26756,4972.57,5122.776666498691,150.20666649869145,150.20666649869145,3.0207049171493106,1500+
TR-044831,Philadelphia,Montgomery,1055.3,Reefer,43013.0,0.93841,1.87975,2476.8,2510.105611350339,33.30561135033895,33.30561135033895,1.3447033006435298,1001-1500
TR-044832,Baltimore,Montgomery,1056.0,Flatbed,26627.0,0.94055,2.07634,2236.15,2293.03744104857,56.887441048570054,56.887441048570054,2.5439903874324195,1001-1500
TR-044833,Oklahoma City,San Antonio,200.6,Dry Van,37463.0,0.8897,1.24697,574.74,609.1154453924839,34.375445392483925,34.375445392483925,5.981042800654892,0-250
TR-044834,Oklahoma City,Kansas City,802.3,Flatbed,33982.0,0.92053,1.86006,1861.31,1846.95963604473,-14.35036395527004,14.35036395527004,0.7709819404220706,751-1000
TR-044835,Albuquerque,Reno,694.5,Reefer,30419.0,0.88558,1.84314,1599.63,1621.2205056953599,21.590505695359752,21.590505695359752,1.3497187284159307,501-750
TR-044836,Fresno,Montgomery,2296.4,Dry Van,47500.0,0.86496,2.2392,4403.49,4487.31572119935,83.82572119935048,83.82572119935048,1.9036201103976729,1500+
TR-044837,Oklahoma City,Fresno,1430.1,Dry Van,37258.0,0.94551,2.16923,2854.96,3075.5638702835017,220.6038702835017,220.6038702835017,7.727038917655649,1001-1500
TR-044838,Jacksonville,Tampa,355.4,Flatbed,44874.0,0.8666,1.49764,931.92,1001.5879270376388,69.66792703763883,69.66792703763883,7.475741162078164,251-500
TR-044839,Baton Rouge,Fort Wayne,1008.9,Dry Van,21787.0,0.97773,2.14051,2033.84,2008.668489461014,-25.171510538986013,25.171510538986013,1.2376347470295606,1001-1500
TR-044840,Kansas City,Indianapolis,181.3,Dry Van,40327.0,0.9751,1.36369,502.51,482.3728129113347,-20.137187088665314,20.137187088665314,4.007320667979805,0-250
TR-044841,Houston,Madison,978.0,Dry Van,30892.0,0.92457,2.1408,1954.46,1963.8243451942549,9.364345194254838,9.364345194254838,0.47912698107174556,751-1000
TR-044842,Tulsa,Atlanta,603.2,Dry Van,27859.0,0.93385,2.014,1326.6,1318.651446857654,-7.948553142345872,7.948553142345872,0.5991672804421734,501-750
TR-044843,Mobile,Columbia,428.0,Dry Van,30798.0,0.91957,1.7549,1007.0,990.5324019469676,-16.46759805303236,16.46759805303236,1.6353126169843457,251-500
TR-044844,Oklahoma City,Austin,239.2,Flatbed,39120.0,0.87822,1.28331,692.79,717.2100156600852,24.420015660085255,24.420015660085255,3.524879928995115,0-250
TR-044845,Albuquerque,Fresno,718.0,Flatbed,23711.0,0.94676,1.86956,1611.87,1668.066971407903,56.19697140790322,56.19697140790322,3.486445644369783,501-750
TR-044846,Indianapolis,Tulsa,549.8,Dry Van,20261.0,0.94983,1.93567,1215.94,1205.1222665005605,-10.817733499439555,10.817733499439555,0.889660139434475,501-750
TR-044847,Baltimore,Albuquerque,2374.8,Reefer,43949.0,0.95911,2.00106,5148.98,5088.860545887188,-60.11945411281158,60.11945411281158,1.1675992937011133,1500+
TR-044848,Shreveport,Grand Rapids,1000.7,Dry Van,30998.0,0.93381,2.09194,2077.18,1978.916866221555,-98.26313377844485,98.26313377844485,4.7306027295874635,1001-1500
TR-044849,Oklahoma City,Albuquerque,816.1,Dry Van,33850.0,0.96064,1.99922,1808.89,1766.6709046845467,-42.21909531545339,42.21909531545339,2.3339780371085794,751-1000
TR-044850,Mobile,Los Angeles,1994.0,Dry Van,39085.0,0.95388,2.11406,4011.46,3923.4103345848307,-88.04966541516933,88.04966541516933,2.194953094762738,1500+
TR-044851,Milwaukee,Toledo,315.9,Dry Van,37334.0,0.89439,1.72876,749.86,732.4189990467544,-17.441000953245634,17.441000953245634,2.3259009619456474,251-500
TR-044852,Greensboro,Richmond,431.3,Flatbed,28254.0,0.95708,1.73106,1039.91,1055.5629907609698,15.652990760969715,15.652990760969715,1.5052255253790918,251-500
TR-044853,Boston,Syracuse,559.0,Dry Van,20883.0,0.91193,2.12229,1146.55,1136.877317468977,-9.672682531022929,9.672682531022929,0.8436337299745262,501-750
TR-044854,St. Louis,Kansas City,135.0,Dry Van,26908.0,0.91625,1.49744,355.43,362.12463434104325,6.6946343410432405,6.6946343410432405,1.8835310303134907,0-250
TR-044855,New Orleans,Las Vegas,1563.3,Dry Van,30175.0,0.94171,2.16607,3116.69,3213.274607622316,96.58460762231607,96.58460762231607,3.09894816687948,1500+
TR-044856,Memphis,Baton Rouge,457.5,Dry Van,41212.0,0.9104,1.74378,1097.0,1134.8051426615411,37.80514266154114,37.80514266154114,3.4462299600310975,251-500
TR-044857,Shreveport,Boston,1598.5,Reefer,42006.0,0.94195,1.84855,3693.98,3676.8711643104652,-17.10883568953477,17.10883568953477,0.46315452951923863,1500+
TR-044858,Grand Rapids,San Antonio,1353.2,Reefer,33296.0,0.9299,1.92605,3019.09,3183.0133231920445,163.92332319204434,163.92332319204434,5.429560668679779,1001-1500
TR-044859,Toledo,Nashville,603.9,Flatbed,28739.0,0.92432,1.87251,1376.4,1404.8608653237643,28.46086532376421,28.46086532376421,2.067775742790192,501-750
TR-044860,Milwaukee,Nashville,369.8,Flatbed,33090.0,0.91096,1.55445,938.27,955.9210164051115,17.651016405111477,17.651016405111477,1.8812299663328762,251-500
TR-044861,Houston,Buffalo,1407.7,Dry Van,35078.0,0.93298,2.12841,2823.1,2855.965595131679,32.86559513167913,32.86559513167913,1.164166877959659,1001-1500
TR-044862,Fort Wayne,Phoenix,2209.0,Dry Van,18194.0,0.95907,2.36773,3892.95,4059.409677338331,166.4596773383314,166.4596773383314,4.275926414116067,1500+
TR-044863,Fort Wayne,Oklahoma City,1176.7,Reefer,19341.0,0.93477,1.99651,2514.31,2630.6795920712393,116.36959207123937,116.36959207123937,4.6282913432010915,1001-1500
TR-044864,Fort Wayne,Shreveport,856.5,Dry Van,17777.0,0.93814,2.14293,1722.2,1735.8776434004808,13.677643400480747,13.677643400480747,0.7941959935246049,751-1000
TR-044865,Nashville,Salt Lake City,1646.5,Flatbed,22911.0,0.88925,2.09757,3391.39,3414.6298283819015,23.23982838190159,23.23982838190159,0.6852596835486803,1500+
TR-044866,Corpus Christi,New Orleans,429.0,Reefer,34283.0,0.90194,1.34734,1201.66,1139.4218925829866,-62.23810741701345,62.23810741701345,5.179344191952254,251-500
TR-044867,Bakersfield,New York,2798.8,Dry Van,26832.0,1.0558,2.39338,4879.73,5052.375406347521,172.6454063475212,172.6454063475212,3.5380114544763996,1500+
TR-044868,Greensboro,Kansas City,619.8,Dry Van,39755.0,0.87995,1.93159,1401.87,1367.8095569408492,-34.06044305915066,34.06044305915066,2.4296434804333256,501-750
TR-044869,Syracuse,Milwaukee,750.3,Dry Van,31487.0,0.92753,2.08719,1541.11,1581.6084738718757,40.49847387187583,40.49847387187583,2.6278769115686638,751-1000
TR-044870,Baltimore,Tampa,1230.6,Dry Van,13906.0,0.89528,2.25692,2345.48,2437.1977210009813,91.71772100098133,91.71772100098133,3.9104030305515853,1001-1500
TR-044871,Tucson,Baton Rouge,1453.1,Reefer,17163.0,0.95756,1.99911,3189.26,3226.871100165293,37.611100165292555,37.611100165292555,1.1793049223108982,1001-1500
TR-044872,Grand Rapids,Richmond,751.3,Dry Van,28958.0,0.94412,2.09213,1523.39,1546.5216276169617,23.131627616961623,23.131627616961623,1.5184311054268194,751-1000
TR-044873,Philadelphia,Indianapolis,983.5,Reefer,30697.0,0.92281,1.93325,2187.08,2261.2465869730863,74.1665869730864,74.1665869730864,3.391123643080564,751-1000
TR-044874,Salt Lake City,New Orleans,1409.1,Flatbed,29262.0,0.89666,2.0669,2896.66,3119.511257238141,222.851257238141,222.851257238141,7.6933867709065265,1001-1500
TR-044875,Tulsa,Jacksonville,706.9,Flatbed,20230.0,0.96274,1.90556,1585.01,1654.7752496079825,69.76524960798247,69.76524960798247,4.401565265076086,501-750
TR-044876,Louisville,Montgomery,506.5,Dry Van,40567.0,0.88416,1.87275,1180.75,1169.0092353922516,-11.74076460774836,11.74076460774836,0.9943480506244641,501-750
TR-044877,Milwaukee,Raleigh,803.1,Dry Van,31989.0,0.83479,2.10926,1651.48,1646.6008572981957,-4.879142701804312,4.879142701804312,0.29544061701045804,751-1000
TR-044878,Jacksonville,Amarillo,1366.6,Dry Van,44305.0,0.87804,2.03369,2915.51,2903.855207693662,-11.654792306338095,11.654792306338095,0.39975140906181406,1001-1500
TR-044879,Bakersfield,Toledo,2146.4,Dry Van,40925.0,0.86364,2.24739,4106.96,4086.3274853420457,-20.63251465795429,20.63251465795429,0.5023792454261616,1500+
TR-044880,Indianapolis,Atlanta,369.3,Reefer,25715.0,0.84427,1.51904,972.47,962.0593869905153,-10.410613009484678,10.410613009484678,1.070533076545773,251-500
TR-044881,Chattanooga,Baltimore,951.7,Dry Van,24860.0,0.83484,2.19399,1839.31,1940.6740183063553,101.36401830635532,101.36401830635532,5.510980656134927,751-1000
TR-044882,Milwaukee,Reno,1833.2,Reefer,35390.0,0.83904,1.95993,3962.35,4068.746319883276,106.39631988327619,106.39631988327619,2.6851822752476733,1500+
TR-044883,Los Angeles,Lubbock,1195.8,Flatbed,38709.0,0.87524,1.9107,2680.49,2704.112498567527,23.622498567527145,23.622498567527145,0.881275385005247,1001-1500
TR-044884,Montgomery,Richmond,819.2,Dry Van,39379.0,0.88116,2.14413,1681.22,1841.9244846222045,160.70448462220452,160.70448462220452,9.558801621572698,751-1000
TR-044885,Indianapolis,Jacksonville,610.2,Dry Van,29350.0,0.88566,2.03846,1312.85,1311.971722206982,-0.8782777930180146,0.8782777930180146,0.06689856366058686,501-750
TR-044886,Montgomery,Nashville,352.7,Reefer,34457.0,0.87204,1.43663,958.68,1009.7668223159267,51.086822315926725,51.086822315926725,5.328871189127417,251-500
TR-044887,Toledo,Bakersfield,2144.2,Dry Van,28945.0,0.88927,2.34247,3864.18,4003.392209907036,139.21220990703614,139.21220990703614,3.6026326389307988,1500+
TR-044888,Hartford,Corpus Christi,1854.4,Reefer,22549.0,0.8785,2.07094,3843.11,3968.2403150541936,125.13031505419349,125.13031505419349,3.2559649620800206,1500+
TR-044889,New York,Bakersfield,2755.5,Dry Van,17075.0,0.898,2.38614,4837.8,4795.982386957499,-41.81761304250085,41.81761304250085,0.8643931754620044,1500+
TR-044890,Grand Rapids,San Antonio,1415.1,Dry Van,35126.0,0.85001,2.17256,2799.64,2942.468422403014,142.82842240301397,142.82842240301397,5.101671014952422,1001-1500
TR-044891,Shreveport,Cincinnati,546.7,Dry Van,40678.0,0.85485,1.90393,432.52,1280.7392546130939,848.2192546130939,848.2192546130939,196.11099015377184,501-750
TR-044892,Lubbock,Birmingham,961.7,Reefer,32955.0,0.93475,1.72892,2329.16,2297.3532349119646,-31.806765088035263,31.806765088035263,1.3655895296173413,751-1000
TR-044893,Shreveport,Las Vegas,1578.1,Dry Van,45113.0,0.86676,2.077,3231.04,3285.698873052772,54.65887305277192,54.65887305277192,1.6916804822215734,1500+
TR-044894,Cincinnati,Tulsa,621.0,Flatbed,32061.0,0.89311,1.72609,1505.96,1488.0065784800481,-17.953421519951917,17.953421519951917,1.1921579271661875,501-750
TR-044895,Savannah,Richmond,505.3,Reefer,16687.0,0.86985,1.81951,1172.21,1229.5657029080626,57.35570290806254,57.35570290806254,4.89295458220477,501-750
TR-044896,Los Angeles,Kansas City,1907.0,Flatbed,25731.0,0.85928,2.14863,3753.51,3906.892703415625,153.38270341562475,153.38270341562475,4.0863805722010795,1500+
TR-044897,Shreveport,Milwaukee,638.6,Dry Van,46738.0,0.87336,1.88947,1449.56,1423.8905679772781,-25.66943202272182,25.66943202272182,1.7708430159994633,501-750
TR-044898,Detroit,St. Louis,571.6,Reefer,21454.0,0.85016,1.87174,1316.22,1319.064414481322,2.844414481322019,2.844414481322019,0.21610479109282787,501-750
TR-044899,New York,Greensboro,684.5,Reefer,27893.0,0.89434,1.89843,1556.89,1535.3740169134048,-21.51598308659527,21.51598308659527,1.381984795752768,501-750
TR-044900,Bakersfield,San Antonio,1329.5,Reefer,43000.0,0.82375,1.79307,3117.01,3099.1823826207105,-17.827617379289677,17.827617379289677,0.5719461079460662,1001-1500
TR-044901,Birmingham,Buffalo,852.8,Dry Van,32097.0,0.81552,2.17013,1732.05,1744.9036877833696,12.85368778336965,12.85368778336965,0.7421083561888889,751-1000
TR-044902,Columbia,San Antonio,1130.2,Dry Van,39653.0,0.87118,2.03654,2452.86,2412.1060110962317,-40.75398890376846,40.75398890376846,1.661488584907759,1001-1500
TR-044903,Albany,Harrisburg,544.6,Flatbed,27082.0,0.8952,2.00283,1167.24,1238.8310126545098,71.59101265450977,71.59101265450977,6.13335840568433,501-750
TR-044904,Montgomery,Chattanooga,339.2,Dry Van,29137.0,0.84887,1.83104,796.65,906.284214024543,109.63421402454298,109.63421402454298,13.761904729121069,251-500
TR-044905,Hartford,Corpus Christi,1806.9,Dry Van,44631.0,0.83027,2.12781,3608.45,3625.3630760510214,16.913076051021562,16.913076051021562,0.4687075074068246,1500+
TR-044906,Cincinnati,Syracuse,769.1,Flatbed,23180.0,0.83794,2.0512,1577.46,1644.8941958744517,67.43419587445169,67.43419587445169,4.274859322864078,751-1000
TR-044907,Providence,Lexington,989.7,Reefer,24628.0,0.87243,2.03241,2122.59,2242.8308130766154,120.24081307661527,120.24081307661527,5.66481577113881,751-1000
TR-044908,Tampa,Memphis,631.5,Reefer,47500.0,0.89642,1.56703,1620.62,1595.6196093561587,-25.00039064384123,25.00039064384123,1.5426435958979423,501-750
TR-044909,Dayton,Harrisburg,467.4,Dry Van,24324.0,0.8147,2.07221,974.16,985.3890266507117,11.229026650711717,11.229026650711717,1.1526881262535638,251-500
TR-044910,Grand Rapids,Los Angeles,2327.0,Reefer,34530.0,0.90004,2.08107,4812.85,4843.077823366204,30.227823366203666,30.227823366203666,0.6280649379516017,1500+
TR-044911,Fresno,Columbia,2398.8,Dry Van,31785.0,0.83902,2.35908,4265.2,4520.512695940876,255.31269594087644,255.31269594087644,5.985948981076537,1500+
TR-044912,Greensboro,Chattanooga,315.5,Dry Van,25745.0,0.86,1.76724,746.79,782.6194601163102,35.8294601163102,35.8294601163102,4.797795915359098,251-500
TR-044913,Providence,Grand Rapids,1132.3,Reefer,41346.0,0.90843,1.86857,2585.31,2661.580675569499,76.27067556949896,76.27067556949896,2.9501559027543687,1001-1500
TR-044914,Oklahoma City,Birmingham,803.8,Reefer,27085.0,0.90216,1.65334,1979.4,1962.3731482135795,-17.026851786420593,17.026851786420593,0.8602026768930278,751-1000
TR-044915,Columbia,Cincinnati,329.1,Dry Van,35326.0,0.83928,1.73827,792.03,805.6467366395743,13.616736639574356,13.616736639574356,1.7192198072767895,251-500
TR-044916,Salt Lake City,Green Bay,1721.1,Reefer,27576.0,0.85003,2.07281,3526.26,3664.6523905472386,138.3923905472384,138.3923905472384,3.924622419992808,1500+
TR-044917,Shreveport,Montgomery,439.2,Flatbed,26421.0,0.86824,1.6331,1101.8,1183.2160222853315,81.41602228533156,81.41602228533156,7.389364883402756,251-500
TR-044918,Green Bay,Bakersfield,1977.2,Reefer,38426.0,0.88898,2.08202,4145.89,4243.99772473327,98.1077247332696,98.1077247332696,2.3663851364428288,1500+
TR-044919,Shreveport,Raleigh,1032.9,Flatbed,27761.0,0.88986,1.94187,2252.88,2234.673312968046,-18.20668703195406,18.20668703195406,0.8081516561891473,1001-1500
TR-044920,Kansas City,New Orleans,583.3,Dry Van,27845.0,0.8791,1.94452,1295.02,1274.4122968291501,-20.607703170849845,20.607703170849845,1.5913038540601572,501-750
TR-044921,Jacksonville,Birmingham,214.0,Reefer,35628.0,0.9151,1.1998,629.25,693.897155609008,64.647155609008,64.647155609008,10.273683847279777,0-250
TR-044922,Kansas City,Cincinnati,346.6,Dry Van,16102.0,0.81227,1.89849,766.12,817.1907225660868,51.07072256608683,51.07072256608683,6.666151851679479,251-500
TR-044923,Indianapolis,Bakersfield,1884.8,Dry Van,38630.0,0.91373,2.16156,3712.11,3716.63525952398,4.525259523979912,4.525259523979912,0.12190531864572741,1500+
TR-044924,Toledo,Tucson,2012.6,Reefer,39163.0,0.88731,1.95012,4374.85,4296.154304009301,-78.69569599069928,78.69569599069928,1.7988204393453322,1500+
TR-044925,Nashville,Phoenix,2007.3,Dry Van,35892.0,0.889,2.26728,3853.08,3909.9177817087248,56.83778170872483,56.83778170872483,1.475125917674298,1500+
TR-044926,Tulsa,Detroit,1111.3,Reefer,37506.0,0.91182,1.82466,2593.74,2748.725197449292,154.98519744929217,154.98519744929217,5.975355951224571,1001-1500
TR-044927,Green Bay,Atlanta,774.5,Reefer,25841.0,0.86274,1.97107,1755.06,1789.2939628008596,34.23396280085967,34.23396280085967,1.9505864643294062,751-1000
TR-044928,Savannah,Philadelphia,786.3,Dry Van,26611.0,0.87625,2.09351,1604.81,1594.7174079863498,-10.092592013650119,10.092592013650119,0.6288963811074282,751-1000
TR-044929,Little Rock,Green Bay,873.7,Reefer,33048.0,0.86628,1.85333,2067.28,2127.3749701908855,60.094970190885306,60.094970190885306,2.906958428025488,751-1000
TR-044930,Baltimore,Little Rock,1296.3,Dry Van,18740.0,0.86471,2.24612,2429.12,2537.676528695928,108.55652869592814,108.55652869592814,4.468965250622783,1001-1500
TR-044931,Hartford,Baton Rouge,1491.6,Dry Van,33588.0,0.89901,2.16874,2897.41,3089.7594922994112,192.3494922994114,192.3494922994114,6.638670132960519,1001-1500
TR-044932,San Antonio,Indianapolis,963.2,Dry Van,35854.0,0.86136,2.08597,2020.05,2081.93160834879,61.88160834879022,61.88160834879022,3.063370131867539,751-1000
TR-044933,Raleigh,Atlanta,580.2,Dry Van,17657.0,0.84184,2.07854,1222.18,1315.1733516572986,92.99335165729849,92.99335165729849,7.60880980357218,501-750
TR-044934,Lubbock,Memphis,850.2,Flatbed,41155.0,0.82476,1.76692,2026.79,2091.4545121657566,64.6645121657566,64.6645121657566,3.190489008025331,751-1000
TR-044935,Grand Rapids,Albany,874.3,Flatbed,30292.0,0.8832,2.07241,1802.29,2021.0341473054118,218.74414730541184,218.74414730541184,12.13701165214321,751-1000
TR-044936,Austin,Lubbock,70.0,Dry Van,34980.0,0.89892,0.94054,223.8,341.7018159554334,117.90181595543339,117.90181595543339,52.681776566324125,0-250
TR-044937,Green Bay,Boston,1168.4,Reefer,22187.0,0.84234,2.01095,2480.64,2564.2339050536043,83.59390505360443,83.59390505360443,3.3698523386547197,1001-1500
TR-044938,Cincinnati,Kansas City,325.1,Dry Van,31039.0,0.85196,1.77794,775.68,765.0819142634205,-10.598085736579492,10.598085736579492,1.3662961190928595,251-500
TR-044939,San Antonio,Dayton,1196.6,Reefer,36460.0,0.89251,1.82711,2807.38,2746.2794052280497,-61.100594771950455,61.100594771950455,2.1764276575294565,1001-1500
TR-044940,Madison,Houston,935.2,Dry Van,21841.0,0.87549,2.14413,1904.64,1878.6443681452492,-25.995631854750854,25.995631854750854,1.3648580232879102,751-1000
TR-044941,Tulsa,Richmond,1245.4,Dry Van,24156.0,0.88122,2.28301,2344.65,2529.4034988720236,184.75349887202356,184.75349887202356,7.8797901124698155,1001-1500
TR-044942,Kansas City,Albany,1240.3,Dry Van,17468.0,0.87534,2.28089,2284.16,2432.8016657407793,148.64166574077944,148.64166574077944,6.507497974781954,1001-1500
TR-044943,Harrisburg,San Antonio,1546.2,Dry Van,22665.0,0.87293,2.30304,2859.94,3118.983611198887,259.043611198887,259.043611198887,9.057658943855012,1500+
TR-044944,San Francisco,Tampa,2366.7,Dry Van,36999.0,0.86412,2.25397,4523.92,4541.239883002235,17.319883002234747,17.319883002234747,0.3828512219985045,1500+
TR-044945,Chattanooga,Las Vegas,1880.4,Dry Van,31459.0,0.83427,2.29108,3498.59,3643.5173165741494,144.92731657414924,144.92731657414924,4.142449288832051,1500+
TR-044946,Greensboro,San Francisco,2516.0,Flatbed,21997.0,0.83866,2.28539,4783.76,4878.8664737918225,95.10647379182228,95.10647379182228,1.9881113139418003,1500+
TR-044947,Buffalo,San Antonio,1555.5,Reefer,32844.0,0.89224,2.05364,3322.62,3590.9069702172837,268.28697021728385,268.28697021728385,8.07456074475215,1500+
TR-044948,Milwaukee,Baltimore,1011.9,Reefer,25367.0,0.87807,1.97228,2199.27,2242.2752208174493,43.0052208174493,43.0052208174493,1.9554316121917408,1001-1500
TR-044949,Baton Rouge,Charleston,938.8,Reefer,30950.0,0.86554,1.79944,2202.28,2178.4346163961704,-23.84538360382976,23.84538360382976,1.082758940908048,751-1000
TR-044950,Fort Wayne,Reno,2057.2,Dry Van,34074.0,0.86988,2.30597,3819.25,3922.687240326981,103.43724032698083,103.43724032698083,2.7083128972175383,1500+
TR-044951,Charleston,Bakersfield,2411.9,Dry Van,26416.0,0.86315,2.30504,4442.15,4538.4476391269545,96.29763912695489,96.29763912695489,2.1678160153744224,1500+
TR-044952,Tucson,Amarillo,644.1,Reefer,28750.0,0.85695,1.65093,1592.63,1557.7162302162774,-34.91376978372273,34.91376978372273,2.192208471755695,501-750
TR-044953,Salt Lake City,Phoenix,557.5,Reefer,28780.0,0.88509,1.71893,1353.73,1396.9452854204076,43.215285420407554,43.215285420407554,3.1923120135039893,501-750
TR-044954,Kansas City,El Paso,1344.7,Flatbed,42434.0,0.86742,1.86863,3049.31,3070.4655185117754,21.155518511775426,21.155518511775426,0.6937805113870164,1001-1500
TR-044955,Indianapolis,San Antonio,970.6,Dry Van,30544.0,0.89245,2.04198,2060.7,2066.0352349765963,5.335234976596439,5.335234976596439,0.258904012063689,751-1000
TR-044956,Mobile,Greensboro,501.8,Dry Van,16102.0,0.86314,2.03309,1090.6,1194.8292591525446,104.22925915254473,104.22925915254473,9.557056588349967,501-750
TR-044957,Richmond,Nashville,779.1,Dry Van,36319.0,0.87602,1.99893,1665.24,1688.9217895319669,23.681789531966842,23.681789531966842,1.4221247106703445,751-1000
TR-044958,Bakersfield,Syracuse,2634.3,Dry Van,33289.0,0.88333,2.40375,4609.39,4809.662609769705,200.272609769705,200.272609769705,4.344883157417901,1500+
TR-044959,Richmond,Atlanta,700.4,Dry Van,38622.0,0.85626,1.97572,1524.44,1521.4745798118734,-2.9654201881267,2.9654201881267,0.19452521503809267,501-750
TR-044960,Little Rock,Austin,647.5,Flatbed,40196.0,0.84107,1.67538,1626.35,1629.414872926207,3.0648729262070447,3.0648729262070447,0.18845100539287638,501-750
TR-044961,San Antonio,Montgomery,861.6,Flatbed,27777.0,0.87977,1.84654,1981.41,1993.5570607266122,12.147060726612153,12.147060726612153,0.6130513486159933,751-1000
TR-044962,New York,Baltimore,179.4,Flatbed,34574.0,0.90228,1.35402,502.61,495.46444015102406,-7.1455598489759495,7.1455598489759495,1.4216907441109308,0-250
TR-044963,Amarillo,Austin,445.0,Dry Van,21597.0,0.83921,1.77903,1050.72,1122.1605593843517,71.44055938435167,71.44055938435167,6.799200489602526,251-500
TR-044964,Hartford,Albuquerque,2347.0,Dry Van,21837.0,0.87061,2.41547,4121.83,4321.627939882015,199.79793988201527,199.79793988201527,4.847311506831074,1500+
TR-044965,New Orleans,Fort Wayne,859.5,Dry Van,33579.0,0.86272,1.96607,1868.9,1791.3561410449988,-77.54385895500127,77.54385895500127,4.149171114291897,751-1000
TR-044966,Tucson,Kansas City,1576.7,Dry Van,31604.0,0.90244,2.19724,3120.57,3152.511842111205,31.941842111205005,31.941842111205005,1.023589988726579,1500+
TR-044967,Detroit,Dayton,326.2,Reefer,30540.0,0.8611,1.64757,818.7,869.5747434776979,50.87474347769785,50.87474347769785,6.214088613374599,251-500
TR-044968,Greensboro,Baltimore,668.0,Flatbed,32402.0,0.81549,1.90063,1487.88,1555.559781577455,67.67978157745483,67.67978157745483,4.548739251650323,501-750
TR-044969,Chattanooga,Mobile,311.9,Flatbed,47354.0,0.80854,1.46307,849.59,879.8847628793276,30.29476287932755,30.29476287932755,3.5658097293197364,251-500
TR-044970,Syracuse,Corpus Christi,1608.0,Reefer,30924.0,0.85984,2.02326,3464.77,3628.2516929234243,163.48169292342436,163.48169292342436,4.71839957409653,1500+
TR-044971,New York,New Orleans,1357.4,Dry Van,15156.0,0.84497,2.37354,2384.04,2626.6119202120235,242.57192021202354,242.57192021202354,10.174825934632956,1001-1500
TR-044972,Fresno,Buffalo,2666.9,Dry Van,25860.0,0.92425,2.47083,4665.83,4699.792958199532,33.962958199532295,33.962958199532295,0.7279081792421133,1500+
TR-044973,Detroit,Bakersfield,2269.7,Dry Van,45396.0,0.87122,2.27284,4210.88,4335.63926952541,124.75926952540976,124.75926952540976,2.962783777391181,1500+
TR-044974,El Paso,Albuquerque,208.3,Flatbed,33388.0,0.84981,1.2884,593.57,656.0711416901631,62.50114169016308,62.50114169016308,10.52970023588845,0-250
TR-044975,Albany,Amarillo,2291.8,Dry Van,38341.0,0.85412,2.36272,4123.49,4362.44772361247,238.95772361247055,238.95772361247055,5.795035846151453,1500+
TR-044976,Birmingham,Cincinnati,322.1,Dry Van,37570.0,0.83414,1.73873,786.08,833.7515260040784,47.67152600407837,47.67152600407837,6.064462396203742,251-500
TR-044977,Richmond,Columbia,525.9,Dry Van,29238.0,0.84097,2.09884,1089.89,1129.6880354019856,39.798035401985544,39.798035401985544,3.6515644149396307,501-750
TR-044978,Atlanta,Bakersfield,2052.3,Dry Van,39661.0,0.90423,2.20129,3945.78,4047.686894401183,101.90689440118285,101.90689440118285,2.5826805955015955,1500+
TR-044979,El Paso,Birmingham,1598.2,Reefer,26384.0,0.84396,1.94727,3500.91,3501.553822395613,0.6438223956133697,0.6438223956133697,0.01839014415147404,1500+
TR-044980,Birmingham,Baltimore,1019.8,Dry Van,36583.0,0.881,2.05464,2147.73,2100.3402409748987,-47.389759025101284,47.389759025101284,2.2065044966127623,1001-1500
TR-044981,Detroit,Harrisburg,489.0,Dry Van,23727.0,0.84009,2.11594,983.62,1033.7809495085528,50.16094950855279,50.16094950855279,5.099626838469408,251-500
TR-044982,Savannah,Boston,948.6,Reefer,32810.0,0.84513,1.96984,2081.43,2220.2141700544803,138.78417005448046,138.78417005448046,6.667731802389726,751-1000
TR-044983,Richmond,Fort Wayne,612.5,Reefer,38633.0,0.85793,1.74513,313.05,1483.3236516467437,1170.2736516467437,1170.2736516467437,373.8296283810074,501-750
TR-044984,Lexington,Washington,560.4,Reefer,47500.0,0.88576,1.67943,1381.56,1397.6790224171955,16.119022417195538,16.119022417195538,1.1667261948229204,501-750
TR-044985,Lexington,Cincinnati,128.4,Dry Van,33431.0,0.88185,1.47875,352.69,390.49100471081783,37.801004710817836,37.801004710817836,10.717912248948888,0-250
TR-044986,Kansas City,Richmond,921.1,Dry Van,28919.0,0.85699,2.1883,1775.61,1849.7087091562335,74.09870915623355,74.09870915623355,4.173141013861915,751-1000
TR-044987,Amarillo,Grand Rapids,1385.1,Dry Van,37725.0,0.89417,2.13598,2815.42,2872.472183900291,57.052183900290856,57.052183900290856,2.0264182218031714,1001-1500
TR-044988,Austin,Madison,1184.3,Dry Van,26906.0,0.88841,2.07469,2413.61,2336.0163638448253,-77.59363615517486,77.59363615517486,3.214837366234597,1001-1500
TR-044989,Montgomery,Richmond,809.7,Dry Van,29645.0,0.85973,2.13001,1658.07,1792.2383717466328,134.16837174663283,134.16837174663283,8.091840015598427,751-1000
TR-044990,Savannah,Grand Rapids,850.6,Flatbed,30927.0,0.86238,2.03491,1805.16,1876.7908762706945,71.63087627069444,71.63087627069444,3.968117854965457,751-1000
TR-044991,Milwaukee,San Antonio,1044.0,Reefer,46222.0,0.87889,1.65822,2588.9,2581.0374146305926,-7.862585369407498,7.862585369407498,0.3037037108195565,1001-1500
TR-044992,Baton Rouge,Buffalo,1272.4,Dry Van,23123.0,0.88942,2.34184,2366.64,2458.849717453605,92.20971745360521,92.20971745360521,3.8962291456920024,1001-1500
TR-044993,Toledo,New York,686.5,Dry Van,44620.0,0.87131,2.07367,1431.36,1423.9385860721163,-7.421413927883577,7.421413927883577,0.5184868885454098,501-750
TR-044994,Buffalo,New York,350.6,Reefer,26381.0,0.87241,1.69931,864.2,885.473756093337,21.273756093336942,21.273756093336942,2.461670457456253,251-500
TR-044995,Tampa,Atlanta,523.5,Dry Van,27955.0,0.86391,1.98473,1150.82,1241.5994666172594,90.77946661725946,90.77946661725946,7.888242002855309,501-750
TR-044996,Charleston,Los Angeles,2571.0,Flatbed,25884.0,0.84946,2.20005,4984.52,5001.0504025293685,16.530402529368075,16.530402529368075,0.3316347919030935,1500+
TR-044997,Albuquerque,Chattanooga,1497.1,Reefer,27197.0,0.88404,1.92071,3322.65,3281.2843066197083,-41.36569338029176,41.36569338029176,1.244960901096768,1001-1500
TR-044998,Cincinnati,Mobile,456.0,Dry Van,45409.0,0.80939,1.77698,1079.12,1136.7802168078983,57.66021680789845,57.66021680789845,5.343262733328865,251-500
TR-044999,Baton Rouge,Fresno,1812.2,Reefer,31237.0,0.88255,2.01437,3867.4,4047.321830425351,179.9218304253509,179.9218304253509,4.65226846008561,1500+
TR-045000,Birmingham,Lexington,334.0,Reefer,37962.0,0.89097,1.32013,945.35,996.0185772259731,50.66857722597308,50.66857722597308,5.359769104138476,251-500
TR-045001,Las Vegas,Boston,2879.7,Flatbed,34110.0,0.88763,2.16518,5730.73,5830.040036006897,99.31003600689746,99.31003600689746,1.7329386658749841,1500+
TR-045002,Kansas City,Amarillo,1041.5,Reefer,19017.0,0.87879,1.97389,2294.83,2305.387100010636,10.557100010636077,10.557100010636077,0.4600384346830082,1001-1500
TR-045003,Richmond,Cincinnati,648.8,Dry Van,29905.0,0.85257,2.105,1383.94,1384.4886343482758,0.5486343482757547,0.5486343482757547,0.039642928759610584,501-750
TR-045004,Richmond,San Antonio,1620.9,Dry Van,29833.0,0.88397,2.27442,3086.31,3244.1904978462276,157.88049784622763,157.88049784622763,5.115510037754718,1500+
TR-045005,Cincinnati,Albany,1103.4,Reefer,31009.0,0.86634,1.95373,2404.85,2539.4746112243597,134.6246112243598,134.6246112243598,5.598046082889153,1001-1500
TR-045006,Oklahoma City,Amarillo,423.7,Dry Van,15744.0,0.87892,1.82692,986.83,1145.3968154825313,158.5668154825313,158.5668154825313,16.06830107338967,251-500
TR-045007,San Francisco,Memphis,2015.4,Reefer,36671.0,0.88352,1.99214,4289.52,4431.388511487406,141.86851148740516,141.86851148740516,3.3073283604553687,1500+
TR-045008,Atlanta,Savannah,295.8,Reefer,43692.0,0.8531,1.31245,841.8,854.7658942034147,12.965894203414791,12.965894203414791,1.540258280282109,251-500
TR-045009,Mobile,Fort Wayne,766.3,Dry Van,34632.0,0.85346,2.01489,1618.21,1646.6341367326904,28.424136732690386,28.424136732690386,1.756517184586079,751-1000
TR-045010,Columbia,Cincinnati,315.4,Dry Van,27471.0,0.89532,1.77305,754.57,749.8809354734644,-4.689064526535617,4.689064526535617,0.6214220717144356,251-500
TR-045011,Louisville,Phoenix,2007.3,Dry Van,28091.0,0.87211,2.34684,3683.59,3854.619802929713,171.0298029297128,171.0298029297128,4.643019525237955,1500+
TR-045012,Cincinnati,Mobile,471.7,Dry Van,26733.0,0.85532,1.91777,1055.09,1087.4957970786734,32.40579707867346,32.40579707867346,3.0713775202753757,251-500
TR-045013,Albuquerque,Green Bay,1547.1,Dry Van,11351.0,0.89059,2.34903,2762.18,3056.3287631465123,294.14876314651247,294.14876314651247,10.649152594925475,1500+
TR-045014,San Antonio,Nashville,863.8,Reefer,35906.0,0.82986,1.65168,2187.12,2080.6569652203966,-106.46303477960328,106.46303477960328,4.867727183675486,751-1000
TR-045015,Oklahoma City,Toledo,1230.9,Dry Van,24736.0,0.84142,2.22885,2335.28,2405.437400947527,70.15740094752664,70.15740094752664,3.0042393609128943,1001-1500
TR-045016,Raleigh,Houston,1244.3,Dry Van,45141.0,0.90733,2.05782,2617.89,2586.239821854961,-31.650178145038808,31.650178145038808,1.208995723465799,1001-1500
TR-045017,Hartford,Lexington,839.3,Flatbed,36134.0,0.86218,1.94986,1872.51,1914.8594711290107,42.34947112901068,42.34947112901068,2.261641920684572,751-1000
TR-045018,Boston,Green Bay,1172.6,Dry Van,38577.0,0.8583,2.2193,2281.0,2393.3503117061027,112.35031170610273,112.35031170610273,4.925484949851063,1001-1500
TR-045019,San Francisco,Lubbock,1553.7,Dry Van,22160.0,0.86802,2.17716,3022.71,3067.628155378631,44.91815537863113,44.91815537863113,1.4860226544601078,1500+
TR-045020,Jacksonville,Lubbock,1091.3,Reefer,22389.0,0.86158,1.95797,2392.62,2479.84917622058,87.22917622058003,87.22917622058003,3.6457597203308523,1001-1500
TR-045021,Bakersfield,Amarillo,828.4,Dry Van,25468.0,0.85079,2.1869,1658.02,1737.5418875487935,79.52188754879353,79.52188754879353,4.796195917346807,751-1000
TR-045022,Jacksonville,Reno,2304.8,Flatbed,32119.0,0.89358,2.16823,1384.9,4677.752125643026,3292.8521256430263,3292.8521256430263,237.76822338385634,1500+
TR-045023,Tampa,Albuquerque,1670.1,Flatbed,18116.0,0.85801,2.18206,3319.48,3466.3526565872207,146.87265658722072,146.87265658722072,4.424568203068575,1500+
TR-045024,Kansas City,Lexington,433.4,Reefer,44130.0,0.90819,1.46865,3362.18,1162.9894180586534,-2199.1905819413464,2199.1905819413464,65.409662241205,251-500
TR-045025,Buffalo,Grand Rapids,492.9,Dry Van,33290.0,0.88673,2.01374,1067.05,1090.5539674983754,23.50396749837546,23.50396749837546,2.202705355735482,251-500
TR-045026,Reno,Kansas City,1675.4,Reefer,23375.0,0.85194,2.15334,3341.53,3568.093052777561,226.56305277756064,226.56305277756064,6.780219024744971,1500+
TR-045027,Lubbock,Dayton,1246.6,Reefer,28068.0,0.89783,1.90467,2778.71,2801.2259780235845,22.515978023584466,22.515978023584466,0.8103032710712693,1001-1500
TR-045028,Savannah,New York,763.0,Dry Van,28968.0,0.88564,2.11229,1565.85,1571.8784525927854,6.02845259278547,6.02845259278547,0.3849955355101364,751-1000
TR-045029,Amarillo,Lexington,1349.9,Dry Van,27061.0,0.84519,2.15339,2688.28,2720.132620205758,31.85262020575783,31.85262020575783,1.184869887279518,1001-1500
TR-045030,Syracuse,Grand Rapids,563.3,Flatbed,12069.0,0.86605,1.9582,1216.24,1239.8904463259464,23.650446325946405,23.650446325946405,1.9445542266284948,501-750
TR-045031,Las Vegas,San Antonio,1221.9,Dry Van,36409.0,0.90409,2.08668,2555.23,2585.2701280648994,30.040128064899363,30.040128064899363,1.175633037530843,1001-1500
TR-045032,Reno,Boston,3062.2,Dry Van,27344.0,0.88802,2.39643,5345.38,5318.703702509849,-26.676297490151228,26.676297490151228,0.49905334120588674,1500+
TR-045033,Nashville,Philadelphia,1029.6,Reefer,30549.0,0.88739,1.89767,2284.89,2370.2248572492254,85.33485724922548,85.33485724922548,3.7347468477355794,1001-1500
TR-045034,Grand Rapids,Fort Wayne,204.2,Dry Van,43588.0,0.84951,1.65948,514.9,555.2416339778565,40.34163397785653,40.34163397785653,7.834848315761612,0-250
TR-045035,Philadelphia,Little Rock,1312.8,Dry Van,28767.0,0.86958,2.25445,2543.97,2624.7066459173425,80.73664591734268,80.73664591734268,3.1736477205840745,1001-1500
TR-045036,Greensboro,Detroit,633.1,Flatbed,32057.0,0.88165,1.86793,1451.04,1533.8996610924141,82.85966109241417,82.85966109241417,5.710363676563994,501-750
TR-045037,Detroit,Lexington,556.7,Reefer,36519.0,0.87445,1.6841,1369.27,1422.4616234385644,53.19162343856442,53.19162343856442,3.8846701847381757,501-750
TR-045038,Philadelphia,Shreveport,1367.9,Dry Van,26359.0,0.86446,2.25908,2571.86,2763.830333634081,191.97033363408082,191.97033363408082,7.464260637596168,1001-1500
TR-045039,Bakersfield,Columbia,2180.1,Dry Van,19147.0,0.89355,2.30481,3988.55,4092.274072033034,103.72407203303374,103.72407203303374,2.6005458633597103,1500+
TR-045040,Atlanta,Greensboro,268.3,Dry Van,15713.0,0.91057,1.77924,638.18,631.3581052603975,-6.821894739602499,6.821894739602499,1.0689609106525588,251-500
TR-045041,Los Angeles,Shreveport,1765.1,Dry Van,36624.0,0.88085,2.10115,3640.18,3536.6462924091893,-103.53370759081054,103.53370759081054,2.844191979265051,1500+
TR-045042,Shreveport,Tampa,534.2,Flatbed,34681.0,0.92077,1.63739,1355.62,1331.0201122114129,-24.59988778858701,24.59988778858701,1.8146595497696267,501-750
TR-045043,Milwaukee,Bakersfield,1878.1,Flatbed,30962.0,0.91171,2.0284,3927.57,3939.370912333535,11.800912333535052,11.800912333535052,0.30046345026403226,1500+
TR-045044,Charleston,Tucson,2311.7,Dry Van,39841.0,0.85896,2.19198,4503.52,4541.228042045916,37.708042045915136,37.708042045915136,0.8373015340425962,1500+
TR-045045,Harrisburg,Memphis,826.2,Flatbed,34822.0,0.87524,1.87615,1849.17,1884.2082944812455,35.03829448124543,35.03829448124543,1.8948119686802962,751-1000
TR-045046,Tampa,San Francisco,2471.3,Flatbed,28605.0,0.87986,2.17972,4879.94,4857.025340646158,-22.91465935384167,22.91465935384167,0.4695684650598506,1500+
TR-045047,Little Rock,Philadelphia,1299.7,Dry Van,42290.0,0.8415,2.1627,2605.57,2720.4817496881797,114.9117496881795,114.9117496881795,4.410234600804411,1001-1500
TR-045048,Hartford,St. Louis,1119.3,Reefer,29056.0,0.86573,2.00358,2474.28,2507.5172681356107,33.23726813561052,33.23726813561052,1.3433107059674134,1001-1500
TR-045049,Amarillo,Columbia,1401.3,Dry Van,22573.0,0.875,2.16297,2777.82,2844.1226281127438,66.3026281127436,66.3026281127436,2.386858331812126,1001-1500
TR-045050,Los Angeles,Chattanooga,2086.2,Dry Van,24570.0,0.86208,2.3505,3819.0,3986.5651807869335,167.56518078693352,167.56518078693352,4.387671662396793,1500+
TR-045051,Tucson,Louisville,1828.1,Reefer,34387.0,0.88567,2.07615,3824.2,4030.726430884756,206.52643088475634,206.52643088475634,5.400513333109052,1500+
TR-045052,Harrisburg,Las Vegas,2442.4,Reefer,30742.0,0.849,2.0863,4974.03,4968.039960056649,-5.990039943350894,5.990039943350894,0.12042629303303146,1500+
TR-045053,Oklahoma City,Austin,229.4,Reefer,47500.0,0.87299,1.09478,700.87,768.6732134313133,67.80321343131334,67.80321343131334,9.6741497611987,0-250
TR-045054,Grand Rapids,Oklahoma City,1214.7,Dry Van,22810.0,0.91656,2.19555,2315.28,2424.513809949372,109.23380994937179,109.23380994937179,4.717952470084473,1001-1500
TR-045055,Detroit,Little Rock,898.1,Dry Van,26964.0,0.8613,2.11556,1829.25,1839.9055766916126,10.655576691612623,10.655576691612623,0.5825106842483325,751-1000
TR-045056,Hartford,Dallas,1602.4,Dry Van,30192.0,0.93189,2.13082,3162.14,3128.5826053807814,-33.557394619218485,33.557394619218485,1.0612241905550825,1500+
TR-045057,Mobile,Lexington,496.9,Dry Van,29377.0,0.88659,1.85539,1143.08,1150.8412970162667,7.761297016266781,7.761297016266781,0.6789810876112592,251-500
TR-045058,Milwaukee,Louisville,199.9,Dry Van,36758.0,0.89634,1.57872,519.54,541.3468500110343,21.806850011034385,21.806850011034385,4.197338031919465,0-250
TR-045059,Oklahoma City,Fresno,1450.0,Dry Van,43351.0,0.859,2.1246,3007.71,3134.952309635186,127.24230963518585,127.24230963518585,4.23053783892682,1001-1500
TR-045060,Raleigh,Columbia,420.9,Reefer,29726.0,0.83227,1.72737,183.77,1100.8284116297907,917.0584116297907,917.0584116297907,499.0250920334063,251-500
TR-045061,Savannah,Jacksonville,220.1,Reefer,28716.0,0.84561,1.27737,627.77,693.1735724538723,65.40357245387236,65.40357245387236,10.41839725598107,0-250
TR-045062,San Antonio,Mobile,741.5,Dry Van,27915.0,0.87628,1.97985,1637.63,1589.416910404504,-48.21308959549606,48.21308959549606,2.944077086734858,501-750
TR-045063,Atlanta,Cincinnati,214.6,Reefer,33294.0,0.8863,1.25558,614.9,697.231239737107,82.33123973710701,82.33123973710701,13.38937058661685,0-250
TR-045064,Lexington,Memphis,317.0,Dry Van,26879.0,0.82895,1.82747,742.08,784.7075055947737,42.62750559477365,42.62750559477365,5.7443275111542755,251-500
TR-045065,Mobile,Phoenix,1932.6,Dry Van,41030.0,0.86176,2.14283,3874.45,3943.3171497373496,68.86714973734979,68.86714973734979,1.777469053345631,1500+
TR-045066,Albany,Tucson,2869.2,Dry Van,33849.0,0.84492,2.32668,5162.77,5268.217604370184,105.4476043701834,105.4476043701834,2.042461786408912,1500+
TR-045067,New York,Lexington,751.7,Dry Van,23931.0,0.9099,2.17828,1471.76,1546.3761131762674,74.61611317626739,74.61611317626739,5.069856034697735,751-1000
TR-045068,Baton Rouge,Houston,168.4,Dry Van,35451.0,0.89199,1.3534,477.88,521.5169753849991,43.63697538499912,43.63697538499912,9.131366741650439,0-250
TR-045069,Los Angeles,Fresno,431.5,Flatbed,39757.0,0.89972,1.67633,1067.9,1117.626232253633,49.726232253632816,49.726232253632816,4.656450253172845,251-500
TR-045070,Shreveport,Albany,1600.5,Dry Van,28578.0,0.89096,2.23671,3050.52,3282.870161892536,232.3501618925361,232.3501618925361,7.616739503184247,1500+
TR-045071,El Paso,Kansas City,1297.6,Dry Van,39105.0,0.87629,2.08427,2695.24,2744.5628105372034,49.32281053720362,49.32281053720362,1.8299969775308924,1001-1500
TR-045072,Hartford,Memphis,1161.0,Dry Van,31036.0,0.87569,2.14461,2331.4,2369.5613290655165,38.161329065516384,38.161329065516384,1.6368417717044,1001-1500
TR-045073,Little Rock,Baton Rouge,321.9,Dry Van,18116.0,0.87174,1.73194,778.13,923.4442792834277,145.3142792834277,145.3142792834277,18.6748074593484,251-500
TR-045074,Tampa,Buffalo,1205.1,Dry Van,31332.0,0.85965,2.25102,2334.39,2416.416136292093,82.02613629209327,82.02613629209327,3.5138145850561937,1001-1500
TR-045075,Nashville,Lexington,254.7,Dry Van,47500.0,0.87411,1.49018,679.14,678.5402643880702,-0.5997356119297592,0.5997356119297592,0.08830809728918326,251-500
TR-045076,Louisville,Montgomery,522.6,Flatbed,40628.0,0.87614,1.678,1291.98,1303.965761155366,11.985761155365935,11.985761155365935,0.9277048526576213,501-750
TR-045077,Nashville,Buffalo,783.8,Dry Van,40240.0,0.88434,2.11141,1628.59,1679.3670572719925,50.77705727199259,50.77705727199259,3.1178539271389725,751-1000
TR-045078,Bakersfield,Albany,2947.1,Reefer,32283.0,0.85975,2.14291,5863.45,6064.479445697545,201.02944569754527,201.02944569754527,3.4285181198363635,1500+
TR-045079,Indianapolis,Montgomery,619.7,Dry Van,37563.0,0.84217,1.9623,1337.68,1384.486588219549,46.806588219548985,46.806588219548985,3.499087092544478,501-750
TR-045080,Albany,Boston,394.7,Flatbed,29766.0,0.87924,1.79508,931.92,995.0209008548661,63.100900854866154,63.100900854866154,6.771064131563456,251-500
TR-045081,Milwaukee,Bakersfield,1859.8,Reefer,36224.0,0.87589,1.93784,4140.0,4157.500107683474,17.500107683474198,17.500107683474198,0.42270791505976324,1500+
TR-045082,Philadelphia,Houston,1597.1,Reefer,47500.0,0.81249,1.93331,3580.57,3635.9175118124067,55.34751181240654,55.34751181240654,1.545773768210272,1500+
TR-045083,Richmond,Mobile,936.9,Dry Van,47012.0,0.90406,1.98022,2047.91,1968.4431342171158,-79.46686578288427,79.46686578288427,3.8803885806936957,751-1000
TR-045084,Mobile,Philadelphia,1183.2,Dry Van,34823.0,0.82765,2.20371,2338.47,2468.376313641413,129.90631364141336,129.90631364141336,5.5551841007758656,1001-1500
TR-045085,San Antonio,Austin,113.9,Reefer,27649.0,0.85372,0.87417,372.04,466.95860696855993,94.91860696855991,94.91860696855991,25.513011226900307,0-250
TR-045086,Bakersfield,Jacksonville,2183.1,Flatbed,31245.0,0.88612,2.02608,4530.94,4470.413748371873,-60.526251628126374,60.526251628126374,1.33584315016589,1500+
TR-045087,Birmingham,Cincinnati,307.6,Reefer,41013.0,0.86414,1.37255,861.67,941.5333674693827,79.86336746938275,79.86336746938275,9.268440060508402,251-500
TR-045088,Savannah,Reno,2440.7,Flatbed,28310.0,0.88797,2.19163,4729.73,4720.700115256914,-9.029884743085859,9.029884743085859,0.19091755222995518,1500+
TR-045089,Toledo,Reno,2104.6,Dry Van,31134.0,0.8867,2.36358,3758.58,3932.6772460773373,174.09724607733733,174.09724607733733,4.631995223657268,1500+
TR-045090,Dayton,San Antonio,1177.9,Reefer,30736.0,0.92166,1.87206,2652.84,2726.644899716389,73.80489971638872,73.80489971638872,2.782108974396824,1001-1500
TR-045091,Milwaukee,Kansas City,184.1,Dry Van,41354.0,0.90567,1.40653,507.81,483.0258002240098,-24.784199775990203,24.784199775990203,4.88060490655761,0-250
TR-045092,Fresno,Milwaukee,2075.6,Reefer,37838.0,0.92989,1.9322,4601.77,4434.6481865072765,-167.12181349272396,167.12181349272396,3.6316854925979336,1500+
TR-045093,Shreveport,Montgomery,442.2,Dry Van,28482.0,0.88567,1.79254,1045.18,1121.0826278118686,75.90262781186857,75.90262781186857,7.262158461879157,251-500
TR-045094,Indianapolis,Philadelphia,1032.2,Reefer,38775.0,0.86385,1.95679,2337.81,2371.2446300608367,33.43463006083675,33.43463006083675,1.4301688358265536,1001-1500
TR-045095,Buffalo,Amarillo,1758.3,Dry Van,23595.0,1.0558,2.31805,3264.47,3511.1105815401716,246.64058154017175,246.64058154017175,7.555302439298623,1500+
TR-045096,Nashville,Phoenix,1950.6,Dry Van,24972.0,0.89237,2.28601,3551.29,3762.56891692935,211.2789169293501,211.2789169293501,5.949356907753241,1500+
TR-045097,Baton Rouge,Nashville,523.4,Dry Van,27969.0,0.85578,1.86406,1176.17,1251.953129785904,75.78312978590384,75.78312978590384,6.443212272537459,501-750
TR-045098,Birmingham,Reno,2173.4,Dry Van,17836.0,0.86802,2.44821,3810.77,3952.0769299354733,141.30692993547336,141.30692993547336,3.7080939005889455,1500+
TR-045099,Baton Rouge,Birmingham,475.1,Dry Van,25365.0,0.8488,1.83304,1086.76,1121.4122680636085,34.65226806360852,34.65226806360852,3.188585158048559,251-500
TR-045100,Mobile,Dayton,706.5,Dry Van,39675.0,0.84029,1.94436,1564.31,1530.6220492294547,-33.687950770545285,33.687950770545285,2.153534195303059,501-750
TR-045101,Bakersfield,Greensboro,2305.2,Dry Van,47023.0,0.90437,2.23833,4398.08,4447.337070812583,49.25707081258315,49.25707081258315,1.1199675952366295,1500+
TR-045102,Hartford,Little Rock,1364.1,Dry Van,20708.0,0.90432,2.26901,2582.85,2662.256273984892,79.40627398489187,79.40627398489187,3.0743664550745056,1001-1500
TR-045103,Oklahoma City,Indianapolis,830.3,Dry Van,21894.0,0.88071,2.07494,1736.01,1762.7509335063874,26.740933506387364,26.740933506387364,1.5403674809700039,751-1000
TR-045104,Lexington,El Paso,1704.1,Reefer,15913.0,0.82942,2.04586,3530.07,3637.504252106083,107.43425210608302,107.43425210608302,3.0434028817015815,1500+
TR-045105,Atlanta,Philadelphia,937.9,Dry Van,24713.0,0.90063,2.07722,1887.2,1852.1618075075328,-35.03819249246726,35.03819249246726,1.8566231714957218,751-1000
TR-045106,Philadelphia,Nashville,1015.5,Dry Van,34172.0,0.87694,2.16485,2038.66,2186.4840530542765,147.82405305427642,147.82405305427642,7.251040048574868,1001-1500
TR-045107,St. Louis,Detroit,558.6,Dry Van,28458.0,0.86365,2.08576,1147.88,1226.6022918001509,78.72229180015074,78.72229180015074,6.858059361618875,501-750
TR-045108,Albany,Nashville,1241.1,Reefer,32307.0,0.83862,1.98082,2699.37,2855.756375946447,156.38637594644706,156.38637594644706,5.7934398006367065,1001-1500
TR-045109,Green Bay,Los Angeles,2296.3,Reefer,29605.0,0.91174,2.09774,4629.26,4688.4895659918075,59.22956599180725,59.22956599180725,1.2794607775715179,1500+
TR-045110,Grand Rapids,Jacksonville,911.4,Flatbed,38327.0,0.85809,1.9996,1925.69,2092.643643131136,166.95364313113578,166.95364313113578,8.66980890647694,751-1000
TR-045111,Albany,Memphis,1327.6,Dry Van,32278.0,0.95358,2.17286,2573.36,2677.736038535409,104.37603853540895,104.37603853540895,4.056021642343433,1001-1500
TR-045112,Fresno,Amarillo,1038.1,Reefer,37416.0,0.86149,1.77765,2479.0,2549.8580828197387,70.85808281973868,70.85808281973868,2.8583333126155175,1001-1500
TR-045113,Lubbock,New Orleans,589.9,Dry Van,39747.0,0.88503,1.7491,1408.07,1397.3307238886168,-10.739276111383106,10.739276111383106,0.7626947603019101,501-750
TR-045114,Baltimore,Los Angeles,3011.9,Dry Van,34946.0,0.89759,2.34712,5515.8,5591.097804661121,75.29780466112061,75.29780466112061,1.3651293495253745,1500+
TR-045115,Tampa,San Francisco,2487.1,Reefer,28328.0,0.83423,2.11956,4991.89,5075.504103264118,83.61410326411806,83.61410326411806,1.6749989135200907,1500+
TR-045116,Fresno,Buffalo,2690.8,Dry Van,28267.0,0.89142,2.42196,4805.58,4831.7898161237445,26.20981612374453,26.20981612374453,0.545403803989207,1500+
TR-045117,Charleston,Lubbock,1425.4,Dry Van,31839.0,0.90003,2.16946,2895.96,3045.0902383217776,149.1302383217776,149.1302383217776,5.149595930944406,1001-1500
TR-045118,Mobile,Corpus Christi,602.2,Reefer,25985.0,0.86594,1.58824,1542.88,1538.6300966164933,-4.249903383506762,4.249903383506762,0.27545262000329007,501-750
TR-045119,Hartford,Albany,380.2,Reefer,34276.0,0.86506,1.71021,928.48,1023.7476349538433,95.2676349538433,95.2676349538433,10.260601731199735,251-500
TR-045120,El Paso,Oklahoma City,790.6,Dry Van,25113.0,0.82699,2.03863,1624.97,1701.1069200446564,76.13692004465634,76.13692004465634,4.685435426171335,751-1000
TR-045121,Oklahoma City,Albuquerque,769.0,Reefer,26670.0,0.85702,1.78249,1854.11,1884.291674627766,30.181674627766142,30.181674627766142,1.6278254595340163,751-1000
TR-045122,San Francisco,Kansas City,1979.1,Dry Van,17453.0,0.83253,2.27096,3627.39,3661.0511457951784,33.66114579517853,33.66114579517853,0.9279715110638372,1500+
TR-045123,Amarillo,Toledo,1482.9,Flatbed,21194.0,0.87998,2.20125,2959.16,3115.4750465981638,156.31504659816392,156.31504659816392,5.282412799516212,1001-1500
TR-045124,El Paso,Corpus Christi,1057.2,Reefer,34491.0,0.88934,1.8155,2495.79,2592.2271637348636,96.43716373486359,96.43716373486359,3.863993514472916,1001-1500
TR-045125,Oklahoma City,New Orleans,443.2,Reefer,22149.0,0.86188,1.50619,1162.83,1145.7494710788226,-17.080528921177347,17.080528921177347,1.4688758392178864,251-500
TR-045126,Syracuse,Milwaukee,753.5,Flatbed,30194.0,0.88643,2.04278,1607.11,1702.2849712834454,95.17497128344553,95.17497128344553,5.922119287630935,751-1000
TR-045127,Bakersfield,Madison,1806.8,Dry Van,23759.0,0.88756,2.3961,3303.37,3471.441483136805,168.071483136805,168.071483136805,5.0878794424119915,1500+
TR-045128,Indianapolis,Greensboro,467.5,Flatbed,27721.0,0.88367,1.78191,1117.74,1140.3875011867442,22.647501186744194,22.647501186744194,2.0261868759053265,251-500
TR-045129,Memphis,Phoenix,1839.1,Flatbed,40504.0,0.85786,2.07294,3823.1,3999.1545889761856,176.05458897618564,176.05458897618564,4.6050218141347505,1500+
TR-045130,Indianapolis,Green Bay,483.9,Reefer,24599.0,0.86487,1.77528,1153.36,1210.1196432131248,56.759643213124946,56.759643213124946,4.92124256200362,251-500
TR-045131,Fresno,Boston,3189.1,Flatbed,34212.0,0.85862,2.12981,6251.85,6311.3357692812915,59.48576928129114,59.48576928129114,0.9514906672631483,1500+
TR-045132,Mobile,El Paso,1521.5,Dry Van,35589.0,0.88621,2.18212,3069.85,3196.7328236816425,126.88282368164255,126.88282368164255,4.133192946940162,1500+
TR-045133,Baton Rouge,Green Bay,1188.3,Reefer,26505.0,0.87258,1.85701,2719.91,2624.944552989431,-94.96544701056882,94.96544701056882,3.491492255647019,1001-1500
TR-045134,Jacksonville,Tampa,360.1,Flatbed,38318.0,0.89664,1.48403,944.34,1004.1316778275536,59.7916778275536,59.7916778275536,6.331583733353834,251-500
TR-045135,Shreveport,New York,1358.6,Reefer,34340.0,0.85563,1.96358,3009.58,3140.5549229245707,130.97492292457082,130.97492292457082,4.351933589556378,1001-1500
TR-045136,Tucson,Lubbock,953.5,Dry Van,47500.0,0.87104,1.95715,2065.35,2093.0207913674876,27.67079136748771,27.67079136748771,1.3397628182868624,751-1000
TR-045137,Grand Rapids,Birmingham,818.2,Flatbed,17522.0,0.86698,2.08944,1701.25,1764.303201870137,63.053201870136945,63.053201870136945,3.706286663931635,751-1000
TR-045138,Milwaukee,Cincinnati,239.7,Dry Van,28663.0,0.88537,1.64602,589.41,605.9927254272077,16.58272542720772,16.58272542720772,2.813444873213505,0-250
TR-045139,Los Angeles,Mobile,1950.8,Flatbed,34579.0,0.8862,1.97774,4187.86,4193.457064647164,5.5970646471641885,5.5970646471641885,0.13364975541599264,1500+
TR-045140,Tucson,Atlanta,1841.1,Dry Van,22292.0,0.86769,2.27254,3426.52,3638.415961064226,211.89596106422596,211.89596106422596,6.183998957082578,1500+
TR-045141,Kansas City,Little Rock,416.4,Dry Van,44112.0,0.83262,1.71442,1003.29,1045.5624402345877,42.27244023458775,42.27244023458775,4.213381996689666,251-500
TR-045142,Los Angeles,Bakersfield,395.0,Dry Van,39628.0,0.84903,1.80155,949.32,974.1100998715165,24.790099871516418,24.790099871516418,2.611353376260525,251-500
TR-045143,Phoenix,Bakersfield,384.6,Dry Van,41646.0,0.88859,1.76157,908.3,975.2500749816461,66.95007498164614,66.95007498164614,7.3709209492068855,251-500
TR-045144,Corpus Christi,Amarillo,702.7,Dry Van,36136.0,0.85853,1.82342,1653.52,1631.8796551439953,-21.64034485600473,21.64034485600473,1.3087440645413864,501-750
TR-045145,Columbia,Phoenix,2181.6,Dry Van,21494.0,0.90421,2.29677,3991.15,4231.916945559573,240.76694555957283,240.76694555957283,6.032520590796458,1500+
TR-045146,Lubbock,Baton Rouge,502.3,Dry Van,38257.0,0.86068,1.77997,1210.01,1303.986654115588,93.97665411558796,93.97665411558796,7.7666014425986525,501-750
TR-045147,Amarillo,Tampa,1278.3,Flatbed,25961.0,0.87122,2.0496,2705.75,2731.141155178864,25.39115517886421,25.39115517886421,0.9384146790673273,1001-1500
TR-045148,Philadelphia,Amarillo,2057.2,Flatbed,41922.0,0.87291,2.15753,4211.86,4339.564077709151,127.70407770915153,127.70407770915153,3.032011455963673,1500+
TR-045149,Baton Rouge,San Francisco,1947.8,Dry Van,33380.0,0.87075,2.1664,3885.41,3872.853654940468,-12.55634505953185,12.55634505953185,0.3231665399412636,1500+
TR-045150,Syracuse,Phoenix,2729.1,Dry Van,31496.0,0.93185,2.36169,4872.9,4930.32493063973,57.42493063973052,57.42493063973052,1.1784549373007966,1500+
TR-045151,Fort Wayne,Hartford,804.1,Dry Van,17847.0,0.85583,2.20677,1557.7,1725.133961476496,167.43396147649605,167.43396147649605,10.748793829138862,751-1000
TR-045152,Grand Rapids,Tulsa,983.8,Reefer,40659.0,0.86846,1.80944,2345.5,2343.5611984805428,-1.938801519457229,1.938801519457229,0.08266047833968147,751-1000
TR-045153,New York,Lexington,788.7,Reefer,32555.0,0.86912,1.86389,1810.54,1840.052429635346,29.512429635346052,29.512429635346052,1.6300346656437334,751-1000
TR-045154,Corpus Christi,Los Angeles,1496.3,Dry Van,33711.0,0.85443,2.18103,2950.89,3104.9951244977374,154.1051244977375,154.1051244977375,5.222326975852624,1001-1500
TR-045155,Richmond,Columbia,521.8,Dry Van,29348.0,0.85204,2.06166,1109.09,1146.7064260241564,37.61642602415645,37.61642602415645,3.3916477494302946,501-750
TR-045156,Richmond,Bakersfield,2648.2,Dry Van,37487.0,0.9076,2.29175,5016.22,4958.7506287441565,-57.469371255843726,57.469371255843726,1.1456708688184274,1500+
TR-045157,St. Louis,Chattanooga,302.1,Dry Van,30007.0,0.87114,1.79254,718.33,740.8096489587538,22.479648958753728,22.479648958753728,3.129432010183861,251-500
TR-045158,Buffalo,Little Rock,1060.0,Dry Van,22080.0,0.86774,2.18176,2128.49,2134.6574882952896,6.167488295289786,6.167488295289786,0.28975885699673415,1001-1500
TR-045159,Oklahoma City,Mobile,719.4,Flatbed,19282.0,0.90469,1.83931,1654.44,1659.9551419999204,5.515141999920388,5.515141999920388,0.3333540049757252,501-750
TR-045160,Hartford,Houston,1683.0,Reefer,31565.0,0.88252,1.98272,3596.69,3638.5234454364318,41.8334454364317,41.8334454364317,1.1631095656404,1500+
TR-045161,Philadelphia,Indianapolis,999.8,Dry Van,22038.0,0.91731,2.2129,1892.28,1986.8640953765337,94.5840953765337,94.5840953765337,4.998419651242612,751-1000
TR-045162,Green Bay,Chattanooga,742.3,Dry Van,24461.0,0.88421,2.16072,1498.67,1516.3719335559504,17.70193355595029,17.70193355595029,1.1811762133058172,501-750
TR-045163,Columbia,Grand Rapids,739.8,Dry Van,26384.0,0.89967,2.17994,1447.88,1540.7548010534133,92.8748010534132,92.8748010534132,6.414537189091167,501-750
TR-045164,New Orleans,Grand Rapids,939.5,Dry Van,28171.0,0.89493,2.0406,1947.82,1944.1144990056646,-3.7055009943353525,3.7055009943353525,0.19023836875765485,751-1000
TR-045165,Oklahoma City,Atlanta,866.0,Dry Van,29327.0,0.87621,2.03136,1811.29,1853.722267780985,42.43226778098506,42.43226778098506,2.3426545600641013,751-1000
TR-045166,Baton Rouge,Corpus Christi,279.8,Dry Van,21438.0,0.86374,1.64291,696.61,827.993820787495,131.38382078749498,131.38382078749498,18.86045574819411,251-500
TR-045167,Toledo,Mobile,878.4,Flatbed,25764.0,0.84285,2.02192,1829.6,1946.5557064156865,116.95570641568656,116.95570641568656,6.392419458662362,751-1000
TR-045168,Lexington,Atlanta,217.6,Dry Van,7040.0,0.89624,1.69226,531.39,603.0538080591343,71.66380805913434,71.66380805913434,13.48610400254697,0-250
TR-045169,Mobile,Kansas City,669.1,Dry Van,45398.0,0.83768,1.88057,1498.22,1469.5768142415009,-28.643185758499158,28.643185758499158,1.9118144036589524,501-750
TR-045170,Greensboro,Reno,2297.0,Dry Van,27765.0,0.89991,2.31779,4134.92,4277.220359488023,142.30035948802288,142.30035948802288,3.441429567876111,1500+
TR-045171,Little Rock,El Paso,1214.1,Dry Van,32122.0,0.85447,2.10024,2469.17,2517.7257628988573,48.55576289885721,48.55576289885721,1.9664811616396283,1001-1500
TR-045172,Richmond,Greensboro,449.2,Reefer,38505.0,0.87059,1.59603,1165.84,1176.921110119138,11.081110119137975,11.081110119137975,0.9504829238264234,251-500
TR-045173,Green Bay,Baton Rouge,1172.1,Dry Van,30868.0,0.89254,2.18952,2342.66,2409.253831900268,66.59383190026801,66.59383190026801,2.8426588536222934,1001-1500
TR-045174,Corpus Christi,Atlanta,832.1,Dry Van,47500.0,0.88212,1.87079,7004.3,1886.9527286807968,-5117.347271319203,5117.347271319203,73.06008125464646,751-1000
TR-045175,Houston,Nashville,590.4,Reefer,30511.0,0.90461,1.61558,1481.4,1516.3899294366984,34.989929436698276,34.989929436698276,2.3619501442350663,501-750
TR-045176,Toledo,Mobile,839.3,Flatbed,24117.0,0.88408,1.99384,1803.73,1930.2687012604065,126.53870126040647,126.53870126040647,7.015390399916088,751-1000
TR-045177,Kansas City,Montgomery,720.9,Flatbed,28475.0,0.87147,1.94069,1619.19,1684.649311498919,65.45931149891885,65.45931149891885,4.04271960047424,501-750
TR-045178,Savannah,Buffalo,682.2,Flatbed,38888.0,0.8824,1.94086,1540.17,1654.9263249195824,114.75632491958231,114.75632491958231,7.4508869098594515,501-750
TR-045179,Grand Rapids,Raleigh,858.0,Dry Van,20233.0,0.87324,2.18701,1688.42,1730.8442305067285,42.42423050672846,42.42423050672846,2.512658610223076,751-1000
TR-045180,Tulsa,Bakersfield,1458.9,Dry Van,35069.0,0.89559,2.15556,2903.7,3114.718557248709,211.01855724870939,211.01855724870939,7.26722999100146,1001-1500
TR-045181,Birmingham,Amarillo,1199.0,Dry Van,26456.0,0.89711,2.18322,2351.62,2431.332496976937,79.71249697693702,79.71249697693702,3.3896844293268904,1001-1500
TR-045182,Chattanooga,Atlanta,95.5,Dry Van,37977.0,0.87285,1.24745,275.01,358.3600896762687,83.35008967626868,83.35008967626868,30.30802140877375,0-250
TR-045183,Los Angeles,Syracuse,2818.8,Reefer,36904.0,0.84631,2.15664,5708.0,6305.526100652263,597.5261006522633,597.5261006522633,10.468221805400548,1500+
TR-045184,Jacksonville,Montgomery,138.6,Dry Van,35793.0,0.9255,1.3095,388.7,452.7060978677457,64.00609786774572,64.00609786774572,16.466708996075567,0-250
TR-045185,Oklahoma City,Birmingham,810.5,Reefer,47500.0,0.88013,1.57203,2101.26,2071.9926500186143,-29.267349981385905,29.267349981385905,1.3928476238726242,751-1000
TR-045186,Madison,San Francisco,2091.2,Dry Van,31069.0,0.88635,2.28932,3914.01,3919.93916316828,5.929163168279956,5.929163168279956,0.15148564179140972,1500+
TR-045187,Green Bay,Kansas City,476.7,Dry Van,31701.0,0.9022,1.95729,1027.96,1092.5563619417064,64.59636194170639,64.59636194170639,6.283937307065099,251-500
TR-045188,Kansas City,Buffalo,802.7,Dry Van,34129.0,0.87863,2.07608,1649.6,1680.7703341360661,31.17033413606623,31.17033413606623,1.8895692371524146,751-1000
TR-045189,Austin,Amarillo,450.5,Flatbed,34585.0,0.9117,1.55776,1181.37,1190.5949352243508,9.22493522435093,9.22493522435093,0.7808675710701076,251-500
TR-045190,Lubbock,Columbia,1200.7,Reefer,27040.0,1.0122,1.81119,2777.11,2800.3927878842924,23.282787884292247,23.282787884292247,0.8383819108458881,1001-1500
TR-045191,Lexington,Dallas,751.7,Reefer,25833.0,0.94737,1.7559,1786.77,1794.8926586860066,8.122658686006616,8.122658686006616,0.4546001268213937,751-1000
TR-045192,Indianapolis,Mobile,556.5,Dry Van,27922.0,0.9438,2.01143,1211.92,1240.3158551628314,28.395855162831367,28.395855162831367,2.3430469967350454,501-750
TR-045193,Atlanta,New York,898.9,Dry Van,38650.0,0.92668,2.11466,1880.41,1895.595071519718,15.185071519717894,15.185071519717894,0.8075404576511449,751-1000
TR-045194,Atlanta,Albany,1149.3,Reefer,24063.0,0.92715,1.97662,2469.79,2539.508833850807,69.71883385080719,69.71883385080719,2.822864852914911,1001-1500
TR-045195,Kansas City,Albany,1257.7,Dry Van,32221.0,0.95019,2.20343,2463.58,2562.2960205567388,98.71602055673884,98.71602055673884,4.00701501703776,1001-1500
TR-045196,Syracuse,Richmond,395.5,Dry Van,26865.0,0.96151,2.04177,839.33,896.2452772305639,56.9152772305639,56.9152772305639,6.781036925948543,251-500
TR-045197,Tulsa,Shreveport,207.9,Reefer,31496.0,0.93693,1.21667,603.72,752.4878943857268,148.76789438572678,148.76789438572678,24.641869473551775,0-250
TR-045198,Kansas City,Lubbock,1005.2,Reefer,24878.0,0.95926,1.94479,2240.31,2255.8553834782406,15.545383478240637,15.545383478240637,0.6938943038347656,1001-1500
TR-045199,Bakersfield,Richmond,2563.3,Reefer,41739.0,0.96247,2.11252,5388.1,5477.3677341388375,89.26773413883711,89.26773413883711,1.6567571897113473,1500+
TR-045200,Atlanta,Charleston,452.9,Dry Van,32643.0,0.96999,1.84135,1046.59,1067.4663590978728,20.876359097872864,20.876359097872864,1.994702710504865,251-500
TR-045201,Tucson,Little Rock,1498.1,Dry Van,37680.0,0.97108,2.07051,3073.46,3132.886388748625,59.42638874862496,59.42638874862496,1.9335338266522082,1001-1500
TR-045202,Phoenix,San Francisco,671.9,Dry Van,41479.0,0.94845,1.94682,1475.73,1504.9797126003562,29.249712600356133,29.249712600356133,1.982050415750587,501-750
TR-045203,Green Bay,Houston,1218.3,Flatbed,42782.0,0.95363,1.88083,2723.01,2717.4830352970403,-5.526964702959958,5.526964702959958,0.20297261864480695,1001-1500
TR-045204,Mobile,Boston,1359.3,Dry Van,41592.0,0.95348,2.056,2826.14,2871.7582154202723,45.61821542027246,45.61821542027246,1.6141527107741465,1001-1500
TR-045205,Albany,Madison,1115.9,Dry Van,30730.0,0.93484,2.20237,2164.07,2259.1846934249816,95.1146934249814,95.1146934249814,4.3951763771496015,1001-1500
TR-045206,Syracuse,Baton Rouge,1446.5,Dry Van,32332.0,0.92811,2.16414,2844.66,2983.882480685953,139.2224806859531,139.2224806859531,4.89416945033688,1001-1500
TR-045207,New York,Los Angeles,2910.9,Flatbed,32638.0,0.93086,2.26119,5648.65,5698.398550179806,49.74855017980644,49.74855017980644,0.8807157494234277,1500+
TR-045208,Green Bay,El Paso,1598.5,Dry Van,28229.0,0.93233,2.3157,2990.4,3261.4336261911217,271.0336261911216,271.0336261911216,9.063457269633547,1500+
TR-045209,Philadelphia,Albany,431.7,Dry Van,33827.0,0.90943,2.00218,924.87,1034.9882160688803,110.11821606888032,110.11821606888032,11.906345331655293,251-500
TR-045210,Shreveport,Oklahoma City,444.6,Reefer,40031.0,0.95905,1.34603,1277.01,1330.08661881432,53.07661881432,53.07661881432,4.156319748030164,251-500
TR-045211,Bakersfield,Memphis,1805.5,Dry Van,25246.0,0.93405,2.288,3408.35,3567.315392026025,158.96539202602526,158.96539202602526,4.663998475098662,1500+
TR-045212,Albuquerque,Bakersfield,523.1,Flatbed,33853.0,0.96158,1.71358,1262.44,1301.216267862511,38.77626786251085,38.77626786251085,3.071533527336812,501-750
TR-045213,Oklahoma City,Chattanooga,856.1,Flatbed,37214.0,0.96235,1.76433,2066.58,1970.2042553878787,-96.37574461212125,96.37574461212125,4.663538048956307,751-1000
TR-045214,Phoenix,Mobile,1957.0,Reefer,32081.0,0.96725,1.95251,4318.52,4314.56102512736,-3.958974872640283,3.958974872640283,0.09167434381779598,1500+
TR-045215,Louisville,Tampa,746.2,Reefer,19646.0,0.9937,1.81535,1743.83,1743.7626579150917,-0.06734208490820492,0.06734208490820492,0.003861734510141753,501-750
TR-045216,Atlanta,Buffalo,758.9,Dry Van,27352.0,0.94152,2.18484,1511.26,1561.4526157189164,50.192615718916386,50.192615718916386,3.3212429177584526,751-1000
TR-045217,Jacksonville,Baton Rouge,583.0,Dry Van,36040.0,0.96492,1.80447,1343.75,1396.9900460005188,53.24004600051876,53.24004600051876,3.9620499349223266,501-750
TR-045218,Raleigh,Syracuse,613.4,Dry Van,30127.0,0.97451,2.03321,1285.24,1309.812765997104,24.572765997103943,24.572765997103943,1.9119204193072066,501-750
TR-045219,Fresno,Shreveport,1869.2,Reefer,33822.0,0.99183,1.86989,4291.19,4181.288655628357,-109.90134437164215,109.90134437164215,2.5610924795136585,1500+
TR-045220,Lexington,Tucson,1926.1,Reefer,27171.0,0.91711,2.00817,4115.08,4139.691186852433,24.611186852433093,24.611186852433093,0.5980731079938444,1500+
TR-045221,Little Rock,Reno,1732.1,Dry Van,9614.0,0.92558,2.32433,3166.71,3342.846266081715,176.1362660817149,176.1362660817149,5.562121763019503,1500+
TR-045222,Corpus Christi,Little Rock,560.3,Reefer,21403.0,0.94197,1.64746,1432.87,1386.9701610498591,-45.89983895014075,45.89983895014075,3.203349846820769,501-750
TR-045223,Charleston,San Francisco,2698.0,Flatbed,23913.0,0.89935,2.21519,5133.96,5193.415524766613,59.45552476661305,59.45552476661305,1.1580831320581588,1500+
TR-045224,Albany,Shreveport,1610.8,Dry Van,33359.0,0.95002,2.16427,3217.94,3272.513160759673,54.5731607596731,54.5731607596731,1.6959036141032182,1500+
TR-045225,Phoenix,Jacksonville,2232.9,Reefer,39543.0,0.98372,1.93312,4875.19,5014.0841515065495,138.89415150654986,138.89415150654986,2.848999762194907,1500+
TR-045226,Oklahoma City,Tucson,1028.8,Reefer,27649.0,0.97415,1.73538,2435.4,2392.944445069627,-42.45555493037318,42.45555493037318,1.7432682487629623,1001-1500
TR-045227,Lubbock,Raleigh,1611.3,Dry Van,36258.0,1.01786,2.12299,3280.86,3345.868394968703,65.00839496870276,65.00839496870276,1.9814437363588437,1500+
TR-045228,Hartford,Savannah,842.2,Dry Van,16608.0,0.95803,2.17283,1645.01,1678.5250774587612,33.5150774587612,33.5150774587612,2.037378341697692,751-1000
TR-045229,Tulsa,Fort Wayne,882.3,Dry Van,24607.0,0.97969,2.03969,1846.41,1804.9824164581623,-41.42758354183775,41.42758354183775,2.2436827975280544,751-1000
TR-045230,Mobile,Nashville,310.2,Reefer,38975.0,0.96143,1.34089,868.43,894.2057913783742,25.775791378374265,25.775791378374265,2.968090851119177,251-500
TR-045231,Fort Wayne,Tucson,2022.1,Flatbed,34530.0,0.90101,2.10577,4145.97,4240.716672035755,94.74667203575518,94.74667203575518,2.285271529599953,1500+
TR-045232,Baltimore,Hartford,129.6,Dry Van,31016.0,0.92634,1.52531,342.29,367.5247288011642,25.23472880116418,25.23472880116418,7.372324286763908,0-250
TR-045233,Los Angeles,Fresno,429.3,Dry Van,20715.0,0.97509,1.96734,944.78,981.8242731098298,37.044273109829874,37.044273109829874,3.9209417123383092,251-500
TR-045234,Baltimore,New York,165.5,Dry Van,31633.0,0.95954,1.50037,432.81,441.64476291859273,8.83476291859273,8.83476291859273,2.041256652709672,0-250
TR-045235,Montgomery,Oklahoma City,884.0,Reefer,35112.0,0.91314,1.73162,2100.38,2203.173189101551,102.79318910155098,102.79318910155098,4.894028180688779,751-1000
TR-045236,Greensboro,Baton Rouge,805.9,Reefer,34090.0,0.94494,1.75972,1913.71,1981.7166329867014,68.00663298670133,68.00663298670133,3.553654053472121,751-1000
TR-045237,Phoenix,Lexington,2141.8,Reefer,27258.0,0.98761,2.00578,4637.6,4570.441915425923,-67.1580845740773,67.1580845740773,1.4481215407555048,1500+
TR-045238,Bakersfield,Chattanooga,1973.7,Flatbed,27550.0,0.90919,2.12326,3959.08,4075.83563779013,116.7556377901301,116.7556377901301,2.9490598267812245,1500+
TR-045239,Hartford,New York,117.0,Flatbed,26676.0,0.93868,1.35378,335.52,358.29070392709536,22.770703927095383,22.770703927095383,6.786690488523899,0-250
TR-045240,Tucson,Salt Lake City,365.0,Dry Van,30978.0,0.92611,1.7741,876.72,889.5691643214172,12.84916432141722,12.84916432141722,1.4655949814555638,251-500
TR-045241,Memphis,Kansas City,334.0,Dry Van,31598.0,0.98355,1.62254,834.23,822.74261147179,-11.487388528209976,11.487388528209976,1.3770049660417363,251-500
TR-045242,Toledo,Lexington,421.8,Dry Van,28126.0,0.9942,1.85585,976.69,955.1972164551025,-21.49278354489752,21.49278354489752,2.2005737280915665,251-500
TR-045243,Albuquerque,Baton Rouge,1224.7,Dry Van,28862.0,0.92535,2.11691,2517.9,2511.1465303053615,-6.753469694638625,6.753469694638625,0.26821834443935916,1001-1500
TR-045244,Philadelphia,Baton Rouge,1468.8,Dry Van,30071.0,0.91415,2.16185,2900.96,2971.1393611744575,70.17936117445743,70.17936117445743,2.4191771404796145,1001-1500
TR-045245,New York,Memphis,1066.4,Flatbed,28653.0,0.97468,1.98724,2291.8,2367.296528536046,75.49652853604584,75.49652853604584,3.294202309802157,1001-1500
TR-045246,Raleigh,Lexington,510.7,Dry Van,29306.0,0.98912,1.96132,1109.5,1134.817015666828,25.317015666827956,25.317015666827956,2.2818400781278014,501-750
TR-045247,Houston,Tampa,584.1,Flatbed,26062.0,0.94008,1.74555,1404.53,1453.67029884204,49.14029884204001,49.14029884204001,3.498700550507288,501-750
TR-045248,Jacksonville,Harrisburg,744.5,Reefer,37489.0,0.93759,1.73827,1778.9,1843.613400421501,64.71340042150086,64.71340042150086,3.637832392011966,501-750
TR-045249,Washington,Philadelphia,279.6,Dry Van,46592.0,0.95521,1.75929,672.87,699.7911590675719,26.92115906757192,26.92115906757192,4.000945066293923,251-500
TR-045250,Tucson,Washington,2435.3,Dry Van,28596.0,0.94514,2.34223,4492.99,4612.417488995314,119.42748899531398,119.42748899531398,2.65808490549309,1500+
TR-045251,Tucson,Toledo,2058.7,Dry Van,17693.0,0.92496,2.37893,3691.68,3830.6737091234218,138.99370912342192,138.99370912342192,3.765053014438465,1500+
TR-045252,St. Louis,Fresno,1947.0,Reefer,27021.0,0.92357,2.04566,4106.78,4150.047153036062,43.267153036062155,43.267153036062155,1.0535541966227107,1500+
TR-045253,Grand Rapids,Baton Rouge,1126.2,Flatbed,25094.0,0.96186,2.04289,2400.42,2466.1365980133533,65.71659801335318,65.71659801335318,2.73771248420498,1001-1500
TR-045254,Amarillo,Greensboro,1443.3,Dry Van,20220.0,0.92786,2.16015,2829.54,2917.888475318534,88.34847531853393,88.34847531853393,3.122361773239959,1001-1500
TR-045255,Tucson,Albuquerque,450.9,Dry Van,26872.0,0.92973,1.85827,1016.38,1054.5374076441947,38.15740764419468,38.15740764419468,3.754246211475499,251-500
TR-045256,Greensboro,Houston,940.2,Dry Van,33285.0,0.94092,2.0041,2068.54,1966.752711583692,-101.787288416308,101.787288416308,4.920730970457811,751-1000
TR-045257,Hartford,Atlanta,985.0,Dry Van,31496.0,0.94388,2.1186,1985.13,2031.154613989852,46.02461398985179,46.02461398985179,2.3184685128858957,751-1000
TR-045258,Shreveport,Providence,1566.2,Dry Van,26392.0,0.95762,2.29356,1068.71,3128.996945184566,2060.286945184566,2060.286945184566,192.78260193921324,1500+
TR-045259,Albany,Baton Rouge,1778.0,Flatbed,37619.0,0.97459,1.98507,3810.51,3802.273265008601,-8.236734991399317,8.236734991399317,0.2161583355351204,1500+
TR-045260,Nashville,Albany,1274.6,Reefer,30184.0,0.92482,1.97789,2759.01,2869.1353373682377,110.12533736823752,110.12533736823752,3.9914801819579315,1001-1500
TR-045261,Syracuse,Bakersfield,2638.3,Dry Van,30292.0,0.94394,2.27735,4823.0,4793.3918771806175,-29.608122819382515,29.608122819382515,0.6138943151437387,1500+
TR-045262,Harrisburg,Corpus Christi,1479.3,Flatbed,33618.0,0.98098,1.91074,3276.21,3279.645136332374,3.435136332373986,3.435136332373986,0.1048509201905246,1001-1500
TR-045263,Baton Rouge,Buffalo,1273.3,Dry Van,38586.0,0.95688,2.11319,2572.11,2647.007070704327,74.89707070432678,74.89707070432678,2.9118922092883577,1001-1500
TR-045264,Birmingham,Grand Rapids,814.7,Dry Van,27385.0,0.96639,2.12954,1654.43,1662.1059866761416,7.67598667614152,7.67598667614152,0.46396563626998544,751-1000
TR-045265,Oklahoma City,Jacksonville,963.9,Dry Van,21075.0,0.91961,2.162,1917.02,2010.6119336825654,93.59193368256547,93.59193368256547,4.882157394422879,751-1000
TR-045266,Houston,Memphis,531.8,Dry Van,47500.0,0.93202,1.74714,1283.37,1315.544217870011,32.174217870011034,32.174217870011034,2.507010283083681,501-750
TR-045267,Cincinnati,Baltimore,924.0,Dry Van,28160.0,0.96646,2.09895,1880.86,1895.9715252803728,15.111525280372916,15.111525280372916,0.803437006495588,751-1000
TR-045268,Lexington,Little Rock,529.6,Dry Van,29905.0,0.96774,1.74563,1237.67,1179.7532457239918,-57.916754276008305,57.916754276008305,4.6794989194218415,501-750
TR-045269,Milwaukee,Raleigh,797.5,Reefer,36739.0,0.98643,1.73365,1905.9,1914.9100914557555,9.0100914557554,9.0100914557554,0.47274733489455895,751-1000
TR-045270,Dayton,Jacksonville,646.9,Flatbed,9430.0,0.9495,1.9542,1394.17,1450.0390259903145,55.86902599031441,55.86902599031441,4.007332390620542,501-750
TR-045271,New York,Austin,1905.1,Dry Van,47500.0,0.93949,2.15485,3737.58,3805.476637546506,67.8966375465061,67.8966375465061,1.816593559107928,1500+
TR-045272,Buffalo,New York,330.1,Reefer,39372.0,0.94932,1.52236,870.04,896.0414175513924,26.00141755139248,26.00141755139248,2.9885312803310744,251-500
TR-045273,Lubbock,Philadelphia,1951.0,Dry Van,39447.0,0.94232,2.13765,3980.47,3906.9954898781766,-73.47451012182319,73.47451012182319,1.8458752388995068,1500+
TR-045274,Phoenix,Nashville,1963.8,Flatbed,32660.0,0.94443,2.06661,4071.09,4220.206645751106,149.11664575110626,149.11664575110626,3.6628186984592888,1500+
TR-045275,Hartford,Toledo,821.2,Reefer,33807.0,1.01954,1.91031,1882.03,1866.9843197246578,-15.045680275342193,15.045680275342193,0.7994389183669863,751-1000
TR-045276,Tampa,Atlanta,553.9,Dry Van,29311.0,0.99364,1.965,1209.75,1284.8293576903018,75.07935769030178,75.07935769030178,6.206187864459746,501-750
TR-045277,Milwaukee,Lexington,308.2,Dry Van,36772.0,0.90264,1.61054,767.46,728.3292958055226,-39.1307041944774,39.1307041944774,5.098728819023454,251-500
TR-045278,Nashville,Oklahoma City,761.0,Reefer,27040.0,0.99739,1.68447,1889.66,1885.8404572767593,-3.819542723240829,3.819542723240829,0.20212856933209306,751-1000
TR-045279,Phoenix,Buffalo,2658.5,Reefer,39154.0,0.91418,2.03191,5580.26,5403.671713014595,-176.58828698540492,176.58828698540492,3.1645171906937115,1500+
TR-045280,Tampa,Birmingham,418.8,Dry Van,27097.0,0.97748,1.77315,968.58,994.2207628921935,25.640762892193493,25.640762892193493,2.647252977781236,251-500
TR-045281,Chattanooga,Mobile,310.7,Dry Van,32623.0,0.91806,1.70095,770.73,761.6024262707695,-9.127573729230562,9.127573729230562,1.1842764300378295,251-500
TR-045282,Baltimore,Detroit,837.0,Dry Van,29034.0,1.0558,2.15411,1672.5,1885.6656648500773,213.1656648500773,213.1656648500773,12.74533123169371,751-1000
TR-045283,Lubbock,Buffalo,1648.6,Flatbed,34686.0,1.01018,2.05416,3460.38,3663.4892364254965,203.10923642549642,203.10923642549642,5.869564510992909,1500+
TR-045284,Lexington,Los Angeles,2237.7,Dry Van,31560.0,0.88202,2.28262,4118.79,4297.139633807938,178.3496338079376,178.3496338079376,4.330146324720066,1500+
TR-045285,Oklahoma City,El Paso,803.3,Dry Van,38177.0,0.92301,1.85858,1817.69,1774.8309799933459,-42.85902000665419,42.85902000665419,2.3578839079630844,751-1000
TR-045286,Providence,Baton Rouge,1590.7,Dry Van,30170.0,0.93687,2.10491,9208.2,3210.535735088583,-5997.664264911418,5997.664264911418,65.1339487077976,1500+
TR-045287,Albuquerque,Atlanta,1552.1,Reefer,29613.0,0.95957,1.93588,3437.7,3471.2550257005205,33.55502570052067,33.55502570052067,0.9760894115402936,1500+
TR-045288,Tucson,Tulsa,1275.1,Dry Van,28691.0,0.90989,2.19264,2495.56,2590.504208510985,94.94420851098494,94.94420851098494,3.804525177154023,1001-1500
TR-045289,Atlanta,Charleston,448.6,Dry Van,21773.0,0.9702,1.93795,994.05,1034.3717621044448,40.321762104444815,40.321762104444815,4.056311262456096,251-500
TR-045290,Indianapolis,Baton Rouge,685.1,Dry Van,37307.0,0.9416,1.83236,1550.66,1575.0924806209816,24.43248062098155,24.43248062098155,1.5756181639419053,501-750
TR-045291,Baton Rouge,Fort Wayne,1021.7,Reefer,33906.0,0.98658,1.79323,2390.2,2473.464591531719,83.26459153171936,83.26459153171936,3.4835826094770046,1001-1500
TR-045292,Madison,Boston,1253.9,Reefer,40794.0,0.94843,1.96093,2761.78,2957.8592872093514,196.07928720935115,196.07928720935115,7.099743180461555,1001-1500
TR-045293,Harrisburg,El Paso,2155.1,Dry Van,33365.0,0.89401,2.24728,4010.82,4164.162375617616,153.34237561761574,153.34237561761574,3.8232175868679157,1500+
TR-045294,Oklahoma City,Louisville,862.2,Reefer,19004.0,0.9473,1.82363,2036.02,2011.2239241031584,-24.796075896841558,24.796075896841558,1.217869956917985,751-1000
TR-045295,Chattanooga,Syracuse,891.0,Dry Van,31496.0,0.95329,2.26547,1705.04,1846.1679597530142,141.12795975301424,141.12795975301424,8.277105507965459,751-1000
TR-045296,Jacksonville,Fresno,2400.5,Dry Van,35849.0,0.98369,2.21175,4648.25,4744.214224977181,95.9642249771814,95.9642249771814,2.0645237450047094,1500+
TR-045297,Toledo,Milwaukee,307.6,Flatbed,36066.0,0.92129,1.54083,796.77,817.4690151625607,20.699015162560727,20.699015162560727,2.5978657784003825,251-500
TR-045298,Los Angeles,Columbia,2375.4,Dry Van,25320.0,0.93042,2.40949,4085.68,4452.3078886849635,366.62788868496364,366.62788868496364,8.973485164892102,1500+
TR-045299,Columbia,Buffalo,667.3,Flatbed,23905.0,0.97541,1.99381,1438.66,1455.4651280187904,16.805128018790356,16.805128018790356,1.1681097701187462,501-750
TR-045300,Madison,Albany,1122.5,Dry Van,36578.0,0.96128,2.19299,2203.15,2387.1547876408313,184.00478764083118,184.00478764083118,8.351895587719001,1001-1500
TR-045301,Lubbock,Hartford,1956.2,Reefer,40186.0,0.9399,1.88768,4441.37,4335.385232038727,-105.98476796127306,105.98476796127306,2.3863080076929655,1500+
TR-045302,Lexington,Lubbock,1146.3,Reefer,12053.0,0.91474,1.86099,2615.32,2582.1421273544393,-33.17787264556091,33.17787264556091,1.268597060610591,1001-1500
TR-045303,Fort Wayne,Philadelphia,796.6,Dry Van,38299.0,0.94664,2.10952,1653.73,1687.2861283518787,33.55612835187867,33.55612835187867,2.0291177127994695,751-1000
TR-045304,Bakersfield,Atlanta,2045.1,Reefer,37025.0,0.96012,1.91742,4599.84,4483.874257447233,-115.96574255276755,115.96574255276755,2.5210820931329687,1500+
TR-045305,Grand Rapids,Boston,1081.7,Flatbed,31405.0,0.93001,2.10132,2241.93,2380.113954405322,138.1839544053223,138.1839544053223,6.163615920449002,1001-1500
TR-045306,Providence,Albany,557.7,Dry Van,30591.0,0.97565,2.04802,1162.93,1256.587550264505,93.65755026450483,93.65755026450483,8.053584503323917,501-750
TR-045307,Tucson,Montgomery,1837.8,Flatbed,30580.0,0.9695,2.01825,3923.5,4016.6754945641096,93.17549456410961,93.17549456410961,2.3748055196663596,1500+
TR-045308,Buffalo,Green Bay,571.0,Reefer,39393.0,0.92021,1.77651,1356.86,1461.9089829513978,105.04898295139787,105.04898295139787,7.742064984699813,501-750
TR-045309,Chattanooga,Atlanta,70.0,Dry Van,41811.0,0.92321,1.09501,211.65,370.2383773654799,158.5883773654799,158.5883773654799,74.9295428138341,0-250
TR-045310,Jacksonville,Green Bay,1017.7,Dry Van,43073.0,1.0558,2.11616,2034.11,2178.9805372726287,144.87053727262878,144.87053727262878,7.122060128145911,1001-1500
TR-045311,Charleston,Tampa,706.8,Reefer,39289.0,0.962,1.62411,1752.33,1803.9447601708257,51.614760170825775,51.614760170825775,2.945493153163261,501-750
TR-045312,Raleigh,San Antonio,1488.0,Flatbed,45305.0,1.01156,1.94013,3322.69,3385.6783931897353,62.988393189735234,62.988393189735234,1.895704781057975,1001-1500
TR-045313,Mobile,Amarillo,1113.0,Dry Van,40318.0,0.93529,1.93488,2466.99,2411.224387176794,-55.76561282320563,55.76561282320563,2.2604717823422726,1001-1500
TR-045314,Raleigh,Grand Rapids,830.3,Dry Van,43157.0,0.93979,2.03614,1718.44,1794.2227689639737,75.7827689639737,75.7827689639737,4.409974684246974,751-1000
TR-045315,Little Rock,Buffalo,1045.7,Flatbed,17783.0,0.95442,2.15917,2108.3,2275.656694195356,167.35669419535589,167.35669419535589,7.937992420213247,1001-1500
TR-045316,Reno,Mobile,2042.4,Flatbed,46529.0,0.9552,2.07099,4190.59,4309.873534173365,119.2835341733653,119.2835341733653,2.846461576373859,1500+
TR-045317,St. Louis,Providence,1295.7,Dry Van,28318.0,0.99252,2.19771,2555.1,2650.44979085606,95.34979085606028,95.34979085606028,3.731743996558267,1001-1500
TR-045318,Phoenix,Green Bay,2140.7,Dry Van,32680.0,0.99737,2.28937,3988.15,4186.350301273649,198.20030127364907,198.20030127364907,4.969730358026882,1500+
TR-045319,Boston,Grand Rapids,1045.9,Reefer,31629.0,0.94637,1.97064,2282.3,2394.8191067548414,112.51910675484123,112.51910675484123,4.9300752203847535,1001-1500
TR-045320,New York,Chattanooga,948.2,Dry Van,34508.0,0.99932,2.20456,1864.02,2001.220096895613,137.20009689561311,137.20009689561311,7.360441245030263,751-1000
TR-045321,Salt Lake City,Syracuse,2281.8,Dry Van,41010.0,0.92489,2.23926,4309.49,4466.164652410378,156.67465241037826,156.67465241037826,3.6355729427467813,1500+
TR-045322,Milwaukee,Tampa,906.4,Dry Van,33066.0,0.99276,1.9993,1945.1,1938.7408250911753,-6.359174908824571,6.359174908824571,0.3269330578800355,751-1000
TR-045323,Phoenix,Buffalo,2671.5,Reefer,37366.0,0.9432,2.09928,5493.16,5430.366999264828,-62.79300073517152,62.79300073517152,1.1431125387786176,1500+
TR-045324,Shreveport,Toledo,910.2,Dry Van,41276.0,0.95065,1.99416,1952.91,1917.6391315615554,-35.27086843844472,35.27086843844472,1.8060672759341045,751-1000
TR-045325,Oklahoma City,Buffalo,1527.6,Dry Van,25535.0,0.95499,2.30247,2834.36,2990.1020363896923,155.7420363896922,155.7420363896922,5.494786702807413,1500+
TR-045326,Tulsa,Austin,490.4,Flatbed,34631.0,0.9582,1.49243,1281.05,1312.6921976986864,31.64219769868646,31.64219769868646,2.4700205065131304,251-500
TR-045327,Indianapolis,Nashville,288.5,Reefer,34698.0,0.94969,1.46647,788.0,839.1791800385702,51.179180038570166,51.179180038570166,6.4948198018490055,251-500
TR-045328,Milwaukee,New York,950.2,Dry Van,22982.0,0.91704,2.17738,1874.94,1863.3093350096535,-11.630664990346531,11.630664990346531,0.6203219831219415,751-1000
TR-045329,Syracuse,Jacksonville,995.8,Dry Van,39484.0,0.98475,2.11867,2027.7,2143.7086750932385,116.00867509323848,116.00867509323848,5.721195201126324,751-1000
TR-045330,Indianapolis,Tucson,1715.0,Dry Van,16179.0,0.9343,2.33229,3071.43,3337.1015273401044,265.6715273401046,265.6715273401046,8.64976663443753,1500+
TR-045331,Houston,Philadelphia,1593.9,Flatbed,38274.0,0.97524,1.88359,3532.28,3547.2768824996974,14.996882499697222,14.996882499697222,0.42456663966891695,1500+
TR-045332,Tucson,El Paso,291.6,Reefer,18778.0,0.95219,1.60136,753.38,815.5533190126639,62.17331901266391,62.17331901266391,8.252584222127467,251-500
TR-045333,Richmond,San Antonio,1614.3,Dry Van,41599.0,1.0558,2.15568,3193.71,3412.655301134704,218.9453011347041,218.9453011347041,6.855516034164157,1500+
TR-045334,Tucson,Nashville,1722.7,Dry Van,45818.0,0.93304,2.07831,3520.42,3560.8149682638923,40.394968263892224,40.394968263892224,1.1474474143395454,1500+
TR-045335,Greensboro,Baltimore,666.3,Dry Van,38565.0,0.9648,1.96247,1464.04,1484.9991871819855,20.9591871819855,20.9591871819855,1.4315993539784089,501-750
TR-045336,Philadelphia,Phoenix,2864.4,Reefer,17816.0,0.96042,2.25282,5606.16,5675.692589866994,69.53258986699439,69.53258986699439,1.2402890725022901,1500+
TR-045337,Albany,Phoenix,3084.8,Reefer,27567.0,0.94789,2.16354,6049.66,6118.242495276221,68.58249527622138,68.58249527622138,1.1336586729869345,1500+
TR-045338,San Antonio,Raleigh,1492.6,Dry Van,32961.0,0.92076,2.12752,3055.38,3063.7678100261273,8.387810026127227,8.387810026127227,0.2745259190715141,1001-1500
TR-045339,Milwaukee,Detroit,427.2,Dry Van,23543.0,0.95539,1.99938,913.33,928.3621695149523,15.032169514952216,15.032169514952216,1.645863982892516,251-500
TR-045340,Greensboro,Savannah,213.4,Reefer,42139.0,0.91907,1.31793,616.61,719.8918441181515,103.28184411815153,103.28184411815153,16.74994633855298,0-250
TR-045341,Reno,Philadelphia,2761.9,Flatbed,25668.0,0.96693,2.34072,5064.85,5301.033045551331,236.1830455513309,236.1830455513309,4.663179473258455,1500+
TR-045342,Salt Lake City,Reno,520.8,Dry Van,31644.0,0.97714,1.86213,1176.84,1133.4605079926168,-43.37949200738308,43.37949200738308,3.6860993854205395,501-750
TR-045343,Grand Rapids,San Antonio,1344.2,Reefer,39222.0,0.9604,1.90034,3065.85,3245.9223018079847,180.0723018079848,180.0723018079848,5.8734870201733544,1001-1500
TR-045344,Bakersfield,New Orleans,1678.5,Dry Van,30165.0,0.94847,2.11752,3328.78,3337.998440109806,9.21844010980567,9.21844010980567,0.27693149171184844,1500+
TR-045345,Milwaukee,Memphis,342.5,Dry Van,25427.0,0.93106,1.81176,804.05,819.4192213930387,15.369221393038742,15.369221393038742,1.9114758277518493,251-500
TR-045346,Atlanta,Oklahoma City,889.0,Dry Van,35205.0,0.9244,1.91505,1987.31,1922.7218644470229,-64.58813555297706,64.58813555297706,3.2500282066198567,751-1000
TR-045347,Houston,Harrisburg,1285.7,Dry Van,28807.0,0.94654,2.16458,2500.22,2604.227883336098,104.00788333609808,104.00788333609808,4.159949257909227,1001-1500
TR-045348,Phoenix,Nashville,1949.8,Flatbed,29788.0,0.97765,2.00491,4179.65,4198.153415842373,18.503415842373215,18.503415842373215,0.44270251916723213,1500+
TR-045349,Corpus Christi,Atlanta,844.3,Dry Van,47500.0,1.06996,1.89928,1914.6,1910.4172047220736,-4.182795277926289,4.182795277926289,0.2184683629962545,751-1000
TR-045350,Philadelphia,Charleston,619.5,Flatbed,35354.0,1.0029,1.72166,1450.77,1496.838559957293,46.06855995729302,46.06855995729302,3.1754557894975095,501-750
TR-045351,San Antonio,Louisville,975.0,Dry Van,38510.0,1.06182,1.91802,2136.84,2127.073036095702,-9.766963904298336,9.766963904298336,0.4570751157924007,751-1000
TR-045352,Philadelphia,Cincinnati,904.1,Dry Van,23919.0,1.00207,2.11457,1822.83,1879.3399500667697,56.50995006676976,56.50995006676976,3.1001217923102957,751-1000
TR-045353,Buffalo,Hartford,441.5,Dry Van,23350.0,0.98934,2.01858,932.17,993.6386205065037,61.468620506503726,61.468620506503726,6.59414275362903,251-500
TR-045354,Nashville,Baton Rouge,525.4,Dry Van,42223.0,1.03574,1.75555,1251.37,1231.1732478983897,-20.196752101610173,20.196752101610173,1.6139712556326407,501-750
TR-045355,Phoenix,Oklahoma City,1247.0,Dry Van,35807.0,1.0177,1.9914,2684.76,2641.2549618930243,-43.50503810697592,43.50503810697592,1.6204442150127354,1001-1500
TR-045356,Louisville,Montgomery,487.7,Dry Van,34827.0,1.06278,1.86823,1123.71,1164.4782075250032,40.76820752500316,40.76820752500316,3.6280007764461617,251-500
TR-045357,Memphis,Lexington,333.8,Flatbed,30509.0,1.03793,1.54537,881.42,907.2443031101177,25.82430311011774,25.82430311011774,2.9298521828546824,251-500
TR-045358,Oklahoma City,Little Rock,516.9,Reefer,23643.0,1.05386,1.52839,1355.77,1266.30588638461,-89.46411361539003,89.46411361539003,6.598767756727914,501-750
TR-045359,Columbia,Richmond,526.0,Dry Van,44934.0,1.0397,1.82618,1204.07,1206.445785351236,2.375785351236118,2.375785351236118,0.19731289304077987,501-750
TR-045360,Milwaukee,Nashville,366.1,Dry Van,32566.0,0.99593,1.82801,861.53,869.5839853156626,8.053985315662658,8.053985315662658,0.9348467628129791,251-500
TR-045361,Grand Rapids,St. Louis,473.2,Flatbed,40139.0,1.06295,1.66251,1178.27,1230.8130395301298,52.54303953012982,52.54303953012982,4.459337802891512,251-500
TR-045362,Memphis,Shreveport,324.0,Reefer,39191.0,1.05284,1.18108,961.45,927.7844640590131,-33.665535940986956,33.665535940986956,3.501537879347543,251-500
TR-045363,Oklahoma City,Fresno,1412.1,Reefer,38862.0,1.03192,1.85798,3272.45,3417.1341949166354,144.68419491663553,144.68419491663553,4.421280536498206,1001-1500
TR-045364,Syracuse,Los Angeles,2731.0,Reefer,37790.0,1.01119,2.15095,5462.43,5785.992034060482,323.5620340604819,323.5620340604819,5.923408337690036,1500+
TR-045365,Raleigh,Phoenix,2680.5,Dry Van,43530.0,1.02389,2.25326,5007.73,5085.396296203777,77.66629620377716,77.66629620377716,1.5509281890952022,1500+
TR-045366,Detroit,Columbia,716.2,Flatbed,36936.0,1.00112,1.76285,1699.95,1726.158566329325,26.208566329324867,26.208566329324867,1.5417257171872625,501-750
TR-045367,Buffalo,Richmond,327.9,Dry Van,36313.0,1.03556,1.75856,779.9,803.8067035516879,23.906703551687883,23.906703551687883,3.0653549880353745,251-500
TR-045368,Mobile,New York,1180.2,Reefer,31251.0,1.03094,1.84869,2716.26,2710.6558340906777,-5.604165909322546,5.604165909322546,0.20631920027252715,1001-1500
TR-045369,Raleigh,Las Vegas,2506.4,Dry Van,47500.0,1.06978,2.20806,4877.5,4878.512948374859,1.0129483748587518,1.0129483748587518,0.02076777805963612,1500+
TR-045370,Hartford,Bakersfield,2886.1,Dry Van,25635.0,1.0458,2.31343,5287.91,5488.238832637497,200.32883263749682,200.32883263749682,3.788431206989091,1500+
TR-045371,Birmingham,Little Rock,372.1,Flatbed,34100.0,1.04011,1.45934,1009.32,1063.2934987582414,53.97349875824136,53.97349875824136,5.34751107262725,251-500
TR-045372,Salt Lake City,Fort Wayne,1763.5,Flatbed,39016.0,1.00081,2.13192,3554.36,3883.036839436995,328.67683943699467,328.67683943699467,9.247145461827014,1500+
TR-045373,El Paso,Montgomery,1598.8,Reefer,34528.0,1.00791,1.81433,3644.6,3784.6076541333196,140.00765413331965,140.00765413331965,3.841509469717381,1500+
TR-045374,Reno,Richmond,2596.3,Reefer,33775.0,1.02233,2.09258,5404.21,5464.451216010919,60.24121601091883,60.24121601091883,1.1147090141004667,1500+
TR-045375,Grand Rapids,Columbia,745.8,Dry Van,31560.0,1.06302,1.92725,1655.51,1589.284780189992,-66.22521981000796,66.22521981000796,4.000291137474734,501-750
TR-045376,Charleston,Cincinnati,550.4,Dry Van,44575.0,1.0553,1.77534,1309.36,1244.7461476137532,-64.61385238624666,64.61385238624666,4.934766022044867,501-750
TR-045377,Fresno,Fort Wayne,2294.0,Dry Van,14600.0,1.05126,2.3588,4165.83,4329.281509523199,163.4515095231991,163.4515095231991,3.9236240922745074,1500+
TR-045378,Green Bay,Phoenix,2171.2,Dry Van,29782.0,1.03811,2.35721,4006.28,4177.529911063927,171.2499110639269,171.2499110639269,4.274536753894558,1500+
TR-045379,Cincinnati,Jacksonville,450.9,Dry Van,39914.0,1.0151,1.81717,1061.61,1101.2478769026109,39.63787690261097,39.63787690261097,3.7337512742542907,251-500
TR-045380,Hartford,Lubbock,1984.4,Flatbed,38419.0,0.9914,1.99905,4242.9,4208.188501340482,-34.71149865951793,34.71149865951793,0.8181078663064868,1500+
TR-045381,Boston,Savannah,940.5,Dry Van,32189.0,1.01991,2.09623,1951.97,1952.3392098209958,0.36920982099582034,0.36920982099582034,0.018914728248683142,751-1000
TR-045382,Greensboro,Columbia,119.6,Flatbed,22083.0,1.04229,1.20097,348.2,426.9609777561566,78.76097775615659,78.76097775615659,22.619465179826705,0-250
TR-045383,Buffalo,New York,324.7,Reefer,26111.0,1.02752,1.56859,834.92,827.6994498088438,-7.220550191156121,7.220550191156121,0.8648194067882099,251-500
TR-045384,New York,El Paso,2336.4,Dry Van,30846.0,1.04735,2.28925,4519.53,4494.667734437904,-24.862265562095672,24.862265562095672,0.5501073244805471,1500+
TR-045385,Greensboro,Baltimore,684.3,Reefer,29214.0,1.02162,1.74618,1659.11,1633.8555450940203,-25.254454905979628,25.254454905979628,1.5221688077330395,501-750
TR-045386,Tampa,Chattanooga,570.4,Dry Van,15536.0,1.05083,1.98574,1214.48,1267.7209913713361,53.24099137133612,53.24099137133612,4.38385081445031,501-750
TR-045387,Charleston,Tulsa,1006.6,Reefer,24397.0,1.00215,1.71053,2442.56,2359.1151807488463,-83.4448192511536,83.4448192511536,3.41628534206544,1001-1500
TR-045388,Phoenix,Houston,1519.0,Dry Van,16137.0,1.02004,2.19745,2936.44,3020.7581339961093,84.31813399610928,84.31813399610928,2.871440724009661,1500+
TR-045389,Hartford,Syracuse,402.2,Dry Van,26880.0,1.02611,1.9598,864.31,915.4498623043908,51.13986230439082,51.13986230439082,5.916842603277854,251-500
TR-045390,Toledo,Salt Lake City,1877.7,Dry Van,43751.0,1.03133,2.18133,3734.02,3784.5920116287807,50.57201162878073,50.57201162878073,1.35435834914598,1500+
TR-045391,Nashville,Los Angeles,2038.4,Dry Van,41661.0,1.04617,2.21646,3996.08,4127.06325072024,130.98325072024,130.98325072024,3.277793505641528,1500+
TR-045392,Fort Wayne,Raleigh,673.9,Reefer,16333.0,0.9997,1.96335,1501.44,1617.801582108423,116.36158210842291,116.36158210842291,7.7499988083721565,501-750
TR-045393,Tucson,Tampa,1845.6,Dry Van,35600.0,1.01385,2.14589,3618.32,3818.3164429799126,199.99644297991244,199.99644297991244,5.5273287873906245,1500+
TR-045394,Cincinnati,Milwaukee,232.1,Dry Van,38270.0,1.04317,1.56656,600.5,645.0372351932103,44.537235193210336,44.537235193210336,7.4166919555720785,0-250
TR-045395,Houston,Grand Rapids,1172.7,Dry Van,39348.0,1.0357,2.02332,2508.4,2479.9047222627914,-28.495277737208653,28.495277737208653,1.1359941690802364,1001-1500
TR-045396,Fort Wayne,Oklahoma City,1136.6,Reefer,37325.0,1.0139,1.79314,2661.47,2862.555656045437,201.0856560454372,201.0856560454372,7.555435757135613,1001-1500
TR-045397,Cincinnati,Baton Rouge,692.7,Reefer,39517.0,1.00048,1.53934,1813.6,1731.1865483708657,-82.41345162913422,82.41345162913422,4.544191201429985,501-750
TR-045398,Memphis,Dayton,434.5,Dry Van,37083.0,1.02128,1.74395,1056.38,1037.518374994466,-18.86162500553405,18.86162500553405,1.7854962234739438,251-500
TR-045399,Phoenix,Los Angeles,70.0,Reefer,16684.0,1.01362,1.0235,216.75,392.13305892156086,175.38305892156086,175.38305892156086,80.91490607684469,0-250
TR-045400,Baltimore,Atlanta,911.1,Dry Van,20364.0,1.02987,2.1854,1788.8,1903.8997303389385,115.09973033893857,115.09973033893857,6.434466141488068,751-1000
TR-045401,Toledo,Richmond,580.0,Dry Van,39061.0,1.00502,2.01749,1232.16,1332.4471465763982,100.28714657639807,100.28714657639807,8.139133438546784,501-750
TR-045402,Corpus Christi,Oklahoma City,338.5,Dry Van,27508.0,1.03094,1.63881,853.57,878.4812883385041,24.91128833850405,24.91128833850405,2.9184821793765066,251-500
TR-045403,Shreveport,Savannah,688.2,Dry Van,37020.0,1.04911,1.92248,1564.33,1633.2493653536776,68.91936535367768,68.91936535367768,4.405679450862522,501-750
TR-045404,Harrisburg,Columbia,537.2,Reefer,34105.0,0.9972,1.56777,1378.98,1395.1035253630912,16.123525363091176,16.123525363091176,1.1692356207552812,501-750
TR-045405,Reno,Columbia,2289.8,Flatbed,24211.0,1.0692,2.1299,4506.19,4633.427140108539,127.23714010853928,127.23714010853928,2.8236079727783183,1500+
TR-045406,Baton Rouge,Louisville,663.2,Flatbed,47500.0,1.01812,1.66271,1653.47,1620.657847129362,-32.8121528706381,32.8121528706381,1.9844419838665412,501-750
TR-045407,Indianapolis,Greensboro,458.9,Dry Van,26508.0,1.01077,1.91738,1038.39,1047.4671148569837,9.077114856983599,9.077114856983599,0.8741527611960436,251-500
TR-045408,Albany,San Antonio,2094.4,Flatbed,47108.0,1.04467,2.05569,4400.24,4412.531842617571,12.291842617571092,12.291842617571092,0.2793448224999339,1500+
TR-045409,Charleston,New Orleans,883.5,Dry Van,27380.0,1.02702,2.01563,1876.83,1817.8482795696582,-58.98172043034174,58.98172043034174,3.1426245547194864,751-1000
TR-045410,Lexington,Jacksonville,411.2,Reefer,28773.0,1.02988,1.52884,1089.43,1105.631683690278,16.201683690277832,16.201683690277832,1.4871706938745795,251-500
TR-045411,Grand Rapids,Cincinnati,536.9,Flatbed,38980.0,1.01341,1.6553,1332.19,1289.4083545435954,-42.7816454564047,42.7816454564047,3.2113771651494685,501-750
TR-045412,Toledo,Greensboro,496.6,Dry Van,24507.0,1.00507,2.05334,1053.6,1080.567560125853,26.967560125853197,26.967560125853197,2.559563413615528,251-500
TR-045413,Hartford,Raleigh,500.9,Dry Van,43481.0,1.04599,1.87086,1152.67,1149.0515604211164,-3.618439578883681,3.618439578883681,0.3139180840035466,501-750
TR-045414,Providence,Bakersfield,3058.2,Reefer,36146.0,1.00074,2.0531,6475.22,6441.567106013355,-33.65289398664481,33.65289398664481,0.5197181560880528,1500+
TR-045415,Greensboro,Hartford,748.9,Flatbed,27072.0,1.06849,2.01206,1605.1,1709.3982313374865,104.29823133748664,104.29823133748664,6.497927315275474,501-750
TR-045416,Tulsa,Los Angeles,1572.5,Dry Van,36307.0,1.01854,2.06757,3212.24,3298.1253971266024,85.88539712660258,85.88539712660258,2.673691789112974,1500+
TR-045417,Atlanta,Nashville,158.6,Dry Van,35844.0,1.02434,1.38964,436.33,466.3833554458324,30.053355445832437,30.053355445832437,6.887758221032805,0-250
TR-045418,Grand Rapids,Oklahoma City,1248.0,Reefer,21133.0,1.06168,2.00741,2740.89,2811.7991292209335,70.90912922093366,70.90912922093366,2.587084093886791,1001-1500
TR-045419,Savannah,Dayton,566.1,Reefer,30448.0,1.05078,1.77099,4350.23,1503.6176722963587,-2846.612327703641,2846.612327703641,65.43590402584786,501-750
TR-045420,Milwaukee,Green Bay,398.6,Dry Van,31793.0,1.07539,1.77233,944.01,987.9572434826716,43.94724348267164,43.94724348267164,4.6553790195730596,251-500
TR-045421,Kansas City,Bakersfield,1685.1,Flatbed,31496.0,1.04372,2.04583,3563.89,3696.957742712246,133.06774271224594,133.06774271224594,3.7337780546606645,1500+
TR-045422,Fort Wayne,Richmond,599.1,Dry Van,26357.0,1.00002,2.07333,1255.95,1279.305005018149,23.35500501814886,23.35500501814886,1.859548948457252,501-750
TR-045423,Charleston,Shreveport,871.3,Reefer,25705.0,1.00738,1.82068,2041.12,2066.60369149886,25.483691498860026,25.483691498860026,1.248515104396607,751-1000
TR-045424,Detroit,Indianapolis,521.2,Reefer,47500.0,1.04101,1.56924,1346.17,1320.8106308069532,-25.35936919304686,25.35936919304686,1.8838162485456413,501-750
TR-045425,Mobile,Boston,1402.1,Flatbed,41610.0,1.00826,1.95345,568.26,3196.363464262685,2628.1034642626846,2628.1034642626846,462.48257210831036,1001-1500
TR-045426,Corpus Christi,Toledo,1320.8,Flatbed,46310.0,1.01044,1.96023,2903.57,2963.5436114645236,59.9736114645234,59.9736114645234,2.06551285019901,1001-1500
TR-045427,Columbia,Los Angeles,2289.1,Dry Van,30491.0,1.05314,2.23143,4389.3,4638.538197005444,249.2381970054439,249.2381970054439,5.678313102441025,1500+
TR-045428,Cincinnati,Amarillo,1242.2,Dry Van,34054.0,1.06194,2.02906,2617.61,2616.5418505914754,-1.0681494085247323,1.0681494085247323,0.040806285448356794,1001-1500
TR-045429,Cincinnati,Tulsa,631.0,Dry Van,38196.0,1.06203,1.75604,1498.27,1429.8043246516409,-68.46567534835913,68.46567534835913,4.569648684706971,501-750
TR-045430,Albuquerque,Birmingham,1463.8,Dry Van,30570.0,1.01917,2.12895,2985.02,3105.959672195373,120.93967219537308,120.93967219537308,4.051553161967862,1001-1500
TR-045431,Fort Wayne,Mobile,810.0,Reefer,30835.0,1.06188,1.73161,1930.62,1941.6336427882695,11.013642788269635,11.013642788269635,0.5704718063766892,751-1000
TR-045432,Bakersfield,Austin,1224.5,Dry Van,46040.0,1.04803,1.9973,2661.22,2628.611816722305,-32.608183277694934,32.608183277694934,1.2253095677055987,1001-1500
TR-045433,Los Angeles,Reno,926.4,Flatbed,33234.0,1.00048,1.87181,2045.72,2104.717114149107,58.99711414910712,58.99711414910712,2.8839290884924194,751-1000
TR-045434,Lexington,Milwaukee,316.1,Reefer,19999.0,1.0276,1.48054,842.96,818.5060130933325,-24.453986906667524,24.453986906667524,2.9009664642055997,251-500
TR-045435,Nashville,Philadelphia,1038.7,Dry Van,38718.0,0.99679,2.0287,2152.99,2225.708339374143,72.7183393741434,72.7183393741434,3.3775511903976985,1001-1500
TR-045436,Amarillo,Las Vegas,755.9,Flatbed,31444.0,1.04707,1.86231,1744.7,1790.8993571008875,46.19935710088748,46.19935710088748,2.6479828681657294,751-1000
TR-045437,Chattanooga,San Antonio,891.0,Flatbed,38449.0,1.0473,1.67405,2181.82,2140.173710881442,-41.64628911855834,41.64628911855834,1.9087866606117068,751-1000
TR-045438,Oklahoma City,Milwaukee,896.8,Dry Van,25295.0,1.03671,2.04393,1907.86,1858.1084718728016,-49.7515281271983,49.7515281271983,2.607713780214392,751-1000
TR-045439,Amarillo,Charleston,1654.7,Dry Van,33202.0,1.02572,2.17597,3295.14,3385.705249872602,90.56524987260218,90.56524987260218,2.7484492274259114,1500+
TR-045440,Fort Wayne,Washington,559.3,Reefer,30579.0,1.00278,1.73212,1364.09,1357.894007345512,-6.195992654488009,6.195992654488009,0.4542216902468319,501-750
TR-045441,Oklahoma City,Milwaukee,904.7,Reefer,22788.0,1.05077,1.83483,2087.79,2059.4939224064647,-28.2960775935353,28.2960775935353,1.3553124401177945,751-1000
TR-045442,Green Bay,Lexington,630.7,Reefer,39954.0,1.02183,1.66529,1556.11,1553.0885680976212,-3.0214319023787084,3.0214319023787084,0.19416570180634457,501-750
TR-045443,Lubbock,Mobile,798.2,Flatbed,36929.0,1.02368,1.73671,1944.75,2052.241971512678,107.49197151267799,107.49197151267799,5.527289960801028,751-1000
TR-045444,Little Rock,Lubbock,661.9,Dry Van,32021.0,1.05804,1.85537,1512.28,1489.8750089964174,-22.40499100358261,22.40499100358261,1.4815372155673956,501-750
TR-045445,Columbia,Las Vegas,2079.7,Dry Van,22344.0,1.03768,2.27918,3926.13,4041.1252663211403,114.9952663211402,114.9952663211402,2.9289724568758597,1500+
TR-045446,Lexington,Atlanta,194.8,Dry Van,23332.0,1.00959,1.69975,483.85,584.6786219004903,100.82862190049025,100.82862190049025,20.83881820822367,0-250
TR-045447,Kansas City,Toledo,467.6,Reefer,28908.0,1.02252,1.72084,1165.76,1177.1790349940363,11.419034994036338,11.419034994036338,0.9795356672073443,251-500
TR-045448,Atlanta,Grand Rapids,704.4,Dry Van,25000.0,1.01532,2.1486,1438.61,1515.6052433230725,76.9952433230726,76.9952433230726,5.352058120204406,501-750
TR-045449,Syracuse,Cincinnati,775.0,Reefer,15267.0,1.0056,1.95216,1692.84,1759.1838070373174,66.34380703731745,66.34380703731745,3.919083140599079,751-1000
TR-045450,Jacksonville,Mobile,282.3,Dry Van,40813.0,1.04449,1.45478,754.63,763.3707133961975,8.74071339619752,8.74071339619752,1.1582780165375774,251-500
TR-045451,Little Rock,Kansas City,431.1,Dry Van,25582.0,1.01691,1.81477,1004.61,1067.7389131019368,63.128913101936746,63.128913101936746,6.283922427801509,251-500
TR-045452,Corpus Christi,Louisville,912.0,Flatbed,36368.0,0.98284,1.7008,2234.84,2104.854516927896,-129.98548307210422,129.98548307210422,5.816321663837421,751-1000
TR-045453,El Paso,Mobile,1508.6,Dry Van,24535.0,1.03301,2.12856,2952.3,3038.1030189930193,85.80301899301912,85.80301899301912,2.906310977645196,1500+
TR-045454,Columbia,New York,769.8,Dry Van,21826.0,1.02777,2.18355,1533.52,1580.519464007476,46.999464007476035,46.999464007476035,3.064809328047631,751-1000
TR-045455,New York,Bakersfield,2729.6,Flatbed,18329.0,1.02341,2.19518,5166.25,5200.487560566541,34.237560566541106,34.237560566541106,0.6627159074094576,1500+
TR-045456,Oklahoma City,Reno,1424.0,Reefer,35935.0,1.04331,1.84909,3281.89,3466.2919151745737,184.4019151745738,184.4019151745738,5.6187719629412864,1001-1500
TR-045457,Raleigh,Lexington,527.0,Flatbed,39945.0,1.02831,1.72763,1269.99,1306.0502643093953,36.06026430939528,36.06026430939528,2.8394132480881957,501-750
TR-045458,Columbia,Phoenix,2321.9,Dry Van,22719.0,1.03329,2.31864,4306.25,4436.182203718092,129.93220371809184,129.93220371809184,3.017293555137111,1500+
TR-045459,Oklahoma City,Grand Rapids,1244.3,Dry Van,23174.0,1.03996,2.2105,2476.61,2424.9024003685136,-51.70759963148657,51.70759963148657,2.0878377956758056,1001-1500
TR-045460,Green Bay,Tucson,2016.4,Dry Van,25128.0,1.0503,2.22101,3778.62,3891.2377639932843,112.61776399328437,112.61776399328437,2.980394006099697,1500+
TR-045461,Shreveport,Bakersfield,1611.3,Flatbed,17285.0,1.00679,2.05383,3385.62,3468.5907349729414,82.9707349729415,82.9707349729415,2.45068067216467,1500+
TR-045462,Nashville,Detroit,738.9,Reefer,22917.0,1.03751,1.83472,1681.07,1691.4890192485232,10.419019248523227,10.419019248523227,0.6197849731732306,501-750
TR-045463,Phoenix,Jacksonville,2235.8,Dry Van,29005.0,1.00643,2.19227,4294.8,4332.347278104226,37.54727810422537,37.54727810422537,0.874249746303096,1500+
TR-045464,Corpus Christi,Savannah,1033.8,Reefer,45759.0,1.07201,1.70831,2564.43,2561.8421487252117,-2.587851274788136,2.587851274788136,0.10091331308665615,1001-1500
TR-045465,Dayton,Toledo,200.7,Dry Van,29581.0,0.97379,1.70557,501.67,519.2646125545025,17.594612554502476,17.594612554502476,3.5072084347285015,0-250
TR-045466,Amarillo,Los Angeles,948.3,Flatbed,33299.0,1.04589,1.79003,2247.19,2256.4704953732353,9.280495373235226,9.280495373235226,0.41298222995097106,751-1000
TR-045467,Salt Lake City,Columbia,2046.4,Reefer,34506.0,1.04315,1.96428,4562.17,4533.378247462332,-28.79175253766789,28.79175253766789,0.6310977569373323,1500+
TR-045468,Corpus Christi,Phoenix,1440.1,Flatbed,38792.0,1.00702,1.85666,3238.99,3348.496859475378,109.5068594753784,109.5068594753784,3.3808952628868383,1001-1500
TR-045469,Indianapolis,Dallas,654.2,Dry Van,47166.0,0.96692,1.91758,1493.13,1472.385074875479,-20.74492512452116,20.74492512452116,1.3893582691742286,501-750
TR-045470,Madison,Shreveport,753.4,Dry Van,32416.0,1.04224,2.00971,1602.83,1660.5947499369156,57.76474993691568,57.76474993691568,3.6039224332534134,751-1000
TR-045471,Fort Wayne,St. Louis,384.9,Dry Van,34981.0,1.03146,1.72018,928.05,935.2897584599859,7.239758459985978,7.239758459985978,0.7801043542897451,251-500
TR-045472,Reno,Lexington,2077.4,Dry Van,41544.0,1.02514,2.27393,3913.99,4094.8280673922372,180.83806739223746,180.83806739223746,4.620299678646022,1500+
TR-045473,Dallas,Phoenix,1544.3,Dry Van,18176.0,1.01309,2.22803,2990.47,3061.27238068696,70.80238068696008,70.80238068696008,2.3676004336094354,1500+
TR-045474,Little Rock,Harrisburg,996.1,Reefer,24718.0,1.01668,1.88557,2214.62,2272.6292318494684,58.009231849468506,58.009231849468506,2.6193763196154873,751-1000
TR-045475,Mobile,Milwaukee,626.6,Dry Van,21304.0,1.01806,2.06314,1323.68,1351.2815671476847,27.60156714768459,27.60156714768459,2.0852144889765345,501-750
TR-045476,Tulsa,Lexington,720.2,Reefer,39634.0,1.01333,1.57204,1844.13,1914.1607255023096,70.03072550230945,70.03072550230945,3.7974939674702677,501-750
TR-045477,Atlanta,Dayton,412.5,Dry Van,31787.0,1.01017,1.90088,932.44,985.8305289210994,53.3905289210993,53.3905289210993,5.725894311816234,251-500
TR-045478,Grand Rapids,Toledo,181.2,Dry Van,38135.0,0.99059,1.59166,474.27,465.15410758484836,-9.11589241515162,9.11589241515162,1.9220891928967931,0-250
TR-045479,Buffalo,Little Rock,1063.2,Dry Van,37577.0,1.03845,2.05141,2227.05,2281.952188962375,54.90218896237502,54.90218896237502,2.4652427634033818,1001-1500
TR-045480,Memphis,Richmond,851.5,Reefer,47500.0,1.02307,1.69221,2089.72,2087.1003778771433,-2.6196221228565264,2.6196221228565264,0.1253575657435698,751-1000
TR-045481,San Francisco,Raleigh,2900.2,Dry Van,7816.0,1.03357,2.38557,5134.16,5272.871042831181,138.71104283118075,138.71104283118075,2.7017280885515986,1500+
TR-045482,Hartford,Atlanta,983.6,Flatbed,40639.0,1.02084,1.95019,2193.66,2271.4775516859763,77.81755168597647,77.81755168597647,3.5473843570095855,751-1000
TR-045483,Albany,Syracuse,361.6,Dry Van,32774.0,1.03637,2.01159,794.02,867.0972591947166,73.07725919471659,73.07725919471659,9.20345321210002,251-500
TR-045484,Greensboro,Columbia,153.8,Dry Van,34198.0,1.00256,1.46388,1971.21,425.49928779943207,-1545.710712200568,1545.710712200568,78.4143095966725,0-250
TR-045485,Salt Lake City,Nashville,1670.1,Reefer,28546.0,1.08076,1.89068,3702.06,3724.0269343028885,21.966934302888603,21.966934302888603,0.5933705640343108,1500+
TR-045486,Savannah,Cincinnati,422.8,Dry Van,34475.0,1.00142,1.82187,999.32,1035.5706462772284,36.250646277228384,36.250646277228384,3.6275313490401855,251-500
TR-045487,Los Angeles,Mobile,2051.9,Dry Van,30880.0,1.00986,2.16591,4097.51,4094.629618370477,-2.8803816295230718,2.8803816295230718,0.07029590237786049,1500+
TR-045488,Milwaukee,Los Angeles,2100.3,Flatbed,21190.0,1.01199,2.11888,4235.68,4214.273308941759,-21.40669105824145,21.40669105824145,0.5053897144789372,1500+
TR-045489,Boston,Memphis,1353.0,Dry Van,32694.0,1.01733,2.1143,2724.75,2790.8454693755134,66.0954693755134,66.0954693755134,2.425744357299327,1001-1500
TR-045490,Columbia,Albany,1088.1,Dry Van,23840.0,1.03293,2.25217,2087.54,2209.322786802782,121.78278680278208,121.78278680278208,5.833794169346795,1001-1500
TR-045491,Baton Rouge,Birmingham,486.5,Flatbed,45408.0,1.03508,1.61796,1258.93,1302.9659159845046,44.03591598450453,44.03591598450453,3.4978843926592047,251-500
TR-045492,Grand Rapids,Oklahoma City,1186.3,Dry Van,27309.0,1.02579,2.22425,2343.06,2480.3669254691517,137.3069254691518,137.3069254691518,5.860154049369277,1001-1500
TR-045493,Grand Rapids,Los Angeles,2320.9,Dry Van,41623.0,1.00059,2.20655,4341.53,4478.508613504343,136.97861350434323,136.97861350434323,3.1550769775711154,1500+
TR-045494,Albuquerque,Grand Rapids,1554.1,Flatbed,38770.0,1.01226,2.02512,3346.88,3483.6773110985096,136.79731109850945,136.79731109850945,4.087308511165905,1500+
TR-045495,Tulsa,Nashville,504.1,Dry Van,35664.0,1.01939,1.7197,1193.64,1260.4497254623554,66.80972546235535,66.80972546235535,5.5971419743268775,501-750
TR-045496,Hartford,Mobile,1203.0,Reefer,27437.0,1.0711,1.9037,2724.36,2692.467369842819,-31.892630157180974,31.892630157180974,1.1706466897613006,1001-1500
TR-045497,Las Vegas,Oklahoma City,1137.4,Flatbed,21143.0,1.08634,1.90952,2533.06,2528.288138900583,-4.771861099417038,4.771861099417038,0.18838326369754518,1001-1500
TR-045498,Greensboro,Shreveport,706.4,Flatbed,43780.0,1.0549,1.73667,1699.44,1783.4519178584496,84.01191785844958,84.01191785844958,4.943505970110717,501-750
TR-045499,Tampa,Phoenix,2067.5,Reefer,28387.0,1.01984,1.95968,4527.85,4493.740281283417,-34.1097187165833,34.1097187165833,0.7533314645269454,1500+
TR-045500,Mobile,Boston,1366.9,Dry Van,31915.0,1.05143,2.20233,2720.36,2822.9304934263873,102.5704934263872,102.5704934263872,3.7704749895744385,1001-1500
TR-045501,Atlanta,Tucson,1859.0,Flatbed,14218.0,1.05806,2.1193,3737.89,3898.4467441285947,160.5567441285948,160.5567441285948,4.295384404800431,1500+
TR-045502,Memphis,Columbia,427.6,Dry Van,32176.0,1.05859,1.80189,1006.55,1034.0832743744406,27.53327437444068,27.53327437444068,2.735410498677729,251-500
TR-045503,Syracuse,San Francisco,2874.0,Flatbed,33835.0,1.02404,2.18743,5553.58,5712.01917649968,158.4391764996799,158.4391764996799,2.85291967523075,1500+
TR-045504,Mobile,Cincinnati,457.7,Dry Van,23278.0,1.06424,1.84758,1047.23,1082.74970505229,35.519705052289964,35.519705052289964,3.391776883042881,251-500
TR-045505,Madison,Bakersfield,1773.3,Dry Van,36842.0,1.03918,2.15091,3512.86,3636.939889109195,124.07988910919494,124.07988910919494,3.532161518227169,1500+
TR-045506,Mobile,Baton Rouge,327.2,Dry Van,23776.0,1.04448,1.59559,834.1,829.8656878825761,-4.234312117423883,4.234312117423883,0.5076504157084143,251-500
TR-045507,Corpus Christi,Bakersfield,1452.3,Dry Van,33462.0,1.06414,2.10984,2978.65,3113.566428997275,134.91642899727503,134.91642899727503,4.529448877755864,1001-1500
TR-045508,Nashville,Los Angeles,2053.3,Dry Van,28366.0,1.05407,2.33155,3902.46,3983.5319149537017,81.07191495370171,81.07191495370171,2.077456654359089,1500+
TR-045509,New York,Albuquerque,2367.0,Dry Van,42483.0,1.05142,2.16787,4696.7,4578.041758726446,-118.65824127355427,118.65824127355427,2.526417298817346,1500+
TR-045510,Atlanta,Montgomery,299.4,Dry Van,26791.0,1.07548,1.58427,757.49,722.8407721619787,-34.64922783802126,34.64922783802126,4.574215875855954,251-500
TR-045511,Phoenix,Albuquerque,693.7,Reefer,23806.0,1.07092,1.78146,1651.0,1736.206601443874,85.20660144387398,85.20660144387398,5.16090862773313,501-750
TR-045512,Chattanooga,Buffalo,774.6,Dry Van,33602.0,1.08226,1.99441,1655.06,1664.0021545738366,8.94215457383666,8.94215457383666,0.5402918669919314,751-1000
TR-045513,Houston,Oklahoma City,310.2,Reefer,20397.0,1.05673,1.35898,871.81,834.6995442346663,-37.110455765333654,37.110455765333654,4.256713706579834,251-500
TR-045514,Kansas City,Mobile,655.6,Dry Van,40913.0,1.0769,1.92571,1474.93,1470.937338498617,-3.992661501383054,3.992661501383054,0.27070176221129505,501-750
TR-045515,Shreveport,Fort Wayne,852.4,Flatbed,34671.0,1.03993,1.89023,1932.3,1985.1920483564497,52.89204835644978,52.89204835644978,2.737258622183397,751-1000
TR-045516,Hartford,Richmond,333.0,Dry Van,40546.0,1.06837,1.82031,781.07,797.8476298045978,16.777629804597723,16.777629804597723,2.148031521451051,251-500
TR-045517,Fort Wayne,Buffalo,419.5,Dry Van,27726.0,1.07407,1.98248,902.18,930.3026727611323,28.12267276113232,28.12267276113232,3.117190888861682,251-500
TR-045518,Memphis,Chattanooga,188.1,Dry Van,31400.0,1.04995,1.30982,522.2,497.2371549068837,-24.962845093116357,24.962845093116357,4.7803226911367975,0-250
TR-045519,Los Angeles,Buffalo,2716.3,Dry Van,24537.0,1.07162,2.35958,4781.19,4789.707874527294,8.517874527294225,8.517874527294225,0.17815385975655068,1500+
TR-045520,Toledo,Louisville,432.4,Flatbed,21919.0,1.04845,1.75753,1034.64,1030.255048030541,-4.384951969459053,4.384951969459053,0.4238142706119087,251-500
TR-045521,Los Angeles,Birmingham,2146.2,Flatbed,27295.0,1.00965,2.15904,4263.76,4425.997530935769,162.23753093576852,162.23753093576852,3.8050343109313967,1500+
TR-045522,Fort Wayne,Lexington,365.9,Flatbed,30660.0,1.01671,1.65915,904.52,913.0276055535212,8.507605553521216,8.507605553521216,0.9405657756070862,251-500
TR-045523,Richmond,Cincinnati,667.8,Dry Van,35429.0,1.11549,1.85022,1512.16,1450.4529072777543,-61.70709272224576,61.70709272224576,4.080725103312199,501-750
TR-045524,St. Louis,Phoenix,1917.5,Flatbed,32375.0,1.02098,2.07058,4033.83,4061.725758694323,27.89575869432292,27.89575869432292,0.6915452236292289,1500+
TR-045525,Houston,Charleston,1073.5,Dry Van,34711.0,1.04795,2.05328,2238.22,2303.817822531619,65.59782253161939,65.59782253161939,2.9308031619599233,1001-1500
TR-045526,San Antonio,Raleigh,1542.0,Dry Van,46110.0,1.0667,2.08471,3178.27,3206.5014259335558,28.231425933555784,28.231425933555784,0.8882639276573666,1500+
TR-045527,Kansas City,Oklahoma City,798.3,Dry Van,38264.0,1.0557,1.94193,1768.37,1771.9520806768564,3.582080676856549,3.582080676856549,0.20256398134194478,751-1000
TR-045528,Hartford,Reno,2879.8,Reefer,32607.0,1.02854,2.04883,5890.2,5947.251733052051,57.05173305205153,57.05173305205153,0.9685873663381809,1500+
TR-045529,Corpus Christi,Cincinnati,914.1,Flatbed,32684.0,1.02211,1.80635,2132.59,2114.9107791062534,-17.679220893746788,17.679220893746788,0.8290023348954458,751-1000
TR-045530,Nashville,New York,1004.3,Dry Van,25216.0,0.99917,2.21115,1979.76,2040.851227889194,61.09122788919399,61.09122788919399,3.0857895850605117,1001-1500
TR-045531,Greensboro,Buffalo,524.5,Flatbed,26811.0,1.05197,1.86513,1198.94,1285.9518193896306,87.01181938963055,87.01181938963055,7.257395648625497,501-750
TR-045532,Oklahoma City,Los Angeles,1301.7,Reefer,36571.0,1.04687,1.82334,3017.53,3145.5880908278964,128.0580908278962,128.0580908278962,4.243805060029103,1001-1500
TR-045533,New York,Fort Wayne,724.7,Reefer,39037.0,1.01716,1.74071,1736.07,1757.5658662544126,21.495866254412704,21.495866254412704,1.2381912166221813,501-750
TR-045534,Washington,Nashville,783.8,Dry Van,40965.0,1.06953,2.057,1646.4,1737.1248958452004,90.72489584520031,90.72489584520031,5.510501448323633,751-1000
TR-045535,Kansas City,St. Louis,126.7,Dry Van,29667.0,1.05949,1.2663,362.78,388.3037761402097,25.523776140209748,25.523776140209748,7.035607293734427,0-250
TR-045536,Los Angeles,Fresno,440.5,Dry Van,34383.0,1.08474,1.84023,1030.67,1035.5737529378146,4.903752937814488,4.903752937814488,0.475783028303384,251-500
TR-045537,Syracuse,Cincinnati,774.0,Reefer,30629.0,1.05759,1.83088,1786.04,1839.2419049605533,53.20190496055329,53.20190496055329,2.9787633513556973,751-1000
TR-045538,Montgomery,Milwaukee,710.3,Reefer,31034.0,1.08598,1.63436,1759.89,1788.3485551661051,28.458555166105043,28.458555166105043,1.6170644282372786,501-750
TR-045539,Houston,Nashville,600.9,Reefer,33179.0,1.07312,1.42705,1623.7,1559.5511482703073,-64.14885172969275,64.14885172969275,3.9507822707207456,501-750
TR-045540,Richmond,Cincinnati,652.0,Flatbed,25510.0,1.03833,1.79777,1515.83,1491.54776707032,-24.28223292967982,24.28223292967982,1.601910038043832,501-750
TR-045541,Oklahoma City,Harrisburg,1483.7,Dry Van,30890.0,1.08268,2.057,3051.79,3013.3330846394824,-38.45691536051754,38.45691536051754,1.260142911554122,1001-1500
TR-045542,Philadelphia,Hartford,71.7,Dry Van,19718.0,1.02496,1.30028,200.56,288.5735967884957,88.0135967884957,88.0135967884957,43.88392340870348,0-250
TR-045543,Lubbock,Lexington,1131.1,Dry Van,21299.0,1.03305,2.15132,2253.61,2366.5324470961264,112.92244709612623,112.92244709612623,5.0107359789904296,1001-1500
TR-045544,Memphis,Lexington,347.0,Dry Van,47500.0,1.05719,1.60321,869.02,907.0596655455438,38.03966554554381,38.03966554554381,4.377306108667673,251-500
TR-045545,Houston,Milwaukee,845.1,Reefer,31562.0,1.08935,1.63152,2114.08,2052.204215108393,-61.875784891607054,61.875784891607054,2.9268421673544545,751-1000
TR-045546,Fresno,Bakersfield,224.3,Dry Van,40503.0,1.04378,1.56374,588.86,616.4022600812191,27.54226008121907,27.54226008121907,4.67721700934332,0-250
TR-045547,Oklahoma City,St. Louis,783.1,Dry Van,29360.0,1.0292,1.99935,1695.48,1685.0595257479113,-10.420474252088752,10.420474252088752,0.6146031950886328,751-1000
TR-045548,Fort Wayne,Raleigh,730.5,Dry Van,26906.0,1.0809,2.08975,1501.55,1529.974614223107,28.424614223107028,28.424614223107028,1.8930181627722704,501-750
TR-045549,Boston,Kansas City,1332.8,Flatbed,35028.0,1.07183,2.02173,2850.38,2957.4537817953897,107.07378179538955,107.07378179538955,3.756473936646677,1001-1500
TR-045550,Bakersfield,Madison,1846.1,Dry Van,24700.0,1.04205,2.31464,3389.94,3578.4462259189963,188.50622591899628,188.50622591899628,5.560754052254502,1500+
TR-045551,Lexington,Kansas City,442.1,Dry Van,36047.0,1.0515,1.73493,1049.3,1043.8998728606318,-5.400127139368124,5.400127139368124,0.5146409167414585,251-500
TR-045552,Bakersfield,San Francisco,376.6,Flatbed,25674.0,1.0461,1.65102,937.25,993.7858105077469,56.535810507746874,56.535810507746874,6.032095012829754,251-500
TR-045553,Amarillo,New York,2024.6,Reefer,13443.0,1.019,2.03474,4304.74,4281.416432902823,-23.323567097177147,23.323567097177147,0.5418112847042365,1500+
TR-045554,Los Angeles,Grand Rapids,2289.8,Flatbed,30386.0,1.06432,2.16486,4584.79,4710.921339597611,126.13133959761126,126.13133959761126,2.7510821563825445,1500+
TR-045555,Reno,Columbia,2294.2,Dry Van,25540.0,1.01971,2.35968,1687.37,4312.451567136236,2625.081567136236,2625.081567136236,155.5723739983665,1500+
TR-045556,San Antonio,Houston,301.7,Reefer,24534.0,1.08917,1.21161,867.44,836.0625395820625,-31.377460417937527,31.377460417937527,3.6172485034051376,251-500
TR-045557,San Antonio,Los Angeles,1317.0,Flatbed,26568.0,1.05937,2.06893,2794.83,2879.705255414938,84.87525541493824,84.87525541493824,3.036866478996513,1001-1500
TR-045558,Nashville,Lexington,255.1,Reefer,26203.0,1.03856,1.39381,718.12,721.4116336825757,3.291633682575707,3.291633682575707,0.45836819508935933,251-500
TR-045559,Grand Rapids,Atlanta,733.2,Reefer,27062.0,1.07514,1.85159,1702.69,1752.4988323957732,49.80883239577315,49.80883239577315,2.9253024564526218,501-750
TR-045560,Phoenix,El Paso,544.7,Dry Van,40378.0,1.0521,1.88457,1235.7,1291.5720714182353,55.87207141823524,55.87207141823524,4.521491577100853,501-750
TR-045561,Fort Wayne,Syracuse,534.0,Dry Van,29222.0,1.03381,2.10556,1069.53,1176.14439372702,106.61439372702011,106.61439372702011,9.96834064748255,501-750
TR-045562,San Antonio,Green Bay,1411.7,Reefer,43222.0,1.05739,1.77055,3294.55,3295.1664826008487,0.6164826008484852,0.6164826008484852,0.018712194407384475,1001-1500
TR-045563,Charleston,Dayton,632.3,Dry Van,23888.0,1.0295,2.08406,1301.45,1311.481424254765,10.031424254764943,10.031424254764943,0.7707882941922427,501-750
TR-045564,New Orleans,New York,1329.8,Dry Van,32897.0,1.05076,2.04457,2804.49,2681.771119489668,-122.71888051033193,122.71888051033193,4.375800252820724,1001-1500
TR-045565,Tulsa,Oklahoma City,300.2,Dry Van,23478.0,1.08931,1.57009,775.09,818.7723951357825,43.682395135782485,43.682395135782485,5.635783603940507,251-500
TR-045566,Tulsa,Fort Wayne,877.7,Flatbed,34472.0,1.02375,1.84794,2038.75,2114.4831825752767,75.73318257527671,75.73318257527671,3.714687066843738,751-1000
TR-045567,Charleston,Baton Rouge,926.8,Flatbed,28752.0,1.10665,1.79827,2112.34,2098.4212372083016,-13.918762791698555,13.918762791698555,0.6589262520095512,751-1000
TR-045568,Savannah,Lexington,341.6,Dry Van,42730.0,1.02611,1.67772,844.26,906.1738578715467,61.913857871546725,61.913857871546725,7.333506013733533,251-500
TR-045569,Buffalo,Tucson,2331.5,Dry Van,43597.0,1.06561,2.22167,4419.63,4568.507876514401,148.87787651440067,148.87787651440067,3.368559732701621,1500+
TR-045570,Mobile,Chattanooga,323.2,Dry Van,40630.0,1.07514,1.59441,824.68,834.8480774734651,10.168077473465132,10.168077473465132,1.2329724830801199,251-500
TR-045571,Syracuse,Washington,322.8,Dry Van,31852.0,1.07656,1.85864,744.62,765.7837130159016,21.163713015901635,21.163713015901635,2.8422165689749987,251-500
TR-045572,Hartford,Austin,1963.6,Dry Van,36393.0,1.05347,2.14559,4012.16,3934.8124387924026,-77.34756120759721,77.34756120759721,1.927828431757388,1500+
TR-045573,Nashville,Memphis,124.5,Dry Van,23908.0,1.0453,1.35685,346.4,362.0687831769367,15.6687831769367,15.6687831769367,4.523320778561403,0-250
TR-045574,Baton Rouge,Dayton,888.7,Dry Van,23079.0,1.02989,2.1749,1766.71,1819.8501238372062,53.14012383720615,53.14012383720615,3.0078577603118872,751-1000
TR-045575,Columbia,Bakersfield,2308.6,Dry Van,19190.0,1.03219,2.30956,4234.65,4324.772654044341,90.12265404434129,90.12265404434129,2.12821966500989,1500+
TR-045576,Providence,Phoenix,3162.5,Dry Van,17273.0,1.03774,2.3522,5590.92,6012.327130693227,421.4071306932274,421.4071306932274,7.537348606190526,1500+
TR-045577,Philadelphia,Little Rock,1303.5,Dry Van,37272.0,1.08851,2.17077,2634.88,2732.7577459597806,97.87774595978044,97.87774595978044,3.7146946335233646,1001-1500
TR-045578,Lubbock,Milwaukee,1120.9,Dry Van,24593.0,1.04607,2.16329,2230.38,2232.2869692571426,1.906969257142464,1.906969257142464,0.08549974700017324,1001-1500
TR-045579,Cincinnati,Boston,1088.7,Dry Van,34185.0,1.0207,2.16937,2199.79,2325.5115401083785,125.72154010837858,125.72154010837858,5.715160997566976,1001-1500
TR-045580,Madison,San Antonio,1149.1,Dry Van,31980.0,1.07951,2.07043,2405.29,2410.3471020946627,5.057102094662696,5.057102094662696,0.2102491630806554,1001-1500
TR-045581,San Francisco,Los Angeles,652.5,Flatbed,38385.0,1.03002,1.77159,1577.84,1661.2959496096387,83.45594960963876,83.45594960963876,5.289253004717764,501-750
TR-045582,Boston,Greensboro,850.4,Dry Van,30029.0,1.0037,2.15305,1712.65,1831.1097658037725,118.45976580377237,118.45976580377237,6.916752740126259,751-1000
TR-045583,Dayton,Fresno,2203.7,Reefer,31970.0,1.0514,2.01834,4672.68,4794.879899683856,122.19989968385562,122.19989968385562,2.61519940770298,1500+
TR-045584,Bakersfield,Shreveport,1629.3,Dry Van,37983.0,1.05168,2.06589,3402.06,3429.796473741403,27.736473741403188,27.736473741403188,0.8152846728571275,1500+
TR-045585,Syracuse,Hartford,422.2,Flatbed,28635.0,1.06381,1.8443,982.74,1029.920729839951,47.18072983995103,47.18072983995103,4.8009371593657555,251-500
TR-045586,Tucson,Jacksonville,1983.2,Dry Van,28929.0,1.09496,2.14637,3907.67,3921.3849691439113,13.714969143911276,13.714969143911276,0.350975623425501,1500+
TR-045587,Indianapolis,Bakersfield,1833.0,Dry Van,31972.0,1.04884,2.23485,3578.71,3746.8113653882615,168.10136538826146,168.10136538826146,4.697261454218459,1500+
TR-045588,Lexington,Atlanta,211.0,Dry Van,22912.0,1.05406,1.64802,526.8,617.7727019112353,90.97270191123539,90.97270191123539,17.26892595125957,0-250
TR-045589,Memphis,New York,1090.9,Dry Van,40935.0,0.98198,2.06741,2240.17,2275.7231930046023,35.553193004602235,35.553193004602235,1.587075668569896,1001-1500
TR-045590,Milwaukee,Toledo,323.5,Reefer,44447.0,1.08376,1.36833,894.4,877.4160814983109,-16.983918501689118,16.983918501689118,1.8989175426754383,251-500
TR-045591,Green Bay,Cincinnati,568.3,Reefer,42207.0,1.04058,1.54792,1466.32,1489.6551478725255,23.335147872525567,23.335147872525567,1.5914089606992723,501-750
TR-045592,San Antonio,Los Angeles,1270.1,Reefer,34581.0,1.02482,1.73783,2998.13,3071.1010337900643,72.97103379006421,72.97103379006421,2.433884914598907,1001-1500
TR-045593,Kansas City,Reno,1684.1,Dry Van,39272.0,1.04435,2.18879,3282.86,3463.677404645142,180.81740464514178,180.81740464514178,5.507923111102568,1500+
TR-045594,Richmond,Atlanta,665.2,Reefer,24778.0,1.03976,1.75016,1565.23,1615.1572432046003,49.927243204600245,49.927243204600245,3.189770398254585,501-750
TR-045595,Mobile,Houston,465.9,Reefer,31556.0,1.07429,1.35229,1293.67,1264.0872163595016,-29.58278364049852,29.58278364049852,2.2867333740829205,251-500
TR-045596,Phoenix,Lubbock,1097.6,Dry Van,29682.0,1.01983,2.09986,2280.97,2345.724363625036,64.75436362503615,64.75436362503615,2.838895891880917,1001-1500
TR-045597,Salt Lake City,Atlanta,1789.2,Reefer,42926.0,1.06213,1.8885,4050.73,4085.6537904022953,34.92379040229525,34.92379040229525,0.8621604106493214,1500+
TR-045598,Cincinnati,Baltimore,900.8,Dry Van,40512.0,1.07413,1.99976,1943.56,1953.6023917186592,10.042391718659246,10.042391718659246,0.5167008849049809,751-1000
TR-045599,Buffalo,Shreveport,1108.4,Reefer,31886.0,1.07096,1.94832,2508.13,2723.165188769061,215.03518876906082,215.03518876906082,8.573526442770543,1001-1500
TR-045600,San Antonio,Dayton,1179.6,Flatbed,34241.0,1.09608,1.87669,2645.34,2679.677643204344,34.33764320434375,34.33764320434375,1.2980427167904218,1001-1500
TR-045601,Kansas City,Shreveport,600.1,Dry Van,32050.0,1.07134,1.84582,1373.58,1336.6149002771774,-36.965099722822515,36.965099722822515,2.6911501130492956,501-750
TR-045602,Las Vegas,Jacksonville,2107.1,Dry Van,37348.0,1.03898,2.17232,4123.96,4181.774828533204,57.81482853320358,57.81482853320358,1.401925055849319,1500+
TR-045603,Reno,Lubbock,1460.0,Dry Van,41515.0,1.03822,2.09879,2908.31,3102.2694811756214,193.95948117562148,193.95948117562148,6.669147414671114,1001-1500
TR-045604,Fresno,Baltimore,3081.7,Dry Van,34722.0,1.06117,2.23884,5943.04,5896.489773361707,-46.55022663829277,46.55022663829277,0.783272982148745,1500+
TR-045605,Milwaukee,Harrisburg,657.1,Dry Van,32258.0,1.09142,1.94936,1439.58,1416.105106177634,-23.474893822365857,23.474893822365857,1.6306765738872349,501-750
TR-045606,El Paso,Fort Wayne,1719.1,Dry Van,38121.0,1.02018,2.19001,3399.37,3481.076892844451,81.70689284445098,81.70689284445098,2.4035892781442145,1500+
TR-045607,Madison,Bakersfield,1797.3,Dry Van,26039.0,1.03516,2.32718,3365.36,3553.4744210993167,188.1144210993166,188.1144210993166,5.589726540379531,1500+
TR-045608,Richmond,Kansas City,932.3,Dry Van,21240.0,1.06921,2.21303,1831.06,1874.9473407135315,43.88734071353156,43.88734071353156,2.3968270135075618,751-1000
TR-045609,Hartford,Tampa,1383.8,Dry Van,43882.0,1.0232,2.1155,2872.8,2878.1836382580855,5.383638258085284,5.383638258085284,0.18740038492360359,1001-1500
TR-045610,Baton Rouge,Cincinnati,682.3,Flatbed,37624.0,1.08231,1.63386,1702.65,1724.2663411708738,21.61634117087374,21.61634117087374,1.2695704443587195,501-750
TR-045611,Los Angeles,Albany,3174.1,Reefer,39591.0,1.00885,2.071,6537.96,6578.99354087347,41.033540873469974,41.033540873469974,0.6276199437358132,1500+
TR-045612,Mobile,New York,1145.4,Dry Van,36916.0,1.05829,1.96397,2422.06,2416.2450408621435,-5.8149591378564764,5.8149591378564764,0.2400831993367826,1001-1500
TR-045613,Charleston,Phoenix,2481.7,Dry Van,46424.0,1.08635,2.13213,4957.77,4972.581817330669,14.811817330668418,14.811817330668418,0.29875967079288507,1500+
TR-045614,Cincinnati,Nashville,180.9,Dry Van,37317.0,1.00971,1.4703,493.78,517.5087591938216,23.72875919382159,23.72875919382159,4.805532665118391,0-250
TR-045615,San Antonio,Oklahoma City,207.7,Dry Van,32481.0,1.04664,1.29885,593.16,611.4066111497921,18.246611149792102,18.246611149792102,3.076170198562294,0-250
TR-045616,Fresno,Oklahoma City,1476.4,Dry Van,47500.0,1.03585,2.0111,3170.07,3145.784110982893,-24.285889017107365,24.285889017107365,0.7660994557567298,1001-1500
TR-045617,New York,Los Angeles,2959.4,Reefer,30138.0,1.03248,2.14175,5957.95,5993.55187504225,35.60187504224996,35.60187504224996,0.5975524306556779,1500+
TR-045618,Indianapolis,Corpus Christi,926.6,Dry Van,26550.0,1.05484,2.03309,1935.21,1926.3204853367056,-8.889514663294449,8.889514663294449,0.45935658989434985,751-1000
TR-045619,Philadelphia,Cincinnati,891.2,Reefer,41079.0,1.06009,1.78461,2060.21,2163.6504555887495,103.4404555887495,103.4404555887495,5.020869503048209,751-1000
TR-045620,Greensboro,Syracuse,684.4,Dry Van,29934.0,1.03108,2.0552,1420.06,1425.0876611071178,5.027661107117865,5.027661107117865,0.3540456816696383,501-750
TR-045621,Kansas City,Milwaukee,186.1,Flatbed,18741.0,1.00902,1.50618,490.27,529.357332921074,39.087332921073994,39.087332921073994,7.972613645761315,0-250
TR-045622,Atlanta,Reno,2119.9,Dry Van,33529.0,1.0485,2.15851,4207.76,4118.05780645429,-89.70219354571054,89.70219354571054,2.1318277075144625,1500+
TR-045623,Los Angeles,Bakersfield,385.3,Dry Van,25753.0,1.02997,1.89514,866.23,930.5862623224682,64.35626232246818,64.35626232246818,7.429465883479929,251-500
TR-045624,Albany,Chattanooga,1208.4,Dry Van,32226.0,1.05405,2.13323,2427.7,2493.19168640871,65.4916864087104,65.4916864087104,2.697684491852799,1001-1500
TR-045625,Memphis,Oklahoma City,682.8,Flatbed,33052.0,1.04675,1.71789,1659.56,1661.3465918784018,1.7865918784018504,1.7865918784018504,0.10765455171261361,501-750
TR-045626,Tulsa,Hartford,1560.9,Reefer,28130.0,1.03053,1.93803,3476.97,3551.5555359679174,74.58553596791762,74.58553596791762,2.1451302705492896,1500+
TR-045627,New York,Baton Rouge,1456.2,Dry Van,26737.0,1.01161,2.17807,2795.92,2942.311671920752,146.39167192075183,146.39167192075183,5.235903456492025,1001-1500
TR-045628,Baton Rouge,Houston,167.8,Reefer,47181.0,1.09121,0.7062,575.03,619.8643833871959,44.834383387195885,44.834383387195885,7.796877273741525,0-250
TR-045629,Green Bay,New Orleans,1014.7,Reefer,37122.0,1.05724,1.6597,2501.49,2402.249225647378,-99.24077435262188,99.24077435262188,3.96726648328084,1001-1500
TR-045630,Philadelphia,Mobile,1175.3,Dry Van,18680.0,1.05938,2.21014,2283.52,2396.1662655051973,112.64626550519733,112.64626550519733,4.9330098052654385,1001-1500
TR-045631,Kansas City,Baton Rouge,745.3,Flatbed,22295.0,1.06931,1.91187,1698.24,1682.2907004711049,-15.949299528895153,15.949299528895153,0.9391664033879282,501-750
TR-045632,Milwaukee,Houston,838.6,Reefer,21180.0,1.09817,1.76045,2002.19,2017.6331155349474,15.44311553494731,15.44311553494731,0.7713111909932279,751-1000
TR-045633,Grand Rapids,Milwaukee,352.3,Flatbed,23779.0,1.05156,1.683,872.98,880.8046068677756,7.824606867775628,7.824606867775628,0.8963099805007707,251-500
TR-045634,Atlanta,Reno,2128.5,Dry Van,30702.0,1.08277,2.27346,4021.52,4065.5664458347983,44.046445834798305,44.046445834798305,1.0952686007976662,1500+
TR-045635,Kansas City,Raleigh,925.7,Dry Van,38737.0,1.04468,2.09582,1937.24,1961.3841681413564,24.14416814135643,24.14416814135643,1.24631786156369,751-1000
TR-045636,New York,Phoenix,2882.9,Dry Van,31496.0,1.02289,2.30584,5322.9,5350.457455893986,27.557455893986116,27.557455893986116,0.517715078133839,1500+
TR-045637,Green Bay,Albuquerque,1491.1,Dry Van,32840.0,0.97652,2.18171,2934.77,3128.1118470641886,193.34184706418864,193.34184706418864,6.587972722366272,1001-1500
TR-045638,Cincinnati,Madison,434.2,Reefer,37864.0,0.9989,1.48943,1157.63,1150.2268422530246,-7.403157746975467,7.403157746975467,0.6395098388064809,251-500
TR-045639,Green Bay,Richmond,816.1,Reefer,23409.0,1.01252,2.02689,1745.48,1879.0092937308598,133.52929373085976,133.52929373085976,7.650004224102239,751-1000
TR-045640,Columbia,Memphis,438.7,Dry Van,43293.0,1.01975,1.72693,1076.4,1085.9429371779195,9.542937177919384,9.542937177919384,0.8865604959048108,251-500
TR-045641,New Orleans,Hartford,1433.0,Reefer,31746.0,1.0283,1.79592,3352.03,3472.097679641551,120.06767964155097,120.06767964155097,3.5819392917590522,1001-1500
TR-045642,Washington,Philadelphia,274.4,Dry Van,30552.0,0.96629,1.79475,648.83,658.7993879418611,9.9693879418611,9.9693879418611,1.5365177229568763,251-500
TR-045643,Fort Wayne,Columbia,572.9,Reefer,41199.0,1.03314,1.61651,1447.57,1455.6500059248328,8.080005924832903,8.080005924832903,0.558177215943471,501-750
TR-045644,Kansas City,Indianapolis,201.4,Dry Van,33906.0,1.02785,1.49544,541.72,569.3775151377172,27.657515137717155,27.657515137717155,5.105500099261086,0-250
TR-045645,Bakersfield,Syracuse,2644.9,Reefer,36354.0,0.99424,2.01191,5577.71,5481.556019660134,-96.1539803398664,96.1539803398664,1.723897089304865,1500+
TR-045646,Albany,Little Rock,1535.9,Dry Van,19305.0,0.97048,2.23927,2834.23,3020.4254168612774,186.1954168612774,186.1954168612774,6.569523886956154,1500+
TR-045647,Grand Rapids,Tampa,1204.6,Dry Van,29968.0,1.04199,2.16824,2376.9,2476.181165343393,99.28116534339279,99.28116534339279,4.1769180589588455,1001-1500
TR-045648,Philadelphia,Tampa,1278.7,Dry Van,28493.0,1.01852,2.24281,2509.96,2572.3997705442093,62.439770544209296,62.439770544209296,2.487679905026745,1001-1500
TR-045649,Little Rock,Oklahoma City,479.5,Reefer,25429.0,1.01268,1.51225,1269.3,1340.5700959134824,71.27009591348246,71.27009591348246,5.614913410027769,251-500
TR-045650,New York,Kansas City,1130.8,Dry Van,24822.0,1.00405,2.23679,2140.85,2195.622421422536,54.7724214225359,54.7724214225359,2.558442741085826,1001-1500
TR-045651,Oklahoma City,Jacksonville,984.2,Dry Van,32963.0,1.05245,1.88024,2165.47,2092.6961726978466,-72.77382730215322,72.77382730215322,3.3606481411496456,751-1000
TR-045652,Reno,Oklahoma City,1440.0,Dry Van,26799.0,1.02113,2.21703,2842.26,2963.191187068328,120.93118706832774,120.93118706832774,4.254754563914903,1001-1500
TR-045653,St. Louis,Bakersfield,1802.3,Reefer,41814.0,0.97862,1.88284,4069.8,4048.3325419183266,-21.467458081673612,21.467458081673612,0.5274818930088361,1500+
TR-045654,Los Angeles,Austin,1212.0,Dry Van,41931.0,0.99634,1.99167,2598.14,2570.6515822922875,-27.488417707712415,27.488417707712415,1.0580037144923835,1001-1500
TR-045655,Kansas City,San Antonio,946.9,Flatbed,34942.0,1.01659,1.77705,2221.49,2183.845182032637,-37.644817967363,37.644817967363,1.6945751710501962,751-1000
TR-045656,Buffalo,Albany,467.7,Dry Van,25699.0,1.05586,2.08247,963.31,1040.0303680418474,76.72036804184745,76.72036804184745,7.964244951453578,251-500
TR-045657,Little Rock,Syracuse,1210.5,Reefer,27637.0,0.9889,1.93854,2654.3,2638.9282043779203,-15.371795622079844,15.371795622079844,0.5791280421233411,1001-1500
TR-045658,Tampa,Mobile,306.7,Reefer,33861.0,0.99949,1.28813,879.55,895.6740004016578,16.124000401657895,16.124000401657895,1.8332102099548515,251-500
TR-045659,Lubbock,San Antonio,124.9,Flatbed,29036.0,0.9788,1.09292,386.46,509.2984686583002,122.8384686583002,122.8384686583002,31.785558313486572,0-250
TR-045660,Columbia,Greensboro,130.8,Dry Van,34060.0,1.0111,1.39336,364.34,405.83556651483605,41.49556651483607,41.49556651483607,11.389242607135113,0-250
TR-045661,New Orleans,Indianapolis,539.2,Dry Van,35925.0,0.98897,1.78712,1237.58,1279.033227412356,41.453227412356,41.453227412356,3.3495392146249943,501-750
TR-045662,Amarillo,Lexington,1309.8,Dry Van,36255.0,0.97856,2.02547,2734.03,2739.856505671073,5.826505671072937,5.826505671072937,0.21311052442997835,1001-1500
TR-045663,Cincinnati,Syracuse,772.0,Dry Van,44772.0,0.95464,2.03216,1625.19,1660.4370197733783,35.24701977337827,35.24701977337827,2.1687937886264543,751-1000
TR-045664,Bakersfield,Greensboro,2242.2,Flatbed,15647.0,0.98055,2.26233,4336.71,4436.22434821346,99.51434821345993,99.51434821345993,2.2946968603724924,1500+
TR-045665,Tucson,Hartford,2764.2,Flatbed,18061.0,1.02249,2.20827,5312.61,5323.378772440419,10.768772440419525,10.768772440419525,0.20270210763484475,1500+
TR-045666,Philadelphia,Hartford,74.7,Dry Van,20427.0,0.99335,1.44286,202.77,291.67347335209206,88.90347335209205,88.90347335209205,43.84449048285843,0-250
TR-045667,Bakersfield,El Paso,454.1,Dry Van,16477.0,0.9882,1.95746,999.21,1067.7936047986923,68.58360479869225,68.58360479869225,6.86378286833521,251-500
TR-045668,New York,Phoenix,2898.8,Dry Van,25046.0,0.99787,2.40045,5050.06,5264.809829359374,214.7498293593735,214.7498293593735,4.252421344684489,1500+
TR-045669,El Paso,Indianapolis,1446.0,Dry Van,28958.0,0.992,2.22294,2865.83,3018.932867173992,153.10286717399185,153.10286717399185,5.342356914889992,1001-1500
TR-045670,Fresno,Syracuse,2794.8,Reefer,16145.0,1.00283,2.20202,5504.19,5702.707771365948,198.51777136594865,198.51777136594865,3.6066664007955516,1500+
TR-045671,Nashville,Mobile,295.0,Reefer,43934.0,1.02383,1.19571,865.48,874.4705045069775,8.990504506977459,8.990504506977459,1.038788245479671,251-500
TR-045672,El Paso,San Antonio,879.6,Reefer,30030.0,0.98221,1.77499,2109.8,2145.0805108291265,35.28051082912634,35.28051082912634,1.672220628928161,751-1000
TR-045673,Corpus Christi,Tucson,1261.6,Dry Van,31496.0,0.99656,1.9138,2696.52,2597.4332513949826,-99.08674860501742,99.08674860501742,3.674615749373912,1001-1500
TR-045674,Amarillo,Boston,2280.8,Dry Van,13972.0,1.00845,2.25739,4273.32,4398.288794217268,124.96879421726862,124.96879421726862,2.9243958846346314,1500+
TR-045675,Albany,Chattanooga,1203.6,Flatbed,29458.0,1.009,2.14852,2457.47,2648.220256734504,190.7502567345041,190.7502567345041,7.762058407000049,1001-1500
TR-045676,Albuquerque,Mobile,1456.3,Dry Van,46387.0,1.02068,1.98983,3051.07,3118.1352541337756,67.0652541337754,67.0652541337754,2.1980896581781275,1001-1500
TR-045677,Reno,Fort Wayne,2059.4,Flatbed,33656.0,0.98539,2.22285,3982.98,4246.951717288131,263.97171728813055,263.97171728813055,6.627492914554694,1500+
TR-045678,Memphis,Grand Rapids,676.8,Dry Van,36101.0,1.01436,1.93883,1498.32,1456.8554746208094,-41.46452537919049,41.46452537919049,2.767401181269054,501-750
TR-045679,Columbia,Atlanta,207.7,Dry Van,35149.0,1.03223,1.58503,547.06,622.4668877189049,75.40688771890495,75.40688771890495,13.784025101251226,0-250
TR-045680,Kansas City,Lubbock,926.6,Reefer,31094.0,0.98819,1.7006,2254.76,2259.2857691641443,4.525769164144094,4.525769164144094,0.2007206604757976,751-1000
TR-045681,Hartford,Milwaukee,1033.2,Dry Van,24882.0,1.0107,2.13102,2056.91,2042.5614571003548,-14.348542899645054,14.348542899645054,0.6975775750832586,1001-1500
TR-045682,San Francisco,Cincinnati,2223.7,Dry Van,38061.0,0.98079,2.18163,4336.63,4373.051021896363,36.42102189636262,36.42102189636262,0.8398461915441855,1500+
TR-045683,Bakersfield,Green Bay,2040.2,Reefer,42114.0,0.95377,2.00274,4383.55,4526.029992601309,142.47999260130837,142.47999260130837,3.2503334649156135,1500+
TR-045684,Houston,Albany,1808.5,Dry Van,33826.0,0.99354,2.21381,3472.23,3788.5821407734365,316.35214077343653,316.35214077343653,9.110921245811381,1500+
TR-045685,Memphis,Mobile,325.9,Dry Van,36967.0,0.98508,1.62635,809.61,865.961984610627,56.35198461062703,56.35198461062703,6.960386434286511,251-500
TR-045686,Montgomery,Columbia,342.7,Dry Van,33533.0,1.03539,1.71083,827.55,965.2949573785579,137.74495737855796,137.74495737855796,16.644910564746297,251-500
TR-045687,Los Angeles,Fort Wayne,2311.9,Dry Van,24540.0,1.02159,2.36717,4128.64,4267.703801809789,139.06380180978886,139.06380180978886,3.3682714358672308,1500+
TR-045688,Toledo,Grand Rapids,176.7,Dry Van,42510.0,0.98672,1.51631,464.57,468.37190905754824,3.8019090575482437,3.8019090575482437,0.8183716248462543,0-250
TR-045689,Dallas,St. Louis,612.5,Reefer,32712.0,1.05219,1.55323,1598.45,1563.7506096789118,-34.69939032108823,34.69939032108823,2.1708148719752405,501-750
TR-045690,San Antonio,Louisville,985.6,Reefer,25387.0,0.99061,1.8532,2284.08,2279.3614315157383,-4.718568484261596,4.718568484261596,0.20658507951830038,751-1000
TR-045691,Baton Rouge,Bakersfield,1601.8,Dry Van,25049.0,1.00576,2.18888,3177.81,3292.3555884275065,114.54558842750657,114.54558842750657,3.6045449044312456,1500+
TR-045692,Fresno,Columbia,2399.1,Dry Van,42302.0,0.96485,2.1848,4681.46,4665.879282204903,-15.580717795097371,15.580717795097371,0.3328174927287079,1500+
TR-045693,Tulsa,San Antonio,405.9,Reefer,24207.0,0.99162,1.37194,1113.75,1199.9787904416667,86.22879044166666,86.22879044166666,7.7422034066591845,251-500
TR-045694,Nashville,Columbia,341.1,Dry Van,36521.0,0.97838,1.72381,822.84,860.9710691823177,38.131069182317674,38.131069182317674,4.634080645364551,251-500
TR-045695,Tampa,Austin,882.1,Dry Van,40101.0,0.98681,1.97974,1929.6,1986.949972506608,57.34997250660808,57.34997250660808,2.9721171489743,751-1000
TR-045696,Corpus Christi,Milwaukee,1033.1,Reefer,39687.0,1.03303,1.75648,2504.83,2473.4255944715774,-31.404405528422558,31.404405528422558,1.2537539684698187,1001-1500
TR-045697,Nashville,Kansas City,377.4,Reefer,29300.0,1.03493,1.43819,1012.02,1033.9107162794842,21.890716279484195,21.890716279484195,2.1630715084172443,251-500
TR-045698,Shreveport,Louisville,520.1,Flatbed,29201.0,1.02783,1.63719,1308.89,1257.1303608276405,-51.759639172359584,51.759639172359584,3.954468226692814,501-750
TR-045699,Fort Wayne,Little Rock,677.9,Dry Van,15148.0,1.01916,2.09673,1386.72,1486.5033664833295,99.78336648332947,99.78336648332947,7.195639096813306,501-750
TR-045700,Bakersfield,Savannah,2250.7,Dry Van,26525.0,1.01001,2.2909,4231.34,4361.353965359107,130.0139653591068,130.0139653591068,3.0726428355817967,1500+
TR-045701,Boston,San Francisco,3308.4,Reefer,23624.0,0.98831,2.13077,6710.48,6443.911071868581,-266.56892813141894,266.56892813141894,3.972427130867225,1500+
TR-045702,Dayton,New York,748.7,Flatbed,39350.0,0.99185,1.772,1752.03,1728.1270277873582,-23.90297221264177,23.90297221264177,1.3643015366541538,501-750
TR-045703,Albuquerque,Jacksonville,1730.2,Dry Van,32465.0,0.98639,2.12803,3486.21,3447.3729953757174,-38.8370046242826,38.8370046242826,1.1140179342117256,1500+
TR-045704,Columbia,Oklahoma City,1072.2,Flatbed,33423.0,0.98563,1.87688,2490.63,2476.00277559225,-14.627224407749964,14.627224407749964,0.5872901397537957,1001-1500
TR-045705,Greensboro,Cincinnati,267.6,Dry Van,37374.0,0.97551,1.57597,680.72,704.2714020207725,23.551402020772457,23.551402020772457,3.4597781791004314,251-500
TR-045706,New York,Corpus Christi,1737.2,Reefer,33630.0,0.97791,1.87301,3870.41,3838.03361629911,-32.376383700890074,32.376383700890074,0.8365104394854828,1500+
TR-045707,Buffalo,Cincinnati,623.8,Dry Van,29031.0,1.03441,2.01942,1335.72,1357.2815632756574,21.561563275657363,21.561563275657363,1.6142277779517686,501-750
TR-045708,Los Angeles,Green Bay,2243.8,Dry Van,27088.0,1.03588,2.34858,4001.14,4289.392565839193,288.2525658391928,288.2525658391928,7.204260931614311,1500+
TR-045709,Milwaukee,Hartford,1029.4,Dry Van,26419.0,0.96584,2.22893,1977.36,2107.2218750653738,129.86187506537385,129.86187506537385,6.567437141712882,1001-1500
TR-045710,Tucson,Lexington,1897.6,Dry Van,29673.0,1.02491,2.21394,3725.37,3799.1149433959154,73.74494339591547,73.74494339591547,1.9795333992574018,1500+
TR-045711,Green Bay,Dayton,384.9,Dry Van,43140.0,0.98299,1.81734,903.02,928.3413003571425,25.32130035714249,25.32130035714249,2.8040686094596454,251-500
TR-045712,Baton Rouge,Philadelphia,1455.7,Dry Van,17319.0,1.00828,2.24113,2771.19,2949.593750310126,178.40375031012582,178.40375031012582,6.437802904532919,1001-1500
TR-045713,Green Bay,Reno,1874.9,Dry Van,47500.0,0.99531,2.28018,3449.99,3717.731727572994,267.741727572994,267.741727572994,7.760652279368753,1500+
TR-045714,Oklahoma City,San Antonio,226.7,Dry Van,34325.0,1.00538,1.34638,630.36,647.7261140335036,17.36611403350355,17.36611403350355,2.7549517789046813,0-250
TR-045715,Baton Rouge,New Orleans,193.4,Flatbed,29424.0,0.97853,1.34058,553.35,643.4724386398577,90.1224386398577,90.1224386398577,16.28669714283143,0-250
TR-045716,Indianapolis,Shreveport,560.6,Dry Van,26967.0,0.97618,1.92925,1231.89,1249.8196038101,17.929603810099934,17.929603810099934,1.4554549359195976,501-750
TR-045717,Corpus Christi,Greensboro,1072.1,Flatbed,37130.0,1.02317,1.85067,2460.65,2491.4734243448393,30.823424344839168,30.823424344839168,1.252653743719715,1001-1500
TR-045718,Toledo,Fresno,2342.8,Dry Van,42581.0,1.0065,2.29065,4374.08,4533.689451683116,159.60945168311628,159.60945168311628,3.6489833675450902,1500+
TR-045719,Charleston,New York,601.4,Reefer,35715.0,0.98628,1.6751,1464.75,1516.5400711623333,51.790071162333334,51.790071162333334,3.5357618134380155,501-750
TR-045720,Albany,Washington,540.7,Dry Van,18165.0,0.99396,2.09933,1088.41,1138.3790826444758,49.96908264447575,49.96908264447575,4.591016496033273,501-750
TR-045721,Los Angeles,Memphis,1994.0,Dry Van,29594.0,1.02181,2.27336,3828.5,3854.93282406407,26.43282406406979,26.43282406406979,0.6904224647791508,1500+
TR-045722,Albany,Lubbock,2089.6,Flatbed,43100.0,1.05211,1.96166,4531.93,4438.776212173134,-93.15378782686639,93.15378782686639,2.0554992647032586,1500+
TR-045723,Richmond,Amarillo,1805.1,Dry Van,39332.0,1.01526,2.10545,3694.07,3743.6136258192364,49.54362581923624,49.54362581923624,1.3411664050555685,1500+
TR-045724,Chattanooga,Kansas City,443.5,Dry Van,35943.0,1.00227,1.64698,1079.1,1030.068457540322,-49.031542459677894,49.031542459677894,4.543744088562496,251-500
TR-045725,Louisville,New York,904.4,Reefer,33355.0,0.97864,1.84515,2126.09,2125.668664914093,-0.4213350859072307,0.4213350859072307,0.019817368310242306,751-1000
TR-045726,Austin,Shreveport,585.2,Dry Van,26311.0,1.01891,1.87396,1340.2,1404.7825422698631,64.5825422698631,64.5825422698631,4.818873471859654,501-750
TR-045727,Memphis,Tucson,1678.4,Dry Van,31677.0,0.97496,2.15347,3342.36,3294.506682776863,-47.85331722313731,47.85331722313731,1.4317224124013364,1500+
TR-045728,Mobile,Chattanooga,306.3,Flatbed,27518.0,1.01357,1.47175,807.25,819.6532286783765,12.403228678376536,12.403228678376536,1.5364792416694377,251-500
TR-045729,Memphis,Raleigh,782.4,Dry Van,30710.0,1.04901,1.93383,1711.02,1707.8553587664896,-3.1646412335103378,3.1646412335103378,0.1849564139232936,751-1000
TR-045730,Fresno,Louisville,2176.4,Dry Van,28047.0,1.05331,2.2924,4029.11,4162.946909262491,133.8369092624912,133.8369092624912,3.3217487053590298,1500+
TR-045731,Hartford,Dayton,845.8,Dry Van,38754.0,1.01239,1.99038,1821.47,1787.5979914602121,-33.872008539787885,33.872008539787885,1.8595973878124747,751-1000
TR-045732,Raleigh,Houston,1236.1,Dry Van,21963.0,1.01857,2.18871,2502.01,2520.554921327242,18.54492132724181,18.54492132724181,0.741200927543927,1001-1500
TR-045733,Philadelphia,Fresno,3093.5,Reefer,32697.0,0.97433,2.05867,6390.2,6403.142966057632,12.942966057632475,12.942966057632475,0.20254399013540225,1500+
TR-045734,Montgomery,New York,1061.9,Reefer,43601.0,1.03529,1.85807,2466.55,2577.7400662465748,111.19006624657459,111.19006624657459,4.507918600740896,1001-1500
TR-045735,Syracuse,Phoenix,2670.8,Dry Van,32657.0,0.99201,2.3162,4829.39,4938.719129743048,109.32912974304782,109.32912974304782,2.263828966868441,1500+
TR-045736,Tucson,Syracuse,2451.0,Reefer,37020.0,1.01316,1.98864,5275.11,5250.7942475905165,-24.31575240948314,24.31575240948314,0.4609525187054515,1500+
TR-045737,New York,Hartford,113.8,Reefer,35206.0,0.97183,0.94423,362.78,411.04515062755104,48.265150627551066,48.265150627551066,13.304247926443319,0-250
TR-045738,Tampa,San Francisco,2427.9,Reefer,35406.0,0.97532,1.96903,5336.8,5251.264202266049,-85.53579773395086,85.53579773395086,1.602754417140437,1500+
TR-045739,Atlanta,Shreveport,468.7,Reefer,35997.0,1.0181,1.32688,1324.44,1265.3255294594483,-59.11447054055179,59.11447054055179,4.463355874222448,251-500
TR-045740,Tucson,Oklahoma City,1048.6,Dry Van,27918.0,0.99546,2.08435,2204.45,2161.598640360831,-42.851359639169004,42.851359639169004,1.9438571815722294,1001-1500
TR-045741,Atlanta,Hartford,977.1,Dry Van,29492.0,0.99996,2.08318,2015.32,2050.9291233865174,35.60912338651747,35.60912338651747,1.7669215502509512,751-1000
TR-045742,Memphis,Tulsa,393.5,Flatbed,28349.0,0.98652,1.51914,1034.75,1060.7161178593476,25.966117859347605,25.966117859347605,2.5094097955397543,251-500
TR-045743,Boston,Oklahoma City,2014.8,Dry Van,26115.0,0.9661,2.24162,3770.27,3830.4793387543905,60.2093387543905,60.2093387543905,1.5969503179981939,1500+
TR-045744,Columbia,Salt Lake City,2017.1,Dry Van,42619.0,0.94786,2.20682,3934.36,4077.3007230156445,142.94072301564438,142.94072301564438,3.6331378678017363,1500+
TR-045745,Albany,Philadelphia,420.3,Dry Van,31860.0,1.01959,1.90443,947.22,933.4283534847405,-13.791646515259572,13.791646515259572,1.456013018650321,251-500
TR-045746,Philadelphia,Syracuse,392.0,Flatbed,38413.0,1.03266,1.65342,972.26,1001.9944717806957,29.734471780695685,29.734471780695685,3.0582839755513636,251-500
TR-045747,Columbia,Washington,543.9,Dry Van,24472.0,1.00428,1.99646,1170.45,1177.5490683187295,7.099068318729451,7.099068318729451,0.6065246972300782,501-750
TR-045748,Corpus Christi,Chattanooga,833.6,Dry Van,25750.0,1.05446,2.02498,1779.6,1764.8419848792978,-14.758015120702112,14.758015120702112,0.8292883300012426,751-1000
TR-045749,Bakersfield,Cincinnati,1962.3,Dry Van,47500.0,0.99687,2.10523,3910.77,3963.687485911093,52.91748591109308,52.91748591109308,1.353121914893821,1500+
TR-045750,Detroit,Lubbock,1467.7,Dry Van,31790.0,0.96713,2.09356,2935.66,3079.5380861311296,143.87808613112975,143.87808613112975,4.901047332835878,1001-1500
TR-045751,Dallas,Little Rock,268.9,Dry Van,23486.0,1.0304,1.51176,698.47,690.2202763358839,-8.249723664116118,8.249723664116118,1.1811135287293824,251-500
TR-045752,Richmond,Columbia,513.9,Dry Van,20910.0,0.9645,2.09479,1033.08,1116.742302885785,83.66230288578504,83.66230288578504,8.098337290992474,501-750
TR-045753,Columbia,Harrisburg,556.0,Dry Van,46839.0,0.97192,1.97971,1237.01,1299.4279024209695,62.41790242096954,62.41790242096954,5.045868862900829,501-750
TR-045754,Montgomery,Louisville,511.5,Dry Van,19856.0,1.05039,1.94398,1137.75,1173.180169311856,35.430169311855934,35.430169311855934,3.114055751426582,501-750
TR-045755,Louisville,Phoenix,2027.8,Reefer,33012.0,1.01839,1.95717,4525.16,4481.850687920497,-43.30931207950289,43.30931207950289,0.9570780277272601,1500+
TR-045756,Austin,Lubbock,70.0,Dry Van,35211.0,1.0242,0.94583,227.6,353.4489878797053,125.84898787970533,125.84898787970533,55.29393140584593,0-250
TR-045757,Los Angeles,Bakersfield,403.8,Flatbed,27641.0,1.01512,1.73754,996.46,1049.8282870668638,53.368287066863786,53.368287066863786,5.355788196903417,251-500
TR-045758,Fresno,El Paso,647.7,Flatbed,23881.0,1.02257,1.82959,1476.89,1522.773702678487,45.883702678487,45.883702678487,3.106778614418609,501-750
TR-045759,Green Bay,Richmond,817.7,Reefer,25456.0,1.02099,1.89957,1844.12,1895.682617456352,51.5626174563522,51.5626174563522,2.796055433288083,751-1000
TR-045760,Dayton,Lubbock,1252.4,Dry Van,30442.0,1.03428,2.10594,2537.26,2622.5293387010515,85.26933870105131,85.26933870105131,3.3606858856030244,1001-1500
TR-045761,Buffalo,Green Bay,584.5,Dry Van,28467.0,1.03511,2.0907,1209.72,1272.9451107246978,63.22511072469774,63.22511072469774,5.226425183075236,501-750
TR-045762,San Antonio,Atlanta,932.0,Dry Van,36019.0,0.94229,1.98607,2009.57,1987.695319233365,-21.874680766635038,21.874680766635038,1.0885254440818204,751-1000
TR-045763,Grand Rapids,El Paso,1680.8,Flatbed,31496.0,1.00159,2.08637,3517.71,3660.8693881303625,143.15938813036246,143.15938813036246,4.069675673388723,1500+
TR-045764,Cincinnati,Bakersfield,2024.8,Dry Van,25346.0,1.00901,2.29221,3777.92,3936.7826331741753,158.86263317417524,158.86263317417524,4.205029041752479,1500+
TR-045765,Providence,Dayton,1003.0,Dry Van,17190.0,1.00287,2.21217,1909.16,2034.8427180888077,125.68271808880763,125.68271808880763,6.583142224266569,1001-1500
TR-045766,New Orleans,Harrisburg,1089.8,Reefer,23015.0,0.99195,1.94391,2410.85,2413.6243696269985,2.7743696269985776,2.7743696269985776,0.11507848381270415,1001-1500
TR-045767,Phoenix,Raleigh,2621.0,Dry Van,18915.0,1.00542,2.37094,4640.16,4822.253404306159,182.09340430615885,182.09340430615885,3.924291496546646,1500+
TR-045768,Philadelphia,Nashville,1025.6,Reefer,14033.0,1.00187,2.01956,2209.46,2333.0761352323752,123.6161352323752,123.6161352323752,5.594857351224968,1001-1500
TR-045769,Kansas City,Toledo,462.7,Dry Van,29078.0,0.99667,1.91999,1045.45,1050.1865556998182,4.736555699818155,4.736555699818155,0.45306381939051643,251-500
TR-045770,Mobile,Charleston,623.4,Dry Van,22128.0,0.97968,2.05093,1320.24,1354.276822377609,34.03682237760904,34.03682237760904,2.5780784082900867,501-750
TR-045771,Dayton,Savannah,550.1,Reefer,30178.0,1.01749,1.73004,1344.65,1363.4219862257178,18.771986225717683,18.771986225717683,1.3960499926164935,501-750
TR-045772,Richmond,Mobile,924.5,Dry Van,28551.0,1.04241,2.01865,1947.07,1910.669948040708,-36.400051959291886,36.400051959291886,1.869478342293389,751-1000
TR-045773,Baltimore,Reno,2816.5,Dry Van,38364.0,0.98759,2.37486,5009.39,5525.539017190638,516.149017190638,516.149017190638,10.303630126435314,1500+
TR-045774,Kansas City,Green Bay,466.3,Dry Van,32352.0,1.02308,1.83091,2389.43,1130.0819816830033,-1259.3480183169966,1259.3480183169966,52.704955504743666,251-500
TR-045775,Milwaukee,Shreveport,647.3,Dry Van,39416.0,0.99995,1.79751,1500.92,1442.575976533055,-58.344023466945146,58.344023466945146,3.8872174044549435,501-750
TR-045776,Savannah,Chattanooga,351.6,Dry Van,27893.0,0.9545,1.77979,813.53,896.6383504484954,83.10835044849546,83.10835044849546,10.215769602656996,251-500
TR-045777,Kansas City,Atlanta,506.8,Reefer,19309.0,1.0203,1.65689,1257.8,1238.9897464834837,-18.81025351651624,18.81025351651624,1.4954884334962826,501-750
TR-045778,Houston,Kansas City,752.9,Flatbed,29441.0,0.99691,1.83748,1759.5,1762.7207777644812,3.2207777644812268,3.2207777644812268,0.18305073966929394,751-1000
TR-045779,Raleigh,Louisville,692.4,Dry Van,43840.0,1.01819,1.94139,1533.53,1486.4506633163392,-47.07933668366081,47.07933668366081,3.069997762264893,501-750
TR-045780,Louisville,Cincinnati,70.0,Dry Van,42558.0,0.99126,1.1121,210.54,354.98932209966415,144.44932209966416,144.44932209966416,68.60896841439354,0-250
TR-045781,Lexington,Shreveport,603.0,Flatbed,44068.0,1.03814,1.66839,1509.14,1527.0941178392964,17.95411783929626,17.95411783929626,1.1896919993702544,501-750
TR-045782,Richmond,Boston,496.3,Dry Van,22831.0,0.99212,1.9482,1061.38,1083.8437486634834,22.46374866348333,22.46374866348333,2.116466172669857,251-500
TR-045783,Greensboro,El Paso,1790.6,Flatbed,18291.0,0.98864,2.12529,3602.47,3809.955899185271,207.48589918527114,207.48589918527114,5.759545511420529,1500+
TR-045784,Lexington,Los Angeles,2236.6,Flatbed,26244.0,0.98747,2.16252,4410.79,4497.197157624721,86.40715762472064,86.40715762472064,1.9589950467993407,1500+
TR-045785,Milwaukee,Mobile,623.5,Dry Van,27845.0,0.9943,1.97705,1367.68,1336.2583028298939,-31.4216971701062,31.4216971701062,2.2974451019321918,501-750
TR-045786,Los Angeles,Washington,2693.9,Reefer,28455.0,0.99654,2.18265,5467.05,5546.0401602179645,78.99016021796433,78.99016021796433,1.4448406401617753,1500+
TR-045787,Dayton,Phoenix,2161.4,Dry Van,9623.0,1.00811,2.3911,3826.18,4038.9564400564063,212.7764400564065,212.7764400564065,5.561067175522492,1500+
TR-045788,New Orleans,San Antonio,495.2,Reefer,29582.0,1.04097,1.56322,1300.9,1396.5333376918675,95.63333769186738,95.63333769186738,7.351321215456021,251-500
TR-045789,Los Angeles,Nashville,2016.7,Reefer,18463.0,1.00699,2.0619,4254.3,4375.373125998283,121.0731259982831,121.0731259982831,2.845900054022591,1500+
TR-045790,Savannah,San Antonio,1171.5,Reefer,31043.0,0.99377,1.73219,2751.34,2743.675932121149,-7.664067878851256,7.664067878851256,0.27855764386994175,1001-1500
TR-045791,Raleigh,Amarillo,1828.2,Flatbed,40897.0,1.01635,2.06558,3973.88,3992.0377149997657,18.15771499976563,18.15771499976563,0.45692660572955474,1500+
TR-045792,New York,Grand Rapids,811.5,Flatbed,28986.0,1.00112,2.01173,1761.45,1780.8020400445962,19.35204004459615,19.35204004459615,1.0986425981206478,751-1000
TR-045793,Green Bay,Mobile,1018.0,Flatbed,31184.0,0.97211,1.90541,2279.98,2273.5619807104963,-6.418019289503718,6.418019289503718,0.28149454335142055,1001-1500
TR-045794,Baltimore,Atlanta,906.5,Reefer,34472.0,0.98557,1.77727,2139.64,2174.4934494871795,34.85344948717966,34.85344948717966,1.6289398911583097,751-1000
TR-045795,Charleston,San Antonio,1334.9,Reefer,29976.0,1.01726,1.85647,3055.6,3088.2924693762116,32.69246937621165,32.69246937621165,1.0699197989334877,1001-1500
TR-045796,Providence,St. Louis,1305.7,Flatbed,27719.0,1.01132,2.01313,2697.72,2852.6677430776385,154.94774307763873,154.94774307763873,5.7436554971471745,1001-1500
TR-045797,Cincinnati,Syracuse,759.6,Dry Van,17367.0,1.01683,2.15981,1495.93,1560.3719041676309,64.44190416763081,64.44190416763081,4.307815483854913,751-1000
TR-045798,Buffalo,Shreveport,1172.3,Dry Van,29453.0,1.00571,2.10943,2362.74,2447.6998867750153,84.95988677501555,84.95988677501555,3.5958203939077324,1001-1500
TR-045799,Syracuse,Dallas,1398.2,Dry Van,16546.0,0.98125,2.24432,2626.92,2787.46464817625,160.54464817625012,160.54464817625012,6.111516459437293,1001-1500
TR-045800,Austin,Green Bay,1385.9,Dry Van,41613.0,1.06552,2.10259,2855.35,2930.309160687143,74.95916068714314,74.95916068714314,2.625217948312576,1001-1500
TR-045801,Houston,Detroit,1215.0,Reefer,28184.0,0.98574,1.9958,2661.21,2775.917889580703,114.70788958070307,114.70788958070307,4.310365945592533,1001-1500
TR-045802,St. Louis,Los Angeles,1969.5,Dry Van,30829.0,1.02391,2.17267,3838.53,3863.8371330240143,25.307133024014092,25.307133024014092,0.6592923078369608,1500+
TR-045803,Baltimore,Shreveport,1388.4,Reefer,35239.0,0.95803,1.88708,3144.54,3203.5225663975643,58.98256639756437,58.98256639756437,1.8757136623342163,1001-1500
TR-045804,San Antonio,Amarillo,505.8,Flatbed,25499.0,1.0081,1.68949,1270.25,1248.448077273854,-21.801922726145904,21.801922726145904,1.7163489648609254,501-750
TR-045805,Bakersfield,Richmond,2594.9,Dry Van,40165.0,1.02929,2.23707,4970.65,5009.017198075435,38.367198075435226,38.367198075435226,0.7718748669778647,1500+
TR-045806,El Paso,Las Vegas,344.7,Dry Van,38925.0,1.01874,1.66413,859.09,879.5334701811707,20.44347018117071,20.44347018117071,2.3796657138566055,251-500
TR-045807,Madison,Nashville,552.4,Dry Van,47500.0,1.04965,1.8268,1274.46,1295.1554702529947,20.69547025299471,20.69547025299471,1.6238618907611624,501-750
TR-045808,Tulsa,Albuquerque,1015.7,Flatbed,29376.0,1.05497,1.83561,2301.55,2319.6624396824163,18.112439682416152,18.112439682416152,0.786967030149949,1001-1500
TR-045809,Atlanta,Fort Wayne,550.3,Dry Van,38188.0,0.99763,1.9494,1243.9,1243.1090826733341,-0.7909173266659764,0.7909173266659764,0.06358367446466567,501-750
TR-045810,Boston,Buffalo,605.8,Dry Van,35186.0,0.96191,1.96369,1302.32,1296.4546805975408,-5.865319402459136,5.865319402459136,0.45037467000884085,501-750
TR-045811,Dallas,Columbia,811.9,Reefer,41697.0,0.98424,1.66167,2040.75,2089.4657478886975,48.71574788869748,48.71574788869748,2.3871492288961154,751-1000
TR-045812,Hartford,Grand Rapids,912.8,Dry Van,46953.0,1.01695,2.0516,1921.54,1890.0276914152678,-31.51230858473218,31.51230858473218,1.6399506950015186,751-1000
TR-045813,Green Bay,Los Angeles,2239.7,Dry Van,37135.0,1.01556,2.26011,4167.75,4275.580173570267,107.8301735702671,107.8301735702671,2.587251480301532,1500+
TR-045814,Shreveport,Oklahoma City,446.0,Dry Van,32303.0,1.01849,1.60924,1124.2,1181.697749545449,57.49774954544887,57.49774954544887,5.114548082676469,251-500
TR-045815,Tucson,Oklahoma City,998.3,Dry Van,33417.0,1.01721,2.03456,2067.51,2191.103054521728,123.59305452172794,123.59305452172794,5.977869733240851,751-1000
TR-045816,Greensboro,Raleigh,377.9,Flatbed,25686.0,1.01038,1.69301,932.49,966.0733642198863,33.583364219886334,33.583364219886334,3.6014717819908344,251-500
TR-045817,Los Angeles,Louisville,2033.0,Dry Van,40587.0,0.99902,2.21011,3953.94,4117.64423391594,163.70423391594022,163.70423391594022,4.140281185752445,1500+
TR-045818,Fresno,Jacksonville,2425.4,Reefer,27293.0,0.93307,2.02285,4999.35,4942.878245915095,-56.471754084905115,56.471754084905115,1.1295819273486576,1500+
TR-045819,Fort Wayne,Louisville,360.1,Dry Van,25625.0,0.96572,1.82266,829.78,789.1411469198451,-40.63885308015483,40.63885308015483,4.8975455036461275,251-500
TR-045820,Atlanta,Baltimore,940.4,Dry Van,30598.0,0.9171,2.16316,9522.01,1883.4769987841678,-7638.533001215832,7638.533001215832,80.2197540352912,751-1000
TR-045821,New Orleans,San Antonio,524.6,Reefer,31080.0,0.90878,1.46795,1375.14,1404.643256021559,29.503256021558855,29.503256021558855,2.1454728988727587,501-750
TR-045822,Baltimore,Buffalo,474.0,Flatbed,32958.0,0.91519,1.73596,1133.66,1168.1592666267552,34.499266626755116,34.499266626755116,3.043175786986849,251-500
TR-045823,Salt Lake City,Richmond,2359.9,Reefer,17570.0,0.8821,2.22659,4705.33,4812.599042624004,107.26904262400421,107.26904262400421,2.279734739625153,1500+
TR-045824,Fort Wayne,Buffalo,426.5,Dry Van,31546.0,0.90573,1.89461,958.53,931.2351596010819,-27.29484039891804,27.29484039891804,2.8475728875380053,251-500
TR-045825,Raleigh,Louisville,679.1,Flatbed,25032.0,0.90129,1.95297,1543.23,1477.197091568194,-66.03290843180594,66.03290843180594,4.27887666982925,501-750
TR-045826,Lexington,San Francisco,2325.3,Dry Van,23152.0,0.89032,2.39677,4131.85,4295.42585894331,163.57585894330987,163.57585894330987,3.958901193008213,1500+
TR-045827,Nashville,Detroit,743.7,Dry Van,34220.0,0.86958,2.05106,1552.35,1682.1922949290058,129.8422949290059,129.8422949290059,8.364240984894252,501-750
TR-045828,Reno,Los Angeles,898.7,Dry Van,31302.0,0.93417,2.10935,1810.99,1867.6460126292206,56.65601262922064,56.65601262922064,3.128455299544483,751-1000
TR-045829,El Paso,Green Bay,1679.7,Reefer,33233.0,0.8887,1.97749,3685.75,3677.8924209767597,-7.857579023240305,7.857579023240305,0.2131880627617257,1500+
TR-045830,Grand Rapids,Albany,912.8,Flatbed,29114.0,0.95125,2.09732,1859.19,2081.862685453042,222.67268545304205,222.67268545304205,11.976865487284357,751-1000
TR-045831,Memphis,Columbia,440.7,Dry Van,25982.0,0.94785,1.926,989.63,997.5042944906331,7.874294490633133,7.874294490633133,0.7956806574813954,251-500
TR-045832,Kansas City,St. Louis,123.7,Dry Van,28762.0,0.91169,1.29196,349.49,363.75238368264945,14.262383682649443,14.262383682649443,4.080913240049627,0-250
TR-045833,Austin,Oklahoma City,217.2,Dry Van,23893.0,0.8911,1.50051,574.16,667.8360746103212,93.67607461032128,93.67607461032128,16.315325799484686,0-250
TR-045834,Amarillo,Greensboro,1478.5,Reefer,7483.0,1.0558,1.94687,700.21,3238.0655832521934,2537.8555832521934,2537.8555832521934,362.4420649879598,1001-1500
TR-045835,Baton Rouge,Cincinnati,693.9,Dry Van,31496.0,0.94871,1.81172,1631.71,1542.7109479852697,-88.9990520147303,88.9990520147303,5.4543425004890755,501-750
TR-045836,Syracuse,Mobile,1124.7,Flatbed,29349.0,0.95456,2.06205,2362.92,2551.8799283971757,188.95992839717564,188.95992839717564,7.996882179556465,1001-1500
TR-045837,El Paso,Mobile,1503.4,Dry Van,32412.0,0.9695,2.1259,2972.51,3090.083091098564,117.57309109856396,117.57309109856396,3.9553472014749813,1500+
TR-045838,Lubbock,Greensboro,1267.9,Dry Van,35057.0,0.91512,2.04488,2699.51,2620.3662021107325,-79.14379788926772,79.14379788926772,2.931783838150913,1001-1500
TR-045839,Louisville,Houston,752.7,Flatbed,42466.0,0.92522,1.70499,1862.45,1803.1497611946734,-59.30023880532667,59.30023880532667,3.1839909154783577,751-1000
TR-045840,Jacksonville,Albuquerque,1721.3,Dry Van,36302.0,0.94422,2.14,3476.91,3494.409573490688,17.499573490688363,17.499573490688363,0.5033082101834204,1500+
TR-045841,Amarillo,Bakersfield,847.0,Reefer,26005.0,0.90266,1.81489,1989.36,2081.838192427771,92.47819242777109,92.47819242777109,4.648640388254066,751-1000
TR-045842,Kansas City,Tucson,1629.1,Reefer,35042.0,0.92259,1.95368,3523.42,3671.4348462091666,148.01484620916654,148.01484620916654,4.2008856795149745,1500+
TR-045843,Richmond,Fresno,2796.1,Dry Van,30002.0,0.9338,2.34281,5068.46,5274.952738858585,206.49273885858474,206.49273885858474,4.074072575468382,1500+
TR-045844,Los Angeles,Baton Rouge,1688.5,Dry Van,27190.0,0.90631,2.25579,3163.53,3353.050283833464,189.52028383346396,189.52028383346396,5.990785098717697,1500+
TR-045845,El Paso,Bakersfield,436.9,Dry Van,34514.0,0.90735,1.86666,988.77,1057.112103239784,68.34210323978391,68.34210323978391,6.911830176864581,251-500
TR-045846,New York,Lexington,759.9,Flatbed,27792.0,0.94948,1.9121,1695.2,1660.5608262695644,-34.63917373043569,34.63917373043569,2.043367964277707,751-1000
TR-045847,Baton Rouge,Las Vegas,1525.2,Dry Van,24953.0,0.94114,2.14959,3057.31,3130.767699914294,73.45769991429415,73.45769991429415,2.4026905977573145,1500+
TR-045848,Philadelphia,Bakersfield,2786.4,Reefer,35394.0,0.94559,2.04351,5815.43,5962.8261194591,147.39611945909928,147.39611945909928,2.5345695754071373,1500+
TR-045849,Milwaukee,Fort Wayne,246.8,Flatbed,20919.0,0.91237,1.69995,606.41,628.9193070845374,22.509307084537454,22.509307084537454,3.7118957610424395,0-250
TR-045850,Atlanta,San Francisco,2337.9,Reefer,42559.0,0.8742,2.02741,5044.57,4932.754603643234,-111.81539635676563,111.81539635676563,2.2165496039655634,1500+
TR-045851,Bakersfield,Milwaukee,1928.0,Reefer,28373.0,0.9761,2.05934,3991.46,4125.386802157719,133.92680215771907,133.92680215771907,3.35533369137406,1500+
TR-045852,Hartford,New Orleans,1416.0,Flatbed,39227.0,0.93375,2.03222,3036.3,3142.982118554374,106.68211855437403,106.68211855437403,3.513556583814973,1001-1500
TR-045853,New York,Savannah,786.5,Flatbed,39076.0,0.91344,1.872,1812.84,1770.0381928199522,-42.80180718004772,42.80180718004772,2.361036119020306,751-1000
TR-045854,San Antonio,Indianapolis,975.4,Dry Van,30654.0,0.95504,2.0251,2071.63,2047.1972167498038,-24.43278325019628,24.43278325019628,1.1793989877630793,751-1000
TR-045855,Tucson,Richmond,2515.3,Dry Van,36087.0,0.96365,2.26723,4768.65,4771.926878503357,3.2768785033576933,3.2768785033576933,0.06871711078308733,1500+
TR-045856,Lexington,Memphis,345.7,Reefer,38222.0,0.89665,1.44671,932.39,985.8447280122475,53.45472801224753,53.45472801224753,5.733086799756275,251-500
TR-045857,San Antonio,Baton Rouge,410.3,Flatbed,23575.0,0.91652,1.66102,1012.6,1078.528277543088,65.92827754308803,65.92827754308803,6.510791777907173,251-500
TR-045858,Corpus Christi,Salt Lake City,1316.2,Dry Van,26654.0,0.93079,2.23316,2550.35,2656.256467750882,105.90646775088226,105.90646775088226,4.15262484564402,1001-1500
TR-045859,Houston,Savannah,900.2,Reefer,26426.0,0.90342,1.81158,2116.33,2093.72397921285,-22.6060207871501,22.6060207871501,1.0681708801155823,751-1000
TR-045860,Chattanooga,Syracuse,892.4,Reefer,36189.0,0.90319,1.90718,1990.99,2089.683024270246,98.69302427024581,98.69302427024581,4.956982419311288,751-1000
TR-045861,Bakersfield,New York,2832.7,Dry Van,34381.0,1.0558,2.34336,5111.47,5294.491778717033,183.02177871703316,183.02177871703316,3.580609466885908,1500+
TR-045862,Los Angeles,Montgomery,2156.6,Flatbed,18145.0,0.9269,2.01427,4486.54,4321.785985348694,-164.75401465130562,164.75401465130562,3.672184236656881,1500+
TR-045863,Tucson,Green Bay,1975.9,Dry Van,29336.0,0.95394,2.23336,3787.48,3739.434341205036,-48.045658794963856,48.045658794963856,1.2685389439670667,1500+
TR-045864,St. Louis,Tulsa,520.9,Dry Van,35617.0,0.92555,1.7848,1244.28,1185.150876294043,-59.129123705957,59.129123705957,4.752075393477111,501-750
TR-045865,Washington,Columbia,537.6,Dry Van,31496.0,0.90466,1.99392,1140.72,1208.1775509054303,67.45755090543025,67.45755090543025,5.913594125239344,501-750
TR-045866,Charleston,Madison,899.2,Dry Van,25439.0,0.94188,2.22356,1743.16,1798.9675970126523,55.807597012652195,55.807597012652195,3.201518908915544,751-1000
TR-045867,Oklahoma City,New York,1748.3,Dry Van,46804.0,0.90999,2.16501,3491.03,3542.8482467445538,51.81824674455356,51.81824674455356,1.4843254496396068,1500+
TR-045868,Nashville,Montgomery,367.5,Reefer,31520.0,0.89841,1.40297,1006.04,998.0983998629781,-7.941600137021851,7.941600137021851,0.7893920855057305,251-500
TR-045869,Albuquerque,Bakersfield,520.6,Dry Van,33612.0,0.87918,1.8872,1170.58,1175.3107001074998,4.7307001074998425,4.7307001074998425,0.40413300308392786,501-750
TR-045870,Los Angeles,Buffalo,2709.0,Dry Van,36057.0,0.90368,2.32924,4885.38,4905.215361861933,19.835361861933052,19.835361861933052,0.40601471864897004,1500+
TR-045871,Tulsa,Amarillo,661.2,Dry Van,16325.0,0.94771,2.0324,1386.64,1488.6764602888984,102.0364602888983,102.0364602888983,7.358540088912645,501-750
TR-045872,Montgomery,Lexington,483.5,Reefer,26130.0,0.92901,1.66201,1225.41,1222.9403961921619,-2.4696038078382117,2.4696038078382117,0.20153285902989299,251-500
TR-045873,Nashville,San Antonio,862.5,Dry Van,21629.0,0.9144,2.05922,1781.79,1780.5518506590504,-1.238149340949576,1.238149340949576,0.0694890722784153,751-1000
TR-045874,Montgomery,Amarillo,1254.9,Flatbed,25158.0,0.89364,1.99966,2723.7,2763.8192936766272,40.11929367662742,40.11929367662742,1.4729703593137067,1001-1500
TR-045875,Oklahoma City,Buffalo,1524.8,Reefer,32228.0,0.93924,1.97048,3299.18,3401.1027357670146,101.92273576701473,101.92273576701473,3.0893354035552694,1500+
TR-045876,Montgomery,Tampa,269.5,Reefer,38155.0,0.88489,1.19103,786.48,812.179464671372,25.69946467137197,25.69946467137197,3.2676564784065674,251-500
TR-045877,Jacksonville,New Orleans,545.3,Reefer,42046.0,0.87686,1.56489,1410.96,1443.3995682967716,32.43956829677154,32.43956829677154,2.2991132489065276,501-750
TR-045878,Harrisburg,Albany,564.7,Flatbed,9639.0,0.8757,2.00378,1219.83,1256.6453984260472,36.815398426047295,36.815398426047295,3.018076160288507,501-750
TR-045879,Dayton,Austin,1266.9,Reefer,30819.0,0.92973,1.83776,2913.25,2884.0435570867166,-29.206442913283354,29.206442913283354,1.0025381588701057,1001-1500
TR-045880,Greensboro,Philadelphia,714.4,Dry Van,34194.0,0.88814,1.96002,1561.35,1535.7709702168156,-25.579029783184296,25.579029783184296,1.638263668183578,501-750
TR-045881,Tucson,Greensboro,2086.2,Dry Van,20579.0,0.91844,2.26325,3892.16,3863.944761773623,-28.21523822637664,28.21523822637664,0.7249249318213188,1500+
TR-045882,Atlanta,Harrisburg,682.7,Dry Van,27302.0,0.93123,2.11562,1400.28,1378.1739529657202,-22.106047034279754,22.106047034279754,1.5786876220669976,501-750
TR-045883,Fort Wayne,Savannah,678.7,Dry Van,30247.0,0.97839,1.9941,1461.81,1378.1415055647567,-83.66849443524325,83.66849443524325,5.723623072440553,501-750
TR-045884,Syracuse,Oklahoma City,1623.1,Dry Van,36548.0,0.84293,2.2002,3182.56,3322.4284238809105,139.86842388091054,139.86842388091054,4.394840124959484,1500+
TR-045885,Green Bay,Montgomery,1058.8,Dry Van,34419.0,0.95254,2.12101,2144.76,2230.627996250048,85.86799625004778,85.86799625004778,4.003617945599871,1001-1500
TR-045886,Jacksonville,Mobile,260.9,Dry Van,21650.0,0.88293,1.66203,650.01,717.2210328218434,67.21103282184345,67.21103282184345,10.339999818747934,251-500
TR-045887,Bakersfield,Los Angeles,408.9,Flatbed,20317.0,0.92925,1.7862,968.51,1001.8327277126546,33.32272771265457,33.32272771265457,3.4406178266259064,251-500
TR-045888,Indianapolis,Buffalo,668.9,Reefer,44036.0,0.92435,1.66962,1647.1,1713.6866651166208,66.5866651166209,66.5866651166209,4.04266074413338,501-750
TR-045889,Oklahoma City,Charleston,1348.5,Dry Van,25133.0,0.95687,2.09624,2729.1,2714.116970039505,-14.98302996049506,14.98302996049506,0.549009928566013,1001-1500
TR-045890,Los Angeles,Indianapolis,2037.5,Reefer,38232.0,0.95236,1.94314,4494.77,4425.08553559978,-69.68446440022035,69.68446440022035,1.550345499329673,1500+
TR-045891,Baton Rouge,Columbia,733.5,Dry Van,34685.0,0.92492,1.89357,1634.18,1628.2137472512231,-5.966252748776924,5.966252748776924,0.3650915290100799,501-750
TR-045892,El Paso,Lubbock,764.9,Reefer,45282.0,0.87612,1.56948,1963.55,1917.6962168138402,-45.85378318615972,45.85378318615972,2.335249073675726,751-1000
TR-045893,Providence,Baton Rouge,1688.6,Dry Van,38714.0,0.91399,2.148,3401.76,3340.9776505619084,-60.78234943809184,60.78234943809184,1.7867912327175297,1500+
TR-045894,Tucson,Tampa,1862.5,Dry Van,30331.0,0.90919,2.24843,3600.17,3680.969736284236,80.79973628423613,80.79973628423613,2.2443311367028813,1500+
TR-045895,Memphis,Buffalo,855.3,Reefer,37970.0,0.93212,1.73727,2059.94,2010.538709393594,-49.401290606406064,49.401290606406064,2.3981907534397147,751-1000
TR-045896,Hartford,Toledo,793.1,Dry Van,27762.0,0.91881,2.25877,1499.02,1587.0648406440055,88.04484064400549,88.04484064400549,5.873493391949773,751-1000
TR-045897,Charleston,Atlanta,467.3,Flatbed,23788.0,0.91586,1.76741,1106.0,1155.9824046913252,49.9824046913252,49.9824046913252,4.519204764134286,251-500
TR-045898,Lexington,Green Bay,620.0,Reefer,21432.0,0.90877,1.914,1415.97,1427.826081777267,11.856081777267036,11.856081777267036,0.8373116504775551,501-750
TR-045899,San Antonio,Harrisburg,1560.8,Flatbed,20079.0,0.91889,2.17292,3079.84,3289.091872186658,209.2518721866577,209.2518721866577,6.794244901899374,1500+
TR-045900,Buffalo,Atlanta,724.5,Dry Van,20221.0,0.95432,2.15873,1455.53,1569.8118154379572,114.28181543795722,114.28181543795722,7.85156028649064,501-750
TR-045901,Indianapolis,San Antonio,958.7,Flatbed,30319.0,0.92596,1.95081,2133.85,2234.949580619902,101.0995806199021,101.0995806199021,4.737895382519957,751-1000
TR-045902,New York,Lubbock,1879.1,Dry Van,33424.0,0.91505,2.24441,3664.1,3714.646275286542,50.54627528654191,50.54627528654191,1.3795004308436427,1500+
TR-045903,Nashville,Philadelphia,1019.1,Reefer,35391.0,0.90228,1.88532,2356.83,2417.9271731703684,61.09717317036848,61.09717317036848,2.592345360945358,1001-1500
TR-045904,Lubbock,Nashville,907.1,Flatbed,28431.0,0.90751,1.86725,2087.83,2150.450986889168,62.62098688916785,62.62098688916785,2.9993336090183518,751-1000
TR-045905,Grand Rapids,Columbia,744.4,Flatbed,23665.0,0.95212,1.92742,1627.5,1630.7435065346547,3.2435065346546708,3.2435065346546708,0.19929379629214566,501-750
TR-045906,Phoenix,Tampa,2007.6,Reefer,40659.0,0.9017,1.89008,4440.83,4368.283030914367,-72.54696908563255,72.54696908563255,1.6336353583819365,1500+
TR-045907,Albany,El Paso,2534.5,Flatbed,32150.0,0.92068,2.16119,5015.77,5073.822287750704,58.05228775070373,58.05228775070373,1.157395330142804,1500+
TR-045908,Phoenix,Kansas City,1869.2,Reefer,36021.0,0.89359,2.01399,4003.05,4110.916030129014,107.86603012901378,107.86603012901378,2.6945961236810376,1500+
TR-045909,Houston,Tampa,583.0,Dry Van,29136.0,0.91461,1.98647,1290.15,1349.9482319457252,59.79823194572509,59.79823194572509,4.634982904757206,501-750
TR-045910,Phoenix,Harrisburg,2612.2,Flatbed,31329.0,0.92882,2.16954,5205.32,5135.580283637749,-69.73971636225087,69.73971636225087,1.3397776959389793,1500+
TR-045911,Dayton,Atlanta,421.2,Reefer,40013.0,0.90984,1.40131,1126.1,1094.2050408873904,-31.894959112609513,31.894959112609513,2.832338079443168,251-500
TR-045912,Milwaukee,Greensboro,487.7,Flatbed,34238.0,0.9006,1.71554,1183.6,1188.8561943939083,5.256194393908345,5.256194393908345,0.44408536616326,251-500
TR-045913,Corpus Christi,Kansas City,959.8,Dry Van,38106.0,0.91301,2.04568,2001.86,2002.9636780652402,1.103678065240274,1.103678065240274,0.055132629916191646,751-1000
TR-045914,Lubbock,Hartford,1973.3,Reefer,26797.0,0.90843,2.08049,4242.61,4176.758464791052,-65.85153520894801,65.85153520894801,1.5521467966404645,1500+
TR-045915,Atlanta,Syracuse,882.0,Dry Van,21589.0,0.91299,2.1416,1766.47,1739.9617701594466,-26.50822984055344,26.50822984055344,1.5006328916173748,751-1000
TR-045916,Reno,Buffalo,2435.0,Reefer,36369.0,0.96281,2.11434,4890.94,5033.704820510209,142.76482051020957,142.76482051020957,2.918964871992083,1500+
TR-045917,Louisville,Indianapolis,142.2,Dry Van,35737.0,0.92978,1.33771,404.69,412.8365672396526,8.146567239652597,8.146567239652597,2.0130389284767594,0-250
TR-045918,Hartford,Amarillo,2115.6,Dry Van,36580.0,0.93108,2.19106,4181.96,4162.1802215214275,-19.779778478572553,19.779778478572553,0.47297866260252497,1500+
TR-045919,Albany,Memphis,1348.8,Dry Van,41613.0,0.93018,2.18278,2687.53,2829.9201588760966,142.3901588760964,142.3901588760964,5.298179327341328,1001-1500
TR-045920,Atlanta,Providence,1146.8,Dry Van,33866.0,0.94351,1.97745,2449.64,2325.169912623285,-124.47008737671467,124.47008737671467,5.081158348847777,1001-1500
TR-045921,Lexington,Reno,2152.4,Dry Van,22457.0,0.91446,2.39945,3835.85,3896.875091163828,61.025091163828165,61.025091163828165,1.5909144300175493,1500+
TR-045922,Albuquerque,Fort Wayne,1580.0,Reefer,21927.0,0.94868,2.09001,3331.57,3423.206854506301,91.636854506301,91.636854506301,2.750560681789697,1500+
TR-045923,Phoenix,Atlanta,2031.2,Dry Van,33478.0,0.91525,2.22926,3840.4,4036.0731789366146,195.67317893661448,195.67317893661448,5.095124959291076,1500+
TR-045924,Tulsa,Raleigh,1161.6,Dry Van,37715.0,0.94095,2.14713,2397.45,2448.7787290997962,51.32872909979642,51.32872909979642,2.140971828392518,1001-1500
TR-045925,Albany,Fort Wayne,887.7,Dry Van,37032.0,1.0558,2.07345,1849.8,1829.299602278995,-20.5003977210049,20.5003977210049,1.1082494172886206,751-1000
TR-045926,Albuquerque,Oklahoma City,812.6,Dry Van,42596.0,0.9025,1.89823,1833.94,1777.0066670509532,-56.93333294904687,56.93333294904687,3.1044272412972544,751-1000
TR-045927,Cincinnati,Raleigh,623.0,Dry Van,42413.0,0.91337,1.9359,1415.02,1371.0721610455957,-43.94783895440423,43.94783895440423,3.1058104446865933,501-750
TR-045928,Houston,Cincinnati,749.0,Dry Van,36239.0,0.92487,1.97549,1653.6,1665.2607013738775,11.6607013738776,11.6607013738776,0.7051706200941946,501-750
TR-045929,Oklahoma City,Lexington,991.8,Flatbed,34035.0,0.95398,1.9064,2269.87,2303.7813420122657,33.91134201226578,33.91134201226578,1.493977276772052,751-1000
TR-045930,Chattanooga,Amarillo,1183.8,Dry Van,25020.0,0.93539,2.16774,2343.36,2399.9896877791703,56.629687779170126,56.629687779170126,2.4166021345064403,1001-1500
TR-045931,Mobile,Greensboro,500.6,Dry Van,36796.0,0.91941,1.80568,1155.88,1154.8677795943422,-1.0122204056578994,1.0122204056578994,0.08757140928624937,501-750
TR-045932,Greensboro,Oklahoma City,1151.0,Reefer,31936.0,0.90294,1.83852,2734.13,2600.466950096999,-133.66304990300114,133.66304990300114,4.88868670849598,1001-1500
TR-045933,Nashville,Cincinnati,180.2,Reefer,28739.0,0.93324,1.15,542.83,551.9835871301793,9.15358713017929,9.15358713017929,1.6862714164985886,0-250
TR-045934,Los Angeles,Houston,1527.7,Flatbed,36912.0,0.93859,1.95694,3338.28,3447.865487589049,109.58548758904863,109.58548758904863,3.2826931110945945,1500+
TR-045935,Greensboro,Oklahoma City,1121.8,Reefer,20628.0,0.91549,1.88214,2496.0,2481.9314093508056,-14.068590649194448,14.068590649194448,0.5636454587017006,1001-1500
TR-045936,Buffalo,Dallas,1300.2,Reefer,40032.0,0.93303,1.92176,2966.05,3014.2531401958167,48.20314019581656,48.20314019581656,1.625162765152865,1001-1500
TR-045937,Phoenix,New York,2908.1,Flatbed,34850.0,0.92093,2.24391,5663.94,5780.013034925885,116.07303492588562,116.07303492588562,2.0493337663514377,1500+
TR-045938,Indianapolis,Phoenix,1964.6,Flatbed,29447.0,0.89468,2.10709,3967.69,4057.8735132196693,90.1835132196693,90.1835132196693,2.2729475644435246,1500+
TR-045939,Madison,Baton Rouge,946.7,Reefer,21392.0,0.92257,1.92039,2107.87,2087.252409091028,-20.617590908972034,20.617590908972034,0.9781244056308992,751-1000
TR-045940,Birmingham,Cincinnati,333.9,Dry Van,6817.0,0.90221,1.86031,753.48,828.4063457357429,74.92634573574287,74.92634573574287,9.94403909005453,251-500
TR-045941,Milwaukee,Nashville,380.8,Dry Van,27144.0,0.91567,1.86564,876.11,875.032908861911,-1.0770911380890311,1.0770911380890311,0.12294017167810334,251-500
TR-045942,Dayton,Kansas City,360.5,Reefer,33808.0,0.88516,1.51709,959.64,945.3966781647605,-14.243321835239499,14.243321835239499,1.4842359463173167,251-500
TR-045943,Montgomery,New York,1091.4,Dry Van,24790.0,0.87826,2.216,2122.57,2205.305964368472,82.73596436847174,82.73596436847174,3.897914526657389,1001-1500
TR-045944,Green Bay,Los Angeles,2218.6,Reefer,34922.0,0.94851,2.07654,4530.44,4677.281345350003,146.8413453500034,146.8413453500034,3.241215982332917,1500+
TR-045945,Lubbock,Richmond,1716.4,Dry Van,37885.0,0.90328,2.21078,3356.21,3431.9282708648534,75.71827086485337,75.71827086485337,2.256064753542042,1500+
TR-045946,Buffalo,Atlanta,722.2,Dry Van,43615.0,0.92606,1.96696,1551.53,1611.343764334968,59.81376433496803,59.81376433496803,3.855147134439426,501-750
TR-045947,Salt Lake City,Mobile,1688.7,Dry Van,31021.0,0.93112,2.18597,3348.56,3367.867767670301,19.30776767030102,19.30776767030102,0.576599125304639,1500+
TR-045948,Detroit,Hartford,797.4,Reefer,40962.0,0.88989,1.84553,1845.61,1890.9398583047923,45.329858304792424,45.329858304792424,2.4560908482719768,751-1000
TR-045949,Jacksonville,San Antonio,975.1,Dry Van,44030.0,0.91647,1.93719,2135.27,2177.4985461005913,42.2285461005913,42.2285461005913,1.977667746963677,751-1000
TR-045950,Shreveport,Milwaukee,646.9,Reefer,37609.0,0.90913,1.61792,1619.21,1619.3942154130978,0.18421541309771783,0.18421541309771783,0.011376869775860934,501-750
TR-045951,San Antonio,New York,1797.5,Dry Van,33997.0,0.91268,2.14289,3564.95,3598.0075448457324,33.05754484573254,33.05754484573254,0.927293365846156,1500+
TR-045952,Amarillo,Baton Rouge,819.0,Reefer,40870.0,0.90499,1.58078,2072.92,2130.723255508054,57.80325550805401,57.80325550805401,2.788494274166587,751-1000
TR-045953,Milwaukee,Dayton,199.3,Dry Van,30874.0,0.90817,1.59218,514.26,500.326212421332,-13.933787578667989,13.933787578667989,2.7094830588939427,0-250
TR-045954,Milwaukee,Buffalo,637.5,Flatbed,39143.0,0.96496,1.85375,1466.63,1486.4908758146469,19.86087581464676,19.86087581464676,1.3541844783378738,501-750
TR-045955,Los Angeles,Madison,1978.6,Flatbed,32237.0,0.90939,2.06008,4032.78,4072.4752664184352,39.69526641843504,39.69526641843504,0.9843151974180351,1500+
TR-045956,Baltimore,Richmond,270.1,Dry Van,30072.0,0.90809,1.75213,651.51,618.9287855675132,-32.58121443248683,32.58121443248683,5.0008771058750945,251-500
TR-045957,Houston,Charleston,1114.8,Dry Van,25040.0,0.8986,2.09532,2273.63,2220.8509890522123,-52.77901094778781,52.77901094778781,2.321354439719207,1001-1500
TR-045958,Syracuse,Jacksonville,1031.8,Dry Van,39852.0,0.91794,2.10953,2089.43,2113.0490072956572,23.61900729565741,23.61900729565741,1.1304043349457706,1001-1500
TR-045959,New York,Salt Lake City,2534.1,Dry Van,18567.0,0.89992,2.36791,4496.35,4536.686932063523,40.33693206352291,40.33693206352291,0.8971039190348372,1500+
TR-045960,Oklahoma City,Cincinnati,888.8,Dry Van,29466.0,0.91489,2.00862,1880.12,1839.6418757199444,-40.478124280055454,40.478124280055454,2.1529542944096898,751-1000
TR-045961,Greensboro,Mobile,485.6,Dry Van,35107.0,0.947,1.82015,1120.66,1145.0196938171764,24.35969381717632,24.35969381717632,2.173691736760152,251-500
TR-045962,Green Bay,Boston,1175.9,Reefer,42276.0,0.88601,1.91372,2688.36,2754.4488996337604,66.08889963376032,66.08889963376032,2.4583351795801276,1001-1500
TR-045963,Boston,Jacksonville,1128.3,Reefer,28236.0,0.93958,1.91722,2534.73,2559.618368383763,24.88836838376301,24.88836838376301,0.9818942602866186,1001-1500
TR-045964,Charleston,Hartford,668.5,Dry Van,23694.0,0.92241,2.12626,1341.22,1382.780287273387,41.560287273387075,41.560287273387075,3.0986927777237945,501-750
TR-045965,Reno,Lubbock,1530.0,Dry Van,34894.0,0.90549,2.18386,2975.08,3074.6427487642577,99.56274876425778,99.56274876425778,3.346557025836541,1500+
TR-045966,Lexington,Kansas City,430.9,Dry Van,39649.0,0.85295,1.83463,991.62,1029.2118431291324,37.59184312913237,37.59184312913237,3.7909524948198268,251-500
TR-045967,Washington,Tampa,1138.5,Dry Van,47500.0,0.90298,2.12048,2298.17,2313.97007695251,15.800076952510153,15.800076952510153,0.6875068838471546,1001-1500
TR-045968,Washington,Buffalo,252.0,Dry Van,29902.0,0.9256,1.75334,593.11,585.0070972325077,-8.10290276749231,8.10290276749231,1.3661720030841344,251-500
TR-045969,Jacksonville,Dallas,663.4,Reefer,40783.0,0.90841,1.53931,1711.11,1739.6670047374457,28.557004737445823,28.557004737445823,1.6689169449916035,501-750
TR-045970,Dayton,Milwaukee,186.9,Reefer,20981.0,0.88864,1.33273,529.66,521.0320413043239,-8.627958695676057,8.627958695676057,1.6289617293501601,0-250
TR-045971,Atlanta,Indianapolis,364.2,Dry Van,32626.0,0.87885,1.6975,879.77,857.2159303416722,-22.554069658327762,22.554069658327762,2.563632501486498,251-500
TR-045972,Richmond,Hartford,328.1,Dry Van,35441.0,0.87307,1.78466,767.1,802.0918216348502,34.991821634850226,34.991821634850226,4.561572367989862,251-500
TR-045973,Corpus Christi,Fort Wayne,1267.3,Dry Van,29877.0,0.89289,2.19993,2530.36,2529.0214121734125,-1.3385878265876272,1.3385878265876272,0.05290108231981327,1001-1500
TR-045974,Amarillo,Richmond,1820.5,Dry Van,30014.0,0.96837,2.19464,3559.92,3637.3038798094312,77.38387980943116,77.38387980943116,2.1737533374185705,1500+
TR-045975,Toledo,Baton Rouge,1115.5,Flatbed,26332.0,0.95635,2.06782,2350.04,2410.324903032638,60.284903032637885,60.284903032637885,2.5652713584721063,1001-1500
TR-045976,Columbia,Kansas City,637.1,Dry Van,42873.0,0.87725,1.93552,1394.61,1412.8690078686327,18.259007868632807,18.259007868632807,1.3092554813627328,501-750
TR-045977,San Antonio,Grand Rapids,1404.6,Dry Van,37865.0,0.93478,2.15391,2791.89,2881.2105601245553,89.32056012455541,89.32056012455541,3.1992865093021363,1001-1500
TR-045978,Phoenix,Los Angeles,75.1,Reefer,24836.0,0.92019,1.06291,232.99,380.6347873283544,147.64478732835437,147.64478732835437,63.36958123883186,0-250
TR-045979,Jacksonville,New York,935.5,Dry Van,38001.0,0.88255,2.12067,1938.75,1963.7401139243452,24.990113924345223,24.990113924345223,1.2889807311074262,751-1000
TR-045980,Amarillo,Tucson,654.9,Dry Van,32057.0,0.92392,2.00257,1434.58,1430.787953155817,-3.7920468441830053,3.7920468441830053,0.2643315008004437,501-750
TR-045981,Indianapolis,Reno,1860.0,Dry Van,26959.0,0.91434,2.29772,3447.98,3562.8396787867364,114.85967878673637,114.85967878673637,3.331216503191328,1500+
TR-045982,Tulsa,Fresno,1689.0,Dry Van,21771.0,0.92889,2.21782,3196.73,3295.7189004390266,98.98890043902657,98.98890043902657,3.0965674435759842,1500+
TR-045983,Philadelphia,Syracuse,379.2,Dry Van,24544.0,0.91829,1.96129,831.63,837.034303049644,5.404303049644,5.404303049644,0.6498446484186478,251-500
TR-045984,Raleigh,Buffalo,544.8,Flatbed,29238.0,0.90503,1.95004,1194.13,1218.2993983768865,24.16939837688642,24.16939837688642,2.0240173496090392,501-750
TR-045985,Oklahoma City,Raleigh,1443.5,Dry Van,36141.0,0.86733,2.11439,2972.9,3028.086759016601,55.18675901660072,55.18675901660072,1.8563274585960077,1001-1500
TR-045986,El Paso,Jacksonville,1766.5,Flatbed,31270.0,0.84692,2.11166,3692.68,3744.576346774111,51.89634677411095,51.89634677411095,1.4053843488769933,1500+
TR-045987,Fort Wayne,Milwaukee,253.1,Dry Van,15213.0,0.89446,1.88059,577.78,596.0588953729205,18.278895372920488,18.278895372920488,3.1636428005331596,251-500
TR-045988,Hartford,Fort Wayne,832.2,Flatbed,33558.0,0.86136,1.92609,5308.55,1880.8301970624898,-3427.7198029375104,3427.7198029375104,64.56979406688286,751-1000
TR-045989,Shreveport,Amarillo,813.5,Reefer,19928.0,0.83631,1.82574,1946.12,1942.7528138168952,-3.36718618310465,3.36718618310465,0.17302048091097413,751-1000
TR-045990,Harrisburg,Milwaukee,645.9,Reefer,34712.0,0.81767,1.83822,1497.97,1558.5390519277348,60.56905192773479,60.56905192773479,4.043408875193415,501-750
TR-045991,Lubbock,Albany,2176.5,Dry Van,27262.0,0.86794,2.28232,4009.74,4048.092825094981,38.3528250949812,38.3528250949812,0.9564915704006046,1500+
TR-045992,Memphis,Cincinnati,243.8,Dry Van,24807.0,0.87436,1.69023,203.4,595.5885837910591,392.18858379105916,392.18858379105916,192.8164128766269,0-250
TR-045993,Albuquerque,Savannah,1822.1,Reefer,26445.0,0.85036,1.98884,3823.32,3958.647538370964,135.3275383709638,135.3275383709638,3.539529476239598,1500+
TR-045994,Buffalo,Louisville,678.2,Dry Van,47500.0,0.84849,2.02375,1448.26,1390.775090874062,-57.484909125937975,57.484909125937975,3.969239578938725,501-750
TR-045995,Grand Rapids,Lexington,554.8,Dry Van,37308.0,0.8789,1.89232,1275.97,1241.9826068536734,-33.98739314632667,33.98739314632667,2.6636514296046667,501-750
TR-045996,St. Louis,Phoenix,1989.5,Dry Van,32307.0,0.87053,2.18941,3808.34,3798.8431088624475,-9.496891137552666,9.496891137552666,0.24937088436307328,1500+
TR-045997,Columbia,Memphis,436.5,Dry Van,35544.0,0.85434,1.81412,1009.93,1045.5504198708031,35.620419870803175,35.620419870803175,3.527018691473981,251-500
TR-045998,Jacksonville,Lubbock,1092.3,Dry Van,35806.0,0.88279,2.05069,2297.59,2365.2953120781517,67.70531207815156,67.70531207815156,2.9467969515079524,1001-1500
TR-045999,Tampa,Memphis,599.9,Dry Van,44738.0,0.85358,1.83174,1380.6,1390.0227947885696,9.422794788569718,9.422794788569718,0.682514471140788,501-750
TR-046000,Corpus Christi,Shreveport,429.9,Reefer,43964.0,0.88492,1.36306,1216.79,1177.5286841054262,-39.26131589457373,39.26131589457373,3.226630387706484,251-500
TR-046001,Fort Wayne,San Antonio,1293.2,Reefer,23817.0,0.83237,1.98428,2834.77,2848.9582633755654,14.188263375565384,14.188263375565384,0.5005084495590607,1001-1500
TR-046002,Birmingham,Green Bay,892.0,Dry Van,33724.0,0.87914,2.09356,1837.35,1945.2407872400522,107.8907872400523,107.8907872400523,5.872086822872742,751-1000
TR-046003,Houston,Tucson,1280.6,Reefer,13752.0,0.85378,2.02742,2738.58,2796.4398919832634,57.859891983263424,57.859891983263424,2.1127698290085895,1001-1500
TR-046004,San Francisco,Atlanta,2253.0,Reefer,31630.0,0.79387,2.07864,4711.99,4850.404761516362,138.41476151636198,138.41476151636198,2.9375011728879303,1500+
TR-046005,Syracuse,Baltimore,467.3,Dry Van,32292.0,0.84562,1.88652,1046.58,1055.2690188024417,8.689018802441751,8.689018802441751,0.8302297772212112,251-500
TR-046006,Baton Rouge,Chattanooga,558.9,Dry Van,33820.0,0.88015,1.78457,1310.53,1280.3355157639467,-30.194484236053313,30.194484236053313,2.303990312015239,501-750
TR-046007,Tulsa,Detroit,1033.7,Dry Van,28582.0,0.84178,2.16906,2036.13,2165.2623755169693,129.1323755169692,129.1323755169692,6.342049648940352,1001-1500
TR-046008,Philadelphia,Lexington,786.0,Dry Van,35900.0,0.86459,2.00782,1668.7,1663.5137005902761,-5.186299409723915,5.186299409723915,0.31079879005956224,751-1000
TR-046009,Austin,Mobile,818.5,Dry Van,31383.0,0.84846,2.1122,1690.83,1777.8295965462175,86.99959654621762,86.99959654621762,5.145378101063834,751-1000
TR-046010,Harrisburg,Austin,1627.7,Reefer,32129.0,0.82973,2.00184,3493.39,3636.1345753068476,142.74457530684776,142.74457530684776,4.0861333921161895,1500+
TR-046011,Amarillo,Phoenix,871.5,Dry Van,27869.0,0.86588,2.03691,1820.83,1867.4120976950267,46.58209769502673,46.58209769502673,2.5582892249703013,751-1000
TR-046012,Columbia,Bakersfield,2228.1,Dry Van,35960.0,0.79299,2.25311,4232.87,4288.585996569742,55.71599656974195,55.71599656974195,1.3162699674155347,1500+
TR-046013,Los Angeles,Tucson,318.5,Reefer,16522.0,0.86623,1.55337,808.29,947.543730853027,139.25373085302704,139.25373085302704,17.228189245571148,251-500
TR-046014,Hartford,Salt Lake City,2567.4,Dry Van,31714.0,0.84807,2.33247,4654.64,4783.143719391323,128.5037193913231,128.5037193913231,2.7607660182382117,1500+
TR-046015,Reno,Amarillo,1051.5,Reefer,33579.0,0.84888,1.92506,2316.06,2497.8234167878586,181.76341678785866,181.76341678785866,7.847958031651109,1001-1500
TR-046016,Greensboro,Indianapolis,435.9,Reefer,40095.0,0.85844,1.59987,1117.41,1169.3648506532652,51.95485065326511,51.95485065326511,4.649578100541888,251-500
TR-046017,Greensboro,New York,674.0,Reefer,31386.0,0.85542,1.82293,1566.31,1575.6644672726206,9.354467272620695,9.354467272620695,0.5972296207405109,501-750
TR-046018,Harrisburg,Memphis,827.0,Reefer,47500.0,0.84512,1.79246,1961.67,1957.782946362072,-3.8870536379281475,3.8870536379281475,0.19815023107495897,751-1000
TR-046019,Dayton,San Antonio,1212.1,Reefer,29178.0,0.83979,1.84584,2755.15,2714.119836702873,-41.030163297127274,41.030163297127274,1.4892170407102072,1001-1500
TR-046020,New York,Richmond,264.6,Dry Van,35312.0,0.85059,1.77755,624.02,627.3135897429422,3.293589742942231,3.293589742942231,0.5278019523320135,251-500
TR-046021,Nashville,Buffalo,819.0,Dry Van,31585.0,0.84224,2.12563,1671.31,1649.0063638281222,-22.30363617187777,22.30363617187777,1.3345002526088978,751-1000
TR-046022,Atlanta,Kansas City,498.9,Dry Van,28339.0,0.85498,1.97268,1104.74,1103.1756361069895,-1.5643638930105226,1.5643638930105226,0.1416047117883414,251-500
TR-046023,Fort Wayne,Mobile,813.0,Flatbed,29013.0,0.79862,1.97314,1790.74,1825.5830541678213,34.843054167821265,34.843054167821265,1.9457349569351925,751-1000
TR-046024,Fresno,Lubbock,1401.9,Dry Van,26377.0,0.87424,2.16296,2793.65,2827.4531121554182,33.80311215541815,33.80311215541815,1.209998108403635,1001-1500
TR-046025,Kansas City,Houston,733.8,Dry Van,29480.0,0.8437,2.03154,1581.9,1575.991664109958,-5.9083358900420535,5.9083358900420535,0.37349616853417117,501-750
TR-046026,Grand Rapids,Tucson,2018.9,Dry Van,42526.0,0.85261,2.27142,3786.01,3960.8390331845803,174.8290331845801,174.8290331845801,4.617764696463562,1500+
TR-046027,Jacksonville,Phoenix,2118.5,Dry Van,30978.0,0.88025,2.27971,3922.14,4194.0626536052305,271.9226536052306,271.9226536052306,6.9330175262798015,1500+
TR-046028,Phoenix,Bakersfield,388.7,Dry Van,15067.0,0.90744,1.9142,865.79,913.0790864828434,47.28908648284346,47.28908648284346,5.461958036341776,251-500
TR-046029,Bakersfield,Baton Rouge,1710.0,Dry Van,20652.0,0.87381,2.28413,3232.85,3290.699856688278,57.84985668827812,57.84985668827812,1.7894383187675926,1500+
TR-046030,Boston,Grand Rapids,1086.7,Dry Van,28112.0,0.87502,2.22996,2073.63,2121.9387871250838,48.308787125083654,48.308787125083654,2.3296724644745517,1001-1500
TR-046031,Atlanta,Nashville,148.1,Dry Van,41389.0,0.85361,1.31634,418.53,456.8997156242217,38.369715624221726,38.369715624221726,9.167733644952985,0-250
TR-046032,Mobile,Hartford,1266.4,Dry Van,29757.0,0.85409,2.16542,2477.44,2502.6304395591505,25.19043955915049,25.19043955915049,1.0167931235125973,1001-1500
TR-046033,Mobile,Shreveport,301.5,Flatbed,29994.0,0.86208,1.4445,814.05,825.3634406935541,11.313440693554185,11.313440693554185,1.3897722122172085,251-500
TR-046034,Providence,Shreveport,1582.8,Flatbed,35357.0,0.88064,2.00401,3458.16,3444.3075371712503,-13.852462828749594,13.852462828749594,0.40057321895891446,1500+
TR-046035,Oklahoma City,Chattanooga,826.4,Flatbed,22872.0,0.84759,1.77195,1931.36,1846.8474795874447,-84.5125204125552,84.5125204125552,4.375803600186149,751-1000
TR-046036,Bakersfield,Cincinnati,1999.2,Dry Van,42118.0,0.83983,2.21572,3959.29,3906.285641752974,-53.004358247026175,53.004358247026175,1.3387339206531013,1500+
TR-046037,Detroit,Madison,367.2,Reefer,41272.0,0.87458,1.61444,938.56,1011.774420675403,73.21442067540306,73.21442067540306,7.800718193339058,251-500
TR-046038,Fresno,Columbia,2403.9,Reefer,32653.0,0.85052,2.06134,5088.62,5049.277805832359,-39.34219416764063,39.34219416764063,0.7731407369314398,1500+
TR-046039,Syracuse,Richmond,392.8,Dry Van,36153.0,0.89015,1.95949,869.11,906.0814469700397,36.971446970039665,36.971446970039665,4.253943340893519,251-500
TR-046040,Washington,Los Angeles,2717.9,Reefer,33573.0,0.85546,2.19516,5387.61,5622.260561353967,234.65056135396753,234.65056135396753,4.355373929329843,1500+
TR-046041,Oklahoma City,Toledo,1240.2,Flatbed,36164.0,0.8428,1.94662,2733.64,2764.762051234407,31.12205123440708,31.12205123440708,1.1384838981872918,1001-1500
TR-046042,Madison,Lubbock,1152.4,Flatbed,37197.0,0.8687,1.9872,2519.16,2667.875334405935,148.7153344059352,148.7153344059352,5.903369948948666,1001-1500
TR-046043,Mobile,Hartford,1245.1,Flatbed,28602.0,0.83371,2.13379,2553.28,2725.461459073793,172.18145907379267,172.18145907379267,6.7435400376689065,1001-1500
TR-046044,Hartford,Phoenix,3067.3,Dry Van,27343.0,0.86555,2.36518,5467.46,5517.746962024663,50.2869620246629,50.2869620246629,0.9197499757595465,1500+
TR-046045,Salt Lake City,Mobile,1684.7,Dry Van,13009.0,0.85678,2.25794,3192.96,3273.3296480221456,80.36964802214561,80.36964802214561,2.517089096704801,1500+
TR-046046,Philadelphia,Oklahoma City,1780.2,Reefer,20572.0,0.86805,2.07909,3736.86,3838.8768833704544,102.01688337045425,102.01688337045425,2.730016199976832,1500+
TR-046047,El Paso,Fresno,652.1,Dry Van,22351.0,0.87093,2.05004,1365.36,1366.2018208182694,0.8418208182695253,0.8418208182695253,0.06165559400227964,501-750
TR-046048,Madison,Syracuse,792.6,Flatbed,30578.0,0.84309,2.00294,1714.72,1738.0138229654312,23.293822965431218,23.293822965431218,1.3584621958938612,751-1000
TR-046049,Chattanooga,Kansas City,423.7,Flatbed,41659.0,0.88092,1.58185,1071.09,1130.1885654874143,59.09856548741436,59.09856548741436,5.517609676816548,251-500
TR-046050,Montgomery,New Orleans,448.3,Dry Van,40694.0,0.84614,1.74112,1093.07,1154.166426698588,61.096426698588175,61.096426698588175,5.58943404343621,251-500
TR-046051,Jacksonville,Memphis,464.3,Dry Van,31476.0,0.833,1.79103,1103.5,1114.106333163432,10.606333163432055,10.606333163432055,0.9611538888474902,251-500
TR-046052,Fresno,Corpus Christi,1730.4,Dry Van,40447.0,0.8367,2.12316,3489.16,3449.854249291343,-39.30575070865689,39.30575070865689,1.1265104124963283,1500+
TR-046053,Detroit,Kansas City,555.2,Dry Van,31112.0,0.86881,2.04265,1184.35,1210.3795517238311,26.02955172383122,26.02955172383122,2.197792183377483,501-750
TR-046054,Madison,Grand Rapids,285.3,Dry Van,36362.0,0.845,1.84943,664.86,669.783002972086,4.92300297208601,4.92300297208601,0.7404570845119289,251-500
TR-046055,Tucson,Louisville,1804.1,Reefer,36831.0,0.85514,2.0103,3849.6,3953.9971760695325,104.39717606953263,104.39717606953263,2.7118967183482083,1500+
TR-046056,Albuquerque,Bakersfield,527.7,Flatbed,20468.0,0.85191,1.87372,1221.83,1217.0144612437446,-4.815538756255364,4.815538756255364,0.3941251038405805,501-750
TR-046057,Green Bay,Buffalo,588.2,Dry Van,32452.0,0.86749,2.10419,1200.2,1274.2916570898692,74.09165708986916,74.09165708986916,6.173275878176067,501-750
TR-046058,Detroit,Richmond,656.4,Flatbed,41874.0,0.82735,1.88128,1477.99,1502.3609589258729,24.370958925872856,24.370958925872856,1.6489258334544115,501-750
TR-046059,Philadelphia,Columbia,779.7,Dry Van,18105.0,0.83811,2.17856,1532.71,1580.7162520360062,48.00625203600612,48.00625203600612,3.132115797248411,751-1000
TR-046060,Shreveport,New Orleans,70.0,Dry Van,24604.0,0.86876,1.18415,209.86,319.7750350969932,109.91503509699317,109.91503509699317,52.37540984322556,0-250
TR-046061,Memphis,San Antonio,775.8,Dry Van,24758.0,0.8544,2.01696,1643.8,1653.3202105634668,9.52021056346689,9.52021056346689,0.5791586910492085,751-1000
TR-046062,Hartford,Kansas City,1218.1,Flatbed,41876.0,0.80671,2.01993,2579.5,2655.827242451012,76.3272424510119,76.3272424510119,2.9589936984303895,1001-1500
TR-046063,Tucson,Phoenix,273.9,Reefer,31724.0,0.86925,1.50695,166.3,803.5321500871817,637.2321500871817,637.2321500871817,383.18229109271294,251-500
TR-046064,Tulsa,Richmond,1240.7,Dry Van,35183.0,0.86119,2.12821,2537.25,2575.9863854325795,38.73638543257948,38.73638543257948,1.526707475912089,1001-1500
TR-046065,Montgomery,Buffalo,990.6,Dry Van,28515.0,0.88557,2.15709,1975.87,2033.7036268759725,57.83362687597264,57.83362687597264,2.9269955450496563,751-1000
TR-046066,San Antonio,Dayton,1235.7,Dry Van,34558.0,0.90163,2.13451,2517.98,2512.715899966545,-5.264100033455179,5.264100033455179,0.20906043866334043,1001-1500
TR-046067,Atlanta,Madison,626.7,Dry Van,33066.0,0.8509,1.94784,1375.57,1337.6930534716341,-37.876946528365806,37.876946528365806,2.753545550452962,501-750
TR-046068,Cincinnati,Hartford,965.9,Flatbed,27336.0,0.87808,2.03108,2025.27,2073.915547193521,48.645547193521,48.645547193521,2.401928986926237,751-1000
TR-046069,Boston,Baton Rouge,1721.2,Dry Van,21997.0,0.79314,2.20918,3283.73,3262.1551680631255,-21.57483193687449,21.57483193687449,0.6570221040364003,1500+
TR-046070,Milwaukee,Baton Rouge,797.2,Reefer,47500.0,0.79327,1.68323,1952.05,1941.4227127137358,-10.627287286264163,10.627287286264163,0.5444167560392492,751-1000
TR-046071,Baltimore,Milwaukee,989.4,Reefer,24309.0,0.84534,1.99482,2152.52,2200.9419606901665,48.42196069016654,48.42196069016654,2.2495475391711364,751-1000
TR-046072,Tucson,Mobile,1678.9,Reefer,23195.0,0.82789,2.07315,3506.58,3680.7591569745437,174.17915697454373,174.17915697454373,4.967208989230069,1500+
TR-046073,Mobile,Toledo,917.8,Dry Van,34671.0,0.87909,2.14262,1834.32,1891.7109596235232,57.39095962352326,57.39095962352326,3.128732152706358,751-1000
TR-046074,Albany,Richmond,614.5,Flatbed,33247.0,0.86318,1.88185,1386.17,1402.7546282432563,16.584628243256248,16.584628243256248,1.1964353754053434,501-750
TR-046075,Providence,Phoenix,3218.4,Flatbed,33965.0,0.83113,2.22025,6311.76,6798.138829865677,486.3788298656764,486.3788298656764,7.705914512999169,1500+
TR-046076,Harrisburg,Lubbock,1663.8,Dry Van,32936.0,0.87118,2.21202,3193.54,3314.9433572702856,121.4033572702856,121.4033572702856,3.801529251873645,1500+
TR-046077,Tulsa,Charleston,1035.9,Dry Van,27361.0,0.88401,2.04052,2138.43,2113.0202146523616,-25.409785347638262,25.409785347638262,1.1882448968466708,1001-1500
TR-046078,Houston,Atlanta,684.6,Dry Van,34144.0,0.8491,1.9426,1502.48,1484.042146139188,-18.437853860812083,18.437853860812083,1.227161350621112,501-750
TR-046079,Milwaukee,Memphis,359.9,Reefer,23498.0,0.87953,1.59586,914.91,912.7056921927233,-2.2043078072766775,2.2043078072766775,0.24093165527501914,251-500
TR-046080,Kansas City,Washington,890.4,Flatbed,29557.0,0.83709,2.01207,1903.41,1934.8313917107762,31.421391710776106,31.421391710776106,1.6507947163656862,751-1000
TR-046081,Louisville,El Paso,1547.4,Dry Van,27186.0,0.92459,2.21803,3032.86,3097.3333230178405,64.47332301784036,64.47332301784036,2.1258258877046865,1500+
TR-046082,Cincinnati,Tucson,1807.8,Reefer,25147.0,0.81561,2.0104,3811.86,3914.3358877218034,102.47588772180325,102.47588772180325,2.6883434260912846,1500+
TR-046083,Boston,Dayton,1037.9,Dry Van,19019.0,0.86508,2.32172,1914.61,2006.267285504066,91.65728550406607,91.65728550406607,4.787256177710661,1001-1500
TR-046084,Albany,Salt Lake City,2693.8,Flatbed,42028.0,0.88434,2.11903,5434.56,5334.584061500062,-99.97593849993882,99.97593849993882,1.8396326197509791,1500+
TR-046085,Dallas,Phoenix,1547.5,Reefer,27191.0,0.84491,1.90329,3428.65,3490.268808347965,61.618808347965114,61.618808347965114,1.7971740582434808,1500+
TR-046086,Grand Rapids,Tampa,1215.2,Flatbed,36573.0,0.8239,2.00146,2580.89,2681.2516986278224,100.36169862782253,100.36169862782253,3.888646886454771,1001-1500
TR-046087,Milwaukee,Kansas City,170.3,Dry Van,15135.0,0.88114,1.63728,429.61,430.1960976689652,0.5860976689651807,0.5860976689651807,0.13642551825264326,0-250
TR-046088,Reno,Oklahoma City,1440.5,Dry Van,35672.0,0.87327,2.11481,2916.04,3013.0396974502974,96.99969745029739,96.99969745029739,3.3264186173817025,1001-1500
TR-046089,Birmingham,Grand Rapids,827.8,Reefer,34669.0,0.86802,1.79498,1955.92,2020.8369592547726,64.91695925477256,64.91695925477256,3.3189986939533602,751-1000
TR-046090,Dayton,Milwaukee,191.3,Dry Van,29782.0,0.87828,1.49642,506.13,454.4637001146923,-51.666299885307694,51.666299885307694,10.208108566041865,0-250
TR-046091,Oklahoma City,Indianapolis,834.3,Dry Van,29501.0,0.86714,1.95043,1823.82,1765.8167921769052,-58.003207823094726,58.003207823094726,3.1803142757012606,751-1000
TR-046092,Lexington,Kansas City,427.2,Flatbed,24711.0,0.84967,1.81354,1013.06,1056.249660392364,43.189660392363976,43.189660392363976,4.263287504428561,251-500
TR-046093,Corpus Christi,Philadelphia,1744.3,Dry Van,36514.0,0.80767,2.12918,3521.99,3466.9521999844974,-55.0378000155024,55.0378000155024,1.562690411259044,1500+
TR-046094,Philadelphia,New Orleans,1386.6,Reefer,34962.0,0.85975,1.91661,3087.82,3164.506571654207,76.686571654207,76.686571654207,2.4835181990597572,1001-1500
TR-046095,Los Angeles,Houston,1536.9,Dry Van,34789.0,0.89042,2.05336,3197.41,3206.516931483066,9.106931483066091,9.106931483066091,0.28482213676275775,1500+
TR-046096,Nashville,Hartford,1063.5,Dry Van,22760.0,0.86548,2.23995,2038.75,2178.175634384323,139.42563438432308,139.42563438432308,6.838780349936141,1001-1500
TR-046097,Amarillo,Houston,697.3,Reefer,34188.0,0.86209,1.5648,1784.15,1808.3723208436306,24.22232084363054,24.22232084363054,1.3576392592343995,501-750
TR-046098,Green Bay,Baltimore,1034.1,Reefer,30412.0,0.83697,1.93874,2309.56,2360.0828222409186,50.522822240918686,50.522822240918686,2.1875518384851955,1001-1500
TR-046099,New York,Baton Rouge,1488.6,Dry Van,29848.0,0.87786,2.17036,2927.76,2962.5625530583775,34.80255305837727,34.80255305837727,1.1887092199626086,1001-1500
TR-046100,Lexington,Tulsa,707.7,Dry Van,22867.0,0.88676,2.11475,1478.71,1521.8424065002491,43.13240650024909,43.13240650024909,2.9168942186263087,501-750
TR-046101,Bakersfield,San Antonio,1275.5,Flatbed,25226.0,0.89288,1.92998,2838.14,2761.490698652537,-76.64930134746282,76.64930134746282,2.700687821864419,1001-1500
TR-046102,Baton Rouge,Tampa,458.2,Dry Van,18796.0,0.8635,1.86452,1052.13,1072.4558709143816,20.32587091438154,20.32587091438154,1.931878276865172,251-500
TR-046103,Raleigh,Syracuse,616.1,Dry Van,27865.0,0.8951,2.05681,1314.12,1271.678610272083,-42.441389727916885,42.441389727916885,3.229643390856002,501-750
TR-046104,Los Angeles,Columbia,2321.9,Dry Van,30786.0,0.85918,2.29416,4264.23,4402.64714776495,138.41714776495064,138.41714776495064,3.246005674294085,1500+
TR-046105,Corpus Christi,Philadelphia,1739.0,Reefer,36144.0,0.83829,1.92485,3861.12,3872.499891129437,11.379891129437055,11.379891129437055,0.29473031476455164,1500+
TR-046106,Los Angeles,Tucson,341.1,Dry Van,39127.0,0.89143,1.77409,813.92,858.5951190562207,44.67511905622075,44.67511905622075,5.488883312391974,251-500
TR-046107,Richmond,Bakersfield,2560.2,Flatbed,13451.0,0.85059,2.28094,4785.48,4919.359734689138,133.8797346891388,133.8797346891388,2.7976239518112878,1500+
TR-046108,Fort Wayne,Green Bay,294.5,Flatbed,37671.0,0.82437,1.65279,743.51,748.5745395550332,5.064539555033207,5.064539555033207,0.6811662997179873,251-500
TR-046109,Bakersfield,Amarillo,846.7,Dry Van,13704.0,0.9255,2.09765,1722.44,1743.0871714511572,20.64717145115719,20.64717145115719,1.1987164401173447,751-1000
TR-046110,Tucson,Hartford,2742.9,Reefer,24187.0,0.83857,2.17131,5409.7,5415.143885255957,5.443885255956957,5.443885255956957,0.10063192517065561,1500+
TR-046111,San Antonio,Shreveport,497.7,Dry Van,32137.0,0.8288,1.79767,1180.89,1163.6082890052135,-17.281710994786636,17.281710994786636,1.4634479921742614,251-500
TR-046112,Milwaukee,Lexington,330.3,Flatbed,33511.0,0.82807,1.57316,850.95,841.6357034015537,-9.31429659844639,9.31429659844639,1.0945762498908738,251-500
TR-046113,Mobile,Corpus Christi,625.1,Dry Van,35718.0,0.8691,1.84176,1457.78,1419.1458806004064,-38.6341193995936,38.6341193995936,2.6502023213100467,501-750
TR-046114,Jacksonville,Charleston,395.3,Dry Van,42860.0,0.86,1.76894,934.94,988.9096510781662,53.96965107816618,53.96965107816618,5.772525624977664,251-500
TR-046115,Columbia,Oklahoma City,1049.7,Reefer,38196.0,0.86386,1.73006,2563.17,2622.7424465630684,59.5724465630683,59.5724465630683,2.3241707168493817,1001-1500
TR-046116,Montgomery,Cincinnati,479.2,Dry Van,47500.0,0.86317,1.83848,1103.2,1224.5959553468335,121.39595534683349,121.39595534683349,11.003984349785487,251-500
TR-046117,Tucson,Charleston,2173.1,Dry Van,20858.0,0.86066,2.40988,3858.33,4151.718512077294,293.38851207729385,293.38851207729385,7.604028480645613,1500+
TR-046118,Mobile,Shreveport,300.9,Flatbed,31787.0,0.86483,1.46,811.8,831.7707202151723,19.970720215172378,19.970720215172378,2.4600542270475954,251-500
TR-046119,Memphis,Atlanta,237.9,Reefer,39843.0,0.86087,1.19767,694.21,732.8330727318998,38.62307273189981,38.62307273189981,5.563600745005086,0-250
TR-046120,Fresno,Fort Wayne,2298.9,Dry Van,36090.0,0.85432,2.27781,4276.51,4378.171805710255,101.66180571025507,101.66180571025507,2.3772142637397096,1500+
TR-046121,Charleston,Mobile,622.7,Dry Van,27898.0,0.82799,1.98756,1329.1,1342.3000965506583,13.200096550658373,13.200096550658373,0.9931605259693307,501-750
TR-046122,Lexington,Dallas,787.3,Reefer,29681.0,0.82823,1.81623,1824.99,1840.5722010514332,15.58220105143323,15.58220105143323,0.8538239141821726,751-1000
TR-046123,Amarillo,Atlanta,1266.4,Dry Van,43814.0,0.82166,2.07352,2615.77,2592.7254925482066,-23.04450745179338,23.04450745179338,0.8809837046756167,1001-1500
TR-046124,Columbia,Tulsa,815.1,Flatbed,41181.0,0.86841,1.86156,1894.04,1889.2824875453857,-4.757512454614243,4.757512454614243,0.25118331474595273,751-1000
TR-046125,Chattanooga,San Francisco,2242.1,Reefer,39280.0,0.86302,2.03656,4763.57,4744.3814853945405,-19.188514605459204,19.188514605459204,0.40281794128057746,1500+
TR-046126,New Orleans,New York,1340.0,Reefer,47500.0,0.88632,1.82791,3106.0,3121.621819307598,15.621819307597889,15.621819307597889,0.5029561914873757,1001-1500
TR-046127,Raleigh,Baton Rouge,1065.5,Flatbed,23865.0,0.84299,2.03709,2282.79,2313.1805633403987,30.390563340398785,30.390563340398785,1.3312903657541335,1001-1500
TR-046128,Tucson,Reno,804.4,Dry Van,36418.0,0.85307,2.01346,1703.71,1708.185187502919,4.4751875029189705,4.4751875029189705,0.26267307833604137,751-1000
TR-046129,Atlanta,Baltimore,936.6,Dry Van,26649.0,0.83583,2.25684,1827.34,1853.1994609154326,25.85946091543269,25.85946091543269,1.4151422786910313,751-1000
TR-046130,Montgomery,San Francisco,2396.2,Dry Van,16065.0,0.82852,2.38842,4196.79,4653.209531645543,456.41953164554343,456.41953164554343,10.875443652066066,1500+
TR-046131,Fort Wayne,Nashville,519.5,Reefer,34901.0,0.86575,1.6938,1285.74,1295.9383049942862,10.198304994286218,10.198304994286218,0.7931856358428779,501-750
TR-046132,Lexington,Fresno,2303.1,Reefer,34129.0,0.85329,2.0601,4933.39,4941.138191039816,7.748191039815538,7.748191039815538,0.15705612245971912,1500+
TR-046133,New York,Columbia,762.4,Reefer,31454.0,0.84713,1.83889,1785.49,1772.4665274957742,-13.023472504225765,13.023472504225765,0.729406073639492,751-1000
TR-046134,Houston,Albuquerque,1082.7,Reefer,41043.0,0.8863,1.78743,2564.55,2646.365281435329,81.81528143532887,81.81528143532887,3.1902392792236016,1001-1500
TR-046135,Nashville,New York,966.1,Dry Van,41229.0,1.0558,2.04418,2035.32,2097.9605657286775,62.64056572867753,62.64056572867753,3.0776765191064563,751-1000
TR-046136,Cincinnati,Baton Rouge,671.0,Reefer,19321.0,0.84079,1.8277,1579.19,1587.9915317354166,8.801531735416575,8.801531735416575,0.5573446979411327,501-750
TR-046137,Chattanooga,Amarillo,1164.5,Dry Van,26970.0,0.87479,2.0544,2395.54,2382.9139251281176,-12.626074871882338,12.626074871882338,0.5270659171578157,1001-1500
TR-046138,Atlanta,Milwaukee,427.9,Flatbed,19825.0,0.89723,1.70843,1045.84,1033.394857523203,-12.445142476796946,12.445142476796946,1.1899661972000446,251-500
TR-046139,Buffalo,Madison,686.5,Dry Van,28362.0,0.87204,2.10884,1404.54,1452.0383704067262,47.49837040672628,47.49837040672628,3.3817741329350732,501-750
TR-046140,Indianapolis,Tampa,848.8,Dry Van,14921.0,0.86341,2.09431,1697.02,1757.3392339395855,60.3192339395855,60.3192339395855,3.554420922533942,751-1000
TR-046141,Memphis,Fort Wayne,567.3,Dry Van,26040.0,0.8864,2.03913,1219.35,1221.624400820789,2.2744008207891966,2.2744008207891966,0.18652567521951832,501-750
TR-046142,Charleston,Baton Rouge,939.7,Reefer,36569.0,0.85054,1.77181,752.15,2220.491713615013,1468.3417136150128,1468.3417136150128,195.2192665844596,751-1000
TR-046143,Montgomery,Memphis,418.0,Dry Van,33785.0,0.90808,1.71421,1006.1,1091.2203630070328,85.12036300703278,85.12036300703278,8.4604276917834,251-500
TR-046144,Baton Rouge,Tucson,1420.7,Flatbed,34624.0,0.86022,1.90719,3102.66,3327.3527815005286,224.69278150052878,224.69278150052878,7.241940190047533,1001-1500
TR-046145,Mobile,Grand Rapids,958.5,Reefer,46301.0,0.87699,1.83609,2242.82,2300.5118554561222,57.691855456122084,57.691855456122084,2.572290930887101,751-1000
TR-046146,Amarillo,Memphis,999.5,Dry Van,25844.0,0.84987,2.10939,2031.75,2106.216384278271,74.46638427827111,74.46638427827111,3.665135192728983,751-1000
TR-046147,New York,Baton Rouge,1461.4,Dry Van,35910.0,0.91727,2.1211,2920.58,3020.166333898659,99.58633389865918,99.58633389865918,3.4098135951988704,1001-1500
TR-046148,Albuquerque,Phoenix,683.9,Dry Van,33262.0,0.84989,2.01671,1431.46,1587.0059750245468,155.5459750245468,155.5459750245468,10.866246700889079,501-750
TR-046149,Madison,San Antonio,1124.5,Dry Van,27041.0,0.91477,2.16213,2304.5,2340.9449633487775,36.44496334877749,36.44496334877749,1.5814694445119328,1001-1500
TR-046150,Chattanooga,Lexington,221.0,Reefer,41814.0,0.87355,1.21855,642.59,739.7416199387985,97.15161993879849,97.15161993879849,15.118756896123264,0-250
TR-046151,Baton Rouge,Fort Wayne,999.9,Dry Van,29896.0,0.8322,2.08751,2082.87,2116.621469267512,33.75146926751222,33.75146926751222,1.620430908674676,751-1000
TR-046152,Bakersfield,Cincinnati,2029.8,Reefer,32887.0,0.91789,2.04075,4400.83,4444.181858093023,43.35185809302311,43.35185809302311,0.9850836795109811,1500+
TR-046153,Baton Rouge,Lexington,751.2,Reefer,16424.0,0.82557,1.80721,1768.13,1839.082686519012,70.95268651901188,70.95268651901188,4.012865938534603,751-1000
TR-046154,Chattanooga,San Antonio,912.4,Flatbed,26245.0,0.88115,1.94198,2004.74,2054.122939172538,49.38293917253782,49.38293917253782,2.4633089164947983,751-1000
TR-046155,Houston,Fort Wayne,1017.4,Dry Van,29972.0,0.85276,2.11568,2072.48,2160.3662750683093,87.88627506830926,87.88627506830926,4.240633206028973,1001-1500
TR-046156,Chattanooga,Richmond,741.0,Flatbed,40881.0,0.84518,1.88404,1697.36,1721.04673469107,23.686734691070114,23.686734691070114,1.3955044711239877,501-750
TR-046157,Louisville,Richmond,709.1,Dry Van,45522.0,0.86358,2.03059,1501.82,1596.452502593091,94.63250259309098,94.63250259309098,6.301188064687578,501-750
TR-046158,El Paso,Memphis,1371.3,Reefer,30364.0,0.80853,1.99833,2901.18,3189.377845645828,288.19784564582824,288.19784564582824,9.933814711456312,1001-1500
TR-046159,Philadelphia,Lexington,791.3,Flatbed,35063.0,0.83194,1.90624,1745.83,1836.7349638313276,90.90496383132768,90.90496383132768,5.206976843754987,751-1000
TR-046160,Baton Rouge,Kansas City,755.2,Dry Van,34420.0,0.86976,1.87677,1685.45,1653.9343489194016,-31.515651080598445,31.515651080598445,1.8698656786376604,751-1000
TR-046161,Greensboro,Lubbock,1252.3,Reefer,31260.0,0.87871,1.88791,2878.12,2912.1030762619384,33.98307626193855,33.98307626193855,1.180738685737167,1001-1500
TR-046162,Fort Wayne,Nashville,530.0,Dry Van,29655.0,0.85006,1.96246,1168.91,1140.1322513499458,-28.777748650054264,28.777748650054264,2.4619302298769163,501-750
TR-046163,Hartford,New York,124.3,Dry Van,26475.0,0.83764,1.4892,332.78,305.79234866479374,-26.987651335206237,26.987651335206237,8.109757598174843,0-250
TR-046164,Lubbock,Albuquerque,813.7,Reefer,38452.0,0.89857,1.7165,1992.45,2008.4927503187696,16.04275031876955,16.04275031876955,0.8051770593374764,751-1000
TR-046165,Philadelphia,St. Louis,1084.6,Dry Van,24627.0,0.86462,2.19768,2112.63,2123.7583199653654,11.128319965365336,11.128319965365336,0.5267519615533878,1001-1500
TR-046166,Savannah,Montgomery,330.6,Flatbed,31380.0,0.8872,1.53785,855.72,910.899234738373,55.179234738373,55.179234738373,6.448281533489109,251-500
TR-046167,Kansas City,Austin,1001.9,Dry Van,28237.0,0.90455,2.03673,2086.28,2118.775701455648,32.49570145564758,32.49570145564758,1.557590613707056,1001-1500
TR-046168,Mobile,Lubbock,817.5,Flatbed,27528.0,0.87022,1.83388,1866.42,1950.5101923721534,84.0901923721533,84.0901923721533,4.505427094231378,751-1000
TR-046169,Boston,Charleston,783.6,Dry Van,29668.0,0.87966,2.12903,1611.06,1653.4787829156317,42.41878291563171,42.41878291563171,2.632973502888267,751-1000
TR-046170,Richmond,Cincinnati,666.4,Dry Van,38517.0,0.83865,2.02111,1445.43,1438.9665137029892,-6.4634862970108315,6.4634862970108315,0.4471670227552238,501-750
TR-046171,Memphis,Little Rock,202.2,Reefer,43276.0,0.89071,0.9688,639.17,717.0313730690855,77.86137306908552,77.86137306908552,12.181637603311406,0-250
TR-046172,Kansas City,Bakersfield,1702.2,Flatbed,38953.0,0.79596,2.12417,3505.44,3725.4861556519854,220.04615565198537,220.04615565198537,6.277276337691855,1500+
TR-046173,Madison,Fresno,2011.2,Flatbed,27888.0,0.86917,2.12801,4057.31,4034.5989205464043,-22.71107945359563,22.71107945359563,0.5597570669629787,1500+
TR-046174,Philadelphia,El Paso,2490.9,Dry Van,22411.0,0.87879,2.40555,880.13,4598.14146901049,3718.01146901049,3718.01146901049,422.43889755041755,1500+
TR-046175,Green Bay,Reno,1936.8,Flatbed,25631.0,0.89525,2.21089,3739.53,3866.749959646455,127.21995964645475,127.21995964645475,3.402030727028657,1500+
TR-046176,Amarillo,Lexington,1311.4,Reefer,20994.0,0.87076,1.95475,2821.23,2906.63030858162,85.40030858161981,85.40030858161981,3.0270594237839457,1001-1500
TR-046177,Kansas City,Syracuse,929.9,Flatbed,17683.0,0.86736,2.23952,1805.43,1968.9090565054896,163.47905650548955,163.47905650548955,9.054854328635813,751-1000
TR-046178,Albuquerque,Cincinnati,1506.5,Reefer,18557.0,0.88836,2.05418,3140.88,3258.388064459174,117.50806445917397,117.50806445917397,3.741246544254284,1500+
TR-046179,Philadelphia,Houston,1589.7,Dry Van,32848.0,0.90507,2.21539,643.58,3222.5857458808637,2579.0057458808637,2579.0057458808637,400.72807512366194,1500+
TR-046180,Little Rock,Nashville,308.4,Flatbed,41386.0,0.89101,1.36172,863.53,921.0385499905324,57.5085499905324,57.5085499905324,6.659704930984726,251-500
TR-046181,Indianapolis,Atlanta,378.0,Dry Van,19028.0,0.88744,1.85059,870.15,866.0553512021472,-4.094648797852756,4.094648797852756,0.470568154669052,251-500
TR-046182,Lexington,Richmond,547.5,Flatbed,47500.0,0.87933,1.78966,1308.78,1382.4810886891973,73.70108868919738,73.70108868919738,5.631281704274009,501-750
TR-046183,San Antonio,Raleigh,1464.9,Dry Van,40139.0,0.86522,2.13953,2957.72,3103.803755228796,146.08375522879624,146.08375522879624,4.9390664169967495,1001-1500
TR-046184,Detroit,Richmond,639.7,Dry Van,34368.0,0.88162,2.08776,1330.65,1383.3566018844663,52.70660188446618,52.70660188446618,3.9609665865904766,501-750
TR-046185,Montgomery,El Paso,1651.1,Dry Van,25364.0,0.8742,2.24205,3113.18,3352.085715905348,238.9057159053482,238.9057159053482,7.67400908091881,1500+
TR-046186,Richmond,Philadelphia,279.4,Dry Van,29527.0,0.80899,1.70513,670.27,654.7065294960755,-15.563470503924464,15.563470503924464,2.3219703259767654,251-500
TR-046187,Grand Rapids,Baltimore,946.5,Dry Van,29226.0,0.8718,2.16136,1839.62,1921.9513294717954,82.33132947179547,82.33132947179547,4.475453053989165,751-1000
TR-046188,Tampa,Richmond,1032.5,Reefer,32114.0,0.88834,1.86114,2320.32,2448.500935735981,128.1809357359807,128.1809357359807,5.524278364017925,1001-1500
TR-046189,Las Vegas,Mobile,1791.2,Flatbed,36157.0,0.86471,2.02872,3781.31,3939.145158084517,157.83515808451693,157.83515808451693,4.174086707636161,1500+
TR-046190,Bakersfield,Kansas City,1760.3,Dry Van,39832.0,0.86936,2.20197,3502.7,3507.970259225387,5.270259225387235,5.270259225387235,0.15046276373618167,1500+
TR-046191,Montgomery,New York,1052.7,Dry Van,31725.0,0.84032,2.11666,2120.92,2247.804670401508,126.88467040150772,126.88467040150772,5.9825297701708555,1001-1500
TR-046192,Bakersfield,Little Rock,1679.7,Reefer,19053.0,0.89652,2.04536,3533.69,3580.115955029979,46.42595502997892,46.42595502997892,1.3138095030967323,1500+
TR-046193,Jacksonville,Dayton,687.7,Dry Van,32612.0,0.89986,2.03684,1466.97,1432.709902922094,-34.26009707790604,34.26009707790604,2.3354326999124755,501-750
TR-046194,Tucson,New Orleans,1476.0,Dry Van,18619.0,0.85015,2.31663,2790.85,2976.2289114080972,185.37891140809734,185.37891140809734,6.642381762118972,1001-1500
TR-046195,Dayton,Providence,1034.3,Dry Van,32011.0,0.83499,2.14949,2088.92,2133.4625880084445,44.542588008444454,44.542588008444454,2.132326178525001,1001-1500
TR-046196,Shreveport,Atlanta,458.9,Reefer,36209.0,0.91518,1.45922,1246.26,1342.3026770101014,96.04267701010144,96.04267701010144,7.706471924807139,251-500
TR-046197,Savannah,Amarillo,1515.6,Flatbed,28753.0,0.87262,2.10357,3141.33,3302.701352811965,161.37135281196515,161.37135281196515,5.137039178054046,1500+
TR-046198,Tampa,Memphis,621.8,Reefer,27695.0,0.85683,1.68216,1529.35,1535.4538650928428,6.103865092842852,6.103865092842852,0.39911498956045727,501-750
TR-046199,Salt Lake City,Harrisburg,2296.7,Dry Van,30851.0,0.86563,2.26983,4278.23,4330.088908157613,51.85890815761377,51.85890815761377,1.212158022303938,1500+
TR-046200,Hartford,Lexington,837.8,Dry Van,22660.0,0.86047,2.22947,1631.08,1718.530908467691,87.45090846769108,87.45090846769108,5.361533981637386,751-1000
TR-046201,Richmond,Kansas City,923.8,Reefer,38435.0,0.89468,1.75619,2174.48,2168.6714876158644,-5.808512384135611,5.808512384135611,0.26712190427760246,751-1000
TR-046202,Dayton,Fresno,2278.3,Flatbed,28800.0,0.85927,2.14106,4503.27,4568.120423865634,64.85042386563327,64.85042386563327,1.4400740765184692,1500+
TR-046203,Fresno,Memphis,1990.6,Dry Van,24502.0,0.89182,2.31982,3701.77,3800.143122337822,98.37312233782222,98.37312233782222,2.6574617639081364,1500+
TR-046204,Fresno,Syracuse,2823.9,Reefer,23500.0,0.88876,2.22208,5496.55,5649.757132291284,153.20713229128341,153.20713229128341,2.787332641225558,1500+
TR-046205,Baltimore,Syracuse,464.2,Dry Van,33380.0,0.90327,1.9315,1028.64,1064.3561763736511,35.716176373651024,35.716176373651024,3.4721745580233145,251-500
TR-046206,Phoenix,Jacksonville,2215.9,Dry Van,23115.0,0.88815,2.31451,4063.51,4158.606351092175,95.0963510921747,95.0963510921747,2.340251435142886,1500+
TR-046207,Grand Rapids,Baton Rouge,1099.9,Flatbed,31428.0,0.82118,1.99778,2347.37,2521.997516379984,174.62751637998417,174.62751637998417,7.439283810391382,1001-1500
TR-046208,Greensboro,Los Angeles,2324.2,Dry Van,28131.0,0.89417,2.34666,4332.59,4423.6051781912565,91.01517819125638,91.01517819125638,2.1007106186197255,1500+
TR-046209,Louisville,Tucson,1731.2,Dry Van,29284.0,0.86026,2.29284,3252.55,3483.281461613832,230.73146161383193,230.73146161383193,7.093863633574639,1500+
TR-046210,Philadelphia,Albany,407.6,Dry Van,44537.0,0.8742,1.97808,908.37,968.895311466455,60.52531146645504,60.52531146645504,6.663068074292969,251-500
TR-046211,Atlanta,St. Louis,375.8,Flatbed,26823.0,0.86604,1.58236,970.39,993.8639840732535,23.47398407325352,23.47398407325352,2.419025760081361,251-500
TR-046212,Mobile,San Antonio,735.4,Dry Van,23087.0,0.88655,2.05012,1558.89,1592.6415905873353,33.75159058733516,33.75159058733516,2.165104053995802,501-750
TR-046213,Memphis,Greensboro,454.9,Flatbed,36282.0,0.89916,1.69167,1149.12,1194.5909464108609,45.47094641086096,45.47094641086096,3.9570233231395293,251-500
TR-046214,Columbia,Tucson,2023.4,Flatbed,34710.0,0.89822,2.06797,17893.17,4327.45865700022,-13565.711342999777,13565.711342999777,75.81502519117505,1500+
TR-046215,Nashville,Hartford,1078.4,Reefer,41004.0,0.90739,1.81726,2487.72,2590.398729913933,102.67872991393324,102.67872991393324,4.127423098818728,1001-1500
TR-046216,Amarillo,Greensboro,1469.0,Reefer,43056.0,0.87564,1.91057,3335.74,3479.8428332838657,144.10283328386595,144.10283328386595,4.319965983076197,1001-1500
TR-046217,Charleston,Mobile,631.7,Dry Van,35283.0,0.8271,1.9457,1412.73,1409.6308586846203,-3.099141315379711,3.099141315379711,0.21937251388302867,501-750
TR-046218,Tampa,Green Bay,1300.5,Flatbed,39209.0,0.89219,2.08601,2712.93,3034.3653106947213,321.43531069472147,321.43531069472147,11.848271451704301,1001-1500
TR-046219,Tucson,Boston,2987.6,Flatbed,38516.0,0.8381,2.08203,6093.6,5878.49523682628,-215.10476317372013,215.10476317372013,3.530011211331891,1500+
TR-046220,Detroit,Baltimore,816.4,Reefer,44552.0,0.87088,1.78753,1868.59,1960.9586445984153,92.36864459841536,92.36864459841536,4.943226957139627,751-1000
TR-046221,Tulsa,Chattanooga,522.1,Dry Van,33299.0,0.86663,1.78954,1202.95,1274.4775239998983,71.52752399989822,71.52752399989822,5.946009726081567,501-750
TR-046222,Indianapolis,Tampa,828.0,Dry Van,7083.0,0.83987,2.21607,1604.74,1733.0885069395936,128.34850693959356,128.34850693959356,7.99808734995037,751-1000
TR-046223,Columbia,Birmingham,274.0,Reefer,36384.0,0.83573,1.22892,793.55,813.9990978136525,20.449097813652543,20.449097813652543,2.576913592546474,251-500
TR-046224,Charleston,San Antonio,1348.4,Reefer,35476.0,0.8853,1.88877,3115.6,3201.753567545212,86.1535675452119,86.1535675452119,2.7652319792403355,1001-1500
TR-046225,Fresno,Los Angeles,438.0,Flatbed,22172.0,0.81042,1.86098,997.17,1071.9246063535554,74.75460635355546,74.75460635355546,7.496676229083854,251-500
TR-046226,Houston,Indianapolis,753.5,Dry Van,30766.0,0.86134,1.98465,1617.98,1648.3554027375408,30.375402737540753,30.375402737540753,1.8773657732197402,751-1000
TR-046227,Louisville,Nashville,179.2,Dry Van,26371.0,0.84646,1.57174,463.0,492.57506453225915,29.575064532259148,29.575064532259148,6.3877029227341575,0-250
TR-046228,Richmond,New York,257.6,Reefer,44588.0,0.85888,1.41914,701.71,769.7727639089719,68.06276390897187,68.06276390897187,9.699557354031134,251-500
TR-046229,Buffalo,Los Angeles,2688.6,Reefer,35882.0,0.89248,2.08553,5490.26,5511.611555740816,21.351555740815456,21.351555740815456,0.388898808814436,1500+
TR-046230,Albany,Fresno,3163.4,Reefer,40028.0,1.0558,2.17239,6302.46,6485.7566594593145,183.29665945931447,183.29665945931447,2.908335149438703,1500+
TR-046231,Fort Wayne,Washington,559.5,Dry Van,39987.0,0.87319,1.95645,1213.94,1238.5747847056566,24.634784705656557,24.634784705656557,2.0293247364496234,501-750
TR-046232,Columbia,Buffalo,617.5,Dry Van,41899.0,0.87146,1.93883,1349.39,1353.9786366105222,4.588636610522144,4.588636610522144,0.34005266161170183,501-750
TR-046233,Atlanta,Indianapolis,355.9,Reefer,31400.0,0.87808,1.45469,951.71,972.9421090869239,21.232109086923856,21.232109086923856,2.2309431535787008,251-500
TR-046234,Richmond,Lexington,542.1,Dry Van,29241.0,0.85606,2.07016,1143.94,1216.3343536768928,72.3943536768927,72.3943536768927,6.328509683802707,501-750
TR-046235,Milwaukee,El Paso,1539.4,Dry Van,20992.0,0.88342,2.35312,2796.13,3003.132662998641,207.00266299864097,207.00266299864097,7.403184508540052,1500+
TR-046236,Albany,Lexington,1021.9,Flatbed,33309.0,0.87112,2.08186,2108.65,2312.9175227752376,204.26752277523747,204.26752277523747,9.687123172420147,1001-1500
TR-046237,Tucson,Shreveport,1448.9,Dry Van,34027.0,0.88571,2.10485,2942.78,3077.947474150659,135.16747415065902,135.16747415065902,4.593189913981304,1001-1500
TR-046238,Philadelphia,Bakersfield,2876.1,Reefer,22549.0,0.911,2.16148,5652.74,5624.99416496995,-27.74583503004942,27.74583503004942,0.4908386911488839,1500+
TR-046239,Syracuse,Fort Wayne,540.4,Dry Van,34911.0,0.87933,2.01617,1153.25,1212.8601557374343,59.6101557374343,59.6101557374343,5.168884087356107,501-750
TR-046240,Boston,Green Bay,1201.7,Flatbed,29035.0,0.86223,2.13342,2403.82,2524.755517666212,120.93551766621204,120.93551766621204,5.030972271892739,1001-1500
TR-046241,Tampa,Columbia,564.0,Dry Van,26322.0,0.86013,1.97509,1205.46,1295.1056957618796,89.64569576187955,89.64569576187955,7.436637944177289,501-750
TR-046242,Harrisburg,Columbia,529.1,Reefer,31592.0,0.8459,1.71589,1314.3,1351.6604077498273,37.360407749827345,37.360407749827345,2.842608822173579,501-750
TR-046243,Lexington,Baton Rouge,760.5,Dry Van,21397.0,0.84402,2.07458,1570.88,1561.0402292489498,-9.83977075105031,9.83977075105031,0.6263858952339013,751-1000
TR-046244,Lexington,Richmond,559.8,Reefer,43444.0,0.8818,1.64435,1391.18,1442.078117603966,50.89811760396583,50.89811760396583,3.658629192769147,501-750
TR-046245,Mobile,Tucson,1761.1,Dry Van,34317.0,0.85624,2.1185,3513.88,3532.5286464189703,18.648646418970202,18.648646418970202,0.5307138097763783,1500+
TR-046246,Cincinnati,New York,838.2,Dry Van,44204.0,0.88904,2.04717,1768.2,1806.9321337610083,38.7321337610083,38.7321337610083,2.1904837552883327,751-1000
TR-046247,Jacksonville,Memphis,470.1,Reefer,20580.0,0.8584,1.73813,1140.79,1212.6934311559712,71.90343115597125,71.90343115597125,6.302950688204775,251-500
TR-046248,El Paso,Lexington,1674.4,Flatbed,39593.0,0.88508,1.98232,3582.0,3716.2627704184924,134.26277041849244,134.26277041849244,3.7482627140841,1500+
TR-046249,Los Angeles,Fort Wayne,2260.5,Flatbed,35760.0,0.91069,2.17325,4426.12,4666.778775638768,240.65877563876802,240.65877563876802,5.4372401931887975,1500+
TR-046250,New York,Buffalo,335.2,Reefer,32100.0,0.83786,1.60121,846.98,880.9216077220797,33.94160772207965,33.94160772207965,4.007368263958966,251-500
TR-046251,Reno,Corpus Christi,1743.3,Dry Van,25467.0,0.88966,2.29194,3262.37,3349.9007432405488,87.53074324054887,87.53074324054887,2.683041569182799,1500+
TR-046252,Providence,Oklahoma City,1962.8,Reefer,31468.0,0.86288,1.89681,4354.23,4281.991895270792,-72.23810472920741,72.23810472920741,1.6590328193321762,1500+
TR-046253,New York,Salt Lake City,2501.2,Dry Van,39688.0,0.88097,2.24908,4758.16,4759.099280870814,0.9392808708144003,0.9392808708144003,0.019740422155085164,1500+
TR-046254,Lexington,Shreveport,630.0,Flatbed,28250.0,0.86572,1.76271,1497.92,1474.3820760199656,-23.53792398003452,23.53792398003452,1.5713739038155923,501-750
TR-046255,Oklahoma City,San Francisco,1538.4,Dry Van,27986.0,0.86121,2.21427,2976.78,3151.5353713142104,174.75537131421015,174.75537131421015,5.870617624218456,1500+
TR-046256,Detroit,Bakersfield,2151.1,Flatbed,32228.0,0.866,2.12596,4264.03,4397.476052625392,133.44605262539244,133.44605262539244,3.129575838476569,1500+
TR-046257,Phoenix,Los Angeles,71.6,Dry Van,35982.0,0.88024,1.27073,205.02,351.4489079299567,146.4289079299567,146.4289079299567,71.42176759826197,0-250
TR-046258,Bakersfield,Richmond,2661.8,Reefer,38666.0,0.91063,2.00068,5651.99,5437.795208985726,-214.1947910142735,214.1947910142735,3.7897234604851304,1500+
TR-046259,Richmond,Reno,2618.3,Flatbed,32980.0,0.87505,2.15195,5131.79,5158.265032583429,26.47503258342931,26.47503258342931,0.5159024937386235,1500+
TR-046260,Hartford,Savannah,829.2,Dry Van,32086.0,0.84655,2.06317,352.82,1731.0178207952497,1378.1978207952498,1378.1978207952498,390.623496625829,751-1000
TR-046261,Dayton,Albuquerque,1544.3,Dry Van,33558.0,1.0558,2.21961,3052.75,3244.970566528574,192.22056652857418,192.22056652857418,6.296636361594437,1500+
TR-046262,Austin,Indianapolis,1046.4,Reefer,35637.0,0.88841,1.80699,2457.69,2527.4152104468008,69.7252104468007,69.7252104468007,2.8370221812678045,1001-1500
TR-046263,Madison,Greensboro,626.7,Flatbed,21943.0,0.83146,1.90594,1367.22,1414.8595684459683,47.63956844596828,47.63956844596828,3.4844113197560214,501-750
TR-046264,Memphis,Kansas City,327.9,Dry Van,18475.0,0.83614,1.85305,778.67,778.4047292068788,-0.2652707931212035,0.2652707931212035,0.03406716492496224,251-500
TR-046265,Shreveport,Jacksonville,547.8,Dry Van,28182.0,0.89381,2.05513,1166.08,1254.5270817881978,88.44708178819792,88.44708178819792,7.584992606699191,501-750
TR-046266,Baltimore,Fort Wayne,832.9,Reefer,37963.0,0.82114,1.88682,1893.57,1998.659250613214,105.08925061321406,105.08925061321406,5.549794864368049,751-1000
TR-046267,Dayton,Tucson,1945.4,Reefer,23496.0,0.85563,2.20653,3891.99,4080.2374770007164,188.24747700071657,188.24747700071657,4.836792412126357,1500+
TR-046268,Dayton,New Orleans,739.3,Dry Van,32632.0,0.86256,1.98265,1579.23,1583.932342044862,4.702342044862007,4.702342044862007,0.29776169683086107,501-750
TR-046269,Shreveport,Hartford,1414.7,Dry Van,23070.0,0.87711,2.19316,2759.83,2880.48188559969,120.6518855996901,120.6518855996901,4.371714402687489,1001-1500
TR-046270,Kansas City,Chattanooga,439.3,Reefer,32860.0,0.8631,1.53569,1146.7,1160.8582346325848,14.158234632584708,14.158234632584708,1.2346938722058698,251-500
TR-046271,Savannah,Milwaukee,632.4,Flatbed,35667.0,0.8853,1.76531,1488.97,1525.1108583948735,36.140858394873476,36.140858394873476,2.427238856046359,501-750
TR-046272,Albany,Tucson,2890.4,Flatbed,35125.0,0.89544,2.18,5647.19,5740.820835398518,93.63083539851868,93.63083539851868,1.6580075293822005,1500+
TR-046273,San Antonio,Buffalo,1679.4,Dry Van,35737.0,0.86629,2.23002,3202.7,3291.759477656065,89.05947765606516,89.05947765606516,2.7807624084698896,1500+
TR-046274,Chattanooga,Jacksonville,343.1,Dry Van,44249.0,0.88066,1.68411,822.46,904.1601432946024,81.70014329460241,81.70014329460241,9.9336312154515,251-500
TR-046275,Nashville,Tucson,1764.4,Reefer,14531.0,0.86644,2.11127,3652.13,3707.302907392046,55.172907392046,55.172907392046,1.5107049144484452,1500+
TR-046276,Columbia,Oklahoma City,1045.8,Dry Van,19818.0,0.85342,2.15705,2099.75,2180.804846851257,81.05484685125703,81.05484685125703,3.8602141612695333,1001-1500
TR-046277,Mobile,Bakersfield,1972.3,Dry Van,33400.0,0.82777,2.17642,3852.49,3906.8961534833925,54.4061534833927,54.4061534833927,1.4122334771379732,1500+
TR-046278,Cincinnati,Fresno,2233.7,Reefer,30181.0,0.90551,1.99245,4740.97,4675.561527795874,-65.40847220412616,65.40847220412616,1.3796432418708862,1500+
TR-046279,Atlanta,Grand Rapids,710.3,Dry Van,29566.0,0.87469,2.0996,1435.86,1520.5312949583647,84.6712949583648,84.6712949583648,5.896904639614224,501-750
TR-046280,El Paso,Fort Wayne,1775.4,Reefer,33128.0,0.84217,1.99242,3776.77,3820.369783620353,43.59978362035281,43.59978362035281,1.1544198778414574,1500+
TR-046281,Grand Rapids,Cincinnati,517.7,Dry Van,25148.0,0.8519,1.99146,1114.5,1107.5048204358466,-6.995179564153432,6.995179564153432,0.6276518227145296,501-750
TR-046282,Tampa,Dayton,935.6,Dry Van,27225.0,0.85652,2.12373,1885.05,1890.8960916628284,5.846091662828485,5.846091662828485,0.310129262503832,751-1000
TR-046283,Reno,Salt Lake City,530.0,Dry Van,26635.0,0.86499,2.00274,1108.88,1123.665908386999,14.785908386998926,14.785908386998926,1.333409240584998,501-750
TR-046284,Hartford,Philadelphia,74.8,Flatbed,47500.0,0.88967,1.02575,236.51,376.79866078111945,140.28866078111946,140.28866078111946,59.31616455165509,0-250
TR-046285,San Antonio,Dayton,1190.0,Reefer,39777.0,0.89026,1.82908,2782.84,2782.364089500568,-0.47591049943230246,0.47591049943230246,0.017101612001850713,1001-1500
TR-046286,Savannah,Montgomery,338.8,Flatbed,31496.0,0.88401,1.47884,906.58,940.2664260249646,33.68642602496459,33.68642602496459,3.715769818986144,251-500
TR-046287,Fort Wayne,Amarillo,1370.1,Dry Van,28796.0,0.8369,2.15817,2757.06,2786.2159825695476,29.155982569547632,29.155982569547632,1.0575026502704923,1001-1500
TR-046288,Jacksonville,Cincinnati,453.6,Dry Van,30231.0,0.84247,1.86838,1024.01,1087.6603589049146,63.65035890491458,63.65035890491458,6.215794660688331,251-500
TR-046289,Toledo,Corpus Christi,1314.7,Dry Van,30932.0,0.84325,2.18181,2577.82,2697.7298924316624,119.90989243166223,119.90989243166223,4.651600671562104,1001-1500
TR-046290,Tucson,San Antonio,1039.6,Reefer,30456.0,0.84193,1.83258,2378.1,2488.860105538713,110.7601055387131,110.7601055387131,4.6575041225647835,1001-1500
TR-046291,Toledo,Salt Lake City,1867.2,Dry Van,28033.0,0.82576,2.31576,3382.5,3619.783728811454,237.28372881145378,237.28372881145378,7.015040023989765,1500+
TR-046292,Amarillo,Baton Rouge,847.3,Dry Van,25124.0,0.84014,1.9594,1836.09,1793.543526977273,-42.546473022727014,42.546473022727014,2.3172324353777327,751-1000
TR-046293,Chattanooga,Bakersfield,1997.9,Flatbed,25584.0,0.87241,2.10184,4000.03,4039.6797841703624,39.64978417036218,39.64978417036218,0.9912371699802797,1500+
TR-046294,Salt Lake City,Tucson,344.1,Dry Van,31440.0,0.81799,1.81455,809.92,871.5796634252474,61.65966342524746,61.65966342524746,7.6130560333424855,251-500
TR-046295,Cincinnati,Grand Rapids,517.6,Reefer,45554.0,0.85107,1.67533,1291.54,1339.3790861975574,47.839086197557435,47.839086197557435,3.704034423831816,501-750
TR-046296,New York,Tampa,1275.8,Flatbed,17919.0,0.86838,2.16098,2571.24,2677.230932384062,105.99093238406203,105.99093238406203,4.122171885318447,1001-1500
TR-046297,Chattanooga,Mobile,304.8,Reefer,30349.0,0.88278,1.29636,861.44,849.9394793569536,-11.500520643046457,11.500520643046457,1.3350344357176884,251-500
TR-046298,Grand Rapids,El Paso,1721.5,Flatbed,17558.0,0.91205,2.24333,3261.52,3570.556930453094,309.0369304530941,309.0369304530941,9.475242538849802,1500+
TR-046299,Tucson,Atlanta,1826.5,Dry Van,33525.0,0.84221,2.2854,3466.18,3769.464877030038,303.2848770300384,303.2848770300384,8.749830563618692,1500+
TR-046300,San Antonio,Atlanta,941.6,Reefer,28603.0,0.85354,1.89234,2155.31,2190.5673003076595,35.257300307659534,35.257300307659534,1.6358343026135238,751-1000
TR-046301,Philadelphia,Bakersfield,2815.7,Reefer,29681.0,0.90641,2.18108,5782.14,5788.361186396542,6.22118639654127,6.22118639654127,0.10759314711406626,1500+
TR-046302,Reno,Savannah,2340.2,Reefer,37205.0,0.86497,2.05267,4846.66,4902.896707295931,56.23670729593141,56.23670729593141,1.1603188029680525,1500+
TR-046303,Tulsa,Richmond,1238.9,Reefer,34620.0,0.89197,1.84221,2839.88,3000.4885570032284,160.60855700322827,160.60855700322827,5.655469843909893,1001-1500
TR-046304,Lexington,Montgomery,459.6,Dry Van,28117.0,0.84438,1.96022,1014.97,1088.3990059463445,73.42900594634443,73.42900594634443,7.234598652801997,251-500
TR-046305,Philadelphia,Nashville,1056.9,Dry Van,32435.0,0.82354,2.1697,2054.25,2194.2719443644664,140.02194436446644,140.02194436446644,6.816207587414698,1001-1500
TR-046306,Richmond,Oklahoma City,1543.2,Reefer,38075.0,0.86698,1.90724,3441.52,3516.971730069142,75.45173006914183,75.45173006914183,2.1923955132947603,1500+
TR-046307,Albany,Columbia,1049.0,Reefer,31887.0,0.89355,1.91322,2326.16,2440.672947815908,114.51294781590832,114.51294781590832,4.922831955493531,1001-1500
TR-046308,Lubbock,Bakersfield,1174.6,Reefer,19175.0,0.87384,1.99802,2543.87,2632.977758109684,89.10775810968426,89.10775810968426,3.5028424451597076,1001-1500
TR-046309,Louisville,Cincinnati,78.6,Dry Van,24067.0,0.86901,1.41433,217.22,313.41670458252656,96.19670458252656,96.19670458252656,44.285380988180904,0-250
TR-046310,Greensboro,Reno,2350.2,Reefer,22505.0,0.92884,2.07921,4765.0,4744.332448766906,-20.667551233093945,20.667551233093945,0.4337366470743745,1500+
TR-046311,Corpus Christi,Fresno,1685.1,Dry Van,32212.0,0.9051,2.15653,3339.97,3408.1672119387686,68.19721193876876,68.19721193876876,2.041851032756844,1500+
TR-046312,Toledo,Syracuse,465.5,Dry Van,30182.0,0.98903,2.0337,993.99,1045.4463384793803,51.45633847938029,51.45633847938029,5.176746091950653,251-500
TR-046313,Albany,Bakersfield,2892.2,Dry Van,32033.0,0.95041,2.33111,5297.75,5528.905684452398,231.15568445239842,231.15568445239842,4.363280344531139,1500+
TR-046314,Fort Wayne,Jacksonville,774.5,Dry Van,17034.0,0.91418,2.22845,1519.48,1604.9016839700453,85.42168397004525,85.42168397004525,5.621770867010111,751-1000
TR-046315,New York,Lexington,760.0,Dry Van,32468.0,0.98572,2.04322,1564.5,1599.6210246939545,35.121024693954496,35.121024693954496,2.2448721440686796,751-1000
TR-046316,Green Bay,El Paso,1646.2,Dry Van,37997.0,0.93828,2.23966,3197.15,3396.1406145302,198.99061453019976,198.99061453019976,6.223999954027799,1500+
TR-046317,Bakersfield,Tucson,325.3,Flatbed,29262.0,0.95783,1.4188,856.63,861.0205446763277,4.39054467632775,4.39054467632775,0.5125368801381868,251-500
TR-046318,Lexington,Nashville,253.9,Dry Van,36308.0,0.90911,1.52941,661.49,673.7363560973838,12.246356097383796,12.246356097383796,1.8513289841696465,251-500
TR-046319,Los Angeles,Baltimore,3005.0,Reefer,28249.0,0.9094,2.16103,5920.98,6013.074528722342,92.09452872234215,92.09452872234215,1.5553933423578894,1500+
TR-046320,Richmond,Memphis,865.5,Dry Van,30807.0,0.93639,2.02942,1842.89,1806.693855749747,-36.196144250253155,36.196144250253155,1.964096839760005,751-1000
TR-046321,Reno,Lexington,2130.7,Reefer,28810.0,0.96196,2.09229,4230.45,4418.257404595185,187.8074045951853,187.8074045951853,4.439419082962457,1500+
TR-046322,Fort Wayne,Milwaukee,261.2,Reefer,20077.0,0.88306,1.52908,679.64,714.4580961165782,34.818096116578204,34.818096116578204,5.123020439729593,251-500
TR-046323,Chattanooga,Toledo,574.5,Reefer,13593.0,0.93047,1.76114,1350.69,1386.0679664311333,35.377966431133245,35.377966431133245,2.6192513775280224,501-750
TR-046324,Lubbock,Salt Lake City,1008.4,Dry Van,37829.0,0.94724,2.03478,2179.9,2212.4365907362308,32.536590736230664,32.536590736230664,1.4925726288467664,1001-1500
TR-046325,Charleston,Columbia,251.9,Dry Van,35809.0,0.95229,1.54889,650.05,672.7004042603346,22.650404260334653,22.650404260334653,3.484409547009408,251-500
TR-046326,Lexington,Buffalo,555.9,Dry Van,26171.0,0.92422,2.00936,1164.1,1207.2505764818845,43.15057648188463,43.15057648188463,3.7067757479498864,501-750
TR-046327,Jacksonville,Charleston,396.3,Dry Van,25685.0,0.9032,1.90706,894.69,966.381382285741,71.69138228574093,71.69138228574093,8.012985758837242,251-500
TR-046328,Dayton,Memphis,443.3,Reefer,22533.0,0.90251,1.63225,1093.01,1099.4963770025233,6.486377002523341,6.486377002523341,0.5934416887789993,251-500
TR-046329,Tulsa,Memphis,399.6,Dry Van,17783.0,0.94699,1.85919,924.22,1013.9815907952759,89.76159079527588,89.76159079527588,9.712145462690255,251-500
TR-046330,Lexington,Birmingham,340.1,Flatbed,36463.0,0.94158,1.57739,882.1,918.2430633970087,36.14306339700863,36.14306339700863,4.097388436346064,251-500
TR-046331,Austin,Tulsa,481.8,Reefer,47500.0,0.99755,1.37511,1330.32,1351.1951054660071,20.8751054660072,20.8751054660072,1.5691792550669912,251-500
TR-046332,San Antonio,Chattanooga,888.3,Flatbed,31189.0,0.93604,1.85297,2065.63,2039.737004149298,-25.892995850702164,25.892995850702164,1.2535156756390138,751-1000
TR-046333,Syracuse,Richmond,399.5,Flatbed,33092.0,0.92258,1.76559,960.84,995.441545190534,34.60154519053401,34.60154519053401,3.6011765944937775,251-500
TR-046334,Kansas City,Philadelphia,1168.2,Dry Van,35854.0,0.92602,2.22757,2291.87,2416.517700680808,124.64770068080816,124.64770068080816,5.438689833228244,1001-1500
TR-046335,Shreveport,Salt Lake City,1404.8,Reefer,22714.0,0.94574,1.92129,3093.85,3174.3707508201755,80.52075082017564,80.52075082017564,2.602606810937041,1001-1500
TR-046336,Boston,Buffalo,596.1,Flatbed,44113.0,0.97073,1.7829,1412.82,1435.367162990302,22.547162990302013,22.547162990302013,1.595897778223837,501-750
TR-046337,Charleston,Washington,428.0,Flatbed,29513.0,0.90402,1.71023,1023.6,1056.3749776558684,32.77497765586838,32.77497765586838,3.2019321664584197,251-500
TR-046338,Grand Rapids,Green Bay,103.9,Dry Van,35559.0,0.89055,1.48098,279.98,339.3772044779853,59.39720447798527,59.39720447798527,21.214802656613067,0-250
TR-046339,San Francisco,Mobile,2248.6,Dry Van,33530.0,0.92342,2.19999,4390.62,4399.4720332748,8.852033274800306,8.852033274800306,0.20161237535474044,1500+
TR-046340,Boston,Birmingham,1205.3,Dry Van,42188.0,0.93629,2.00614,2552.75,2451.7826391246977,-100.96736087530235,100.96736087530235,3.955238894341488,1001-1500
TR-046341,Albany,Milwaukee,1085.7,Dry Van,38489.0,0.91944,2.12582,2199.41,2253.2160559612753,53.80605596127543,53.80605596127543,2.446385892638273,1001-1500
TR-046342,Philadelphia,Tulsa,1457.5,Dry Van,16836.0,0.9184,2.19275,2786.26,2901.524683304038,115.26468330403759,115.26468330403759,4.136896172792115,1001-1500
TR-046343,Greensboro,Amarillo,1468.4,Dry Van,21050.0,0.98426,2.2652,2759.26,3004.357709425358,245.0977094253576,245.0977094253576,8.882733393205337,1001-1500
TR-046344,New Orleans,Lexington,612.2,Dry Van,32556.0,0.99272,1.81134,1399.28,1443.4680307596439,44.18803075964388,44.18803075964388,3.157911980421637,501-750
TR-046345,Tucson,Hartford,2792.1,Reefer,31477.0,0.92727,2.05065,5735.76,5726.162838555461,-9.59716144453887,9.59716144453887,0.16732153096605976,1500+
TR-046346,Bakersfield,Corpus Christi,1440.9,Dry Van,32809.0,0.91027,2.12673,2905.85,3040.76774585307,134.9177458530703,134.9177458530703,4.6429700725457375,1001-1500
TR-046347,Jacksonville,Tampa,355.3,Dry Van,45435.0,0.93538,1.72989,873.69,956.3544301195075,82.66443011950741,82.66443011950741,9.461528702343784,251-500
TR-046348,New Orleans,Richmond,1118.1,Flatbed,39360.0,0.91414,1.75552,2606.58,2663.433568833148,56.853568833148074,56.853568833148074,2.1811557225616736,1001-1500
TR-046349,Nashville,Houston,594.7,Flatbed,32594.0,0.95835,1.7144,1449.76,1486.87474068867,37.114740688670054,37.114740688670054,2.560061023112105,501-750
TR-046350,Los Angeles,Albuquerque,749.7,Reefer,26163.0,0.9187,1.77486,1768.41,1812.4921242181829,44.0821242181828,44.0821242181828,2.4927547468167903,501-750
TR-046351,Lexington,Nashville,265.5,Flatbed,22443.0,0.94374,1.52561,691.16,730.4297319810792,39.26973198107919,39.26973198107919,5.681713638098153,251-500
TR-046352,Hartford,Los Angeles,3024.9,Dry Van,31260.0,1.01187,2.33308,5460.56,5745.12972897032,284.5697289703194,284.5697289703194,5.211365298986173,1500+
TR-046353,Cincinnati,Atlanta,204.1,Flatbed,21242.0,0.93803,1.36009,560.6,634.4199388090258,73.81993880902576,73.81993880902576,13.168023333754148,0-250
TR-046354,Houston,Baltimore,1572.4,Reefer,28946.0,0.89754,2.07148,3315.73,3574.6633704896267,258.93337048962667,258.93337048962667,7.8092417202132465,1500+
TR-046355,Lubbock,Jacksonville,1103.7,Flatbed,25718.0,0.94839,1.97999,2407.3,2437.0321555089777,29.732155508977485,29.732155508977485,1.235083101772836,1001-1500
TR-046356,Hartford,Little Rock,1377.3,Dry Van,19578.0,0.95844,2.21598,2650.84,2692.4924301618785,41.65243016187833,41.65243016187833,1.571291747592398,1001-1500
TR-046357,Chattanooga,Grand Rapids,696.4,Dry Van,35997.0,0.93294,1.98921,1512.06,1464.7558784071389,-47.304121592861065,47.304121592861065,3.128455325374725,501-750
TR-046358,Richmond,Albany,604.7,Flatbed,30205.0,0.95218,1.89286,1388.84,1466.6747219143513,77.83472191435135,77.83472191435135,5.604297249096465,501-750
TR-046359,Richmond,Tampa,1055.8,Dry Van,19763.0,0.91139,2.24598,2063.13,2135.9187499194595,72.7887499194594,72.7887499194594,3.528073845053845,1001-1500
TR-046360,Lexington,El Paso,1682.5,Flatbed,26258.0,0.93106,2.13107,3377.12,3580.4068765528827,203.28687655288286,203.28687655288286,6.019533701878609,1500+
TR-046361,Albany,Jacksonville,1320.4,Dry Van,30232.0,0.9239,2.19722,2542.36,2651.012565891338,108.65256589133787,108.65256589133787,4.273689245084798,1001-1500
TR-046362,Los Angeles,Philadelphia,3075.3,Dry Van,41418.0,0.93671,2.29362,5786.64,5737.083322384298,-49.55667761570203,49.55667761570203,0.8563981449632607,1500+
TR-046363,Boston,Oklahoma City,1988.2,Dry Van,38377.0,0.92616,2.14198,4013.23,3915.938386728725,-97.29161327127485,97.29161327127485,2.4242720519699805,1500+
TR-046364,Baton Rouge,Montgomery,480.8,Flatbed,25131.0,0.9466,1.69742,1182.77,1280.3664076330826,97.59640763308266,97.59640763308266,8.251511928192519,251-500
TR-046365,Grand Rapids,Baton Rouge,1091.9,Dry Van,34863.0,0.94082,2.12566,2264.85,2387.2625283604634,122.41252836046351,122.41252836046351,5.404884577807074,1001-1500
TR-046366,Oklahoma City,Fort Wayne,1141.0,Reefer,32413.0,0.93837,1.88009,2624.82,2693.514625819592,68.69462581959169,68.69462581959169,2.6171175859522435,1001-1500
TR-046367,Bakersfield,Columbia,2251.9,Dry Van,40729.0,0.94743,2.19163,14403.14,4407.178645993763,-9995.961354006236,9995.961354006236,69.40126496032279,1500+
TR-046368,Mobile,Phoenix,1891.3,Dry Van,28581.0,0.98994,2.20823,3615.45,3845.8271705212646,230.37717052126482,230.37717052126482,6.372019265133382,1500+
TR-046369,Tucson,Houston,1289.1,Dry Van,28338.0,0.89026,2.14538,2619.84,2590.3734736644506,-29.466526335549588,29.466526335549588,1.1247452644264377,1001-1500
TR-046370,Fort Wayne,Harrisburg,462.3,Flatbed,27911.0,0.93745,1.81322,1068.05,1119.9705726023578,51.92057260235788,51.92057260235788,4.861249248851447,251-500
TR-046371,Amarillo,Raleigh,1827.4,Dry Van,24109.0,0.96197,2.21059,3466.53,3567.408421347022,100.87842134702169,100.87842134702169,2.9100691858146814,1500+
TR-046372,Montgomery,Dayton,702.1,Dry Van,32400.0,0.91797,2.03577,1505.31,1638.7016391569764,133.39163915697645,133.39163915697645,8.86140656455989,501-750
TR-046373,Richmond,Chattanooga,716.6,Dry Van,40836.0,0.89964,1.92564,1579.25,1626.8390240422325,47.589024042232495,47.589024042232495,3.0133939554999203,501-750
TR-046374,Los Angeles,Nashville,1986.2,Reefer,31168.0,0.90167,1.96482,4247.13,4292.721077056775,45.59107705677525,45.59107705677525,1.073456123471032,1500+
TR-046375,Kansas City,New York,1079.9,Flatbed,17294.0,0.92777,2.13202,2177.46,2317.36700114632,139.90700114632,139.90700114632,6.425238633376503,1001-1500
TR-046376,Philadelphia,Raleigh,416.7,Dry Van,24748.0,0.96079,1.94027,913.89,993.6679284008262,79.77792840082623,79.77792840082623,8.729489150863477,251-500
TR-046377,Tucson,Oklahoma City,993.8,Flatbed,31943.0,0.96815,1.87525,2220.12,2370.6527114490614,150.53271144906148,150.53271144906148,6.780386260610305,751-1000
TR-046378,San Antonio,Albuquerque,885.0,Reefer,23321.0,0.92137,1.79981,2065.94,2071.583615503765,5.643615503764977,5.643615503764977,0.2731742211179887,751-1000
TR-046379,Houston,Syracuse,1507.0,Flatbed,28339.0,1.0558,2.03399,3139.19,3271.195805030382,132.0058050303819,132.0058050303819,4.205091282476751,1500+
TR-046380,Houston,Dallas,115.6,Dry Van,32825.0,0.97618,1.13021,350.21,389.002953363193,38.79295336319302,38.79295336319302,11.077054728075447,0-250
TR-046381,Montgomery,San Antonio,886.6,Dry Van,36731.0,0.93926,1.96255,1969.61,2034.2290782442606,64.61907824426066,64.61907824426066,3.2808057556704453,751-1000
TR-046382,Mobile,Oklahoma City,720.5,Flatbed,30318.0,0.95649,1.71307,1734.62,1760.5162359049903,25.896235904990363,25.896235904990363,1.4929054147300482,501-750
TR-046383,Richmond,Lubbock,1694.8,Dry Van,30455.0,0.94785,2.18615,3348.55,3401.4082448991403,52.85824489914012,52.85824489914012,1.5785413059127118,1500+
TR-046384,Baton Rouge,Lubbock,510.2,Dry Van,24164.0,0.92776,1.73236,1207.14,1142.4131384097793,-64.72686159022078,64.72686159022078,5.36200122522829,501-750
TR-046385,Houston,Toledo,1127.1,Dry Van,28855.0,0.98984,2.21916,2235.95,2320.82494341873,84.87494341873025,84.87494341873025,3.7959231386538277,1001-1500
TR-046386,Albany,Nashville,1273.3,Reefer,14288.0,0.94206,2.00099,2726.46,2747.5891492864907,21.1291492864907,21.1291492864907,0.7749664138293135,1001-1500
TR-046387,Buffalo,Raleigh,522.3,Flatbed,26350.0,0.96276,1.90087,1165.49,1205.2601762029271,39.77017620292713,39.77017620292713,3.41231380817743,501-750
TR-046388,Richmond,New Orleans,1140.6,Dry Van,35403.0,0.91861,2.07104,2383.0,2424.5048121676937,41.50481216769367,41.50481216769367,1.741704245392097,1001-1500
TR-046389,Baltimore,Richmond,286.7,Dry Van,23339.0,0.92942,1.90985,642.65,647.5038477414014,4.85384774140141,4.85384774140141,0.7552863520425441,251-500
TR-046390,Atlanta,Albuquerque,1555.1,Dry Van,30864.0,0.94236,2.11841,3106.83,3164.5409915168475,57.71099151684757,57.71099151684757,1.8575522805189717,1500+
TR-046391,Toledo,Milwaukee,319.0,Dry Van,47500.0,0.96575,1.67157,793.99,797.4648361015966,3.4748361015965656,3.4748361015965656,0.4376423004819413,251-500
TR-046392,Oklahoma City,Bakersfield,1271.2,Dry Van,31329.0,1.0558,2.05556,2652.98,2624.8731943013577,-28.106805698642347,28.106805698642347,1.0594428038900536,1001-1500
TR-046393,Greensboro,Columbia,126.6,Reefer,41805.0,0.91515,0.97757,395.97,496.330389897141,100.36038989714098,100.36038989714098,25.345452912377446,0-250
TR-046394,Birmingham,Bakersfield,2034.6,Flatbed,41965.0,0.93392,1.98527,4351.68,4362.1612344941095,10.48123449410923,10.48123449410923,0.24085489958152323,1500+
TR-046395,Phoenix,Syracuse,2766.2,Dry Van,28477.0,0.97132,2.44701,4900.65,5168.901702150085,268.2517021500853,268.2517021500853,5.473798417558596,1500+
TR-046396,Buffalo,New York,343.2,Dry Van,47500.0,0.99969,1.71314,806.79,841.0140839965791,34.22408399657911,34.22408399657911,4.24200646966114,251-500
TR-046397,Boston,Columbia,1003.4,Dry Van,22646.0,0.93696,2.17514,1983.68,1947.8698368619516,-35.81016313804844,35.81016313804844,1.8052389063784702,1001-1500
TR-046398,St. Louis,Tulsa,534.1,Dry Van,32183.0,0.96565,1.82989,1251.21,1189.1480656731044,-62.06193432689565,62.06193432689565,4.96015331774008,501-750
TR-046399,Houston,Dayton,984.1,Flatbed,29151.0,0.94734,1.95518,2168.35,2175.0746526503117,6.724652650311782,6.724652650311782,0.3101276385413694,751-1000
TR-046400,Indianapolis,Madison,276.6,Dry Van,37250.0,0.96998,1.69163,123.32,704.7795299815486,581.4595299815487,581.4595299815487,471.5046464333025,251-500
TR-046401,Richmond,Lexington,541.3,Dry Van,36145.0,0.92993,1.94716,1202.82,1255.031640522736,52.21164052273616,52.21164052273616,4.340769235857083,501-750
TR-046402,Montgomery,Amarillo,1274.9,Dry Van,24179.0,0.94259,2.11946,2559.32,2613.182172258392,53.86217225839164,53.86217225839164,2.1045501249703684,1001-1500
TR-046403,Syracuse,Amarillo,1903.5,Reefer,29035.0,0.93194,2.05594,4021.92,4132.271381670631,110.35138167063087,110.35138167063087,2.7437487983508095,1500+
TR-046404,Charleston,Austin,1373.7,Dry Van,25717.0,0.92585,2.18887,2681.19,2831.4363496359365,150.24634963593644,150.24634963593644,5.603718857519849,1001-1500
TR-046405,Boston,Syracuse,531.5,Flatbed,28494.0,0.96735,1.8502,1214.87,1262.0176819208689,47.14768192086899,47.14768192086899,3.8808828863062708,501-750
TR-046406,Lexington,Memphis,329.2,Dry Van,45921.0,0.9157,1.70194,802.46,881.6350863763473,79.17508637634728,79.17508637634728,9.866546167578107,251-500
TR-046407,Kansas City,New York,1089.3,Dry Van,43832.0,0.93014,2.12264,2216.38,2266.718678525428,50.338678525427895,50.338678525427895,2.2712115488060665,1001-1500
TR-046408,Albany,Kansas City,1258.7,Reefer,47500.0,0.92492,1.90989,2832.47,2902.01301071942,69.54301071942018,69.54301071942018,2.4552073179740717,1001-1500
TR-046409,New York,Toledo,673.8,Dry Van,23960.0,0.92928,2.16321,1331.75,1351.1511554800916,19.401155480091575,19.401155480091575,1.4568166307558907,501-750
TR-046410,Columbia,Los Angeles,2263.4,Flatbed,30080.0,0.93723,2.04643,4764.41,4670.838371870325,-93.57162812967454,93.57162812967454,1.9639709456086805,1500+
TR-046411,Los Angeles,Lubbock,1204.5,Reefer,17630.0,0.9016,1.96951,2618.04,2663.640786635737,45.60078663573722,45.60078663573722,1.7417910587973147,1001-1500
TR-046412,New York,Grand Rapids,833.7,Dry Van,30797.0,0.96526,2.11991,1687.86,1684.0168583262853,-3.8431416737146264,3.8431416737146264,0.22769315427314035,751-1000
TR-046413,Fresno,Memphis,2058.6,Dry Van,36954.0,0.94802,2.15978,4184.37,4083.982159719554,-100.38784028044574,100.38784028044574,2.399114807735591,1500+
TR-046414,San Antonio,Chattanooga,906.8,Dry Van,39312.0,0.95829,1.95053,2011.67,1997.3465541203677,-14.323445879632345,14.323445879632345,0.7120176708720787,751-1000
TR-046415,Detroit,Los Angeles,2407.5,Reefer,28317.0,0.93363,2.19722,4893.47,4897.741807016358,4.271807016357343,4.271807016357343,0.0872960704031565,1500+
TR-046416,Madison,Albuquerque,1363.3,Dry Van,33350.0,0.92097,2.18479,2747.92,2806.926235697559,59.00623569755908,59.00623569755908,2.147305441845435,1001-1500
TR-046417,Lubbock,Richmond,1686.0,Dry Van,30840.0,0.93167,2.1877,3304.22,3361.8662252921513,57.646225292151485,57.646225292151485,1.7446243074659522,1500+
TR-046418,Kansas City,Baton Rouge,753.6,Flatbed,27210.0,0.9581,1.85066,1742.78,1725.3967579749205,-17.383242025079426,17.383242025079426,0.9974432817153872,751-1000
TR-046419,Columbia,Phoenix,2299.5,Dry Van,35104.0,0.89747,2.20309,4480.53,4524.924293073179,44.39429307317914,44.39429307317914,0.9908268234601518,1500+
TR-046420,Phoenix,Detroit,2436.8,Dry Van,5000.0,0.98215,2.40191,4119.27,4356.115043052112,236.84504305211158,236.84504305211158,5.749684848337486,1500+
TR-046421,Tulsa,Jacksonville,710.3,Dry Van,47500.0,0.94054,1.87562,1618.05,1647.812473941815,29.76247394181496,29.76247394181496,1.8394038467176514,501-750
TR-046422,Philadelphia,Albuquerque,2346.2,Dry Van,22038.0,0.94302,2.31714,4173.85,4312.221926831704,138.3719268317036,138.3719268317036,3.3152108205063335,1500+
TR-046423,Baton Rouge,Greensboro,791.7,Reefer,33724.0,0.91931,1.68401,1981.96,1972.094356063649,-9.865643936351034,9.865643936351034,0.497772101170106,751-1000
TR-046424,Charleston,Phoenix,2489.1,Dry Van,20637.0,0.94872,2.33669,4446.89,4690.157182947243,243.26718294724287,243.26718294724287,5.470501472877514,1500+
TR-046425,St. Louis,Grand Rapids,475.9,Dry Van,46213.0,0.92346,1.89526,1085.97,1131.7284755604476,45.75847556044755,45.75847556044755,4.213604018568427,251-500
TR-046426,Raleigh,Columbia,417.8,Dry Van,44664.0,0.932,1.86109,2970.76,1018.4808198093203,-1952.2791801906799,1952.2791801906799,65.71648938960669,251-500
TR-046427,Toledo,Indianapolis,406.8,Dry Van,26120.0,1.0558,1.96114,900.96,938.7813719370179,37.82137193701783,37.82137193701783,4.197896902972144,251-500
TR-046428,Kansas City,Memphis,325.4,Flatbed,33297.0,0.91937,1.40268,886.73,904.8067171573637,18.076717157363646,18.076717157363646,2.038581885958933,251-500
TR-046429,Providence,Oklahoma City,1933.4,Dry Van,32191.0,0.91114,2.17259,3790.58,3852.7968094937532,62.21680949375332,62.21680949375332,1.6413532887777942,1500+
TR-046430,Lexington,Green Bay,634.8,Reefer,47500.0,0.95044,1.77197,1548.2,1573.4244999913794,25.22449999137939,25.22449999137939,1.629279162342035,501-750
TR-046431,Shreveport,Detroit,1059.5,Dry Van,24787.0,0.93282,2.16452,2085.41,2128.5458310578597,43.13583105785983,43.13583105785983,2.0684580517912465,1001-1500
TR-046432,Richmond,Milwaukee,758.4,Reefer,38644.0,0.96018,1.75549,1793.53,1843.5234598395746,49.9934598395746,49.9934598395746,2.7874337111492196,751-1000
TR-046433,Toledo,Richmond,604.0,Reefer,33254.0,0.95399,1.75518,1428.25,1473.361855467486,45.111855467486066,45.111855467486066,3.158540554348753,501-750
TR-046434,Buffalo,Little Rock,1057.1,Flatbed,13105.0,0.94587,1.96202,2269.47,2274.3133712908557,4.843371290855885,4.843371290855885,0.21341420203201122,1001-1500
TR-046435,El Paso,Buffalo,2130.0,Dry Van,29752.0,0.93747,2.32436,3921.97,3993.088573246713,71.11857324671337,71.11857324671337,1.8133380226445732,1500+
TR-046436,Charleston,Savannah,200.0,Dry Van,39363.0,0.93371,1.50426,521.48,580.5197126879536,59.039712687953624,59.039712687953624,11.321567977286497,0-250
TR-046437,Shreveport,Birmingham,397.6,Flatbed,47001.0,0.93984,1.48164,1046.26,1079.8810858214656,33.62108582146561,33.62108582146561,3.2134541912589234,251-500
TR-046438,Syracuse,Greensboro,658.2,Flatbed,39742.0,0.94492,1.84425,1497.97,1565.8598106343095,67.88981063430947,67.88981063430947,4.53212084583199,501-750
TR-046439,Tucson,Albuquerque,440.6,Dry Van,12966.0,0.97785,1.90159,971.46,1004.5734862086513,33.11348620865124,33.11348620865124,3.4086309481245998,251-500
TR-046440,El Paso,Charleston,2041.5,Dry Van,32882.0,0.90623,2.22246,3965.03,4052.672742704118,87.64274270411761,87.64274270411761,2.2103929277740044,1500+
TR-046441,Greensboro,New Orleans,689.7,Dry Van,27670.0,0.89273,2.04324,1476.03,1538.3271012796258,62.29710127962585,62.29710127962585,4.2205850341541735,501-750
TR-046442,Providence,Shreveport,1548.0,Flatbed,21876.0,0.97828,2.11839,3213.37,3319.436725647996,106.06672564799601,106.06672564799601,3.3007940463748655,1500+
TR-046443,Montgomery,Harrisburg,872.9,Flatbed,21651.0,0.95266,1.97239,1882.4,1924.3264524481447,41.92645244814457,41.92645244814457,2.227287104130077,751-1000
TR-046444,New York,Nashville,996.8,Reefer,27776.0,0.99557,1.84698,2276.2,2288.574050307266,12.374050307266316,12.374050307266316,0.543627550622367,751-1000
TR-046445,San Antonio,Reno,1555.5,Dry Van,44423.0,0.96858,2.08348,3191.38,3278.28422119886,86.90422119885989,86.90422119885989,2.7230922421917754,1500+
TR-046446,El Paso,Shreveport,1194.8,Dry Van,30131.0,0.92584,2.07212,2435.41,2482.583580472777,47.1735804727773,47.1735804727773,1.9369872207462935,1001-1500
TR-046447,Madison,Lexington,503.2,Dry Van,16175.0,0.91148,2.04818,1046.13,1069.1974663925566,23.067466392556526,23.067466392556526,2.2050286668536914,501-750
TR-046448,Green Bay,Mobile,1021.4,Flatbed,30488.0,0.94433,1.94225,2198.38,2272.863723651176,74.48372365117575,74.48372365117575,3.3881186897249678,1001-1500
TR-046449,Bakersfield,New York,2874.3,Reefer,15732.0,0.92422,2.24428,5545.41,5429.106351775808,-116.30364822419142,116.30364822419142,2.0972957495332434,1500+
TR-046450,Reno,Lexington,2135.1,Reefer,33742.0,0.9054,2.17019,4186.26,4481.01856208448,294.7585620844802,294.7585620844802,7.041095442817221,1500+
TR-046451,Green Bay,Milwaukee,419.3,Reefer,20825.0,0.92044,1.82096,978.93,1036.376891357456,57.44689135745614,57.44689135745614,5.868334953209743,251-500
TR-046452,Green Bay,Toledo,282.5,Dry Van,39642.0,0.93949,1.72389,693.04,679.0021149801692,-14.03788501983081,14.03788501983081,2.025551919056737,251-500
TR-046453,Reno,Bakersfield,536.3,Dry Van,20877.0,0.89202,2.08476,1110.26,1181.7135154740204,71.45351547402038,71.45351547402038,6.435746174231295,501-750
TR-046454,New York,El Paso,2380.3,Dry Van,34174.0,0.92753,2.23073,4600.85,4590.215529668767,-10.634470331233388,10.634470331233388,0.23114142671970153,1500+
TR-046455,Shreveport,Bakersfield,1663.3,Reefer,47500.0,0.9368,1.84235,3850.44,3914.1128386195023,63.67283861950227,63.67283861950227,1.6536509754600064,1500+
TR-046456,Los Angeles,New Orleans,1704.3,Reefer,23218.0,0.93763,1.98512,3724.61,3760.6804639803568,36.070463980356635,36.070463980356635,0.9684359967985007,1500+
TR-046457,Syracuse,Jacksonville,997.5,Dry Van,35918.0,0.9252,2.14818,1986.47,2119.5146654451546,133.04466544515458,133.04466544515458,6.697542144867759,751-1000
TR-046458,Shreveport,Green Bay,999.4,Dry Van,37902.0,0.9505,2.05831,2088.18,2125.6745194807845,37.494519480784675,37.494519480784675,1.795559744887159,751-1000
TR-046459,Montgomery,Richmond,814.0,Dry Van,26794.0,0.93317,2.02209,1708.45,1805.303443749065,96.85344374906504,96.85344374906504,5.669082721125291,751-1000
TR-046460,Detroit,Fort Wayne,218.0,Dry Van,32157.0,0.9183,1.69739,530.1,577.1367289809828,47.03672898098273,47.03672898098273,8.873180339743959,0-250
TR-046461,Boston,Phoenix,3096.8,Dry Van,41131.0,0.92623,2.24061,5947.51,5969.147221648853,21.637221648852574,21.637221648852574,0.3638030309970487,1500+
TR-046462,Memphis,Tucson,1622.3,Reefer,36199.0,0.94111,1.96411,3570.86,3693.108754691664,122.24875469166409,122.24875469166409,3.4235101541831403,1500+
TR-046463,Washington,Fort Wayne,568.6,Flatbed,44914.0,0.93622,1.91124,1307.4,1384.6552128379835,77.25521283798344,77.25521283798344,5.909072421445879,501-750
TR-046464,Lexington,Providence,991.0,Dry Van,24692.0,0.95116,2.17166,1953.16,2044.995716163266,91.83571616326594,91.83571616326594,4.701904409432199,751-1000
TR-046465,Chattanooga,Richmond,745.2,Flatbed,29120.0,0.99442,1.87716,1663.21,1694.168977016409,30.95897701640888,30.95897701640888,1.86139916284828,501-750
TR-046466,Richmond,Los Angeles,2864.2,Dry Van,20848.0,1.0,2.39994,5004.7,5258.956531726969,254.25653172696911,254.25653172696911,5.080355100744683,1500+
TR-046467,Baton Rouge,Boston,1700.2,Dry Van,23251.0,1.03618,2.19289,3356.83,3340.471695693512,-16.358304306487753,16.358304306487753,0.4873140524389902,1500+
TR-046468,Savannah,Hartford,833.1,Dry Van,34515.0,1.005,2.08889,1721.07,1802.3464546474459,81.27645464744592,81.27645464744592,4.722437474794513,751-1000
TR-046469,Shreveport,Atlanta,458.5,Dry Van,29530.0,1.03064,1.73411,1102.33,1177.3467727745476,75.01677277454769,75.01677277454769,6.805291770572124,251-500
TR-046470,Tucson,Houston,1301.6,Flatbed,35101.0,1.00654,1.81517,3000.82,2977.0180164449216,-23.80198355507855,23.80198355507855,0.7931826485786735,1001-1500
TR-046471,Shreveport,Providence,1553.8,Reefer,23332.0,0.968,2.03687,3408.71,3445.450472692827,36.7404726928271,36.7404726928271,1.077840963086537,1500+
TR-046472,San Antonio,Austin,102.4,Dry Van,30698.0,1.02831,1.25053,301.74,369.15983511369836,67.41983511369835,67.41983511369835,22.343684998242974,0-250
TR-046473,Raleigh,Oklahoma City,1491.3,Flatbed,33208.0,0.99925,1.87408,3371.82,3318.159633212379,-53.660366787621115,53.660366787621115,1.5914362803358753,1001-1500
TR-046474,Philadelphia,Baltimore,91.6,Dry Van,36734.0,1.01187,1.3677,258.37,328.88003449715757,70.51003449715756,70.51003449715756,27.290333435444346,0-250
TR-046475,Lexington,Little Rock,525.8,Dry Van,32409.0,1.02489,1.81948,1236.06,1207.389083139003,-28.67091686099684,28.67091686099684,2.3195408686468975,501-750
TR-046476,El Paso,Richmond,2228.1,Reefer,45478.0,1.00325,1.95045,4921.06,4869.1037205983785,-51.95627940162194,51.95627940162194,1.055794471142842,1500+
TR-046477,Los Angeles,Green Bay,2314.9,Dry Van,22363.0,1.0256,2.38194,4096.07,4342.071462764635,246.0014627646351,246.0014627646351,6.005792448972677,1500+
TR-046478,Los Angeles,Philadelphia,3049.9,Reefer,29489.0,1.02367,2.07326,6303.7,6116.818201930668,-186.88179806933204,186.88179806933204,2.9646366113446394,1500+
TR-046479,Mobile,Toledo,859.1,Reefer,27545.0,0.96819,1.8972,1930.36,2026.531103568119,96.17110356811918,96.17110356811918,4.9820294436332695,751-1000
TR-046480,Reno,Fort Wayne,2018.7,Reefer,12470.0,0.99532,2.23198,3892.0,4219.66284620482,327.6628462048202,327.6628462048202,8.418880940514393,1500+
TR-046481,Atlanta,Mobile,296.2,Dry Van,24180.0,1.02703,1.79527,712.44,715.1427420694674,2.7027420694673765,2.7027420694673765,0.37936416673226886,251-500
TR-046482,Los Angeles,Cincinnati,2139.9,Reefer,18970.0,1.02646,2.12964,4318.34,4493.137637766749,174.79763776674918,174.79763776674918,4.047797018454989,1500+
TR-046483,Philadelphia,St. Louis,1046.6,Flatbed,39793.0,1.0312,1.86663,2411.85,2439.9092351583954,28.059235158395495,28.059235158395495,1.163390557389369,1001-1500
TR-046484,Atlanta,Corpus Christi,838.8,Flatbed,34424.0,0.97473,1.79441,1988.26,2026.1117886986626,37.85178869866263,37.85178869866263,1.9037645327403172,751-1000
TR-046485,Albany,Kansas City,1257.8,Reefer,36959.0,1.007,1.94386,2760.03,2918.7715851383164,158.74158513831617,158.74158513831617,5.751444192212264,1001-1500
TR-046486,Boston,Birmingham,1187.3,Flatbed,37135.0,1.0162,1.95513,2644.84,2654.40855314917,9.56855314916993,9.56855314916993,0.3617819281759928,1001-1500
TR-046487,Amarillo,El Paso,418.4,Flatbed,22049.0,1.02871,1.67479,1058.45,1070.2912342688915,11.841234268891412,11.841234268891412,1.1187334563646285,251-500
TR-046488,Reno,Dayton,1985.8,Dry Van,26197.0,0.96062,2.28735,3678.77,3702.4527679790035,23.68276797900353,23.68276797900353,0.6437686503642122,1500+
TR-046489,Albuquerque,Richmond,2105.9,Dry Van,24902.0,1.0262,2.24998,3868.49,4005.231115328732,136.74111532873212,136.74111532873212,3.5347413416793665,1500+
TR-046490,Cincinnati,New Orleans,532.0,Flatbed,33025.0,1.00245,1.68811,1309.84,1316.481853633168,6.641853633168012,6.641853633168012,0.5070736603835592,501-750
TR-046491,Columbia,Nashville,330.2,Dry Van,29830.0,1.04025,1.7635,775.99,850.6895702673678,74.69957026736779,74.69957026736779,9.62635733287385,251-500
TR-046492,Albuquerque,San Antonio,912.5,Reefer,25479.0,1.01349,1.81927,2155.11,2151.238731692741,-3.8712683072590153,3.8712683072590153,0.17963205160103266,751-1000
TR-046493,Philadelphia,Nashville,1025.6,Flatbed,25588.0,1.03208,2.04652,2146.27,2300.9461798299985,154.67617982999855,154.67617982999855,7.206743784798676,1001-1500
TR-046494,Fresno,Tulsa,1661.1,Flatbed,28647.0,1.01497,1.8997,3629.61,3645.948543212189,16.33854321218905,16.33854321218905,0.45014597194158745,1500+
TR-046495,Houston,Cincinnati,756.3,Dry Van,47500.0,1.02446,1.83296,1742.47,1701.6928865125165,-40.777113487483575,40.777113487483575,2.3401902751544403,751-1000
TR-046496,Lubbock,Albany,2161.3,Reefer,27321.0,1.0231,2.01791,4523.99,4616.35810888426,92.36810888426044,92.36810888426044,2.041739899607657,1500+
TR-046497,Milwaukee,Los Angeles,2051.7,Reefer,23733.0,1.01471,2.13613,4220.16,4340.750391309339,120.59039130933888,120.59039130933888,2.857483870501092,1500+
TR-046498,Austin,Oklahoma City,231.1,Dry Van,41114.0,0.99893,1.32244,664.29,746.5815819060565,82.29158190605654,82.29158190605654,12.387900149943027,0-250
TR-046499,Fort Wayne,Nashville,507.2,Reefer,37491.0,1.0355,1.45763,1347.83,1317.8705024238704,-29.95949757612948,29.95949757612948,2.2227949797919235,501-750
TR-046500,Phoenix,New York,2958.2,Dry Van,35693.0,1.0675,2.27503,5551.03,5533.705326848263,-17.324673151736533,17.324673151736533,0.31209835204883657,1500+
TR-046501,Baton Rouge,Greensboro,811.1,Dry Van,22956.0,1.03941,2.05296,1691.2,1708.5078103103701,17.307810310370087,17.307810310370087,1.0234041101212208,751-1000
TR-046502,Kansas City,Atlanta,504.1,Dry Van,27032.0,1.00676,1.90744,1144.41,1143.3377061929566,-1.0722938070434793,1.0722938070434793,0.09369839542152544,501-750
TR-046503,Kansas City,St. Louis,132.8,Flatbed,35356.0,1.03747,1.11881,407.52,482.0280169288128,74.50801692881282,74.50801692881282,18.28327859462427,0-250
TR-046504,Montgomery,Milwaukee,696.5,Dry Van,17577.0,0.98382,2.08284,1455.6,1574.6480571882253,119.04805718822536,119.04805718822536,8.178624428979484,501-750
TR-046505,Grand Rapids,Montgomery,1015.6,Dry Van,32611.0,1.01353,2.19163,2043.47,2111.927078740457,68.45707874045706,68.45707874045706,3.3500408002298574,1001-1500
TR-046506,Albuquerque,Albany,2460.4,Reefer,26380.0,1.02702,2.0997,4995.47,5019.395753410108,23.925753410107973,23.925753410107973,0.4789489959925287,1500+
TR-046507,Lexington,Kansas City,446.5,Dry Van,36148.0,0.986,1.79422,1049.62,1069.144287508392,19.524287508392035,19.524287508392035,1.860129142774722,251-500
TR-046508,Madison,San Antonio,1136.5,Flatbed,36776.0,1.01035,1.84412,2624.53,2644.400641689382,19.870641689381955,19.870641689381955,0.7571123854321327,1001-1500
TR-046509,Lubbock,Chattanooga,987.9,Flatbed,25385.0,1.0003,2.02025,2138.6,2198.905672622132,60.30567262213208,60.30567262213208,2.8198668578571064,751-1000
TR-046510,Philadelphia,Milwaukee,983.1,Dry Van,47500.0,1.0236,2.15878,2022.03,2074.5089192791365,52.47891927913656,52.47891927913656,2.59535809454541,751-1000
TR-046511,Lexington,Milwaukee,305.9,Dry Van,41218.0,1.01647,1.61317,780.71,772.7207943776657,-7.989205622334339,7.989205622334339,1.0233256423427828,251-500
TR-046512,Birmingham,Houston,601.4,Dry Van,37408.0,1.02924,1.82099,1385.85,1397.4138787373975,11.563878737397545,11.563878737397545,0.8344249909728719,501-750
TR-046513,Fort Wayne,Buffalo,412.3,Reefer,41896.0,1.00938,1.71538,1025.05,1106.326496785848,81.27649678584794,81.27649678584794,7.929027538739374,251-500
TR-046514,Fresno,Columbia,2444.4,Dry Van,29107.0,1.00306,2.30669,4544.18,4635.419846819988,91.23984681998809,91.23984681998809,2.007839628271505,1500+
TR-046515,Oklahoma City,Harrisburg,1471.7,Dry Van,7792.0,1.02566,2.19424,2853.82,2975.0766136660854,121.25661366608529,121.25661366608529,4.248922975733763,1001-1500
TR-046516,Buffalo,Baton Rouge,1325.5,Reefer,18607.0,1.0185,1.97729,2863.43,2887.6833715084367,24.253371508436885,24.253371508436885,0.8470041701189442,1001-1500
TR-046517,Toledo,Albuquerque,1684.3,Reefer,31536.0,0.98632,2.05917,14784.38,3718.5007852347426,-11065.879214765257,11065.879214765257,74.84844961212616,1500+
TR-046518,Montgomery,Shreveport,451.0,Dry Van,20188.0,1.04954,1.85003,1045.82,1113.5858762179507,67.76587621795079,67.76587621795079,6.479688303718689,251-500
TR-046519,Bakersfield,Providence,3059.5,Reefer,35413.0,0.99469,2.07051,6452.47,6372.549581861436,-79.92041813856395,79.92041813856395,1.2386019328809579,1500+
TR-046520,New York,Lexington,755.0,Dry Van,44028.0,1.00547,1.97171,1636.03,1635.0856265953332,-0.9443734046667487,0.9443734046667487,0.05772347723860496,751-1000
TR-046521,Madison,Philadelphia,1105.1,Flatbed,38157.0,0.99852,2.03768,2357.26,2475.245037346527,117.98503734652695,117.98503734652695,5.00517708468845,1001-1500
TR-046522,Richmond,Dayton,582.4,Flatbed,35971.0,1.03956,1.78418,1354.85,1466.745101044964,111.89510104496412,111.89510104496412,8.258855300953178,501-750
TR-046523,Milwaukee,New York,908.1,Flatbed,44091.0,0.98913,1.89142,2044.87,2084.072888696896,39.202888696896025,39.202888696896025,1.9171335437898755,751-1000
TR-046524,Richmond,Atlanta,695.0,Dry Van,20917.0,1.02558,2.12323,1441.9,1516.6429066952285,74.74290669522838,74.74290669522838,5.183640106472597,501-750
TR-046525,Greensboro,Los Angeles,2324.6,Reefer,30348.0,1.02636,2.17294,4770.79,4948.786468758245,177.9964687582451,177.9964687582451,3.7309642377519254,1500+
TR-046526,Milwaukee,Birmingham,512.2,Reefer,32404.0,1.0268,1.55242,1328.25,1294.611412396616,-33.63858760338394,33.63858760338394,2.5325494148980945,501-750
TR-046527,Greensboro,El Paso,1826.3,Reefer,32702.0,0.98566,1.99234,3980.59,4149.5516585595615,168.96165855956133,168.96165855956133,4.24463857266288,1500+
TR-046528,Los Angeles,Bakersfield,391.8,Dry Van,20951.0,1.03522,1.88349,871.19,932.0101423878752,60.820142387875194,60.820142387875194,6.981271868120064,251-500
TR-046529,Jacksonville,Los Angeles,2219.9,Dry Van,16794.0,1.05583,2.35092,4028.2,4358.2148838665025,330.0148838665027,330.0148838665027,8.192614166786722,1500+
TR-046530,Tulsa,Charleston,1016.8,Reefer,37069.0,1.02819,1.62605,2551.19,2471.6325356451407,-79.55746435485935,79.55746435485935,3.118445288467709,1001-1500
TR-046531,Grand Rapids,Tampa,1211.0,Reefer,26443.0,1.03546,1.97172,2642.91,2708.1487870374403,65.23878703744049,65.23878703744049,2.4684452757543953,1001-1500
TR-046532,Salt Lake City,Lubbock,1018.1,Dry Van,26265.0,1.03391,2.09382,2143.64,2109.038849161448,-34.6011508385518,34.6011508385518,1.6141306767251875,1001-1500
TR-046533,Baton Rouge,Los Angeles,1694.9,Dry Van,37773.0,1.02593,2.13421,3494.61,3506.493980036784,11.883980036783669,11.883980036783669,0.34006598838736424,1500+
TR-046534,Cincinnati,Indianapolis,192.8,Flatbed,28596.0,1.00013,1.34695,542.56,578.7247088220868,36.16470882208682,36.16470882208682,6.665568567916328,0-250
TR-046535,Columbia,San Antonio,1110.1,Flatbed,40024.0,1.01387,1.88422,2533.72,2636.494717689396,102.77471768939631,102.77471768939631,4.056277634837169,1001-1500
TR-046536,Bakersfield,Hartford,2873.2,Dry Van,28897.0,0.97131,2.3162,5232.81,5477.246102681564,244.43610268156317,244.43610268156317,4.671220676492423,1500+
TR-046537,Albuquerque,Bakersfield,505.4,Reefer,47500.0,0.9876,1.64689,1309.66,1343.35335602309,33.69335602309002,33.69335602309002,2.5726796285364153,501-750
TR-046538,Tucson,Raleigh,2417.8,Flatbed,33991.0,1.01242,2.0339,5006.3,5067.1836509525065,60.88365095250629,60.88365095250629,1.216140681791069,1500+
TR-046539,Memphis,Richmond,826.8,Dry Van,29340.0,0.98899,2.00553,1748.43,1760.5940978394917,12.16409783949166,12.16409783949166,0.6957154612704918,751-1000
TR-046540,Oklahoma City,St. Louis,793.2,Reefer,35937.0,0.99048,1.66094,1983.25,1955.5260456256835,-27.723954374316463,27.723954374316463,1.397905174552702,751-1000
TR-046541,Salt Lake City,Providence,2772.4,Flatbed,32785.0,0.97532,2.0898,5723.31,5708.601168767084,-14.708831232916054,14.708831232916054,0.2569986814084167,1500+
TR-046542,Syracuse,Charleston,727.5,Flatbed,29186.0,0.99873,1.99558,1560.71,1679.3361286944955,118.62612869449549,118.62612869449549,7.600779689660186,501-750
TR-046543,San Antonio,Columbia,1146.0,Dry Van,29303.0,1.04837,2.09348,2335.15,2352.224280275925,17.074280275925048,17.074280275925048,0.7311855887598248,1001-1500
TR-046544,New York,Raleigh,463.9,Dry Van,23817.0,0.96862,1.93329,1011.88,1027.6895584487393,15.809558448739267,15.809558448739267,1.562394597060844,251-500
TR-046545,Providence,Albany,537.7,Flatbed,39116.0,1.04464,1.87872,1238.84,1356.623673570035,117.78367357003503,117.78367357003503,9.507577537860824,501-750
TR-046546,Fresno,Columbia,2402.2,Dry Van,47500.0,1.02616,2.25857,4584.52,4718.007530877714,133.48753087771365,133.48753087771365,2.91170135319976,1500+
TR-046547,Hartford,Shreveport,1435.8,Dry Van,38472.0,1.04481,2.10881,2942.45,3097.128119653852,154.67811965385226,154.67811965385226,5.256779882541837,1001-1500
TR-046548,Detroit,Philadelphia,772.9,Dry Van,28844.0,1.03404,2.05049,1604.29,1634.4615750266828,30.17157502668283,30.17157502668283,1.880680863602144,751-1000
TR-046549,Atlanta,Phoenix,1990.6,Dry Van,28073.0,0.99763,2.28514,3721.16,3853.138805164206,131.97880516420628,131.97880516420628,3.5467113793603686,1500+
TR-046550,Grand Rapids,Buffalo,500.0,Flatbed,31219.0,1.0601,1.7689,1185.29,1184.897491541278,-0.39250845872197715,0.39250845872197715,0.03311497259927758,251-500
TR-046551,Harrisburg,Jacksonville,778.3,Flatbed,24685.0,0.99376,1.9517,1726.53,1721.1375947960273,-5.3924052039726575,5.3924052039726575,0.31232618048760563,751-1000
TR-046552,Oklahoma City,Fort Wayne,1161.5,Dry Van,30149.0,1.00192,2.18434,2301.62,2396.5600524656716,94.94005246567167,94.94005246567167,4.124922987533636,1001-1500
TR-046553,Phoenix,Albuquerque,706.0,Reefer,26667.0,1.00471,1.79987,1660.06,1785.3520516765604,125.2920516765605,125.2920516765605,7.547441157341332,501-750
TR-046554,Cincinnati,Charleston,522.9,Dry Van,29657.0,1.00932,1.92947,1141.94,1178.4460536966565,36.50605369665641,36.50605369665641,3.1968451667037154,501-750
TR-046555,Buffalo,Albany,487.9,Dry Van,33803.0,0.99459,1.96498,1060.19,1181.4093207736134,121.21932077361339,121.21932077361339,11.433735535480752,251-500
TR-046556,Charleston,El Paso,2037.3,Dry Van,28018.0,0.99472,2.22917,3839.75,4055.6600191578027,215.9100191578027,215.9100191578027,5.623022831116679,1500+
TR-046557,Memphis,Grand Rapids,663.7,Flatbed,40443.0,1.05759,1.88132,1530.79,1601.503566436731,70.71356643673107,70.71356643673107,4.619416538959039,501-750
TR-046558,Indianapolis,Tucson,1745.0,Reefer,28922.0,0.96876,2.01341,3652.95,3828.298844134999,175.34884413499913,175.34884413499913,4.800198309174753,1500+
TR-046559,Amarillo,Dayton,1343.3,Dry Van,40084.0,0.98818,2.21318,2699.39,2783.3734935286616,83.98349352866171,83.98349352866171,3.1112026616628836,1001-1500
TR-046560,Salt Lake City,Shreveport,1376.3,Reefer,45257.0,1.05788,1.71801,3332.52,3369.9400724897314,37.42007248973141,37.42007248973141,1.1228761564741219,1001-1500
TR-046561,Columbia,Nashville,326.9,Dry Van,24426.0,1.00217,1.77167,780.38,869.0593352829035,88.67933528290348,88.67933528290348,11.363609431674758,251-500
TR-046562,Chattanooga,Salt Lake City,1705.9,Flatbed,27879.0,1.00652,2.04583,3557.23,3663.011477578596,105.78147757859597,105.78147757859597,2.9737036283455374,1500+
TR-046563,Reno,Albany,2833.0,Reefer,44342.0,1.02407,2.08222,5851.62,6061.451225001361,209.83122500136142,209.83122500136142,3.5858655381135724,1500+
TR-046564,Richmond,Philadelphia,274.0,Dry Van,29745.0,1.01147,1.79525,651.91,672.8063926373225,20.896392637322492,20.896392637322492,3.2054106605700934,251-500
TR-046565,Hartford,Madison,1124.0,Flatbed,20309.0,1.05062,2.0139,2381.33,2356.0573142310222,-25.27268576897768,25.27268576897768,1.0612844825781258,1001-1500
TR-046566,Oklahoma City,Los Angeles,1355.9,Reefer,33007.0,1.03783,1.85335,3104.16,3214.245098674655,110.085098674655,110.085098674655,3.546373211260212,1001-1500
TR-046567,Indianapolis,Boston,1266.8,Flatbed,31496.0,1.02577,2.10485,2614.42,2727.0722501533864,112.65225015338638,112.65225015338638,4.308881134377276,1001-1500
TR-046568,Boston,Buffalo,593.1,Dry Van,30501.0,1.01489,2.11358,1229.26,1278.2990420182132,49.039042018213195,49.039042018213195,3.989314060346322,501-750
TR-046569,Birmingham,Charleston,475.0,Dry Van,41423.0,1.01353,1.73124,1144.34,1159.9996272228846,15.659627222884637,15.659627222884637,1.3684418287296292,251-500
TR-046570,Dallas,Atlanta,603.1,Reefer,35994.0,1.0558,1.4988,1590.58,1723.3425715095966,132.76257150959668,132.76257150959668,8.346802519181475,501-750
TR-046571,Louisville,San Francisco,2204.7,Reefer,36190.0,1.0565,2.03321,4717.8,4795.965065707244,78.16506570724414,78.16506570724414,1.656811770470222,1500+
TR-046572,New York,Phoenix,2934.5,Reefer,33479.0,1.01965,2.08238,6053.36,6060.569996192409,7.209996192409562,7.209996192409562,0.11910734191274866,1500+
TR-046573,Columbia,Buffalo,656.3,Reefer,45118.0,1.03573,1.66246,1631.66,1617.4197581736935,-14.240241826306601,14.240241826306601,0.8727456594086146,501-750
TR-046574,Amarillo,Fort Wayne,1363.5,Reefer,25197.0,1.01619,1.94863,2989.44,3063.263155759462,73.82315575946177,73.82315575946177,2.4694643732425394,1001-1500
TR-046575,Grand Rapids,Shreveport,948.6,Dry Van,20282.0,1.00111,2.18517,1851.21,1970.0564648036288,118.8464648036288,118.8464648036288,6.4199342486065225,751-1000
TR-046576,Greensboro,Fresno,2451.3,Reefer,44264.0,1.03649,2.03161,5316.93,5276.648019616343,-40.281980383657356,40.281980383657356,0.7576172788367977,1500+
TR-046577,Phoenix,Buffalo,2646.8,Dry Van,23513.0,1.02745,2.38586,4696.47,4706.445820087043,9.975820087042848,9.975820087042848,0.21241102545194257,1500+
TR-046578,Tucson,Charleston,2232.0,Dry Van,24404.0,1.06275,2.32736,4048.34,4319.462501059567,271.1225010595672,271.1225010595672,6.69712773777813,1500+
TR-046579,Greensboro,Louisville,352.3,Dry Van,11090.0,1.08179,1.82748,807.53,801.8239465681893,-5.7060534318106875,5.7060534318106875,0.7066057523325062,251-500
TR-046580,Buffalo,St. Louis,759.3,Dry Van,35440.0,1.03377,1.98096,1628.52,1653.5445872694947,25.02458726949476,25.02458726949476,1.5366459895791738,751-1000
TR-046581,Atlanta,Tucson,1868.2,Dry Van,47361.0,0.98984,2.0435,3859.48,3819.8375242365196,-39.642475763480434,39.642475763480434,1.0271455160664242,1500+
TR-046582,Oklahoma City,Richmond,1505.8,Dry Van,23177.0,1.03023,2.25096,2912.89,3026.5442921081003,113.65429210810044,113.65429210810044,3.9017708223825975,1500+
TR-046583,Columbia,Shreveport,645.1,Reefer,13316.0,1.04805,1.66524,4892.72,1545.973714290485,-3346.746285709515,3346.746285709515,68.40257128365235,501-750
TR-046584,Cincinnati,San Francisco,2250.8,Dry Van,35873.0,1.01009,2.28934,4314.84,4446.126871206366,131.2868712063655,131.2868712063655,3.042682259512879,1500+
TR-046585,Louisville,Tulsa,582.0,Dry Van,32943.0,1.04416,1.86445,1322.8,1378.8243252200236,56.024325220023684,56.024325220023684,4.235283128214673,501-750
TR-046586,Shreveport,Baton Rouge,184.5,Reefer,47500.0,1.01604,0.81813,612.12,711.2059574633302,99.08595746333015,99.08595746333015,16.18734193676569,0-250
TR-046587,Bakersfield,Green Bay,2019.5,Dry Van,18834.0,1.00811,2.41254,3585.07,3957.4896147211048,372.4196147211046,372.4196147211046,10.388070936442094,1500+
TR-046588,Baltimore,Birmingham,956.4,Dry Van,24220.0,1.02676,2.11046,1959.85,2037.4389852982822,77.5889852982823,77.5889852982823,3.958924677821379,751-1000
TR-046589,Toledo,Montgomery,902.8,Reefer,26400.0,1.04012,1.79292,2105.22,2084.712921042455,-20.507078957544763,20.507078957544763,0.9741062196608794,751-1000
TR-046590,Tampa,Montgomery,277.2,Flatbed,13144.0,1.0055,1.50552,726.82,762.7889842907873,35.96898429078726,35.96898429078726,4.948815977929509,251-500
TR-046591,Tulsa,Austin,470.7,Dry Van,36446.0,1.00072,1.71949,1132.13,1192.912556561936,60.78255656193596,60.78255656193596,5.36886722919947,251-500
TR-046592,Austin,Columbia,1216.6,Dry Van,35000.0,1.04333,1.99677,2583.27,2547.378283139826,-35.8917168601738,35.8917168601738,1.389390844169359,1001-1500
TR-046593,New York,Providence,349.7,Flatbed,31524.0,1.00205,1.59968,873.47,877.2463459009143,3.7763459009142935,3.7763459009142935,0.4323383631852603,251-500
TR-046594,Columbia,Greensboro,131.1,Flatbed,33920.0,1.00802,1.15768,394.73,463.00053736897416,68.27053736897415,68.27053736897415,17.295502588851654,0-250
TR-046595,Syracuse,Grand Rapids,581.4,Dry Van,29523.0,1.01244,2.06749,1211.67,1235.0588797011399,23.388879701139786,23.388879701139786,1.9303011299396524,501-750
TR-046596,Richmond,Dayton,596.7,Dry Van,28815.0,1.03047,2.05505,1225.8,1308.0688472251722,82.2688472251723,82.2688472251723,6.7114412812181685,501-750
TR-046597,New Orleans,Savannah,692.2,Flatbed,30923.0,1.03131,1.76009,1670.77,1661.4973684146921,-9.272631585307863,9.272631585307863,0.5549915060306244,501-750
TR-046598,Greensboro,New York,684.5,Dry Van,19307.0,0.98782,2.19546,1376.74,1388.139446480452,11.39944648045207,11.39944648045207,0.8280028531496194,501-750
TR-046599,Boston,Hartford,180.6,Flatbed,38402.0,1.0447,1.26807,513.66,521.6058271362583,7.945827136258345,7.945827136258345,1.5469040097064877,0-250
TR-046600,Cincinnati,Buffalo,626.1,Reefer,30571.0,0.98484,1.74238,1525.01,1502.4097324510526,-22.600267548947386,22.600267548947386,1.4819750394389142,501-750
TR-046601,Lexington,Providence,1015.4,Dry Van,27544.0,0.99657,2.13489,2052.74,2062.186153754013,9.446153754013267,9.446153754013267,0.4601729275998552,1001-1500
TR-046602,Philadelphia,Lexington,794.5,Flatbed,18769.0,1.02264,2.03995,1720.26,1753.371992535789,33.11199253578911,33.11199253578911,1.924824883203069,751-1000
TR-046603,Phoenix,Lubbock,1154.7,Dry Van,27519.0,1.00492,2.13731,2343.8,2340.007710509916,-3.7922894900843858,3.7922894900843858,0.16180089982440418,1001-1500
TR-046604,St. Louis,Oklahoma City,795.8,Flatbed,36414.0,1.06824,1.72629,1926.44,1895.9723382700056,-30.46766172999446,30.46766172999446,1.5815525907889403,751-1000
TR-046605,Milwaukee,Tampa,956.6,Dry Van,47500.0,1.0056,2.02321,2037.74,2039.313482351426,1.573482351426037,1.573482351426037,0.07721703217417517,751-1000
TR-046606,Los Angeles,Dallas,1556.2,Dry Van,9026.0,1.01877,2.28879,2916.59,3142.769162118655,226.17916211865486,226.17916211865486,7.754917973340608,1500+
TR-046607,Mobile,Lubbock,820.1,Reefer,29688.0,0.96944,1.74154,2022.85,2041.7756869671737,18.92568696717376,18.92568696717376,0.9355951735014343,751-1000
TR-046608,Phoenix,Syracuse,2797.6,Reefer,31130.0,1.0681,2.137,5664.3,6068.602959334096,404.30295933409616,404.30295933409616,7.137739161663332,1500+
TR-046609,San Francisco,El Paso,789.1,Reefer,33582.0,1.03842,1.78175,1881.48,1935.2455659504408,53.76556595044076,53.76556595044076,2.8576209128154835,751-1000
TR-046610,Harrisburg,Boston,543.5,Dry Van,29380.0,1.00372,1.98239,1164.69,1204.9421546897613,40.252154689761255,40.252154689761255,3.4560402072449534,501-750
TR-046611,Tucson,Phoenix,290.9,Reefer,32703.0,1.01081,1.39519,804.22,834.2176191784408,29.9976191784408,29.9976191784408,3.730026507478153,251-500
TR-046612,Albuquerque,Lubbock,825.9,Reefer,26846.0,1.0659,1.79333,1942.88,1998.2085455060724,55.32854550607226,55.32854550607226,2.8477592803504206,751-1000
TR-046613,Kansas City,Indianapolis,176.7,Dry Van,28190.0,0.98957,1.44586,474.38,486.32325333134736,11.943253331347364,11.943253331347364,2.5176553251290876,0-250
TR-046614,Little Rock,Buffalo,1038.6,Flatbed,18497.0,1.05025,2.01241,7151.41,2306.6217960602685,-4844.788203939732,4844.788203939732,67.74591589546301,1001-1500
TR-046615,San Francisco,Washington,2824.2,Flatbed,27419.0,1.09758,2.33519,5187.81,5615.707098809053,427.8970988090523,427.8970988090523,8.248125872170574,1500+
TR-046616,Cincinnati,Shreveport,531.6,Dry Van,30147.0,1.07606,1.85712,1237.21,1258.8593888322598,21.649388832259774,21.649388832259774,1.749855629380604,501-750
TR-046617,Phoenix,Montgomery,2116.9,Dry Van,26997.0,1.04692,2.2271,4052.55,4125.228088093999,72.67808809399867,72.67808809399867,1.7933915212396803,1500+
TR-046618,Reno,Los Angeles,917.0,Dry Van,26402.0,1.04548,2.18331,1794.23,1885.75163409519,91.52163409518994,91.52163409518994,5.1008864022555604,751-1000
TR-046619,Providence,Amarillo,2310.1,Flatbed,29854.0,1.02397,2.08594,4903.84,4812.855945214562,-90.98405478543827,90.98405478543827,1.8553634454924768,1500+
TR-046620,Madison,Corpus Christi,1149.9,Flatbed,39253.0,1.04678,1.962,2588.61,2625.6203884332044,37.0103884332043,37.0103884332043,1.4297398384926387,1001-1500
TR-046621,Amarillo,Albuquerque,409.6,Flatbed,26048.0,1.08232,1.67867,1006.81,1075.8782088329722,69.06820883297223,69.06820883297223,6.86010357793151,251-500
TR-046622,Atlanta,New York,908.9,Reefer,31482.0,1.05713,1.79671,2132.94,2146.398397858195,13.458397858194985,13.458397858194985,0.6309787363073965,751-1000
TR-046623,Providence,Grand Rapids,1130.0,Reefer,5000.0,1.04275,1.96573,2449.96,2497.879392404113,47.91939240411284,47.91939240411284,1.955925500992377,1001-1500
TR-046624,Houston,Amarillo,689.6,Dry Van,41011.0,1.03124,1.80544,1644.47,1652.1362404825622,7.666240482562216,7.666240482562216,0.46618305487860623,501-750
TR-046625,Albuquerque,New York,2299.0,Dry Van,42673.0,1.07975,2.17669,4481.13,4542.444116588267,61.3141165882671,61.3141165882671,1.3682735512753947,1500+
TR-046626,Los Angeles,Memphis,1991.7,Dry Van,41230.0,1.03002,2.15114,4032.37,4013.3483182056034,-19.0216817943965,19.0216817943965,0.47172461342576455,1500+
TR-046627,Jacksonville,Phoenix,2139.9,Dry Van,35110.0,1.01961,2.205,4170.26,4368.033631815728,197.77363181572764,197.77363181572764,4.742477251196032,1500+
TR-046628,Dayton,Buffalo,467.8,Dry Van,27420.0,1.05581,1.99833,1009.38,1016.9845139892409,7.6045139892409,7.6045139892409,0.7533846508986606,251-500
TR-046629,Albany,Amarillo,2256.4,Dry Van,5807.0,1.06671,2.35838,4048.53,4392.858078670488,344.3280786704877,344.3280786704877,8.505014873805743,1500+
TR-046630,Amarillo,Little Rock,843.5,Dry Van,38271.0,1.09031,1.82462,1971.47,1891.3957828753066,-80.0742171246934,80.0742171246934,4.0616502977318145,751-1000
TR-046631,Columbia,Raleigh,396.1,Reefer,28296.0,1.04604,1.62588,1011.13,1057.81685262694,46.686852626940095,46.686852626940095,4.6172947718829525,251-500
TR-046632,Reno,Los Angeles,909.9,Reefer,46507.0,1.0533,1.78765,2157.52,2185.6120852768777,28.092085276877697,28.092085276877697,1.302054454970415,751-1000
TR-046633,Amarillo,Syracuse,1845.8,Dry Van,18321.0,1.06634,2.33005,3353.42,3623.237920281398,269.8179202813981,269.8179202813981,8.046052098496402,1500+
TR-046634,Dayton,Boston,1000.9,Reefer,26151.0,1.08239,1.8727,2241.31,2337.288236638374,95.97823663837426,95.97823663837426,4.282238362313747,1001-1500
TR-046635,Richmond,Montgomery,835.2,Reefer,22215.0,1.05086,1.88139,1890.04,1961.1970796557364,71.15707965573642,71.15707965573642,3.764845170247001,751-1000
TR-046636,Columbia,Mobile,428.9,Reefer,37992.0,1.06126,1.39659,1191.43,1159.3135057334132,-32.11649426658687,32.11649426658687,2.6956257830159447,251-500
TR-046637,Buffalo,Syracuse,150.9,Dry Van,31617.0,1.03534,1.60321,380.11,413.5647089442491,33.45470894424909,33.45470894424909,8.801323023400881,0-250
TR-046638,Tucson,Albuquerque,465.4,Reefer,23160.0,1.06217,1.66536,1158.68,1199.3969611729506,40.716961172950505,40.716961172950505,3.5140816422955865,251-500
TR-046639,Philadelphia,Cincinnati,897.3,Dry Van,33186.0,1.04756,2.03618,1884.25,1905.2050469012215,20.95504690122152,20.95504690122152,1.1121160621584991,751-1000
TR-046640,Fort Wayne,Boston,1006.0,Dry Van,35932.0,1.06566,2.12,2046.68,2130.3769950400597,83.69699504005962,83.69699504005962,4.089403084021909,1001-1500
TR-046641,Phoenix,Buffalo,2637.6,Dry Van,36473.0,1.04076,2.28506,5011.38,5003.335503272136,-8.044496727864498,8.044496727864498,0.16052458061181746,1500+
TR-046642,Amarillo,Providence,2343.7,Reefer,41388.0,1.05397,1.96001,5139.92,5076.388006622006,-63.531993377993786,63.531993377993786,1.236050237707859,1500+
TR-046643,New Orleans,Cincinnati,523.3,Reefer,26051.0,1.04227,1.60231,1342.34,1396.7961668175267,54.456166817526764,54.456166817526764,4.0568087680860865,501-750
TR-046644,Dayton,San Francisco,2416.0,Reefer,36653.0,1.08204,1.88368,5367.21,5085.3627815772215,-281.8472184227785,281.8472184227785,5.251279872089568,1500+
TR-046645,Harrisburg,Reno,2474.7,Dry Van,28763.0,1.05966,2.36499,4407.32,4584.703625320977,177.38362532097744,177.38362532097744,4.024750309053517,1500+
TR-046646,Charleston,Richmond,398.6,Dry Van,33288.0,1.05338,1.84263,910.72,959.7973471008743,49.07734710087425,49.07734710087425,5.3888513594600145,251-500
TR-046647,Mobile,San Antonio,748.4,Reefer,21142.0,1.0128,1.78308,1780.1,1828.496301949598,48.39630194959818,48.39630194959818,2.7187406297173298,501-750
TR-046648,Birmingham,Little Rock,381.7,Flatbed,29207.0,1.06805,1.50216,1003.47,1036.860140196186,33.39014019618594,33.39014019618594,3.327467706676426,251-500
TR-046649,Fort Wayne,Baltimore,847.2,Dry Van,23524.0,1.03259,2.1886,1667.28,1779.9952301683093,112.71523016830929,112.71523016830929,6.760425973340369,751-1000
TR-046650,Boston,Richmond,498.1,Dry Van,37530.0,1.06391,1.79428,1159.83,1115.6826161333865,-44.14738386661338,44.14738386661338,3.806366783633238,251-500
TR-046651,Charleston,Reno,2517.9,Dry Van,28797.0,1.0587,2.33291,4641.2,4781.01602735131,139.81602735131037,139.81602735131037,3.012497357392708,1500+
TR-046652,Hartford,Green Bay,994.2,Flatbed,43335.0,1.02076,1.95552,2204.92,2242.7899417567014,37.86994175670134,37.86994175670134,1.7175199896912967,751-1000
TR-046653,Fort Wayne,Syracuse,529.6,Dry Van,44235.0,1.0162,1.96756,1142.58,1218.3168829282395,75.73688292823954,75.73688292823954,6.628584688007802,501-750
TR-046654,Shreveport,Providence,1550.1,Dry Van,32020.0,1.04291,2.17809,3071.49,3217.195270377344,145.70527037734428,145.70527037734428,4.743797647960576,1500+
TR-046655,Lexington,Cincinnati,134.5,Dry Van,22318.0,1.00052,1.48179,363.25,418.3126026314535,55.0626026314535,55.0626026314535,15.158321440179904,0-250
TR-046656,Hartford,Raleigh,485.6,Dry Van,23772.0,1.00644,1.993,1041.25,1045.6474127520164,4.3974127520164075,4.3974127520164075,0.4223205524145409,251-500
TR-046657,Hartford,Philadelphia,70.0,Dry Van,40162.0,1.06751,1.21286,206.33,294.3485269978464,88.01852699784641,88.01852699784641,42.659102892379394,0-250
TR-046658,Fort Wayne,Little Rock,713.8,Flatbed,39787.0,1.02019,1.78858,1676.94,1755.983793606023,79.04379360602297,79.04379360602297,4.713573151455805,501-750
TR-046659,Richmond,Montgomery,813.3,Dry Van,47500.0,1.0587,2.04274,1745.14,1839.469486264349,94.32948626434882,94.32948626434882,5.405267558152859,751-1000
TR-046660,Buffalo,Fort Wayne,415.3,Dry Van,14274.0,1.03629,2.06814,859.39,915.0497494114986,55.65974941149864,55.65974941149864,6.4766577934929,251-500
TR-046661,Memphis,Richmond,864.1,Reefer,26948.0,1.06385,1.81214,2021.14,2017.0384837703086,-4.10151622969147,4.10151622969147,0.2029308325841589,751-1000
TR-046662,Philadelphia,Charleston,638.0,Flatbed,25271.0,1.02895,1.79283,1470.99,1451.8212096766524,-19.168790323347594,19.168790323347594,1.3031217291312376,501-750
TR-046663,Atlanta,Kansas City,484.5,Dry Van,27617.0,1.0659,1.92629,1089.06,1098.6521481760888,9.592148176088813,9.592148176088813,0.8807731599809756,251-500
TR-046664,San Antonio,Phoenix,1285.7,Flatbed,26426.0,1.04441,1.92273,2824.36,2759.9995450331776,-64.36045496682254,64.36045496682254,2.2787624441226524,1001-1500
TR-046665,New Orleans,Tampa,499.8,Reefer,31391.0,1.0287,1.49356,1336.62,1332.952445971208,-3.667554028791983,3.667554028791983,0.27439018036479956,251-500
TR-046666,Harrisburg,Baton Rouge,1202.1,Flatbed,27051.0,1.05212,1.93024,2595.2,2624.7200790592906,29.520079059290765,29.520079059290765,1.1374876332957293,1001-1500
TR-046667,Amarillo,Buffalo,1735.6,Reefer,37766.0,1.05983,1.87275,3908.33,3965.3834836058354,57.05348360583548,57.05348360583548,1.4597918703342727,1500+
TR-046668,Albuquerque,Lexington,1643.6,Dry Van,21757.0,1.01507,2.20519,9305.14,3194.842403410098,-6110.297596589901,6110.297596589901,65.66583196588016,1500+
TR-046669,Toledo,Baton Rouge,1109.2,Dry Van,11048.0,1.00328,2.22781,2133.09,2223.8021512339174,90.71215123391721,90.71215123391721,4.25261715323391,1001-1500
TR-046670,Cincinnati,Baltimore,913.5,Flatbed,45250.0,1.08104,1.80692,2152.1,2125.478253874101,-26.62174612589888,26.62174612589888,1.2370125052692198,751-1000
TR-046671,Grand Rapids,Tucson,2021.2,Dry Van,38462.0,0.99657,2.22763,849.97,4024.647320469227,3174.677320469227,3174.677320469227,373.5046319833908,1500+
TR-046672,Tucson,Dallas,1292.7,Reefer,28447.0,1.02463,1.85458,2949.86,3042.6553372123008,92.79533721230064,92.79533721230064,3.1457539412819804,1001-1500
TR-046673,Raleigh,Savannah,366.6,Reefer,18262.0,1.07449,1.46991,969.41,942.599148278485,-26.81085172151495,26.81085172151495,2.7656875544418718,251-500
TR-046674,Fort Wayne,Toledo,100.5,Reefer,38021.0,1.06304,0.95467,321.41,421.61309389839266,100.20309389839264,100.20309389839264,31.176097165113916,0-250
TR-046675,Lexington,Bakersfield,2161.9,Dry Van,30038.0,1.02109,2.21872,4139.61,4112.920932448651,-26.68906755134867,26.68906755134867,0.6447242023125047,1500+
TR-046676,Dallas,Hartford,1591.9,Dry Van,29533.0,1.07512,2.1659,3197.79,3310.8063276815283,113.01632768152831,113.01632768152831,3.5342010476462904,1500+
TR-046677,New York,Savannah,745.4,Dry Van,34450.0,1.05535,2.00953,1596.29,1604.2732778584682,7.983277858468227,7.983277858468227,0.5001145066665974,501-750
TR-046678,Louisville,Philadelphia,958.0,Reefer,32137.0,1.00424,1.94637,2167.17,2205.7091731368537,38.539173136853606,38.539173136853606,1.7783179509154152,751-1000
TR-046679,Toledo,Richmond,560.2,Flatbed,41623.0,1.015,1.82836,1306.45,1406.013268040213,99.56326804021296,99.56326804021296,7.620901530116956,501-750
TR-046680,Buffalo,Grand Rapids,506.5,Dry Van,22616.0,1.02864,2.01448,1080.08,1061.1911097669513,-18.88889023304864,18.88889023304864,1.7488417740397604,501-750
TR-046681,Kansas City,Houston,755.3,Flatbed,28212.0,1.07027,1.77393,1786.5,1788.4503579874945,1.950357987494499,1.950357987494499,0.10917201161458152,751-1000
TR-046682,Amarillo,New York,1999.9,Reefer,37612.0,1.04887,1.85311,4514.59,4389.885757179471,-124.70424282052954,124.70424282052954,2.762249569075587,1500+
TR-046683,Richmond,Green Bay,833.7,Dry Van,33690.0,1.05918,2.10201,1693.15,1864.7443363702955,171.59433637029542,171.59433637029542,10.134621053674833,751-1000
TR-046684,Tampa,Columbia,588.2,Flatbed,35514.0,1.06134,1.63946,1431.47,1514.762590515801,83.29259051580107,83.29259051580107,5.8186752440359255,501-750
TR-046685,Indianapolis,Buffalo,688.7,Dry Van,27361.0,1.00773,2.04926,1443.55,1501.4999974698574,57.94999746985741,57.94999746985741,4.01440874717588,501-750
TR-046686,Birmingham,Nashville,197.2,Dry Van,31496.0,1.07978,1.35485,546.54,625.1236778101947,78.58367781019479,78.58367781019479,14.378394593295054,0-250
TR-046687,Reno,Las Vegas,580.2,Reefer,34351.0,1.06774,1.58633,1462.18,1440.1044085954263,-22.075591404573743,22.075591404573743,1.5097724907038628,501-750
TR-046688,Tucson,Amarillo,633.4,Dry Van,15563.0,1.02295,2.02591,1377.08,1386.8956840386272,9.815684038627296,9.815684038627296,0.7127896737028566,501-750
TR-046689,Syracuse,Fresno,2732.4,Flatbed,13588.0,1.09963,2.25018,5099.7,5187.636444584834,87.93644458483413,87.93644458483413,1.724345443552251,1500+
TR-046690,Greensboro,San Francisco,2513.6,Dry Van,30763.0,1.03025,2.12152,4880.25,4869.918306986972,-10.331693013027689,10.331693013027689,0.21170417525798244,1500+
TR-046691,Corpus Christi,Bakersfield,1480.5,Reefer,33988.0,1.05871,1.86079,3442.11,3504.928447196847,62.818447196847046,62.818447196847046,1.824998248075949,1001-1500
TR-046692,Phoenix,Shreveport,1664.5,Dry Van,22675.0,1.05638,2.20721,3305.45,3346.9268521170043,41.476852117004455,41.476852117004455,1.2548019820903193,1500+
TR-046693,Hartford,Kansas City,1148.2,Dry Van,25315.0,1.02719,2.15978,2266.92,2304.1661391402463,37.246139140246214,37.246139140246214,1.6430283883086396,1001-1500
TR-046694,Lubbock,Bakersfield,1184.5,Flatbed,44965.0,1.05585,1.84087,2714.72,2820.8658133576746,106.1458133576748,106.1458133576748,3.9100096274265783,1001-1500
TR-046695,Cincinnati,New Orleans,532.0,Dry Van,32314.0,1.05852,1.83951,1242.06,1204.9901066035213,-37.06989339647862,37.06989339647862,2.984549329056456,501-750
TR-046696,Milwaukee,Houston,837.5,Dry Van,34970.0,1.02168,1.9692,1845.46,1860.3550134425966,14.895013442596564,14.895013442596564,0.8071165694513327,751-1000
TR-046697,Shreveport,Harrisburg,1092.5,Reefer,26760.0,1.01521,1.87138,2500.44,2466.77032915857,-33.66967084143016,33.66967084143016,1.3465498408852106,1001-1500
TR-046698,Richmond,Harrisburg,160.0,Dry Van,42864.0,1.0802,1.60235,413.84,482.08230970891145,68.24230970891148,68.24230970891148,16.49002264375398,0-250
TR-046699,Cincinnati,Buffalo,665.5,Reefer,32782.0,1.03395,1.78215,1587.93,1584.2298893535367,-3.700110646463372,3.700110646463372,0.23301472019946548,501-750
TR-046700,Fresno,Tucson,491.9,Flatbed,38840.0,1.04433,1.61572,1253.74,1257.338885039187,3.598885039187053,3.598885039187053,0.2870519437193559,251-500
TR-046701,Baton Rouge,Bakersfield,1629.8,Flatbed,29747.0,1.07419,1.95209,3568.3,3637.2259088374694,68.92590883746925,68.92590883746925,1.9316175444180492,1500+
TR-046702,Fresno,San Antonio,1508.0,Dry Van,31109.0,1.07487,2.00677,3088.52,3098.646848132689,10.126848132688792,10.126848132688792,0.3278867591172728,1500+
TR-046703,Lexington,Raleigh,517.2,Dry Van,20684.0,1.03056,1.98114,1125.09,1105.987261971221,-19.10273802877896,19.10273802877896,1.6978853272875023,501-750
TR-046704,Montgomery,San Antonio,887.0,Dry Van,47500.0,1.0528,1.88383,2035.6,2062.21196546361,26.611965463609977,26.611965463609977,1.3073278376699733,751-1000
TR-046705,Columbia,Washington,542.3,Dry Van,24151.0,1.01092,1.97249,1169.61,1180.879354130129,11.269354130129159,11.269354130129159,0.963513831972124,501-750
TR-046706,Grand Rapids,Tucson,2027.0,Dry Van,25458.0,1.02712,2.32593,3717.95,3909.169930408181,191.21993040818097,191.21993040818097,5.14315497540798,1500+
TR-046707,Fort Wayne,Tucson,2004.4,Dry Van,30058.0,1.07236,2.30212,3829.0,3872.1275219086665,43.127521908666495,43.127521908666495,1.1263390417515406,1500+
TR-046708,Birmingham,Indianapolis,451.2,Dry Van,35649.0,1.0203,1.78492,1075.14,1087.5385409891849,12.398540989184767,12.398540989184767,1.153202465649568,251-500
TR-046709,Montgomery,Los Angeles,2120.3,Dry Van,32997.0,1.0242,2.28463,4018.27,4294.571143450707,276.3011434507066,276.3011434507066,6.876121899491737,1500+
TR-046710,Cincinnati,Raleigh,622.1,Dry Van,33806.0,1.04535,1.87269,1428.98,1385.8721209552943,-43.10787904470567,43.10787904470567,3.0166887601439956,501-750
TR-046711,Mobile,Fresno,2168.0,Dry Van,20844.0,1.09173,2.23167,4100.18,4162.622983172375,62.442983172374625,62.442983172374625,1.5229327291088346,1500+
TR-046712,Tulsa,Richmond,1209.1,Reefer,29921.0,1.07653,1.85978,2780.68,2895.314186037011,114.6341860370112,114.6341860370112,4.122523484795489,1001-1500
TR-046713,Richmond,Atlanta,677.2,Dry Van,37259.0,1.06222,1.9326,1518.72,1519.1837397211013,0.46373972110131945,0.46373972110131945,0.03053490578258793,501-750
TR-046714,Cincinnati,Corpus Christi,948.2,Reefer,21662.0,1.02908,1.85166,2200.86,2165.884715806158,-34.97528419384207,34.97528419384207,1.5891644263534288,751-1000
TR-046715,Cincinnati,San Antonio,1038.4,Dry Van,45473.0,1.07234,1.94007,2308.44,2250.875533777561,-57.56446622243902,57.56446622243902,2.493652259640234,1001-1500
TR-046716,San Antonio,Tulsa,410.9,Flatbed,30060.0,1.0704,1.45989,1109.65,1112.2768981241638,2.626898124163745,2.626898124163745,0.23673213393085607,251-500
TR-046717,San Francisco,Syracuse,2845.4,Dry Van,40827.0,1.08654,2.25066,5354.03,5388.406199730687,34.376199730687404,34.376199730687404,0.6420621425484617,1500+
TR-046718,Grand Rapids,Indianapolis,439.1,Dry Van,27151.0,1.04008,1.99794,972.57,1015.9223477719484,43.3523477719483,43.3523477719483,4.4575041150712345,251-500
TR-046719,Tampa,Montgomery,277.5,Dry Van,34124.0,1.01364,1.52862,722.84,748.804075345648,25.964075345647984,25.964075345647984,3.591953315484476,251-500
TR-046720,Syracuse,Raleigh,616.7,Flatbed,30145.0,1.01847,1.8847,572.98,1426.701780351984,853.7217803519841,853.7217803519841,148.99678528953612,501-750
TR-046721,Atlanta,Indianapolis,348.2,Flatbed,44569.0,1.03467,1.5148,921.11,986.6504349208556,65.54043492085555,65.54043492085555,7.11537546230695,251-500
TR-046722,Nashville,Fresno,2100.1,Dry Van,33105.0,1.06987,2.19379,4135.5,4139.156264923058,3.6562649230581883,3.6562649230581883,0.08841167750110479,1500+
TR-046723,Reno,Boston,2980.2,Dry Van,33906.0,1.05371,2.20798,5618.27,5648.871647705015,30.60164770501433,30.60164770501433,0.5446809730577976,1500+
TR-046724,Little Rock,Memphis,230.8,Dry Van,15908.0,1.11018,1.48883,612.01,676.5952532652282,64.58525326522818,64.58525326522818,10.552973524162706,0-250
TR-046725,Fort Wayne,Richmond,599.8,Flatbed,31176.0,1.07856,1.90963,1371.1,1417.172948738524,46.07294873852402,46.07294873852402,3.3602909152158142,501-750
TR-046726,New Orleans,San Antonio,509.1,Dry Van,34365.0,1.00605,1.69639,1230.04,1295.1886985450337,65.14869854503377,65.14869854503377,5.296469915208755,501-750
TR-046727,New York,Greensboro,661.5,Flatbed,39124.0,1.05417,1.74409,1563.23,1570.688213867868,7.458213867867926,7.458213867867926,0.47710278512233806,501-750
TR-046728,Toledo,San Francisco,2436.5,Dry Van,16966.0,1.03408,2.38908,4268.73,4406.232373990375,137.50237399037542,137.50237399037542,3.221154160379678,1500+
TR-046729,Detroit,Jacksonville,955.2,Reefer,30452.0,1.0558,1.91102,2114.63,2224.518361458543,109.88836145854293,109.88836145854293,5.196576302168367,751-1000
TR-046730,Buffalo,Hartford,447.5,Dry Van,35444.0,1.03782,1.92648,990.67,1055.8861940440295,65.21619404402952,65.21619404402952,6.583039159763546,251-500
TR-046731,Kansas City,Atlanta,479.3,Dry Van,36432.0,1.07167,1.72672,4635.85,1140.26523711985,-3495.5847628801503,3495.5847628801503,75.40331897883128,251-500
TR-046732,Oklahoma City,Green Bay,1190.0,Dry Van,26817.0,1.04804,2.13326,2393.29,2399.151998808027,5.861998808027238,5.861998808027238,0.2449347470648036,1001-1500
TR-046733,Dayton,Fresno,2310.6,Flatbed,18351.0,1.05342,2.11856,4605.7,4583.949920061943,-21.750079938056842,21.750079938056842,0.4722426544945794,1500+
TR-046734,Harrisburg,Tucson,2415.1,Reefer,22119.0,1.03341,2.10512,4970.7,4926.177780038626,-44.522219961373594,44.522219961373594,0.8956931611518216,1500+
TR-046735,Providence,Harrisburg,586.3,Dry Van,25254.0,1.03689,2.02976,1245.2,1255.5453480012645,10.345348001264483,10.345348001264483,0.8308181819197303,501-750
TR-046736,Buffalo,Las Vegas,2367.8,Flatbed,38393.0,1.14113,2.14387,4815.53,4926.191790477129,110.66179047712922,110.66179047712922,2.298018919560863,1500+
TR-046737,Savannah,New York,790.3,Dry Van,32652.0,1.00882,2.08399,1624.97,1672.7330570026897,47.76305700268972,47.76305700268972,2.939319310675872,751-1000
TR-046738,Fresno,Richmond,2799.4,Dry Van,25760.0,1.04964,2.32697,5035.02,5245.749469743053,210.7294697430525,210.7294697430525,4.185275723692309,1500+
TR-046739,Shreveport,Toledo,940.3,Dry Van,25254.0,1.02727,2.17406,1853.8,1884.956167212927,31.15616721292713,31.15616721292713,1.680664969949678,751-1000
TR-046740,Reno,Chattanooga,2003.5,Dry Van,42071.0,1.04408,2.2238,3895.0,3951.4808904199026,56.48089041990261,56.48089041990261,1.450087045440375,1500+
TR-046741,Lexington,San Francisco,2451.1,Flatbed,47500.0,1.00769,2.03086,5150.17,4984.257882160001,-165.91211783999915,165.91211783999915,3.221488180778482,1500+
TR-046742,Grand Rapids,Buffalo,500.4,Flatbed,20690.0,1.04795,1.91572,1112.23,1149.9460735839502,37.71607358395022,37.71607358395022,3.3910318534790664,501-750
TR-046743,Philadelphia,Richmond,275.2,Dry Van,29501.0,1.09072,1.82666,654.13,662.0327869230939,7.902786923093913,7.902786923093913,1.2081370557983755,251-500
TR-046744,Lexington,Chattanooga,219.1,Dry Van,31913.0,1.05872,1.50629,583.45,623.0645313697428,39.614531369742735,39.614531369742735,6.789704579611404,0-250
TR-046745,Charleston,Fort Wayne,695.5,Reefer,26460.0,1.0736,1.91771,1596.84,1686.3055125203855,89.46551252038557,89.46551252038557,5.602659785600659,501-750
TR-046746,Baton Rouge,Los Angeles,1681.0,Reefer,24409.0,1.0233,1.94735,3731.56,3699.9939231310427,-31.566076868957225,31.566076868957225,0.8459217289540361,1500+
TR-046747,Nashville,Montgomery,364.3,Dry Van,29655.0,1.05102,1.76168,863.63,877.8341361741391,14.20413617413908,14.20413617413908,1.644701570596098,251-500
TR-046748,Atlanta,Bakersfield,2049.1,Dry Van,25351.0,1.09233,2.25519,3944.99,3993.8825576265067,48.892557626506914,48.892557626506914,1.2393582145076898,1500+
TR-046749,Montgomery,Hartford,1113.4,Dry Van,18855.0,1.03566,2.19571,2142.57,2385.145376359381,242.5753763593807,242.5753763593807,11.321701338083736,1001-1500
TR-046750,Dayton,Greensboro,383.7,Dry Van,40511.0,1.0482,1.78855,924.83,922.63441354571,-2.195586454290037,2.195586454290037,0.23740432882692356,251-500
TR-046751,Charleston,Baton Rouge,929.1,Reefer,26726.0,1.08197,1.78918,2187.86,2169.8286996817837,-18.03130031821638,18.03130031821638,0.8241523826120675,751-1000
TR-046752,Fresno,Greensboro,2433.2,Dry Van,29263.0,1.00585,2.24195,4645.48,4667.674372239197,22.194372239197037,22.194372239197037,0.47776273365071076,1500+
TR-046753,Toledo,Raleigh,687.4,Dry Van,34127.0,1.02994,2.00216,1480.07,1542.6730435313293,62.60304353132938,62.60304353132938,4.229735318689615,501-750
TR-046754,Mobile,Raleigh,785.0,Dry Van,34610.0,1.04064,1.96637,1706.94,1737.4447553794078,30.504755379407698,30.504755379407698,1.7871017949903159,751-1000
TR-046755,Baltimore,San Antonio,1876.2,Dry Van,44841.0,1.04025,2.13665,3748.08,3838.739318035514,90.65931803551393,90.65931803551393,2.418820250248499,1500+
TR-046756,Charleston,Shreveport,866.3,Dry Van,26139.0,1.03622,2.05575,1852.24,1908.175174434715,55.93517443471501,55.93517443471501,3.019866455465545,751-1000
TR-046757,Amarillo,Atlanta,1235.4,Dry Van,41020.0,1.0388,2.03584,2619.79,2619.3207414167946,-0.4692585832053737,0.4692585832053737,0.01791206864692871,1001-1500
TR-046758,Louisville,Fort Wayne,374.3,Reefer,22156.0,1.01611,1.59919,939.94,935.9921140034442,-3.947885996555897,3.947885996555897,0.4200146814217819,251-500
TR-046759,Shreveport,Montgomery,434.4,Dry Van,34725.0,1.06346,1.73177,1062.75,1158.604403136361,95.85440313636104,95.85440313636104,9.019468655503275,251-500
TR-046760,Baton Rouge,Tampa,465.8,Dry Van,41245.0,1.02667,1.63736,1153.14,1178.8923829122773,25.7523829122772,25.7523829122772,2.2332399285669733,251-500
TR-046761,Philadelphia,Oklahoma City,1771.3,Flatbed,32984.0,1.02816,1.98815,3789.36,3839.733507374339,50.373507374338715,50.373507374338715,1.3293407692681274,1500+
TR-046762,Montgomery,Mobile,185.8,Reefer,40298.0,1.07377,0.97459,596.86,633.7461287893314,36.88612878933134,36.88612878933134,6.180030290073272,0-250
TR-046763,Oklahoma City,Harrisburg,1490.2,Dry Van,36475.0,1.0123,2.04302,3084.04,3097.0769973467336,13.036997346733642,13.036997346733642,0.4227246516495779,1001-1500
TR-046764,Shreveport,Tampa,508.3,Dry Van,34762.0,1.05155,1.70941,1255.82,1219.0257097183173,-36.794290281682606,36.794290281682606,2.929901600681834,501-750
TR-046765,Houston,Amarillo,693.2,Flatbed,34490.0,1.0293,1.59767,1761.27,1774.1958405891496,12.92584058914963,12.92584058914963,0.7338931900929233,501-750
TR-046766,Cincinnati,Oklahoma City,916.9,Reefer,35276.0,0.99948,1.67572,2288.92,2260.617717206028,-28.302282793972154,28.302282793972154,1.2364906940378935,751-1000
TR-046767,Corpus Christi,Greensboro,1066.2,Dry Van,32494.0,0.99099,2.07957,2211.88,2267.924703874374,56.04470387437368,56.04470387437368,2.5338039981542253,1001-1500
TR-046768,Shreveport,Tucson,1451.4,Dry Van,38115.0,0.96682,2.12558,3003.33,3100.89869817827,97.5686981782701,97.5686981782701,3.2486839001465073,1001-1500
TR-046769,Houston,Hartford,1612.3,Flatbed,32428.0,1.01235,1.90348,3553.74,3571.6344275544407,17.89442755444088,17.89442755444088,0.5035378940057765,1500+
TR-046770,El Paso,Corpus Christi,1054.4,Dry Van,27138.0,0.9638,2.1826,2133.6,2239.2338796312865,105.63387963128662,105.63387963128662,4.95096923656199,1001-1500
TR-046771,Amarillo,Reno,1087.7,Dry Van,19712.0,1.01937,2.19324,2137.08,2211.708634075917,74.62863407591703,74.62863407591703,3.4920842493456976,1001-1500
TR-046772,Chattanooga,Milwaukee,376.5,Dry Van,28895.0,1.01566,1.83235,882.15,907.3659906396088,25.215990639608776,25.215990639608776,2.8584697205247154,251-500
TR-046773,Shreveport,Tulsa,207.0,Dry Van,31262.0,1.05427,1.41105,568.79,598.2060090969414,29.41600909694148,29.41600909694148,5.171681832827842,0-250
TR-046774,Bakersfield,Syracuse,2586.1,Flatbed,31496.0,1.01163,2.12132,5267.14,5213.477556103006,-53.66244389699477,53.66244389699477,1.0188155981613318,1500+
TR-046775,Tucson,New York,2632.8,Flatbed,33894.0,0.99461,2.14067,5090.24,5355.728853141976,265.4888531419765,265.4888531419765,5.215645100073406,1500+
TR-046776,Chattanooga,Montgomery,345.9,Dry Van,33315.0,1.02052,1.63959,842.01,888.0357581720311,46.025758172031146,46.025758172031146,5.466177144218139,251-500
TR-046777,Houston,Montgomery,615.8,Dry Van,27637.0,0.97569,1.91136,1398.76,1345.308371516053,-53.451628483946934,53.451628483946934,3.8213580945942787,501-750
TR-046778,Hartford,Atlanta,1001.8,Dry Van,41352.0,1.00102,2.0499,537.57,2124.9439847954222,1587.373984795422,1587.373984795422,295.28693654694683,1001-1500
TR-046779,Hartford,Corpus Christi,1832.4,Dry Van,37225.0,0.98155,2.22628,3574.44,3722.055415033604,147.61541503360377,147.61541503360377,4.129749416233137,1500+
TR-046780,Lexington,Philadelphia,818.5,Reefer,34250.0,0.9823,1.83733,1894.78,1943.2793582647002,48.49935826470028,48.49935826470028,2.559630050174705,751-1000
TR-046781,Cincinnati,Savannah,435.1,Dry Van,47500.0,0.95784,1.83974,1015.18,1036.5871170566804,21.407117056680477,21.407117056680477,2.10870161515007,251-500
TR-046782,Amarillo,Shreveport,836.0,Reefer,30314.0,0.99266,1.68221,2059.56,2132.2156397236354,72.65563972363543,72.65563972363543,3.5277262970554597,751-1000
TR-046783,Tulsa,Little Rock,201.7,Dry Van,25694.0,0.98407,1.48909,526.96,590.4084456319165,63.44844563191646,63.44844563191646,12.040467138286862,0-250
TR-046784,Providence,Charleston,726.1,Reefer,37856.0,0.97271,1.56557,1841.3,1804.9627438312714,-36.33725616872857,36.33725616872857,1.9734565887540638,501-750
TR-046785,Baton Rouge,Jacksonville,572.4,Dry Van,37655.0,1.01311,1.87587,1316.74,1393.1347021982983,76.39470219829832,76.39470219829832,5.801806142313465,501-750
TR-046786,Toledo,Charleston,721.5,Reefer,20638.0,0.95163,1.86844,1620.85,1685.7911061875375,64.94110618753757,64.94110618753757,4.0066080258838,501-750
TR-046787,Cincinnati,Baton Rouge,654.4,Reefer,29811.0,0.9853,1.66467,1602.69,1650.2308261068106,47.54082610681053,47.54082610681053,2.9663145153966473,501-750
TR-046788,Charleston,Toledo,725.4,Dry Van,34685.0,0.99132,2.08544,1542.94,1578.2384007500332,35.298400750033124,35.298400750033124,2.287736447952164,501-750
TR-046789,El Paso,Bakersfield,444.8,Dry Van,35706.0,0.98834,1.77406,1030.9,1089.6159283773302,58.7159283773301,58.7159283773301,5.695598833769531,251-500
TR-046790,Baton Rouge,Mobile,334.9,Dry Van,33639.0,0.96612,1.60021,848.27,956.439888877497,108.16988887749699,108.16988887749699,12.751822990026406,251-500
TR-046791,Raleigh,St. Louis,859.7,Reefer,28988.0,0.98847,1.94299,1942.11,2005.2737499218113,63.16374992181136,63.16374992181136,3.252326074311515,751-1000
TR-046792,Baton Rouge,Tampa,449.4,Dry Van,31371.0,1.00966,1.74941,1080.16,1109.9652542863153,29.805254286315176,29.805254286315176,2.7593369765882065,251-500
TR-046793,Cincinnati,Atlanta,201.1,Dry Van,37704.0,0.9779,1.5304,539.01,596.9594289930556,57.94942899305556,57.94942899305556,10.751086063905227,0-250
TR-046794,Green Bay,Greensboro,732.2,Dry Van,47500.0,1.0354,2.00922,1612.83,1610.8769281398877,-1.9530718601122317,1.9530718601122317,0.12109595308322835,501-750
TR-046795,Reno,Las Vegas,580.7,Dry Van,44186.0,0.99571,1.89536,1313.54,1286.48608492611,-27.05391507389004,27.05391507389004,2.0596186696933505,501-750
TR-046796,Savannah,San Antonio,1148.2,Dry Van,24208.0,0.99263,2.11106,2270.13,2425.8030975991996,155.67309759919954,155.67309759919954,6.85745299164363,1001-1500
TR-046797,Philadelphia,San Francisco,3071.2,Dry Van,38400.0,1.01619,2.20879,5919.08,5902.872663474644,-16.207336525356368,16.207336525356368,0.27381512879292674,1500+
TR-046798,Greensboro,Kansas City,611.9,Flatbed,35023.0,0.97671,1.64186,1522.89,1475.5714937743728,-47.31850622562729,47.31850622562729,3.1071519430574295,501-750
TR-046799,Milwaukee,San Francisco,2097.2,Dry Van,42878.0,1.0081,2.23392,4063.42,4174.019919455226,110.59991945522597,110.59991945522597,2.7218431630307958,1500+
TR-046800,Tulsa,Greensboro,811.1,Reefer,30994.0,0.98408,1.64928,2003.53,1991.9889940455027,-11.541005954497223,11.541005954497223,0.5760335984236433,751-1000
TR-046801,Green Bay,Houston,1204.1,Dry Van,34695.0,0.99617,2.1,2485.6,2519.7923919737377,34.19239197373781,34.19239197373781,1.3756192458053513,1001-1500
TR-046802,Reno,Hartford,2800.4,Dry Van,12307.0,0.97805,2.41793,4817.06,5268.566583521211,451.5065835212108,451.5065835212108,9.373073690616492,1500+
TR-046803,Fresno,Syracuse,2776.7,Reefer,26962.0,0.9454,2.15022,5560.64,5561.947495811119,1.307495811118315,1.307495811118315,0.02351340513175309,1500+
TR-046804,El Paso,Las Vegas,341.2,Dry Van,18475.0,0.9897,1.8025,786.95,815.3493959455191,28.399395945519018,28.399395945519018,3.608792927825023,251-500
TR-046805,Mobile,Memphis,334.7,Dry Van,46941.0,0.94927,1.70542,831.97,902.3712736099985,70.4012736099985,70.4012736099985,8.461996659735146,251-500
TR-046806,Amarillo,Madison,1158.2,Dry Van,35564.0,0.98517,2.00198,2488.38,2463.7475871522324,-24.632412847767682,24.632412847767682,0.9898975577591719,1001-1500
TR-046807,Cincinnati,El Paso,1579.0,Reefer,26361.0,1.02683,1.92747,3544.56,3520.16574678444,-24.39425321555973,24.39425321555973,0.6882166817760097,1500+
TR-046808,Los Angeles,Albuquerque,744.7,Dry Van,30339.0,0.9871,2.05907,1578.16,1619.5694215620497,41.4094215620496,41.4094215620496,2.623905152966087,501-750
TR-046809,Hartford,Phoenix,2946.0,Reefer,15637.0,1.03025,2.05012,6105.86,5876.565708331613,-229.2942916683869,229.2942916683869,3.755315249094917,1500+
TR-046810,Richmond,El Paso,2235.7,Dry Van,33116.0,1.02173,2.19456,4422.7,4384.566416492643,-38.13358350735689,38.13358350735689,0.8622240601297148,1500+
TR-046811,Hartford,Fort Wayne,820.2,Reefer,39313.0,1.02282,1.65106,2020.54,1954.2831907707277,-66.25680922927222,66.25680922927222,3.2791634528033207,751-1000
TR-046812,Fresno,Charleston,2713.3,Reefer,31434.0,1.02376,1.98752,5842.97,5543.132646130396,-299.83735386960416,299.83735386960416,5.131591534264324,1500+
TR-046813,Fresno,Oklahoma City,1455.9,Dry Van,25788.0,0.9829,2.18997,2829.31,2970.982677123826,141.6726771238259,141.6726771238259,5.0073225317772145,1001-1500
TR-046814,Providence,Oklahoma City,1994.1,Dry Van,44086.0,1.01292,2.01362,4112.14,3948.686247284577,-163.45375271542343,163.45375271542343,3.9749072919556103,1500+
TR-046815,Tampa,Albuquerque,1650.7,Dry Van,36003.0,0.98492,2.10429,3326.87,3445.8097062315965,118.93970623159657,118.93970623159657,3.57512335112573,1500+
TR-046816,Syracuse,Mobile,1143.1,Flatbed,19245.0,1.01927,2.07786,2364.43,2522.5584846602487,158.1284846602489,158.1284846602489,6.687805714707092,1001-1500
TR-046817,Lexington,Cincinnati,132.4,Reefer,32197.0,1.00213,1.05032,410.84,485.7935142810802,74.95351428108023,74.95351428108023,18.243967062866382,0-250
TR-046818,Detroit,Cincinnati,567.9,Dry Van,32737.0,0.98731,1.86305,1273.33,1278.0407469014124,4.710746901412449,4.710746901412449,0.36995491360546356,501-750
TR-046819,Fort Wayne,Baton Rouge,1019.9,Reefer,31496.0,1.01916,1.68375,2496.4,2341.0089177426235,-155.39108225737664,155.39108225737664,6.224606723977593,1001-1500
TR-046820,Philadelphia,Indianapolis,977.6,Dry Van,27897.0,0.92046,2.15429,1930.19,2008.2286069988832,78.0386069988831,78.0386069988831,4.043053119065123,751-1000
TR-046821,Lubbock,Phoenix,1166.0,Dry Van,26246.0,1.01321,2.18184,2322.58,2398.6740462262014,76.0940462262015,76.0940462262015,3.2762723448148825,1001-1500
TR-046822,Los Angeles,San Antonio,1295.4,Reefer,29772.0,0.97672,1.89348,2919.45,3009.157162649772,89.70716264977227,89.70716264977227,3.0727418743178436,1001-1500
TR-046823,Atlanta,Dayton,405.6,Reefer,15446.0,0.99967,1.58514,1032.25,1051.098676714305,18.84867671430493,18.84867671430493,1.8259798221656507,251-500
TR-046824,Memphis,Kansas City,331.8,Dry Van,14249.0,0.98877,1.79788,781.04,787.1759055059802,6.13590550598019,6.13590550598019,0.785607075947479,251-500
TR-046825,Baltimore,Raleigh,387.9,Dry Van,17683.0,1.02154,1.94721,856.78,897.10524495653,40.325244956530014,40.325244956530014,4.706604374113543,251-500
TR-046826,Hartford,Atlanta,976.0,Flatbed,35669.0,1.02641,1.93376,2152.48,2261.477637512037,108.99763751203682,108.99763751203682,5.063816505242177,751-1000
TR-046827,Hartford,Harrisburg,371.7,Reefer,19591.0,0.99322,1.69562,914.61,946.1353141294021,31.52531412940209,31.52531412940209,3.446858675216988,251-500
TR-046828,El Paso,Grand Rapids,1717.1,Dry Van,31125.0,1.00405,2.30343,3218.52,3397.3925188875223,178.87251888752235,178.87251888752235,5.557601595998234,1500+
TR-046829,Buffalo,Baltimore,481.2,Dry Van,38220.0,0.97458,1.92847,1056.33,1122.786827648623,66.45682764862318,66.45682764862318,6.291294164571978,251-500
TR-046830,Toledo,Fort Wayne,94.1,Dry Van,25856.0,0.99464,1.50495,247.16,319.0684223278049,71.90842232780491,71.90842232780491,29.093875355156545,0-250
TR-046831,Oklahoma City,Amarillo,445.6,Reefer,34284.0,0.98981,1.35734,1241.29,1193.542184772095,-47.747815227904994,47.747815227904994,3.8466285258001753,251-500
TR-046832,Washington,Lubbock,1666.9,Dry Van,32823.0,0.99956,2.20231,3273.81,3454.622968260288,180.81296826028802,180.81296826028802,5.523013499875925,1500+
TR-046833,Montgomery,Philadelphia,1057.7,Dry Van,14271.0,0.97349,2.16037,2064.72,2280.671538925016,215.9515389250164,215.9515389250164,10.459119828597409,1001-1500
TR-046834,Montgomery,Indianapolis,623.0,Dry Van,29725.0,0.97087,1.92346,1351.0,1441.7636699571124,90.76366995711237,90.76366995711237,6.718258323990553,501-750
TR-046835,Albuquerque,New Orleans,1169.9,Dry Van,29297.0,0.98146,2.11693,2366.54,2467.833344591229,101.29334459122902,101.29334459122902,4.280229558394493,1001-1500
TR-046836,Lexington,Tulsa,721.5,Dry Van,24830.0,1.00637,1.93732,1549.05,1561.6611190424503,12.611119042450355,12.611119042450355,0.8141195598883415,501-750
TR-046837,Baton Rouge,Dayton,901.2,Dry Van,38746.0,0.98533,1.99386,1963.48,1950.2195169038723,-13.2604830961277,13.2604830961277,0.6753561582561421,751-1000
TR-046838,Shreveport,Green Bay,981.1,Reefer,18224.0,1.00263,1.95801,2183.37,2219.0149018718043,35.64490187180445,35.64490187180445,1.6325635083290717,751-1000
TR-046839,Montgomery,Fresno,2328.4,Dry Van,27884.0,1.01272,2.20694,4612.68,4814.759418620419,202.07941862041844,202.07941862041844,4.380954642863117,1500+
TR-046840,Kansas City,Grand Rapids,446.8,Reefer,34757.0,1.00273,1.61563,1146.4,1174.9719832563549,28.57198325635477,28.57198325635477,2.492322335690402,251-500
TR-046841,New York,Bakersfield,2873.6,Dry Van,24415.0,1.00421,2.40165,5041.36,5173.809261386017,132.4492613860175,132.4492613860175,2.627252594260626,1500+
TR-046842,Richmond,Tucson,2481.8,Dry Van,27859.0,0.99093,2.3521,4460.36,4684.987142677796,224.62714267779666,224.62714267779666,5.036076520231476,1500+
TR-046843,Fort Wayne,Shreveport,875.0,Flatbed,33322.0,1.00726,1.84849,2027.34,1984.4923007840812,-42.84769921591874,42.84769921591874,2.113493504588216,751-1000
TR-046844,Grand Rapids,Milwaukee,347.0,Reefer,26674.0,1.01448,1.51003,906.44,923.6918472578686,17.251847257868576,17.251847257868576,1.9032530843595357,251-500
TR-046845,Savannah,Phoenix,2333.7,Reefer,43478.0,1.02654,2.03343,5016.76,5055.89574785016,39.13574785015953,39.13574785015953,0.7801000615967184,1500+
TR-046846,Atlanta,Tucson,1801.3,Reefer,30872.0,0.99222,1.99837,3947.41,4071.836758861965,124.42675886196503,124.42675886196503,3.152111355596835,1500+
TR-046847,Indianapolis,Milwaukee,105.2,Reefer,36498.0,1.00067,0.86194,347.45,418.7846165187143,71.33461651871431,71.33461651871431,20.530901286146012,0-250
TR-046848,Kansas City,Montgomery,722.9,Dry Van,22520.0,1.02292,1.96115,1544.49,1535.1810524482805,-9.308947551719484,9.308947551719484,0.6027198331953904,501-750
TR-046849,Oklahoma City,Bakersfield,1295.1,Reefer,16586.0,1.01923,1.88187,2957.02,2876.2086087688785,-80.81139123112143,80.81139123112143,2.7328658998289304,1001-1500
TR-046850,Fort Wayne,Boston,1021.1,Dry Van,25521.0,1.03177,2.20141,2004.06,2060.3868958401854,56.32689584018544,56.32689584018544,2.81063919444455,1001-1500
TR-046851,Las Vegas,Hartford,2770.4,Dry Van,36762.0,0.96421,2.26116,5197.41,5325.431880836254,128.02188083625424,128.02188083625424,2.4631861030061946,1500+
TR-046852,Raleigh,New York,484.7,Dry Van,20469.0,0.97012,1.99629,1037.31,1055.7023485161444,18.392348516144466,18.392348516144466,1.773081192328664,251-500
TR-046853,Richmond,Bakersfield,2573.2,Dry Van,15781.0,0.93648,2.42118,4484.15,4679.15386659467,195.0038665946704,195.0038665946704,4.348736473906324,1500+
TR-046854,San Antonio,Lexington,1093.0,Dry Van,25513.0,1.02376,2.18112,2182.45,2250.018643750966,67.5686437509662,67.5686437509662,3.0959996220287387,1001-1500
TR-046855,Corpus Christi,Chattanooga,810.9,Flatbed,37487.0,0.97451,1.68616,1961.82,1939.237437832248,-22.58256216775203,22.58256216775203,1.1511026581313286,751-1000
TR-046856,Oklahoma City,St. Louis,792.9,Dry Van,47500.0,0.98969,1.96156,1764.57,1756.12691786815,-8.443082131849906,8.443082131849906,0.47847816362342704,751-1000
TR-046857,Bakersfield,Dayton,2091.6,Dry Van,15911.0,1.00343,2.29461,3778.16,3876.380000488404,98.22000048840437,98.22000048840437,2.5996781631377277,1500+
TR-046858,Atlanta,Phoenix,2048.7,Reefer,47500.0,0.99249,1.97031,4545.43,4547.91774528608,2.4877452860800986,2.4877452860800986,0.054730691839498094,1500+
TR-046859,Baton Rouge,Syracuse,1429.4,Dry Van,37274.0,0.97512,2.19928,2828.93,3024.5655840596064,195.63558405960657,195.63558405960657,6.915532871425118,1001-1500
TR-046860,San Antonio,Greensboro,1186.7,Dry Van,30780.0,0.97662,2.04698,2500.76,2451.0246669202675,-49.735333079732754,49.735333079732754,1.9888087253368076,1001-1500
TR-046861,Fresno,Baton Rouge,1831.3,Dry Van,27199.0,1.01751,2.22892,3571.42,3702.7874025979327,131.3674025979326,131.3674025979326,3.6782961006527537,1500+
TR-046862,Indianapolis,Columbia,472.6,Flatbed,45541.0,0.97756,1.6465,1177.33,1260.50453887897,83.17453887897,83.17453887897,7.064675059581425,251-500
TR-046863,Montgomery,Toledo,874.8,Flatbed,45890.0,1.0272,1.81675,2040.47,2042.483907552616,2.013907552616047,2.013907552616047,0.09869821916597876,751-1000
TR-046864,Oklahoma City,Madison,973.0,Dry Van,33836.0,0.99184,2.01052,2075.72,2112.89281992902,37.17281992902008,37.17281992902008,1.7908398015637987,751-1000
TR-046865,Harrisburg,San Antonio,1554.5,Reefer,28649.0,0.97133,1.99883,3351.21,3539.192450458014,187.98245045801377,187.98245045801377,5.609390353275795,1500+
TR-046866,Oklahoma City,Baltimore,1746.4,Dry Van,35220.0,1.02206,2.16812,3446.99,3628.6957744884676,181.7057744884678,181.7057744884678,5.271433177597492,1500+
TR-046867,Los Angeles,Fresno,444.2,Dry Van,41408.0,1.02344,1.85642,1019.9,1066.078686059668,46.17868605966794,46.17868605966794,4.527766061346009,251-500
TR-046868,Greensboro,Atlanta,271.9,Flatbed,17292.0,0.9856,1.60151,691.24,743.3210485207635,52.08104852076349,52.08104852076349,7.534437897222887,251-500
TR-046869,Indianapolis,Lexington,293.7,Dry Van,31614.0,0.97411,1.66879,721.17,708.2743715557776,-12.895628444222325,12.895628444222325,1.7881537562880219,251-500
TR-046870,Bakersfield,Dayton,2060.1,Flatbed,40796.0,0.97305,2.10765,4280.56,4344.125442393274,63.56544239327377,63.56544239327377,1.4849795912981891,1500+
TR-046871,Phoenix,Lexington,2184.0,Dry Van,37729.0,0.99297,2.1813,4269.87,4350.414598088949,80.54459808894899,80.54459808894899,1.8863477831631639,1500+
TR-046872,Fresno,Los Angeles,428.0,Reefer,34539.0,0.99557,1.49425,1132.72,1167.9479737620845,35.2279737620845,35.2279737620845,3.1100337031291496,251-500
TR-046873,Hartford,Madison,1127.2,Reefer,27059.0,1.05493,1.90827,2543.19,2458.842341395509,-84.34765860449124,84.34765860449124,3.3166086137681905,1001-1500
TR-046874,Reno,Raleigh,2709.4,Dry Van,32931.0,1.04367,2.2313,5106.94,5004.070373736642,-102.86962626335753,102.86962626335753,2.0143104532921385,1500+
TR-046875,Shreveport,Oklahoma City,440.5,Flatbed,40985.0,1.01523,1.45076,1206.29,1272.932757327507,66.64275732750707,66.64275732750707,5.524604972892677,251-500
TR-046876,San Francisco,Fresno,238.1,Dry Van,41664.0,0.99024,1.55332,611.2,621.1015983577079,9.901598357707826,9.901598357707826,1.6200259093108353,0-250
TR-046877,Columbia,Baton Rouge,751.4,Flatbed,39440.0,0.99061,1.78074,1821.59,1831.8635904301782,10.273590430178274,10.273590430178274,0.5639902738913957,751-1000
TR-046878,Greensboro,Buffalo,547.1,Reefer,25479.0,1.04656,1.64273,1352.69,1326.9810004871695,-25.708999512830587,25.708999512830587,1.9005832461857917,501-750
TR-046879,Kansas City,Corpus Christi,918.9,Dry Van,14293.0,0.97111,2.13225,1817.19,1910.9716676604053,93.78166766040522,93.78166766040522,5.160806941508881,751-1000
TR-046880,Lubbock,Los Angeles,1189.4,Dry Van,27149.0,0.98401,2.13042,2391.6,2439.0560784045,47.456078404500204,47.456078404500204,1.9842815857375902,1001-1500
TR-046881,Baltimore,Columbia,747.3,Dry Van,20057.0,1.03679,2.15741,1508.97,1573.3632800024766,64.39328000247656,64.39328000247656,4.267366481936457,501-750
TR-046882,Raleigh,Houston,1230.5,Reefer,14674.0,1.03527,1.96594,2706.87,2748.770318574455,41.900318574455014,41.900318574455014,1.5479250416331414,1001-1500
TR-046883,Baltimore,Jacksonville,930.8,Dry Van,31537.0,1.00608,2.06483,1930.36,1929.2861319900508,-1.0738680099491376,1.0738680099491376,0.055630452866260054,751-1000
TR-046884,Greensboro,Jacksonville,366.9,Dry Van,31814.0,1.01582,1.76076,877.06,897.026071035998,19.966071035998084,19.966071035998084,2.2764772120491283,251-500
TR-046885,Bakersfield,Amarillo,863.1,Dry Van,22277.0,0.99993,2.12549,1760.68,1786.532004728604,25.852004728604015,25.852004728604015,1.4682966086173532,751-1000
TR-046886,Corpus Christi,Nashville,767.1,Dry Van,25508.0,0.96843,2.02841,1657.13,1645.893566006619,-11.23643399338107,11.23643399338107,0.6780659328707506,751-1000
TR-046887,Baton Rouge,Reno,1829.7,Dry Van,34794.0,0.95695,2.24249,3536.49,3723.6018207443353,187.11182074433555,187.11182074433555,5.2908907064444,1500+
TR-046888,Richmond,Memphis,848.8,Dry Van,33393.0,1.00211,1.95507,1843.39,1851.420077386201,8.030077386200901,8.030077386200901,0.43561467655791236,751-1000
TR-046889,Houston,Raleigh,1176.1,Reefer,34449.0,0.971,1.70378,2850.6,2841.499634374465,-9.100365625534778,9.100365625534778,0.3192438653453581,1001-1500
TR-046890,Atlanta,Syracuse,914.2,Dry Van,25309.0,0.9942,2.12767,1834.67,1827.1734112529734,-7.496588747026635,7.496588747026635,0.4086069291494729,751-1000
TR-046891,Memphis,Albany,1340.7,Dry Van,38430.0,0.96636,2.20418,2720.09,2853.99000824174,133.90000824173967,133.90000824173967,4.922631539461549,1001-1500
TR-046892,Detroit,Tucson,2109.7,Flatbed,26613.0,0.98785,2.26847,4049.7,4220.053439616024,170.35343961602393,170.35343961602393,4.206569366027704,1500+
TR-046893,Salt Lake City,Lubbock,992.6,Flatbed,17991.0,0.89924,1.98634,2168.46,2203.789888984661,35.32988898466101,35.32988898466101,1.6292617334265336,751-1000
TR-046894,Greensboro,Birmingham,335.1,Dry Van,47500.0,0.89973,1.68445,824.89,848.2630171029118,23.37301710291183,23.37301710291183,2.833470778274901,251-500
TR-046895,Fresno,Kansas City,1935.0,Dry Van,18501.0,0.98323,2.31904,3542.49,3686.8819767563027,144.39197675630294,144.39197675630294,4.076002381271449,1500+
TR-046896,Syracuse,Mobile,1164.2,Flatbed,28384.0,0.9412,2.06187,2423.51,2556.056377257864,132.5463772578637,132.5463772578637,5.4691904410488785,1001-1500
TR-046897,Amarillo,Oklahoma City,421.8,Dry Van,40596.0,0.88372,1.63656,1054.99,1087.8857041512201,32.895704151220116,32.895704151220116,3.118105778369474,251-500
TR-046898,Little Rock,Tampa,588.4,Flatbed,40184.0,0.94342,1.59798,1499.88,1515.6655982318202,15.785598231820131,15.785598231820131,1.052457412047639,501-750
TR-046899,Syracuse,Louisville,817.9,Dry Van,35471.0,0.88706,2.0804,1700.4,1677.7305183536096,-22.669481646390523,22.669481646390523,1.3331852297336226,751-1000
TR-046900,Nashville,Atlanta,140.3,Dry Van,30385.0,0.92577,1.39048,394.21,397.5274723689038,3.3174723689037933,3.3174723689037933,0.8415495215503903,0-250
TR-046901,Toledo,Columbia,628.7,Dry Van,30878.0,0.94159,1.99877,1338.77,1324.1690887441216,-14.600911255878373,14.600911255878373,1.0906213356945833,501-750
TR-046902,Baton Rouge,Dallas,180.4,Dry Van,42854.0,0.91251,1.32962,519.46,536.8722525233936,17.41225252339359,17.41225252339359,3.3519910143983345,0-250
TR-046903,Toledo,Dayton,196.8,Flatbed,19740.0,0.89783,1.54911,506.74,561.603157065196,54.86315706519599,54.86315706519599,10.82668766333741,0-250
TR-046904,Richmond,Los Angeles,2817.6,Dry Van,42686.0,0.95083,2.2968,5194.25,5363.935766527369,169.6857665273692,169.6857665273692,3.266800144917345,1500+
TR-046905,Louisville,Tucson,1752.8,Dry Van,33672.0,0.90905,2.17642,3421.33,3550.7954797664524,129.46547976645252,129.46547976645252,3.7840687617520823,1500+
TR-046906,Detroit,Montgomery,1042.0,Reefer,24125.0,0.90664,2.06314,2192.85,2276.9924122181887,84.14241221818884,84.14241221818884,3.837125759545288,1001-1500
TR-046907,Boston,Tampa,1476.1,Dry Van,17757.0,0.86431,2.35123,2772.67,2868.871175293343,96.20117529334311,96.20117529334311,3.469622251957251,1001-1500
TR-046908,Tulsa,Oklahoma City,298.7,Flatbed,35362.0,0.95211,1.25971,858.95,934.2172553033399,75.26725530333988,75.26725530333988,8.762705082174733,251-500
TR-046909,Baton Rouge,Phoenix,1651.4,Flatbed,25885.0,0.93597,2.07589,3442.24,3506.6600588627825,64.42005886278275,64.42005886278275,1.8714575062396217,1500+
TR-046910,Phoenix,Dayton,2176.1,Dry Van,30597.0,0.9188,2.32309,4007.86,4128.334210481174,120.47421048117349,120.47421048117349,3.0059485730832285,1500+
TR-046911,Montgomery,Tucson,1861.0,Dry Van,27375.0,0.95212,2.24638,3533.47,3712.6998269838637,179.22982698386386,179.22982698386386,5.072346078610088,1500+
TR-046912,Baltimore,Las Vegas,2803.2,Dry Van,37938.0,0.90506,2.37439,5124.21,5259.709453405243,135.499453405243,135.499453405243,2.644299382836437,1500+
TR-046913,Phoenix,Montgomery,2175.5,Dry Van,22604.0,0.92552,2.28096,4082.26,4016.8278426444845,-65.43215735551576,65.43215735551576,1.6028414984718207,1500+
TR-046914,Hartford,Baltimore,135.0,Dry Van,39228.0,0.88443,1.49744,361.46,349.20095380688736,-12.259046193112624,12.259046193112624,3.3915360463433366,0-250
TR-046915,Charleston,Shreveport,864.4,Dry Van,22458.0,1.0012,2.11482,1753.15,1872.4704329542526,119.32043295425251,119.32043295425251,6.806059547343496,751-1000
TR-046916,Bakersfield,Salt Lake City,274.4,Flatbed,16602.0,0.90403,1.66533,193.34,734.5196714148767,541.1796714148767,541.1796714148767,279.9108675984673,251-500
TR-046917,Cincinnati,Baton Rouge,664.1,Dry Van,42153.0,0.90313,1.89309,1519.81,1497.157167925072,-22.65283207492803,22.65283207492803,1.4905042126929045,501-750
TR-046918,Baton Rouge,Buffalo,1259.0,Dry Van,41032.0,0.88997,2.06825,2580.8,2642.0881952990767,61.288195299076506,61.288195299076506,2.374775081334334,1001-1500
TR-046919,Green Bay,Los Angeles,2206.8,Dry Van,42884.0,0.96205,2.24625,4092.76,4221.5923023743735,128.83230237437328,128.83230237437328,3.1478098489619057,1500+
TR-046920,Lubbock,Atlanta,997.6,Dry Van,38650.0,0.87758,1.98835,2131.5,2190.339695826703,58.839695826703064,58.839695826703064,2.7604830319823157,751-1000
TR-046921,Los Angeles,Lexington,2233.8,Dry Van,17870.0,0.92202,2.39099,3939.01,4137.651038372582,198.64103837258153,198.64103837258153,5.042917849220528,1500+
TR-046922,Kansas City,Lubbock,962.3,Reefer,23991.0,0.91689,1.7533,2286.05,2231.124026381507,-54.92597361849312,54.92597361849312,2.402658455348444,751-1000
TR-046923,Providence,Raleigh,566.4,Dry Van,26340.0,0.89334,1.9861,1223.1,1194.534746487264,-28.565253512735808,28.565253512735808,2.3354798064537494,501-750
TR-046924,Philadelphia,Nashville,1054.3,Dry Van,18716.0,0.93718,2.24919,2033.55,2166.182987957987,132.63298795798687,132.63298795798687,6.522238841335934,1001-1500
TR-046925,Savannah,New York,762.6,Dry Van,28751.0,0.91095,2.17963,1547.7,1578.650134521717,30.95013452171702,30.95013452171702,1.9997502436981986,751-1000
TR-046926,Providence,Tampa,1334.9,Flatbed,26592.0,0.90089,2.07755,2775.97,2900.5452713502054,124.57527135020564,124.57527135020564,4.48763031841863,1001-1500
TR-046927,Hartford,Nashville,1090.4,Flatbed,27641.0,0.85728,2.12334,2267.05,2372.0682795433595,105.01827954335931,105.01827954335931,4.632375975093593,1001-1500
TR-046928,Green Bay,Providence,1239.7,Dry Van,26525.0,0.94248,2.32275,2285.95,2470.551580052803,184.601580052803,184.601580052803,8.075486342781032,1001-1500
TR-046929,New Orleans,Fort Wayne,832.9,Flatbed,32790.0,0.93972,1.84492,1934.56,2014.7740556771887,80.21405567718875,80.21405567718875,4.146372078260108,751-1000
TR-046930,Buffalo,Hartford,437.4,Dry Van,34797.0,0.94214,1.93387,960.9,1004.51668335064,43.61668335064007,43.61668335064007,4.539149063444695,251-500
TR-046931,Shreveport,Albany,1603.0,Reefer,14734.0,0.92157,2.03476,3321.85,3434.712322203468,112.86232220346801,112.86232220346801,3.397574309600614,1500+
TR-046932,Richmond,Little Rock,1041.5,Dry Van,30855.0,0.90893,2.11782,2138.88,2176.970498887933,38.09049888793288,38.09049888793288,1.7808618944462933,1001-1500
TR-046933,Columbia,Providence,950.2,Reefer,16807.0,0.89798,1.9554,2064.59,2112.522785845327,47.932785845326634,47.932785845326634,2.3216612424416776,751-1000
TR-046934,Los Angeles,Harrisburg,2677.0,Flatbed,23539.0,0.86364,2.23476,5088.39,4964.645327778668,-123.74467222133262,123.74467222133262,2.4319022759916717,1500+
TR-046935,Grand Rapids,Buffalo,490.7,Reefer,25632.0,0.87835,1.83953,1120.58,1180.9041347967523,60.32413479675233,60.32413479675233,5.383295685872703,251-500
TR-046936,Mobile,Phoenix,1906.2,Dry Van,38913.0,0.90393,2.12483,3792.49,3873.400374192155,80.91037419215536,80.91037419215536,2.133436718149695,1500+
TR-046937,San Antonio,Tucson,1071.4,Dry Van,46869.0,0.92175,1.91071,2333.64,2305.649241207458,-27.990758792541783,27.990758792541783,1.199446306737191,1001-1500
TR-046938,New York,Detroit,701.2,Reefer,20951.0,0.91663,2.02553,1505.32,1586.460787864754,81.14078786475397,81.14078786475397,5.39026837248917,501-750
TR-046939,Corpus Christi,Green Bay,1390.1,Flatbed,28485.0,0.84552,1.99829,2956.38,3150.00107145837,193.6210714583699,193.6210714583699,6.549261984534123,1001-1500
TR-046940,Tampa,San Antonio,802.6,Dry Van,29205.0,0.89122,1.99721,1714.9,1796.370582627013,81.47058262701285,81.47058262701285,4.750748301767615,751-1000
TR-046941,Tucson,Dayton,1980.9,Flatbed,36403.0,0.92021,2.05531,4096.18,4143.900072839937,47.72007283993662,47.72007283993662,1.164989644984757,1500+
TR-046942,St. Louis,Corpus Christi,905.0,Dry Van,44767.0,0.94055,1.95033,1983.74,1933.4791592639044,-50.26084073609559,50.26084073609559,2.533640534349037,751-1000
TR-046943,Madison,Albuquerque,1371.7,Flatbed,47500.0,0.89622,1.9494,3072.03,3026.455635632351,-45.574364367649196,45.574364367649196,1.4835260192006325,1001-1500
TR-046944,Grand Rapids,Green Bay,116.1,Reefer,31632.0,0.87281,1.11353,353.74,485.2479807687689,131.5079807687689,131.5079807687689,37.17645184846749,0-250
TR-046945,Fresno,Atlanta,2179.5,Dry Van,25999.0,0.9157,2.33976,4059.09,4170.386785687022,111.29678568702184,111.29678568702184,2.741914707163966,1500+
TR-046946,Atlanta,Jacksonville,265.5,Dry Van,42657.0,0.92235,1.60246,680.55,710.0875411532754,29.53754115327547,29.53754115327547,4.340245559220553,251-500
TR-046947,Mobile,Little Rock,333.4,Dry Van,35918.0,0.90576,1.51875,887.53,873.6896004923274,-13.8403995076726,13.8403995076726,1.5594289215770285,251-500
TR-046948,Shreveport,Houston,232.3,Reefer,47325.0,0.87574,1.08525,714.42,773.9446728722296,59.524672872229644,59.524672872229644,8.331887807204396,0-250
TR-046949,Madison,Shreveport,776.1,Dry Van,40601.0,0.95105,2.01343,1673.57,1686.2469800843478,12.67698008434786,12.67698008434786,0.7574813174440185,751-1000
TR-046950,Baton Rouge,Tulsa,303.0,Dry Van,21412.0,1.0558,1.65675,751.87,732.90251723436,-18.967482765640057,18.967482765640057,2.5227077507601123,251-500
TR-046951,Shreveport,Columbia,652.4,Dry Van,35651.0,0.89362,1.82154,1492.31,1507.9996053423802,15.689605342380219,15.689605342380219,1.0513636806280342,501-750
TR-046952,Atlanta,Charleston,466.5,Dry Van,31471.0,0.88724,1.8701,1059.77,1071.2642905359253,11.494290535925302,11.494290535925302,1.0846023699411478,251-500
TR-046953,Boston,Raleigh,626.3,Dry Van,33217.0,0.85719,1.89801,1370.51,1327.8558087507029,-42.65419124929713,42.65419124929713,3.1122860285074263,501-750
TR-046954,Atlanta,San Antonio,949.5,Reefer,31112.0,0.88019,1.77799,2252.81,2246.7258841167004,-6.084115883299546,6.084115883299546,0.27006786561225965,751-1000
TR-046955,Mobile,New York,1148.7,Dry Van,18756.0,0.92513,2.24512,2196.46,2286.981331199834,90.5213311998341,90.5213311998341,4.121237409278297,1001-1500
TR-046956,Phoenix,Albany,3117.1,Reefer,40188.0,0.92855,2.07062,6393.87,6470.233331954597,76.36333195459702,76.36333195459702,1.1943209973708726,1500+
TR-046957,Richmond,Fort Wayne,612.6,Dry Van,35698.0,0.86584,2.03998,1279.85,1312.8408566518701,32.99085665187022,32.99085665187022,2.5777127516404437,501-750
TR-046958,Albuquerque,Greensboro,1738.1,Dry Van,24371.0,0.91885,2.29987,3198.68,3348.612452855966,149.93245285596595,149.93245285596595,4.687322672351281,1500+
TR-046959,Albany,Mobile,1509.1,Dry Van,28445.0,0.92197,2.26045,2844.94,2973.509160395646,128.56916039564612,128.56916039564612,4.519222211914702,1500+
TR-046960,Mobile,Baltimore,1152.9,Reefer,14658.0,0.9474,1.97757,2515.87,2561.12805831643,45.258058316429924,45.258058316429924,1.798902897066618,1001-1500
TR-046961,Hartford,Kansas City,1179.4,Reefer,33227.0,0.91627,1.93126,2616.17,2669.2209613440436,53.05096134404357,53.05096134404357,2.02781017074745,1001-1500
TR-046962,Madison,Baton Rouge,947.3,Reefer,29536.0,0.88194,1.81228,2227.13,2148.7630747981534,-78.3669252018467,78.3669252018467,3.518740495698351,751-1000
TR-046963,Harrisburg,Fresno,2786.4,Flatbed,27867.0,0.90067,2.26147,5362.45,5291.87641428057,-70.5735857194295,70.5735857194295,1.316069813600677,1500+
TR-046964,Philadelphia,Greensboro,689.3,Dry Van,25362.0,0.96195,2.12439,1397.89,1462.439121843534,64.54912184353384,64.54912184353384,4.617610959627283,501-750
TR-046965,Greensboro,Raleigh,356.6,Flatbed,26533.0,0.89172,1.71505,876.75,924.3044074280426,47.55440742804262,47.55440742804262,5.423941537273182,251-500
TR-046966,Buffalo,Baton Rouge,1282.4,Reefer,26276.0,0.95939,1.91386,2865.13,2823.577167209244,-41.55283279075593,41.55283279075593,1.4502948484276779,1001-1500
TR-046967,Columbia,Albuquerque,1747.6,Dry Van,20985.0,0.92874,2.30206,3264.18,3347.696817063197,83.51681706319732,83.51681706319732,2.5585849145328177,1500+
TR-046968,Greensboro,Tucson,2118.9,Dry Van,22620.0,0.89913,2.34819,3843.33,3975.891539431401,132.5615394314009,132.5615394314009,3.449132378208504,1500+
TR-046969,Mobile,Raleigh,807.3,Flatbed,33547.0,0.95247,1.84026,1834.44,1859.292929139414,24.852929139413845,24.852929139413845,1.3547965122551757,751-1000
TR-046970,Oklahoma City,Mobile,741.1,Dry Van,31591.0,0.89967,1.92744,1668.77,1580.6156392146327,-88.15436078536732,88.15436078536732,5.282595012216622,501-750
TR-046971,Albuquerque,San Antonio,916.0,Dry Van,24795.0,0.92114,2.07935,1873.64,1888.969363754371,15.329363754370888,15.329363754370888,0.8181595052609298,751-1000
TR-046972,Fort Wayne,Hartford,855.9,Reefer,25289.0,0.93142,1.88198,1896.67,1949.7126195261098,53.042619526109775,53.042619526109775,2.796618258638022,751-1000
TR-046973,New Orleans,Hartford,1427.0,Dry Van,36817.0,0.89393,2.14068,2854.8,3018.6011653173327,163.80116531733256,163.80116531733256,5.737745737611481,1001-1500
TR-046974,Oklahoma City,Lexington,984.2,Reefer,30168.0,0.92702,1.73855,2317.04,2329.033042021674,11.993042021674228,11.993042021674228,0.5176018550251281,751-1000
TR-046975,Little Rock,Madison,623.2,Dry Van,17164.0,0.8673,2.00674,1347.61,1285.6828968429932,-61.92710315700674,61.92710315700674,4.595328259437578,501-750
TR-046976,Green Bay,Shreveport,976.5,Dry Van,31186.0,0.88812,2.11757,2020.36,2048.7456935034998,28.38569350349985,28.38569350349985,1.404981958834062,751-1000
TR-046977,El Paso,Albany,2618.5,Reefer,38411.0,0.93625,2.06874,5504.73,5377.407175807038,-127.32282419296189,127.32282419296189,2.3129712845673067,1500+
TR-046978,Nashville,Mobile,294.5,Dry Van,33921.0,0.90607,1.71701,729.69,748.0646112598906,18.37461125989057,18.37461125989057,2.518139382462494,251-500
TR-046979,Chattanooga,Nashville,85.5,Reefer,38757.0,0.90652,0.79974,287.65,424.09106000696306,136.44106000696308,136.44106000696308,47.43301234380778,0-250
TR-046980,San Francisco,Green Bay,2242.7,Reefer,20592.0,0.88228,2.00185,1955.15,4409.541898392476,2454.3918983924755,2454.3918983924755,125.53471080952743,1500+
TR-046981,Louisville,Lubbock,1045.6,Dry Van,41308.0,0.85972,2.05479,2232.83,2283.176260793885,50.346260793884994,50.346260793884994,2.2548183602820187,1001-1500
TR-046982,Tampa,Reno,2308.4,Reefer,28484.0,0.91624,2.11143,4704.57,4730.335790366599,25.765790366599504,25.765790366599504,0.5476757783729332,1500+
TR-046983,Greensboro,Nashville,373.0,Dry Van,33799.0,0.90665,1.82167,882.19,932.5579959971669,50.36799599716687,50.36799599716687,5.7094272205723104,251-500
TR-046984,Albany,Boston,418.2,Dry Van,32478.0,0.88268,1.96171,927.8,958.0574045100209,30.257404510020933,30.257404510020933,3.2611990202652446,251-500
TR-046985,Harrisburg,Albany,572.2,Dry Van,33840.0,0.92436,1.97154,1228.72,1302.1164095880456,73.39640958804557,73.39640958804557,5.97340399668318,501-750
TR-046986,Fort Wayne,Amarillo,1379.7,Reefer,24354.0,0.92471,1.98452,2975.48,3049.1564789046333,73.67647890463331,73.67647890463331,2.4761207907508473,1001-1500
TR-046987,Fresno,San Antonio,1496.1,Dry Van,45898.0,0.88979,2.0371,3145.82,3119.4576404343925,-26.362359565607676,26.362359565607676,0.8380123327338396,1001-1500
TR-046988,Syracuse,Memphis,1008.6,Dry Van,37648.0,0.88769,2.07937,2111.77,2086.3605799186466,-25.409420081353346,25.409420081353346,1.2032285751456526,1001-1500
TR-046989,Houston,Little Rock,364.9,Reefer,24809.0,0.92585,1.39793,999.58,964.2943411628944,-35.28565883710564,35.28565883710564,3.530048504082279,251-500
TR-046990,Richmond,Tucson,2396.6,Dry Van,44352.0,0.88113,2.26827,4468.02,4736.349764737292,268.32976473729195,268.32976473729195,6.005563196612637,1500+
TR-046991,Toledo,Oklahoma City,1226.0,Reefer,35692.0,0.90957,1.82516,2834.71,2927.757982892754,93.04798289275413,93.04798289275413,3.2824515697462573,1001-1500
TR-046992,Milwaukee,Bakersfield,1863.3,Flatbed,22469.0,0.92741,2.21325,3645.57,3876.7292150137373,231.15921501373714,231.15921501373714,6.340825029110321,1500+
TR-046993,San Antonio,Milwaukee,1054.6,Dry Van,29944.0,0.92099,2.08204,2165.8,2185.5317605803602,19.73176058036006,19.73176058036006,0.911061066597103,1001-1500
TR-046994,Lubbock,Jacksonville,1074.2,Dry Van,26281.0,0.89145,2.03911,2232.43,2187.2374944565336,-45.19250554346627,45.19250554346627,2.0243638341836596,1001-1500
TR-046995,Baton Rouge,El Paso,1262.3,Dry Van,30670.0,0.95213,2.11701,2607.9,2571.4402325161936,-36.459767483806445,36.459767483806445,1.3980508257144233,1001-1500
TR-046996,Grand Rapids,Lexington,558.8,Dry Van,22853.0,0.89522,2.06732,1177.69,1196.2236905888235,18.533690588823447,18.533690588823447,1.573732526286497,501-750
TR-046997,Buffalo,Philadelphia,397.4,Dry Van,44337.0,0.94567,1.8792,908.07,935.322532611269,27.252532611268975,27.252532611268975,3.00114887742894,251-500
TR-046998,Philadelphia,Atlanta,947.8,Reefer,32544.0,0.92999,1.88451,2156.17,2157.2818677358828,1.1118677358826972,1.1118677358826972,0.051566793707485827,751-1000
TR-046999,Memphis,Milwaukee,337.0,Dry Van,20502.0,0.88587,1.80879,768.23,790.7194228594274,22.48942285942735,22.48942285942735,2.927433562790746,251-500
TR-047000,Detroit,Milwaukee,444.1,Dry Van,35492.0,0.93897,1.88064,1000.2,1026.6875000354237,26.487500035423636,26.487500035423636,2.6482203594704696,251-500
TR-047001,Lubbock,Nashville,907.2,Dry Van,47500.0,0.90645,1.90811,2022.55,1992.5026062834188,-30.047393716581155,30.047393716581155,1.4856193279069074,751-1000
TR-047002,Cincinnati,Memphis,223.4,Dry Van,26230.0,0.92,1.63109,232.16,584.4455179853605,352.28551798536057,352.28551798536057,151.74255598955918,0-250
TR-047003,Memphis,Charleston,676.9,Reefer,34913.0,0.89125,1.61095,1712.44,1644.6158701493064,-67.82412985069368,67.82412985069368,3.9606718980340148,501-750
TR-047004,Houston,Amarillo,691.7,Dry Van,44929.0,0.89803,1.79792,1638.62,1623.2015360167704,-15.418463983229458,15.418463983229458,0.9409420111575264,501-750
TR-047005,Tucson,Albany,2789.2,Flatbed,42904.0,0.92792,2.1137,5783.94,5692.886135595274,-91.05386440472557,91.05386440472557,1.5742532668859908,1500+
TR-047006,Bakersfield,Montgomery,2065.3,Reefer,26323.0,0.87944,2.04089,4325.87,4349.520854648489,23.650854648489258,23.650854648489258,0.5467305917304325,1500+
TR-047007,Birmingham,Reno,2147.4,Flatbed,14076.0,0.95855,2.19871,4102.43,4155.362934112209,52.932934112208386,52.932934112208386,1.2902824450925034,1500+
TR-047008,Shreveport,Grand Rapids,964.5,Flatbed,30324.0,0.87977,1.99244,2084.15,2139.5236139584804,55.37361395848029,55.37361395848029,2.6568919683554584,751-1000
TR-047009,Toledo,Providence,1017.3,Dry Van,35466.0,0.94259,2.11726,2062.62,2121.318935072786,58.6989350727863,58.6989350727863,2.8458433968829113,1001-1500
TR-047010,Mobile,Kansas City,648.9,Flatbed,30001.0,0.91381,1.79275,1514.16,1538.4644979857621,24.304497985762055,24.304497985762055,1.605147275437342,501-750
TR-047011,Tucson,Harrisburg,2426.3,Dry Van,32409.0,0.91435,2.29448,4488.55,4508.825638717296,20.275638717295806,20.275638717295806,0.4517191234874471,1500+
TR-047012,Montgomery,Phoenix,2084.1,Flatbed,35022.0,0.88701,1.98966,4502.22,4401.566334872308,-100.65366512769197,100.65366512769197,2.2356451956521886,1500+
TR-047013,Dayton,Harrisburg,493.4,Reefer,28788.0,0.89309,1.81376,1148.13,1216.848472470633,68.71847247063283,68.71847247063283,5.985251885294594,251-500
TR-047014,Lubbock,New Orleans,557.8,Reefer,43391.0,0.9006,1.41561,1550.93,1533.423755602713,-17.50624439728699,17.50624439728699,1.1287578676850014,501-750
TR-047015,Milwaukee,Cincinnati,242.0,Dry Van,39235.0,0.90212,1.59354,621.03,625.7616441465816,4.73164414658163,4.73164414658163,0.7619026692078691,0-250
TR-047016,Harrisburg,Chattanooga,704.1,Reefer,25198.0,0.88329,1.85983,1630.48,1652.5427507928016,22.06275079280158,22.06275079280158,1.353144521417103,501-750
TR-047017,Greensboro,Lexington,194.9,Dry Van,28675.0,0.92703,1.60309,503.56,504.304266677399,0.7442666773990254,0.7442666773990254,0.1478009924138187,0-250
TR-047018,Corpus Christi,Hartford,1798.4,Flatbed,45251.0,0.94423,1.99698,3910.78,3982.7083735806054,71.92837358060524,71.92837358060524,1.8392334414261409,1500+
TR-047019,Bakersfield,Kansas City,1758.7,Dry Van,33508.0,0.91326,2.26713,3313.8,3443.64221663661,129.84221663660992,129.84221663660992,3.9182273111415875,1500+
TR-047020,Atlanta,Mobile,301.8,Dry Van,16447.0,0.88087,1.8372,705.41,805.8969499197037,100.48694991970376,100.48694991970376,14.245183640677586,251-500
TR-047021,Nashville,Phoenix,1965.1,Dry Van,33226.0,0.87934,2.2023,3831.16,3836.236845977626,5.076845977626363,5.076845977626363,0.13251459029709964,1500+
TR-047022,Tucson,Fort Wayne,1945.9,Dry Van,30024.0,0.89984,2.27294,3677.44,3731.04952618241,53.60952618240981,53.60952618240981,1.4577947208495532,1500+
TR-047023,Phoenix,Baton Rouge,1611.8,Dry Van,36990.0,0.88124,2.10423,3306.69,3328.2943186233542,21.604318623354175,21.604318623354175,0.6533517996351087,1500+
TR-047024,New York,Raleigh,462.7,Flatbed,31920.0,0.95546,1.7937,1086.2,1131.4204714037119,45.22047140371183,45.22047140371183,4.163180943077871,251-500
TR-047025,Memphis,Lexington,337.2,Dry Van,35506.0,0.91532,1.7633,809.72,855.124599075283,45.40459907528293,45.40459907528293,5.607444434530817,251-500
TR-047026,Baton Rouge,Amarillo,825.7,Dry Van,47318.0,0.89115,1.93547,1850.22,1857.004087430144,6.784087430143927,6.784087430143927,0.36666382539070635,751-1000
TR-047027,Albuquerque,Greensboro,1735.7,Flatbed,41692.0,0.89609,2.10613,3629.01,3766.72329850382,137.71329850381971,137.71329850381971,3.794789722371107,1500+
TR-047028,Buffalo,Memphis,850.3,Dry Van,35054.0,0.95818,2.05693,1753.44,1830.2312152857671,76.79121528576707,76.79121528576707,4.3794606764854835,751-1000
TR-047029,Amarillo,New York,2076.0,Reefer,26676.0,0.90413,2.11633,4322.72,4359.967081038751,37.247081038750366,37.247081038750366,0.8616584242965162,1500+
TR-047030,Cincinnati,Austin,1090.2,Reefer,28489.0,0.94052,1.75222,2545.72,2539.8170150462465,-5.9029849537532755,5.9029849537532755,0.23187879867987352,1001-1500
TR-047031,Grand Rapids,Savannah,851.3,Flatbed,20028.0,0.91584,1.99716,1831.3,1858.93241812303,27.632418123029993,27.632418123029993,1.5088963098907875,751-1000
TR-047032,Charleston,Oklahoma City,1296.4,Dry Van,19332.0,0.90813,2.19391,2527.94,2611.426180517759,83.48618051775884,83.48618051775884,3.3025380554031676,1001-1500
TR-047033,Shreveport,El Paso,1241.6,Flatbed,31876.0,0.93787,1.91517,2811.06,2762.021632557233,-49.03836744276714,49.03836744276714,1.744479571505665,1001-1500
TR-047034,Madison,New York,1013.5,Dry Van,37677.0,0.91284,2.08254,2014.89,2053.7234063115447,38.83340631154465,38.83340631154465,1.927321407696929,1001-1500
TR-047035,Shreveport,El Paso,1218.5,Reefer,17087.0,0.88652,1.87634,2753.01,2688.917828577666,-64.0921714223341,64.0921714223341,2.32807623010211,1001-1500
TR-047036,Philadelphia,Boston,233.1,Reefer,30253.0,0.89972,1.35565,638.47,651.318855307675,12.848855307674967,12.848855307674967,2.0124446422972055,0-250
TR-047037,Toledo,Hartford,778.2,Dry Van,36528.0,0.90209,2.1359,1552.97,1651.4258004098406,98.45580040984055,98.45580040984055,6.339839173315682,751-1000
TR-047038,Kansas City,El Paso,1362.5,Flatbed,20559.0,0.88,2.01581,2860.54,2905.9270761843645,45.38707618436456,45.38707618436456,1.5866611263735015,1001-1500
TR-047039,Little Rock,Atlanta,405.0,Dry Van,34886.0,0.90695,1.66923,1000.42,1075.1556490096991,74.73564900969916,74.73564900969916,7.470427321494888,251-500
TR-047040,Los Angeles,Salt Lake City,591.9,Reefer,31721.0,0.89083,1.67736,1423.75,1493.2994504837625,69.54945048376248,69.54945048376248,4.884948234153643,501-750
TR-047041,Birmingham,Montgomery,204.0,Flatbed,31496.0,0.86502,1.4498,550.15,697.311300775056,147.16130077505602,147.16130077505602,26.749304875953108,0-250
TR-047042,Birmingham,Tucson,1856.4,Dry Van,32475.0,0.90033,2.23949,3613.02,3696.1060904310643,83.08609043106435,83.08609043106435,2.299629961391422,1500+
TR-047043,Lubbock,Hartford,2010.2,Dry Van,44987.0,0.87512,2.14877,3992.29,3957.732618477514,-34.55738152248614,34.55738152248614,0.8656029878211788,1500+
TR-047044,Milwaukee,Grand Rapids,352.5,Dry Van,31232.0,0.92567,1.83576,820.69,801.0830521418811,-19.60694785811893,19.60694785811893,2.389080878056139,251-500
TR-047045,Toledo,Washington,542.6,Dry Van,35128.0,0.89171,2.04893,1142.57,1137.9036972136166,-4.666302786383312,4.666302786383312,0.4084041053400065,501-750
TR-047046,Oklahoma City,Mobile,708.9,Dry Van,29100.0,0.87676,1.91482,1583.21,1569.8829944133354,-13.327005586664654,13.327005586664654,0.8417711855448522,501-750
TR-047047,Jacksonville,Nashville,368.1,Dry Van,34687.0,0.90183,1.72261,904.35,973.780741726039,69.43074172603895,69.43074172603895,7.6774193316789905,251-500
TR-047048,Columbia,Montgomery,354.2,Dry Van,29504.0,0.92209,1.73202,856.49,865.1425158818238,8.652515881823774,8.652515881823774,1.0102296444586363,251-500
TR-047049,Amarillo,Syracuse,1878.6,Dry Van,29883.0,0.88415,2.26425,3438.35,3626.544737933252,188.19473793325187,188.19473793325187,5.473402589417944,1500+
TR-047050,Hartford,Syracuse,394.7,Reefer,39161.0,0.91918,1.6251,999.99,1005.9925811386677,6.002581138667665,6.002581138667665,0.6002641165079317,251-500
TR-047051,Buffalo,Salt Lake City,2191.9,Reefer,25195.0,0.9085,2.18091,4391.4,4492.641276289982,101.24127628998212,101.24127628998212,2.3054441929676672,1500+
TR-047052,Mobile,Fort Wayne,779.2,Dry Van,38495.0,0.92066,1.93251,1713.46,1703.8157137827757,-9.644286217224362,9.644286217224362,0.5628544709082419,751-1000
TR-047053,Reno,Harrisburg,2490.5,Reefer,29256.0,0.9038,2.21721,4830.23,5105.346851135705,275.1168511357055,275.1168511357055,5.695729833480093,1500+
TR-047054,Milwaukee,Phoenix,2047.0,Dry Van,22221.0,0.91483,2.27808,3839.87,3838.792639415241,-1.0773605847589351,1.0773605847589351,0.02805721508173285,1500+
TR-047055,Philadelphia,Boston,242.7,Dry Van,14704.0,0.92473,1.79045,562.6,568.4207181126935,5.820718112693498,5.820718112693498,1.0346104004076606,0-250
TR-047056,Hartford,Cincinnati,983.1,Dry Van,21936.0,0.96416,2.16575,1876.18,1945.3051493105754,69.12514931057535,69.12514931057535,3.684355941891255,751-1000
TR-047057,Harrisburg,Dayton,489.2,Dry Van,47392.0,0.8429,1.90862,1075.78,1115.751136373161,39.971136373161016,39.971136373161016,3.715549310561734,251-500
TR-047058,Fort Wayne,Grand Rapids,196.8,Flatbed,14951.0,0.79926,1.86655,467.14,546.4507291032951,79.3107291032951,79.3107291032951,16.977935758722246,0-250
TR-047059,Jacksonville,Amarillo,1359.3,Dry Van,21833.0,0.86514,2.18878,2669.92,2803.681519188119,133.7615191881191,133.7615191881191,5.009944836853506,1001-1500
TR-047060,Richmond,Baton Rouge,1188.2,Reefer,31947.0,0.8493,1.91347,2629.73,2747.3629882975674,117.63298829756741,117.63298829756741,4.473196423114442,1001-1500
TR-047061,Corpus Christi,Phoenix,1414.2,Dry Van,28062.0,0.8036,2.26235,2729.68,2923.577503931132,193.89750393113218,193.89750393113218,7.1033052933359295,1001-1500
TR-047062,Oklahoma City,Phoenix,1218.8,Reefer,30377.0,0.85603,1.85179,2785.11,2780.450890960765,-4.659109039235318,4.659109039235318,0.16728635634625985,1001-1500
TR-047063,Grand Rapids,Hartford,914.5,Reefer,15751.0,0.85437,2.09212,1877.18,2031.7148047423434,154.53480474234334,154.53480474234334,8.232284849739681,751-1000
TR-047064,Charleston,Baltimore,576.1,Dry Van,23771.0,0.87463,2.06229,1208.17,1237.3359653966131,29.165965396613046,29.165965396613046,2.414061381809931,501-750
TR-047065,Shreveport,New York,1320.9,Dry Van,22988.0,0.86113,2.20849,2493.38,2574.3683050574527,80.98830505745264,80.98830505745264,3.248133259168383,1001-1500
TR-047066,Atlanta,San Antonio,958.0,Flatbed,30138.0,0.81601,1.92606,2134.04,2144.6952660355146,10.655266035514614,10.655266035514614,0.4993002022227613,751-1000
TR-047067,San Francisco,Albany,3190.3,Reefer,23124.0,0.85411,2.31936,5961.73,6130.678135456295,168.94813545629586,168.94813545629586,2.833877674035823,1500+
TR-047068,Lexington,Kansas City,449.8,Dry Van,34861.0,0.83597,1.80386,1043.04,1045.5372124726464,2.4972124726464244,2.4972124726464244,0.23941675033042112,251-500
TR-047069,Cincinnati,Syracuse,785.3,Dry Van,32719.0,0.88726,2.14681,1604.57,1624.0084033181831,19.43840331818319,19.43840331818319,1.2114400317956333,751-1000
TR-047070,Shreveport,Richmond,1117.5,Dry Van,17903.0,0.81592,2.17153,2177.93,2248.6959361630015,70.7659361630017,70.7659361630017,3.249229137897072,1001-1500
TR-047071,Amarillo,Dayton,1337.6,Dry Van,34318.0,0.84864,2.08659,2723.05,2720.289521343925,-2.7604786560750654,2.7604786560750654,0.10137451225923377,1001-1500
TR-047072,Richmond,New Orleans,1142.7,Dry Van,42354.0,0.83943,2.12831,2322.67,2419.0227010084373,96.35270100843718,96.35270100843718,4.148359474589037,1001-1500
TR-047073,Baltimore,Philadelphia,99.6,Reefer,38997.0,0.85799,0.98696,316.19,382.20249062185053,66.01249062185053,66.01249062185053,20.877475765157193,0-250
TR-047074,Columbia,Syracuse,782.5,Dry Van,26508.0,0.83326,2.20995,1538.13,1602.6967902023764,64.5667902023763,64.5667902023763,4.197745977412591,751-1000
TR-047075,Boston,Columbia,959.3,Reefer,32888.0,0.89399,1.86327,2218.04,2244.2139426512003,26.173942651200377,26.173942651200377,1.1800482701484363,751-1000
TR-047076,Toledo,Providence,989.1,Flatbed,30808.0,0.86462,1.93442,2165.46,2221.1493702114512,55.689370211451205,55.689370211451205,2.5717108702747318,751-1000
TR-047077,Lexington,Fort Wayne,363.0,Dry Van,17917.0,0.83786,1.95187,796.48,811.8388851945417,15.358885194541699,15.358885194541699,1.928345368941053,251-500
TR-047078,Nashville,Kansas City,407.8,Flatbed,47500.0,0.85174,1.59811,1035.14,1089.2980323024442,54.1580323024441,54.1580323024441,5.231952422130735,251-500
TR-047079,Charleston,Albuquerque,1934.6,Reefer,39785.0,0.8824,1.91397,4339.62,4278.41430392941,-61.20569607058951,61.20569607058951,1.4103929853440973,1500+
TR-047080,Harrisburg,Dayton,475.5,Reefer,38423.0,0.85949,1.59369,1204.52,1227.970761907745,23.450761907745118,23.450761907745118,1.9468968475197685,251-500
TR-047081,Fort Wayne,Syracuse,569.8,Dry Van,47500.0,0.80092,2.0166,1202.43,1232.026408940578,29.59640894057793,29.59640894057793,2.461383110915224,501-750
TR-047082,Las Vegas,Jacksonville,2121.7,Reefer,31233.0,0.86524,1.96486,4601.72,4467.83296129711,-133.8870387028901,133.8870387028901,2.9094998979270814,1500+
TR-047083,Albuquerque,Memphis,1355.5,Reefer,32632.0,0.8529,1.87712,3094.01,3133.137842848123,39.12784284812278,39.12784284812278,1.2646320744962938,1001-1500
TR-047084,St. Louis,Phoenix,1865.1,Dry Van,28423.0,0.84201,2.26079,3508.16,3655.476194673437,147.31619467343717,147.31619467343717,4.199243896328479,1500+
TR-047085,Baton Rouge,Nashville,497.2,Dry Van,32962.0,1.0558,1.7811,1173.87,1255.0985903040123,81.22859030401241,81.22859030401241,6.91972623067396,251-500
TR-047086,Mobile,Albany,1470.0,Flatbed,31593.0,0.82484,2.07092,2992.98,3361.981450619767,369.0014506197672,369.0014506197672,12.328897975254334,1001-1500
TR-047087,Baltimore,Albany,489.3,Reefer,36718.0,0.8883,1.68232,1221.18,1266.8701606277486,45.69016062774858,45.69016062774858,3.7414763284485972,251-500
TR-047088,Indianapolis,Bakersfield,1814.6,Dry Van,29733.0,0.85678,2.34809,3365.79,3630.4235281963433,264.6335281963434,264.6335281963434,7.862449178241761,1500+
TR-047089,Dallas,Austin,423.9,Dry Van,29065.0,0.81281,1.79358,999.35,1045.0178288841578,45.66782888415776,45.66782888415776,4.569753228013985,251-500
TR-047090,Columbia,Chattanooga,297.2,Dry Van,34046.0,0.78676,1.73628,716.5,738.516231699333,22.016231699333048,22.016231699333048,3.072746922447041,251-500
TR-047091,Greensboro,El Paso,1824.0,Dry Van,25051.0,0.84921,2.29046,3386.88,3592.083231943731,205.20323194373077,205.20323194373077,6.058768894786079,1500+
TR-047092,Charleston,Salt Lake City,2211.8,Reefer,26227.0,0.8743,2.10081,4523.93,4558.797156874649,34.86715687464857,34.86715687464857,0.7707271526006938,1500+
TR-047093,Toledo,Little Rock,770.8,Dry Van,30953.0,0.82292,2.02983,1609.02,1677.0105198059252,67.99051980592526,67.99051980592526,4.225585748214768,751-1000
TR-047094,Grand Rapids,Richmond,736.1,Flatbed,37986.0,0.82753,1.8984,1624.53,1684.4027085041535,59.87270850415348,59.87270850415348,3.685540341154271,501-750
TR-047095,Louisville,Montgomery,514.8,Flatbed,33575.0,0.88503,1.55819,1310.28,1263.1483156191161,-47.131684380883826,47.131684380883826,3.597069663040253,501-750
TR-047096,Philadelphia,Boston,242.6,Dry Van,29777.0,0.87021,1.76893,576.36,581.0458986593371,4.685898659337113,4.685898659337113,0.8130159378404318,0-250
TR-047097,Fort Wayne,Reno,2007.8,Dry Van,32392.0,0.8699,2.32159,3738.72,3786.5783969022723,47.85839690227249,47.85839690227249,1.2800743811323794,1500+
TR-047098,Memphis,Houston,538.0,Dry Van,23571.0,0.8632,1.90547,1184.51,1222.0870205742438,37.57702057424376,37.57702057424376,3.1723683695573497,501-750
TR-047099,Dayton,Greensboro,387.2,Dry Van,38908.0,0.85428,1.82202,903.88,910.3587920870998,6.478792087099805,6.478792087099805,0.7167756878235833,251-500
TR-047100,Oklahoma City,Memphis,689.2,Dry Van,21714.0,0.83244,2.02074,1480.21,1469.0191887997619,-11.190811200238159,11.190811200238159,0.7560286175771113,501-750
TR-047101,Charleston,Baton Rouge,925.0,Dry Van,25908.0,0.84652,2.04909,1939.16,1872.577141917111,-66.58285808288906,66.58285808288906,3.4335927970301086,751-1000
TR-047102,Jacksonville,Tulsa,746.3,Dry Van,28808.0,0.79876,2.02304,1586.46,1582.2551370927265,-4.204862907273537,4.204862907273537,0.2650468910198515,501-750
TR-047103,Boston,Hartford,192.4,Flatbed,28504.0,0.90365,1.42799,525.86,500.3185272948456,-25.541472705154433,25.541472705154433,4.857086050499074,0-250
TR-047104,Savannah,Richmond,522.2,Dry Van,27970.0,0.84022,2.04944,1096.6,1128.3573089658055,31.757308965805578,31.757308965805578,2.8959792965352524,501-750
TR-047105,Milwaukee,Atlanta,416.9,Dry Van,13811.0,0.79776,2.01968,897.24,951.4074084190811,54.167408419081085,54.167408419081085,6.037114754032487,251-500
TR-047106,Grand Rapids,Bakersfield,2052.8,Flatbed,15767.0,0.82459,2.30508,3777.14,4192.405018147452,415.26501814745234,415.26501814745234,10.994165377705151,1500+
TR-047107,New York,Cincinnati,862.2,Dry Van,32147.0,0.8461,2.13762,1747.26,1775.0418162788674,27.78181627886738,27.78181627886738,1.5900218787625986,751-1000
TR-047108,Bakersfield,Fort Wayne,2058.0,Dry Van,23851.0,0.83388,2.37794,3631.71,3844.8479608425823,213.1379608425823,213.1379608425823,5.868804525762858,1500+
TR-047109,Mobile,Chattanooga,302.6,Dry Van,31496.0,0.88142,1.65049,750.84,739.5801201358163,-11.259879864183745,11.259879864183745,1.499637720977005,251-500
TR-047110,Jacksonville,Madison,886.7,Flatbed,34169.0,0.82835,1.87986,1947.04,2007.0001154202341,59.96011542023416,59.96011542023416,3.0795523163486194,751-1000
TR-047111,Albany,Tampa,1641.5,Dry Van,40892.0,0.84511,2.26837,3150.87,3270.22173822981,119.35173822981005,119.35173822981005,3.787897889465768,1500+
TR-047112,Detroit,Tulsa,1086.0,Flatbed,36212.0,0.79994,1.98843,2372.96,2444.7529462774582,71.79294627745821,71.79294627745821,3.0254596064602106,1001-1500
TR-047113,Mobile,Kansas City,641.7,Reefer,32221.0,0.84489,1.64153,1601.61,1578.9098051014062,-22.700194898593736,22.700194898593736,1.4173359868253657,501-750
TR-047114,Albany,Tulsa,1692.9,Dry Van,30475.0,0.87965,2.19538,3251.97,3345.894820423244,93.924820423244,93.924820423244,2.8882437545009334,1500+
TR-047115,Lexington,Syracuse,681.0,Dry Van,23120.0,0.85285,2.15817,1375.7,1451.7560615496645,76.05606154966449,76.05606154966449,5.528535403770044,501-750
TR-047116,Los Angeles,Columbia,2358.6,Dry Van,37791.0,0.86459,2.28716,4391.77,4550.563743989294,158.79374398929394,158.79374398929394,3.615711751510073,1500+
TR-047117,Bakersfield,Fresno,219.8,Reefer,25819.0,0.84058,1.37449,610.81,672.0532745324963,61.24327453249634,61.24327453249634,10.02656710474556,0-250
TR-047118,Dayton,Boston,995.3,Dry Van,27640.0,0.82414,2.17922,1954.43,2042.5899524975118,88.15995249751177,88.15995249751177,4.510775648015624,751-1000
TR-047119,Columbia,Greensboro,138.4,Dry Van,23156.0,0.90402,1.49961,363.75,358.83258913046166,-4.917410869538344,4.917410869538344,1.3518655311445618,0-250
TR-047120,Detroit,Atlanta,750.5,Dry Van,32930.0,0.87955,1.99843,1581.12,1606.4502892564878,25.33028925648796,25.33028925648796,1.602047235914286,751-1000
TR-047121,Atlanta,Albuquerque,1534.4,Dry Van,18449.0,1.0558,2.26089,2855.03,3087.1699907860984,232.13999078609822,232.13999078609822,8.130912487297794,1500+
TR-047122,Memphis,Hartford,1178.1,Dry Van,29115.0,0.84737,2.18241,2315.97,2382.8895721533413,66.9195721533415,66.9195721533415,2.8894835491539834,1001-1500
TR-047123,Lubbock,Amarillo,417.7,Flatbed,14732.0,0.83165,1.67742,1039.88,1053.4977327675756,13.61773276757549,13.61773276757549,1.3095484832457098,251-500
TR-047124,Hartford,Columbia,832.9,Flatbed,23707.0,0.83869,2.08188,1768.74,1837.5076323802564,68.76763238025637,68.76763238025637,3.887944660054975,751-1000
TR-047125,Providence,San Antonio,2005.5,Dry Van,42581.0,0.81077,2.14696,4009.09,3975.389409153059,-33.70059084694094,33.70059084694094,0.8406044974530614,1500+
TR-047126,Dallas,Chattanooga,572.7,Reefer,29358.0,0.83603,1.68412,1435.58,1465.8975452209347,30.31754522093479,30.31754522093479,2.111867344274425,501-750
TR-047127,Fresno,Amarillo,1071.8,Flatbed,33286.0,0.84215,1.84939,2449.02,2434.5254726434746,-14.494527356525396,14.494527356525396,0.591850101531445,1001-1500
TR-047128,Harrisburg,Lubbock,1631.1,Dry Van,33258.0,0.85338,2.12216,3162.5,3284.1486563310523,121.64865633105228,121.64865633105228,3.8465978286498745,1500+
TR-047129,Raleigh,Jacksonville,552.4,Reefer,31932.0,1.0558,1.56467,1419.17,1422.838483116693,3.668483116692869,3.668483116692869,0.2584949735896946,501-750
TR-047130,Fort Wayne,Charleston,696.2,Dry Van,44347.0,0.86607,1.96359,1514.44,1525.3626606741475,10.922660674147437,10.922660674147437,0.7212342961191884,501-750
TR-047131,Jacksonville,Corpus Christi,873.9,Dry Van,28015.0,0.8296,2.10389,1809.27,1854.7649410131526,45.494941013152584,45.494941013152584,2.5145468068973997,751-1000
TR-047132,Fresno,Atlanta,2264.7,Flatbed,37700.0,0.82345,2.11057,4673.35,4671.834102789939,-1.5158972100616666,1.5158972100616666,0.03243705714448236,1500+
TR-047133,Toledo,Fort Wayne,76.2,Dry Van,16939.0,0.88532,1.46064,204.65,289.68593378363494,85.03593378363493,85.03593378363493,41.5518855527168,0-250
TR-047134,Fresno,Kansas City,1929.8,Flatbed,29785.0,0.85691,2.21334,3786.22,4030.843187263765,244.62318726376498,244.62318726376498,6.460881492986805,1500+
TR-047135,Oklahoma City,Fresno,1451.2,Dry Van,47500.0,0.84581,2.13336,2924.77,3131.95459520463,207.1845952046301,207.1845952046301,7.083791040137519,1001-1500
TR-047136,Syracuse,El Paso,2232.7,Flatbed,38419.0,0.82389,2.10438,4470.57,4550.759253675613,80.18925367561314,80.18925367561314,1.79371430657865,1500+
TR-047137,Detroit,Jacksonville,941.7,Reefer,41907.0,0.80438,1.94327,2093.28,2198.559316721887,105.27931672188697,105.27931672188697,5.029394859831793,751-1000
TR-047138,Tulsa,Oklahoma City,312.5,Dry Van,31533.0,0.82108,1.59944,804.46,868.8220039436621,64.3620039436621,64.3620039436621,8.000646886565162,251-500
TR-047139,Montgomery,Indianapolis,612.6,Dry Van,22012.0,0.86079,2.05884,1283.69,1361.7276481148792,78.03764811487918,78.03764811487918,6.079166162771321,501-750
TR-047140,Lubbock,Nashville,940.6,Reefer,34796.0,0.864,1.62711,2333.08,2297.4280731338745,-35.65192686612545,35.65192686612545,1.528105631445362,751-1000
TR-047141,Boston,Montgomery,1253.5,Flatbed,34141.0,0.88997,1.96014,2746.68,2802.206355849494,55.52635584949394,55.52635584949394,2.021580812089284,1001-1500
TR-047142,Harrisburg,Philadelphia,338.0,Reefer,32041.0,0.814,1.71749,832.66,888.751129301291,56.09112930129106,56.09112930129106,6.736378509991001,251-500
TR-047143,Los Angeles,Philadelphia,2913.9,Dry Van,42536.0,0.83277,2.39379,5189.37,5423.094893425672,233.72489342567224,233.72489342567224,4.503916533715504,1500+
TR-047144,Atlanta,Philadelphia,919.2,Reefer,41764.0,0.86301,1.69203,2265.6,2167.0333286620635,-98.56667133793644,98.56667133793644,4.350576948178692,751-1000
TR-047145,Baton Rouge,Nashville,515.2,Dry Van,22397.0,0.87501,1.93957,1134.75,1156.951530639559,22.201530639558996,22.201530639558996,1.9565129446626126,501-750
TR-047146,Raleigh,Tulsa,1155.4,Flatbed,28193.0,0.8892,1.96332,2539.5,2557.121148435872,17.621148435871874,17.621148435871874,0.693882592473789,1001-1500
TR-047147,Atlanta,Fort Wayne,559.8,Dry Van,41005.0,0.84887,1.84927,1265.17,1247.1492976391603,-18.020702360839778,18.020702360839778,1.4243700341329446,501-750
TR-047148,Philadelphia,Little Rock,1299.9,Dry Van,17145.0,0.8484,2.25303,2443.52,2544.9027406744053,101.38274067440534,101.38274067440534,4.149044848186442,1001-1500
TR-047149,Syracuse,Toledo,450.5,Dry Van,26103.0,0.87716,2.0947,936.09,971.5855490413539,35.49554904135391,35.49554904135391,3.7918949076855757,251-500
TR-047150,Albany,Albuquerque,2451.0,Reefer,29123.0,0.8023,2.15271,4903.27,5026.5793227216745,123.3093227216741,123.3093227216741,2.51483852045011,1500+
TR-047151,Syracuse,Bakersfield,2618.1,Dry Van,43396.0,0.83322,2.24217,4915.66,4944.169406656046,28.50940665604594,28.50940665604594,0.5799710853892649,1500+
TR-047152,Providence,Hartford,294.7,Dry Van,36603.0,0.81543,1.80977,690.82,683.4959805540993,-7.324019445900717,7.324019445900717,1.0601921551056306,251-500
TR-047153,Boston,Dallas,1699.5,Dry Van,35776.0,0.85596,2.1448,3352.24,3404.8618551698914,52.62185516989166,52.62185516989166,1.569752021630064,1500+
TR-047154,Mobile,Bakersfield,1949.9,Reefer,28266.0,0.84131,1.96914,4219.08,4209.9992572759675,-9.080742724032461,9.080742724032461,0.21523039913991823,1500+
TR-047155,Philadelphia,Columbia,766.1,Dry Van,16275.0,0.84776,2.17458,1518.42,1554.8552276021699,36.43522760216979,36.43522760216979,2.3995487152546584,751-1000
TR-047156,Houston,Charleston,1063.3,Dry Van,25772.0,0.87041,2.08707,2197.26,2175.121485520942,-22.138514479058358,22.138514479058358,1.0075509716218543,1001-1500
TR-047157,Corpus Christi,Columbia,1022.1,Reefer,32744.0,0.82384,1.85479,2318.07,2401.1183710249447,83.04837102494457,83.04837102494457,3.582651560347382,1001-1500
TR-047158,Boston,Louisville,1120.6,Flatbed,24820.0,0.86729,2.02828,2344.86,2464.7576631182096,119.8976631182095,119.8976631182095,5.113212009169396,1001-1500
TR-047159,Oklahoma City,El Paso,827.8,Flatbed,10464.0,0.80615,1.95657,1832.09,1934.8121096304644,102.7221096304645,102.7221096304645,5.606826609525979,751-1000
TR-047160,St. Louis,New York,1040.5,Flatbed,23903.0,0.83381,2.1763,2110.46,2204.735280607313,94.2752806073131,94.2752806073131,4.4670489185918285,1001-1500
TR-047161,Columbia,Amarillo,1447.0,Dry Van,41340.0,0.85518,2.11806,2966.79,3082.9847838350097,116.19478383500973,116.19478383500973,3.9165152853761045,1001-1500
TR-047162,Boston,Syracuse,567.5,Dry Van,31034.0,0.86916,2.07322,1199.79,1192.5526504179604,-7.237349582039542,7.237349582039542,0.6032180283249187,501-750
TR-047163,Philadelphia,Atlanta,946.9,Dry Van,15557.0,0.83178,2.26621,1790.95,1927.9267089390141,136.9767089390141,136.9767089390141,7.648270970100454,751-1000
TR-047164,Boston,San Antonio,2126.6,Dry Van,47500.0,0.86694,2.14615,4273.4,4127.2362633349285,-146.16373666507116,146.16373666507116,3.4203148936460703,1500+
TR-047165,Fort Wayne,Shreveport,853.9,Reefer,32460.0,0.83321,1.8422,1994.42,2016.7489494300532,22.32894943005317,22.32894943005317,1.1195710748013543,751-1000
TR-047166,Oklahoma City,Salt Lake City,1007.7,Reefer,22659.0,0.84157,1.8378,2375.65,2335.8396307233133,-39.81036927668674,39.81036927668674,1.6757674437180032,1001-1500
TR-047167,Washington,Richmond,85.2,Dry Van,27559.0,0.84694,1.46504,229.4,276.8069499930798,47.40694999307979,47.40694999307979,20.665627721482036,0-250
TR-047168,Buffalo,Montgomery,975.7,Dry Van,15283.0,0.86482,2.271,1825.29,1984.7289027827458,159.4389027827458,159.4389027827458,8.7349902088296,751-1000
TR-047169,Fort Wayne,Greensboro,456.1,Flatbed,46049.0,0.8782,1.61276,1150.95,1160.22361956616,9.27361956616005,9.27361956616005,0.8057360933281246,251-500
TR-047170,New York,Memphis,1071.8,Dry Van,35072.0,0.86112,2.13962,2146.33,2253.4106622289282,107.0806622289283,107.0806622289283,4.989012045162129,1001-1500
TR-047171,Hartford,Richmond,316.4,Dry Van,35651.0,0.89252,1.77595,754.81,732.7307233706961,-22.079276629303877,22.079276629303877,2.9251436294304365,251-500
TR-047172,Grand Rapids,Fort Wayne,202.3,Dry Van,34198.0,0.82565,1.66392,490.24,534.5286610374546,44.28866103745463,44.28866103745463,9.034077398305856,0-250
TR-047173,El Paso,Albany,2580.8,Flatbed,47500.0,0.86736,2.04435,5270.27,5157.187116428252,-113.08288357174843,113.08288357174843,2.1456753367806285,1500+
TR-047174,Grand Rapids,Chattanooga,660.3,Dry Van,36478.0,0.83806,1.97094,1464.49,1431.1922525807818,-33.29774741921824,33.29774741921824,2.2736753012460476,501-750
TR-047175,Boston,Dayton,1012.0,Dry Van,38676.0,0.87832,2.13175,2065.37,2080.696294904585,15.326294904585211,15.326294904585211,0.7420604978568107,1001-1500
TR-047176,Montgomery,Fort Wayne,797.4,Flatbed,32803.0,0.84358,1.87029,1798.36,1835.0186662809122,36.65866628091226,36.65866628091226,2.0384498254471994,751-1000
TR-047177,Houston,Shreveport,238.2,Dry Van,27308.0,0.8739,1.51086,628.05,637.4525361430219,9.402536143021962,9.402536143021962,1.4970999351997394,0-250
TR-047178,Corpus Christi,Milwaukee,1026.0,Dry Van,39402.0,0.82251,2.01613,2205.02,2179.154834118764,-25.865165881235953,25.865165881235953,1.1730127564029331,1001-1500
TR-047179,Tucson,Reno,791.0,Reefer,31134.0,0.8668,1.85083,1831.61,1899.3114749637275,67.7014749637276,67.7014749637276,3.6962822305909886,751-1000
TR-047180,Cincinnati,San Antonio,1026.1,Flatbed,34304.0,0.86118,1.81678,2346.99,2344.869402508033,-2.1205974919666915,2.1205974919666915,0.0903539210634341,1001-1500
TR-047181,Amarillo,Cincinnati,1236.2,Reefer,43212.0,0.82177,1.77983,2915.38,2962.971597503755,47.59159750375511,47.59159750375511,1.6324320501531568,1001-1500
TR-047182,Richmond,New York,260.2,Reefer,24815.0,0.87354,1.63231,658.0,702.3331582334172,44.33315823341718,44.33315823341718,6.737562041552763,251-500
TR-047183,Syracuse,Bakersfield,2607.7,Dry Van,20532.0,0.8349,2.43604,4472.38,4632.086207961606,159.7062079616062,159.7062079616062,3.570944507434659,1500+
TR-047184,Atlanta,Philadelphia,942.9,Reefer,36776.0,0.8177,1.8581,2212.41,2188.0264251607614,-24.383574839238463,24.383574839238463,1.1021273109070409,751-1000
TR-047185,New York,Raleigh,459.3,Dry Van,30850.0,0.8151,1.94281,1003.07,1027.5730969201318,24.503096920131725,24.503096920131725,2.4428102645011536,251-500
TR-047186,Kansas City,Hartford,1203.8,Flatbed,29041.0,0.87895,2.07105,2525.13,2609.3032644711793,84.17326447117921,84.17326447117921,3.3334230107431777,1001-1500
TR-047187,Hartford,Buffalo,459.7,Flatbed,36572.0,0.86715,1.73355,1105.06,1128.153150007679,23.093150007679014,23.093150007679014,2.0897643573814104,251-500
TR-047188,Richmond,Albany,612.1,Flatbed,22822.0,0.84152,2.0244,1316.35,1403.8877442540497,87.53774425404981,87.53774425404981,6.650035648121687,501-750
TR-047189,Phoenix,Raleigh,2603.8,Flatbed,40985.0,0.84697,2.14407,5248.45,5341.932939519775,93.48293951977485,93.48293951977485,1.7811532837270976,1500+
TR-047190,Raleigh,Hartford,480.8,Dry Van,35746.0,0.86412,1.91587,1069.29,1121.5840759791233,52.29407597912336,52.29407597912336,4.890541946443282,251-500
TR-047191,Amarillo,Milwaukee,1171.6,Dry Van,27531.0,0.85299,2.14512,2366.62,2362.598667489743,-4.021332510256798,4.021332510256798,0.16991880869158538,1001-1500
TR-047192,Atlanta,San Antonio,930.1,Dry Van,34565.0,0.83531,2.04349,1946.38,1976.3277565472622,29.947756547262088,29.947756547262088,1.5386387317616337,751-1000
TR-047193,Amarillo,Montgomery,1232.7,Reefer,35998.0,0.85359,1.74164,2925.5,3025.436053252826,99.93605325282579,99.93605325282579,3.4160332679140586,1001-1500
TR-047194,Albany,Madison,1151.0,Dry Van,34309.0,0.84221,2.13799,2284.63,2300.6336098046713,16.003609804671214,16.003609804671214,0.7004902240043777,1001-1500
TR-047195,Grand Rapids,Greensboro,663.2,Dry Van,47500.0,0.86409,1.99785,1422.5,1396.042751486203,-26.457248513796912,26.457248513796912,1.8599120220595369,501-750
TR-047196,Albany,Atlanta,1190.9,Flatbed,24105.0,0.86334,2.11965,2401.67,2555.9355362622414,154.2655362622413,154.2655362622413,6.423261158370688,1001-1500
TR-047197,Columbia,Greensboro,124.9,Dry Van,17724.0,0.8395,1.54554,327.17,351.1518611186734,23.981861118673407,23.981861118673407,7.330091731721554,0-250
TR-047198,Jacksonville,Dayton,655.1,Dry Van,18221.0,0.86872,2.10377,1329.96,1354.1982533870678,24.238253387067743,24.238253387067743,1.8224798781217286,501-750
TR-047199,Little Rock,Chattanooga,352.7,Reefer,47500.0,0.81124,1.27168,1020.81,1012.781335240277,-8.028664759722915,8.028664759722915,0.7864994229800761,251-500
TR-047200,Salt Lake City,Chattanooga,1693.1,Flatbed,46861.0,0.82638,2.01056,3684.06,3728.1787816972965,44.11878169729653,44.11878169729653,1.1975587177542313,1500+
TR-047201,Philadelphia,Charleston,626.5,Reefer,22752.0,0.81753,1.80143,1470.86,1453.39761390641,-17.462386093589885,17.462386093589885,1.187222855580401,501-750
TR-047202,Hartford,Baton Rouge,1569.2,Dry Van,24454.0,0.84691,2.35384,2831.48,3022.695929434675,191.21592943467476,191.21592943467476,6.753214906503834,1500+
TR-047203,Reno,Jacksonville,2255.2,Dry Van,38848.0,0.81399,2.24353,4296.46,4315.990741203935,19.530741203934667,19.530741203934667,0.4545775173965234,1500+
TR-047204,El Paso,Birmingham,1653.3,Flatbed,38953.0,0.85422,1.95762,3567.75,3609.812443179266,42.06244317926621,42.06244317926621,1.1789627406423153,1500+
TR-047205,Cincinnati,San Antonio,991.5,Dry Van,38179.0,0.8468,1.979,2119.21,2180.9565715717513,61.74657157175125,61.74657157175125,2.91365988135915,751-1000
TR-047206,Tulsa,Lexington,714.6,Flatbed,20128.0,0.86983,1.87854,1584.08,1682.3864145814305,98.30641458143054,98.30641458143054,6.205899612483622,501-750
TR-047207,El Paso,Birmingham,1580.8,Dry Van,30147.0,0.87357,2.19878,3084.43,3225.8714906189603,141.44149061896042,141.44149061896042,4.5856605797168495,1500+
TR-047208,Albuquerque,Green Bay,1555.6,Dry Van,42922.0,0.91053,2.20661,3030.94,3336.4956647690115,305.5556647690114,305.5556647690114,10.081217865382072,1500+
TR-047209,Atlanta,Tulsa,592.1,Reefer,41404.0,0.86953,1.47871,1576.31,1546.5023459596337,-29.807654040366288,29.807654040366288,1.8909766505551755,501-750
TR-047210,Las Vegas,Chattanooga,1873.0,Dry Van,36109.0,0.82025,2.17256,3628.01,3754.25961352875,126.2496135287497,126.2496135287497,3.4798584769267364,1500+
TR-047211,Cincinnati,Amarillo,1179.1,Dry Van,21928.0,0.84544,2.17943,2322.3,2409.992950314578,87.69295031457796,87.69295031457796,3.7761249758678015,1001-1500
TR-047212,San Antonio,Los Angeles,1285.2,Dry Van,22147.0,0.8521,2.24773,2454.04,2587.405660438842,133.36566043884204,133.36566043884204,5.434534907289288,1001-1500
TR-047213,Albuquerque,New York,2265.4,Dry Van,27979.0,0.84975,2.37239,4056.14,4255.069917012345,198.9299170123454,198.9299170123454,4.904414468246792,1500+
TR-047214,Mobile,Madison,799.2,Flatbed,30421.0,0.8692,1.89011,1807.01,1837.3443663827286,30.334366382728604,30.334366382728604,1.6787049536377001,751-1000
TR-047215,Reno,Shreveport,1789.6,Flatbed,39463.0,0.86714,2.01888,3782.13,3900.0975146558135,117.96751465581337,117.96751465581337,3.1190761463993404,1500+
TR-047216,Albany,Toledo,809.3,Flatbed,19312.0,0.83746,2.03585,1723.55,1720.7838591969526,-2.766140803047392,2.766140803047392,0.16049089397159308,751-1000
TR-047217,Reno,Toledo,2065.1,Reefer,18746.0,0.87514,2.20432,3953.78,4192.250623521288,238.4706235212875,238.4706235212875,6.03145909790852,1500+
TR-047218,Madison,Columbia,712.2,Flatbed,46995.0,0.83026,1.75653,1711.52,1697.4270624275127,-14.092937572487244,14.092937572487244,0.8234164703005075,501-750
TR-047219,Nashville,Atlanta,145.2,Flatbed,28460.0,0.8197,1.2359,420.2,514.5841680394763,94.38416803947626,94.38416803947626,22.461724902302777,0-250
TR-047220,Toledo,Green Bay,275.6,Dry Van,22227.0,0.86933,1.94579,610.07,627.083781722238,17.013781722237923,17.013781722237923,2.7888245155863953,251-500
TR-047221,Indianapolis,Baltimore,1034.6,Reefer,21967.0,0.82148,1.98765,2265.35,2318.7417118636135,53.39171186361364,53.39171186361364,2.3568857732188686,1001-1500
TR-047222,Richmond,Mobile,903.0,Reefer,22236.0,0.8229,1.85974,2055.67,2042.9768460096325,-12.693153990367591,12.693153990367591,0.6174704106382635,751-1000
TR-047223,Lexington,Memphis,323.2,Flatbed,33371.0,0.85472,1.57693,841.61,883.6823727729154,42.0723727729154,42.0723727729154,4.999034323845415,251-500
TR-047224,Fort Wayne,El Paso,1729.8,Dry Van,25465.0,0.8448,2.25011,3190.69,3325.022506535789,134.33250653578898,134.33250653578898,4.2101397044460285,1500+
TR-047225,Syracuse,New Orleans,1296.4,Dry Van,31832.0,0.85023,2.12562,2582.43,2588.2808365640085,5.8508365640086595,5.8508365640086595,0.22656322006825588,1001-1500
TR-047226,Charleston,Reno,2542.2,Dry Van,29221.0,0.81725,2.39332,4550.45,4715.967004527272,165.51700452727255,165.51700452727255,3.637376622691658,1500+
TR-047227,Grand Rapids,Louisville,514.6,Dry Van,20878.0,0.80902,2.06711,1076.88,1064.773134019477,-12.106865980523025,12.106865980523025,1.1242539540638719,501-750
TR-047228,Harrisburg,Buffalo,166.4,Dry Van,43134.0,0.86065,1.66951,422.77,470.1406903952741,47.370690395274096,47.370690395274096,11.204837238989072,0-250
TR-047229,San Antonio,Chattanooga,900.0,Flatbed,30949.0,0.84573,1.84823,2037.77,2087.277487882813,49.507487882813166,49.507487882813166,2.429493411072553,751-1000
TR-047230,Greensboro,Washington,455.2,Reefer,28171.0,0.83496,1.7101,1126.61,1171.4688757573574,44.85887575735751,44.85887575735751,3.981757285782792,251-500
TR-047231,Shreveport,Lexington,612.6,Dry Van,30063.0,0.89426,1.99092,1358.41,1356.2006471759344,-2.209352824065718,2.209352824065718,0.1626425618234346,501-750
TR-047232,Houston,Montgomery,620.0,Dry Van,44979.0,0.79788,1.84291,1427.86,1449.125777833723,21.265777833723178,21.265777833723178,1.489346142739707,501-750
TR-047233,Nashville,Milwaukee,367.4,Dry Van,23234.0,0.84698,1.92924,812.38,866.7542941093527,54.37429410935272,54.37429410935272,6.693209348993416,251-500
TR-047234,Milwaukee,Grand Rapids,336.8,Dry Van,41637.0,0.87196,1.77582,788.83,832.2113245070987,43.38132450709861,43.38132450709861,5.499451657150288,251-500
TR-047235,Bakersfield,Houston,1529.9,Dry Van,30486.0,0.87104,2.12862,3078.27,3063.313743116876,-14.956256883123842,14.956256883123842,0.4858656610084185,1500+
TR-047236,Hartford,New York,117.3,Reefer,24062.0,0.82927,1.1789,344.85,387.19274166857554,42.34274166857551,42.34274166857551,12.278596975083518,0-250
TR-047237,Oklahoma City,Buffalo,1515.8,Dry Van,32972.0,0.82144,2.21697,2930.32,3081.855568817957,151.53556881795703,151.53556881795703,5.171297633635815,1500+
TR-047238,Corpus Christi,Lubbock,314.3,Dry Van,17062.0,0.8754,1.67688,777.61,863.9799587006173,86.3699587006173,86.3699587006173,11.107104937001493,251-500
TR-047239,Raleigh,Milwaukee,764.4,Dry Van,19635.0,0.8401,2.20822,1493.29,1597.260912161165,103.97091216116496,103.97091216116496,6.962539905923496,751-1000
TR-047240,Houston,Richmond,1341.3,Reefer,24114.0,0.85811,1.96633,2918.22,2964.4732175701624,46.25321757016263,46.25321757016263,1.5849804870833122,1001-1500
TR-047241,Grand Rapids,Boston,1058.9,Flatbed,27839.0,0.88848,2.09811,2144.64,2311.2777733994008,166.63777339940088,166.63777339940088,7.769964814579645,1001-1500
TR-047242,Richmond,Charleston,392.7,Dry Van,30549.0,0.83934,1.85645,892.17,946.9341471810785,54.764147181078556,54.764147181078556,6.138308526522811,251-500
TR-047243,Tulsa,Richmond,1252.9,Reefer,23995.0,0.88015,2.00615,2709.66,2817.681074278559,108.02107427855935,108.02107427855935,3.9865176545603274,1001-1500
TR-047244,Syracuse,Mobile,1138.2,Dry Van,41113.0,0.85436,2.22052,2232.87,2456.263816947771,223.39381694777103,223.39381694777103,10.004783840876138,1001-1500
TR-047245,Nashville,Cincinnati,180.5,Reefer,47321.0,0.83869,0.99293,570.97,618.4093711703595,47.439371170359436,47.439371170359436,8.308557572264643,0-250
TR-047246,Lexington,Kansas City,438.9,Dry Van,21795.0,0.81173,1.93114,956.7,1002.7019837312232,46.00198373122316,46.00198373122316,4.808402187856502,251-500
TR-047247,Buffalo,Tampa,1186.4,Dry Van,44531.0,0.84706,2.13127,2367.47,2485.555138182229,118.085138182229,118.085138182229,4.987819832235636,1001-1500
TR-047248,Toledo,Boston,929.3,Flatbed,24613.0,0.85832,2.16366,1881.5,2038.8960219387318,157.3960219387318,157.3960219387318,8.365454261957577,751-1000
TR-047249,Dayton,Memphis,446.3,Reefer,28646.0,0.87514,1.71131,1101.36,1149.4815187415263,48.121518741526415,48.121518741526415,4.369281501191837,251-500
TR-047250,Richmond,Lubbock,1655.3,Dry Van,34514.0,0.87088,2.18042,3281.87,3467.6432625059488,185.77326250594888,185.77326250594888,5.660591751225639,1500+
TR-047251,Phoenix,Baton Rouge,1598.9,Dry Van,37996.0,0.87354,2.12691,3285.09,3359.8102377366445,74.72023773664432,74.72023773664432,2.2745263519917054,1500+
TR-047252,Columbia,Philadelphia,763.4,Dry Van,16350.0,0.89383,2.23517,1487.21,1589.6098870994174,102.39988709941736,102.39988709941736,6.8853683810233495,751-1000
TR-047253,Lubbock,El Paso,788.0,Reefer,36917.0,0.83278,1.64778,1979.85,1960.5677813395355,-19.282218660464423,19.282218660464423,0.973923209357498,751-1000
TR-047254,Albany,Jacksonville,1317.4,Dry Van,22056.0,0.85579,2.28438,2463.55,2600.5311910538003,136.9811910538001,136.9811910538001,5.560317064959108,1001-1500
TR-047255,Boston,Montgomery,1275.0,Reefer,43067.0,0.84743,1.8554,2865.84,2951.48595829529,85.6459582952898,85.6459582952898,2.9885115112947616,1001-1500
TR-047256,Baton Rouge,Charleston,927.8,Reefer,37062.0,0.87675,1.78947,2200.08,2247.1846582244452,47.1046582244453,47.1046582244453,2.1410429722757947,751-1000
TR-047257,Lubbock,Albany,2144.5,Dry Van,33515.0,0.85083,2.2019,4098.55,4204.0855495802825,105.53554958028235,105.53554958028235,2.574948447140631,1500+
TR-047258,Phoenix,Tucson,276.9,Dry Van,45911.0,0.82977,1.57055,713.13,737.1523203230067,24.02232032300674,24.02232032300674,3.3685751998943725,251-500
TR-047259,Charleston,Mobile,615.6,Reefer,29994.0,0.86321,1.7249,1493.65,1527.8047007955417,34.15470079554166,34.15470079554166,2.2866602480863425,501-750
TR-047260,Phoenix,Green Bay,2191.0,Flatbed,27979.0,0.86378,2.19804,4291.12,4390.970756345053,99.85075634505301,99.85075634505301,2.3269159647144106,1500+
TR-047261,Tucson,Baltimore,2616.0,Reefer,31204.0,0.87697,2.06177,5450.63,5484.38557720516,33.75557720516008,33.75557720516008,0.619296800648,1500+
TR-047262,Tucson,Memphis,1636.0,Flatbed,37601.0,0.85153,2.0651,3452.83,3626.3913800814744,173.56138008147445,173.56138008147445,5.026641337148787,1500+
TR-047263,Toledo,Shreveport,922.8,Dry Van,43858.0,0.81103,2.05595,1992.41,1955.3737739852054,-37.03622601479469,37.03622601479469,1.858865696056268,751-1000
TR-047264,Bakersfield,Tucson,319.7,Dry Van,32290.0,0.82393,1.73835,781.27,783.6840372671152,2.414037267115191,2.414037267115191,0.3089888600759265,251-500
TR-047265,Corpus Christi,Amarillo,710.8,Dry Van,29491.0,0.84576,1.98698,1559.38,1615.0188657219041,55.63886572190404,55.63886572190404,3.568012012588595,501-750
TR-047266,Hartford,Baton Rouge,1535.2,Dry Van,40922.0,0.85876,2.17589,3012.34,3204.913905680657,192.57390568065694,192.57390568065694,6.392834330807841,1500+
TR-047267,Grand Rapids,Mobile,969.4,Dry Van,35790.0,0.86882,2.08659,2001.79,2034.1212399823116,32.33123998231167,32.33123998231167,1.6151164698750455,751-1000
TR-047268,Amarillo,Albany,2213.4,Dry Van,33149.0,0.87063,2.3003,4180.37,4401.963672042516,221.59367204251612,221.59367204251612,5.300814809275641,1500+
TR-047269,Madison,Cincinnati,430.4,Flatbed,26979.0,0.87705,1.8632,1008.7,1050.5626021426035,41.862602142603464,41.862602142603464,4.150153875543121,251-500
TR-047270,Fort Wayne,Greensboro,477.1,Dry Van,38946.0,0.85069,1.80096,1119.83,1109.1108819537862,-10.71911804621368,10.71911804621368,0.9572094019818794,251-500
TR-047271,Phoenix,Buffalo,2621.1,Flatbed,29588.0,0.86257,2.20299,5029.22,5118.240644406522,89.02064440652157,89.02064440652157,1.770068607190013,1500+
TR-047272,Cincinnati,Atlanta,193.6,Dry Van,21790.0,0.83869,1.62864,485.95,545.2623713031426,59.312371303142584,59.312371303142584,12.205447330618908,0-250
TR-047273,Oklahoma City,Baton Rouge,463.4,Dry Van,47500.0,0.85834,1.70533,1165.7,1157.1780648252527,-8.521935174747341,8.521935174747341,0.7310573196145956,251-500
TR-047274,Mobile,Buffalo,1039.1,Dry Van,15111.0,0.88791,2.14816,2037.11,2162.0775654748704,124.96756547487053,124.96756547487053,6.134551667552097,1001-1500
TR-047275,Columbia,San Francisco,2520.1,Reefer,28258.0,0.87197,2.04447,5264.57,5210.996302050988,-53.57369794901206,53.57369794901206,1.0176272316449788,1500+
TR-047276,San Antonio,Mobile,768.7,Reefer,47500.0,0.90235,1.57607,1992.37,1911.1892984054232,-81.1807015945767,81.1807015945767,4.074579600906294,751-1000
TR-047277,Lubbock,Oklahoma City,219.4,Dry Van,38277.0,0.89341,1.38696,614.66,719.6256432238845,104.96564322388451,104.96564322388451,17.077025221079055,0-250
TR-047278,Atlanta,Bakersfield,1987.7,Reefer,19241.0,0.81912,2.07156,4113.53,4130.4629936491765,16.93299364917675,16.93299364917675,0.41164142838819096,1500+
TR-047279,Reno,Montgomery,2196.7,Reefer,29916.0,0.86981,2.14153,4347.35,4593.86440797694,246.51440797693976,246.51440797693976,5.670452297996245,1500+
TR-047280,Chattanooga,Philadelphia,957.4,Dry Van,35775.0,0.82896,2.12402,1962.23,2051.687556991562,89.45755699156189,89.45755699156189,4.558974074984171,751-1000
TR-047281,Lexington,Buffalo,570.4,Dry Van,30246.0,0.87275,2.11043,1179.2,1230.8195106276185,51.61951062761841,51.61951062761841,4.377502597321778,501-750
TR-047282,Milwaukee,Madison,207.2,Dry Van,23716.0,0.86981,1.74896,517.3,528.1854108158907,10.885410815890737,10.885410815890737,2.1042742733212325,0-250
TR-047283,Chattanooga,Fresno,2175.4,Dry Van,19483.0,0.89485,2.36156,3901.87,4101.278629950595,199.40862995059524,199.40862995059524,5.110591330582394,1500+
TR-047284,Lexington,Memphis,310.9,Flatbed,21452.0,0.84641,1.71231,783.99,795.5663108283588,11.576310828358828,11.576310828358828,1.4765890927637888,251-500
TR-047285,Birmingham,Washington,772.6,Dry Van,47500.0,0.85065,2.00729,1658.47,1699.3662982882302,40.89629828823013,40.89629828823013,2.4659052191616446,751-1000
TR-047286,Albuquerque,Grand Rapids,1588.3,Dry Van,23704.0,0.86195,2.26239,2984.09,3093.300201717565,109.21020171756481,109.21020171756481,3.6597489257215705,1500+
TR-047287,New York,Philadelphia,103.8,Dry Van,39981.0,0.88087,1.35421,292.09,320.02300315708726,27.933003157087285,27.933003157087285,9.563149425549415,0-250
TR-047288,Detroit,Baton Rouge,1211.3,Dry Van,38283.0,0.90978,2.25449,2375.88,2508.108936158838,132.22893615883777,132.22893615883777,5.565472000220455,1001-1500
TR-047289,Grand Rapids,San Francisco,2256.6,Flatbed,22592.0,0.8643,2.30557,4115.51,4439.6632590131,324.15325901310007,324.15325901310007,7.876381275057041,1500+
TR-047290,New Orleans,New York,1334.2,Dry Van,23773.0,0.8788,2.18815,2571.32,2631.842714756442,60.52271475644193,60.52271475644193,2.3537605104165147,1001-1500
TR-047291,Corpus Christi,Shreveport,425.5,Flatbed,33323.0,0.85576,1.536,1138.74,1135.8458701121474,-2.894129887852614,2.894129887852614,0.2541519475782544,251-500
TR-047292,Albuquerque,Cincinnati,1477.0,Flatbed,17206.0,0.84741,2.23116,2899.76,3176.856357475387,277.09635747538687,277.09635747538687,9.555837637438506,1001-1500
TR-047293,Reno,Albany,2801.9,Reefer,24909.0,0.89709,2.20221,5327.47,5637.131261910519,309.661261910519,309.661261910519,5.812538820688225,1500+
TR-047294,Savannah,Syracuse,807.2,Flatbed,21670.0,0.85641,2.05179,1662.74,1806.0369245593952,143.29692455939517,143.29692455939517,8.61811976372705,751-1000
TR-047295,Greensboro,Hartford,750.2,Dry Van,36636.0,0.83287,2.0315,1535.64,1613.724392408606,78.08439240860594,78.08439240860594,5.084811050025132,751-1000
TR-047296,San Antonio,Phoenix,1225.5,Flatbed,32090.0,0.92087,1.91571,2740.37,2782.628017076987,42.25801707698702,42.25801707698702,1.5420551632439057,1001-1500
TR-047297,Nashville,El Paso,1467.2,Reefer,20512.0,0.84046,2.00306,3171.33,3279.5599712185503,108.22997121855042,108.22997121855042,3.412762822492469,1001-1500
TR-047298,Philadelphia,Columbia,776.1,Flatbed,23780.0,0.85577,2.01583,1657.15,1723.070445810766,65.92044581076584,65.92044581076584,3.977940790560048,751-1000
TR-047299,Boston,Bakersfield,2979.1,Reefer,30585.0,0.86501,2.09472,19110.3,6111.1313811894,-12999.1686188106,12999.1686188106,68.0217925349712,1500+
TR-047300,San Antonio,Baton Rouge,411.7,Dry Van,36505.0,0.86426,1.57974,1042.31,1061.6873796014404,19.377379601440452,19.377379601440452,1.8590802737612087,251-500
TR-047301,Fort Wayne,Los Angeles,2312.6,Flatbed,31825.0,0.8366,2.25452,4466.18,4671.776854325308,205.5968543253075,205.5968543253075,4.603416215318404,1500+
TR-047302,Syracuse,San Antonio,1715.6,Flatbed,23704.0,0.83632,2.17641,3304.3,3646.081918838372,341.7819188383719,341.7819188383719,10.343549884646427,1500+
TR-047303,Phoenix,Philadelphia,2936.3,Dry Van,29004.0,0.86229,2.4128,5149.54,5319.336670964405,169.79667096440517,169.79667096440517,3.297317254830629,1500+
TR-047304,Mobile,Bakersfield,1953.2,Reefer,42958.0,0.83372,1.95873,4210.91,4372.568706834578,161.65870683457797,161.65870683457797,3.8390444543953204,1500+
TR-047305,Philadelphia,Albuquerque,2365.4,Dry Van,46610.0,0.88307,2.24127,4473.29,4669.5756400215505,196.28564002155053,196.28564002155053,4.387948020842614,1500+
TR-047306,New York,Chattanooga,930.0,Dry Van,30866.0,0.83433,2.20305,1837.59,1938.981050921795,101.39105092179511,101.39105092179511,5.517610071985324,751-1000
TR-047307,Fort Wayne,Oklahoma City,1167.3,Dry Van,45705.0,0.90612,1.99891,2456.79,2500.025310844866,43.235310844866035,43.235310844866035,1.7598293238276792,1001-1500
TR-047308,Toledo,Oklahoma City,1257.1,Reefer,35875.0,0.86431,1.89779,2818.51,2947.667826375496,129.15782637549592,129.15782637549592,4.582486007695411,1001-1500
TR-047309,El Paso,Charleston,2019.7,Flatbed,17412.0,0.8532,2.19725,3911.92,4211.331834254891,299.4118342548909,299.4118342548909,7.65383326486459,1500+
TR-047310,Washington,El Paso,2139.9,Flatbed,26634.0,0.85894,2.10691,4311.77,4422.713837906853,110.94383790685242,110.94383790685242,2.5730462874145053,1500+
TR-047311,Hartford,Greensboro,728.4,Flatbed,32029.0,0.8866,1.95262,1608.17,1672.9604351597986,64.79043515979856,64.79043515979856,4.028829984379671,501-750
TR-047312,Bakersfield,Philadelphia,2786.7,Reefer,29628.0,1.0558,2.08826,5637.98,5930.003212424417,292.0232124244176,292.0232124244176,5.1795716271504615,1500+
TR-047313,Fort Wayne,Albany,879.9,Dry Van,32153.0,0.87967,2.14797,1728.39,1927.230208684069,198.840208684069,198.840208684069,11.504360050918427,751-1000
TR-047314,Birmingham,Buffalo,835.3,Reefer,40380.0,0.85198,1.76123,2008.6,2052.780489071976,44.1804890719759,44.1804890719759,2.199566318429548,751-1000
TR-047315,Green Bay,Memphis,719.1,Dry Van,33285.0,0.85038,1.96095,1564.16,1577.8702848942041,13.710284894204051,13.710284894204051,0.8765270109326444,501-750
TR-047316,Fort Wayne,Richmond,614.9,Dry Van,38028.0,0.86942,1.95226,1320.45,1336.9230510629523,16.47305106295221,16.47305106295221,1.2475331184787162,501-750
TR-047317,Reno,Madison,1741.4,Flatbed,34467.0,0.83668,2.15607,3409.07,3734.66867559096,325.59867559095983,325.59867559095983,9.550953063180275,1500+
TR-047318,Los Angeles,Baton Rouge,1693.3,Dry Van,15380.0,1.0558,2.31001,3084.87,3408.7150102397645,323.84501023976463,323.84501023976463,10.497849511965322,1500+
TR-047319,Little Rock,Hartford,1356.1,Flatbed,47500.0,0.84343,2.01246,2904.7,3079.279699111349,174.57969911134933,174.57969911134933,6.010248876350375,1001-1500
TR-047320,Milwaukee,Buffalo,658.3,Dry Van,34551.0,0.89586,2.1092,1355.05,1391.2845640170076,36.23456401700764,36.23456401700764,2.6740388928089476,501-750
TR-047321,Lexington,Charleston,417.0,Dry Van,44784.0,0.81804,1.8919,968.23,1031.3252796495315,63.09527964953145,63.09527964953145,6.516559045839465,251-500
TR-047322,Toledo,Oklahoma City,1258.0,Dry Van,23797.0,0.82519,2.23465,2451.68,2510.728164543391,59.04816454339107,59.04816454339107,2.408477637513504,1001-1500
TR-047323,Harrisburg,Charleston,485.4,Dry Van,31116.0,0.85363,2.03995,1040.5,1097.8214495479297,57.32144954792966,57.32144954792966,5.509029269382956,251-500
TR-047324,Hartford,Toledo,784.5,Reefer,30482.0,0.87576,1.96126,1729.69,1810.5935775851626,80.90357758516257,80.90357758516257,4.677345511921938,751-1000
TR-047325,Columbia,Austin,1209.6,Dry Van,34476.0,0.84782,2.07476,2546.21,2554.4246596562507,8.21465965625066,8.21465965625066,0.3226230223057273,1001-1500
TR-047326,Fort Wayne,Syracuse,544.3,Dry Van,34764.0,0.83774,2.05131,1149.91,1205.382498270803,55.47249827080282,55.47249827080282,4.824073037959737,501-750
TR-047327,Richmond,Boston,493.2,Dry Van,47384.0,0.89053,1.85881,1124.24,1158.481680390344,34.24168039034407,34.24168039034407,3.0457625053675432,251-500
TR-047328,Montgomery,Baton Rouge,457.1,Dry Van,33892.0,0.8724,1.79546,1078.91,1226.3489852328796,147.43898523287953,147.43898523287953,13.665549974778205,251-500
TR-047329,Salt Lake City,Fresno,470.1,Flatbed,27938.0,0.86142,1.86519,1082.86,1195.9857379568903,113.12573795689036,113.12573795689036,10.446940320714623,251-500
TR-047330,Baton Rouge,Tulsa,288.3,Dry Van,34139.0,0.859,1.54477,754.18,802.0683383688602,47.88833836886022,47.88833836886022,6.34972266154767,251-500
TR-047331,Chattanooga,Tampa,586.4,Dry Van,29794.0,0.88678,1.96726,1260.1,1333.6057132811359,73.50571328113597,73.50571328113597,5.8333238061372885,501-750
TR-047332,San Antonio,Phoenix,1219.1,Reefer,43994.0,0.87667,1.74029,2947.21,2905.271095225662,-41.93890477433797,41.93890477433797,1.4230036127163646,1001-1500
TR-047333,Little Rock,Shreveport,169.0,Dry Van,29287.0,0.87804,1.37219,467.71,565.2689054154055,97.55890541540549,97.55890541540549,20.858845313421885,0-250
TR-047334,Green Bay,New York,886.2,Flatbed,42196.0,0.83071,1.93469,1963.72,1982.858263383142,19.138263383141975,19.138263383141975,0.9745922729891214,751-1000
TR-047335,Greensboro,Fresno,2440.9,Dry Van,25872.0,0.81589,2.43948,4254.89,4557.304640418298,302.4146404182975,302.4146404182975,7.107460837255427,1500+
TR-047336,Houston,Greensboro,926.2,Flatbed,39295.0,0.86382,1.81276,2173.71,2137.369871380279,-36.34012861972087,36.34012861972087,1.6718020628198276,751-1000
TR-047337,Albany,Phoenix,3097.3,Flatbed,39370.0,0.85301,2.27425,5916.65,6118.977968134009,202.3279681340091,202.3279681340091,3.41963726321498,1500+
TR-047338,Charleston,Tulsa,1032.8,Dry Van,36069.0,0.89747,1.95216,2248.82,2189.2914362086926,-59.52856379130753,59.52856379130753,2.64710220432527,1001-1500
TR-047339,Richmond,Montgomery,820.9,Reefer,25760.0,0.81119,1.94501,1837.42,1931.9199865832597,94.49998658325967,94.49998658325967,5.143080329116896,751-1000
TR-047340,Oklahoma City,Cincinnati,922.8,Dry Van,29257.0,0.83102,2.03726,1909.42,1927.3621387926746,17.94213879267454,17.94213879267454,0.9396643374781107,751-1000
TR-047341,Houston,Lubbock,382.9,Dry Van,37064.0,0.89346,1.62291,969.54,1011.2660074786734,41.72600747867341,41.72600747867341,4.30369118124816,251-500
TR-047342,Birmingham,Tampa,437.1,Flatbed,28884.0,0.88551,1.62671,1081.86,1097.8302172091787,15.970217209178827,15.970217209178827,1.4761815030760752,251-500
TR-047343,Little Rock,Houston,355.7,Dry Van,12485.0,0.8321,1.65344,880.2,947.6629545091878,67.46295450918774,67.46295450918774,7.664502898112671,251-500
TR-047344,Nashville,Greensboro,366.4,Flatbed,24537.0,0.90124,1.66479,910.03,927.8380515298231,17.80805152982316,17.80805152982316,1.9568642275335058,251-500
TR-047345,Charleston,Los Angeles,2596.2,Dry Van,33707.0,0.8817,2.22989,4879.54,4898.939984171102,19.399984171102005,19.399984171102005,0.39757813587145524,1500+
TR-047346,Reno,Providence,3173.4,Dry Van,28715.0,0.84175,2.38148,5653.31,5613.5895034347395,-39.72049656526087,39.72049656526087,0.7026060231132004,1500+
TR-047347,Atlanta,Richmond,699.3,Dry Van,36134.0,0.83629,2.02374,1481.77,1494.155362087015,12.385362087014983,12.385362087014983,0.8358491592497473,501-750
TR-047348,Oklahoma City,San Antonio,202.9,Reefer,21691.0,0.86973,1.20484,600.37,684.8773425679478,84.50734256794783,84.50734256794783,14.075876970526146,0-250
TR-047349,Shreveport,Cincinnati,552.6,Dry Van,18262.0,0.88333,2.02355,1181.66,1233.4460244552188,51.786024455218694,51.786024455218694,4.382480955200201,501-750
TR-047350,Amarillo,Lexington,1320.9,Reefer,38441.0,0.79882,1.80414,3020.37,3178.4808287975397,158.11082879753985,158.11082879753985,5.234816555506109,1001-1500
TR-047351,Albany,Columbia,1067.6,Dry Van,20685.0,0.87585,2.36309,1953.54,2122.084671411768,168.54467141176792,168.54467141176792,8.62765397236647,1001-1500
TR-047352,Richmond,Baton Rouge,1262.8,Dry Van,32967.0,0.83648,2.16809,2506.68,2580.2574287687808,73.57742876878092,73.57742876878092,2.9352541516580066,1001-1500
TR-047353,Fort Wayne,New York,715.7,Flatbed,33051.0,0.92264,1.95833,1575.97,1683.9533124439436,107.98331244394353,107.98331244394353,6.85186345196568,501-750
TR-047354,New York,Syracuse,324.2,Dry Van,30509.0,0.89448,1.95972,696.47,726.1863378583694,29.716337858369343,29.716337858369343,4.266707519113435,251-500
TR-047355,Mobile,Austin,831.6,Reefer,32988.0,0.96488,1.5957,2128.96,2102.8297866911394,-26.130213308860675,26.130213308860675,1.2273698570598168,751-1000
TR-047356,Dayton,Milwaukee,198.6,Dry Van,22963.0,0.90202,1.61376,504.28,505.2214849499562,0.9414849499562479,0.9414849499562479,0.1866988478536226,0-250
TR-047357,Phoenix,Nashville,1954.9,Dry Van,28677.0,0.91195,2.18111,3847.37,3882.217816852668,34.847816852668075,34.847816852668075,0.9057568378572396,1500+
TR-047358,Columbia,Fresno,2384.7,Flatbed,41518.0,0.93602,2.02189,5009.28,4966.0860699161,-43.19393008389943,43.19393008389943,0.8622782133140777,1500+
TR-047359,Corpus Christi,Charleston,1233.6,Reefer,26135.0,0.93271,1.91172,2709.64,2768.72018440324,59.08018440324031,59.08018440324031,2.1803702485658727,1001-1500
TR-047360,Baltimore,Corpus Christi,1743.9,Dry Van,47500.0,0.93941,2.13427,3458.39,3538.78792460033,80.39792460033004,80.39792460033004,2.3247211737348894,1500+
TR-047361,Savannah,Baton Rouge,770.4,Dry Van,38510.0,0.93036,1.94905,1718.9,1729.8271151175722,10.927115117572157,10.927115117572157,0.6357039454053265,751-1000
TR-047362,Greensboro,Shreveport,705.6,Dry Van,20948.0,0.92446,2.0896,1468.62,1599.5727895327645,130.95278953276465,130.95278953276465,8.916723831403948,501-750
TR-047363,Oklahoma City,San Antonio,225.6,Flatbed,19664.0,0.92212,1.38973,618.21,685.3698549593553,67.15985495935524,67.15985495935524,10.863598932297316,0-250
TR-047364,Birmingham,Baton Rouge,487.6,Flatbed,47500.0,0.91715,1.45637,1285.55,1372.810342026004,87.26034202600408,87.26034202600408,6.7877828187160425,251-500
TR-047365,Corpus Christi,Little Rock,529.9,Reefer,32059.0,0.91506,1.52319,1391.52,1441.4753441116443,49.95534411164431,49.95534411164431,3.5899839105183045,501-750
TR-047366,Oklahoma City,St. Louis,818.8,Flatbed,12484.0,0.943,1.87376,1832.71,1865.6173768251508,32.90737682515078,32.90737682515078,1.7955583166540685,751-1000
TR-047367,Montgomery,Austin,967.4,Dry Van,34589.0,0.94462,1.98553,2095.3,2213.105283169072,117.80528316907203,117.80528316907203,5.62235876337861,751-1000
TR-047368,Grand Rapids,Indianapolis,442.0,Flatbed,22604.0,0.92289,1.82323,1044.28,1066.0177371531327,21.737737153132684,21.737737153132684,2.0816004474980545,251-500
TR-047369,Toledo,Tulsa,975.4,Dry Van,39729.0,0.91746,1.97855,2093.14,2052.069420583421,-41.07057941657877,41.07057941657877,1.9621515721155187,751-1000
TR-047370,Shreveport,Memphis,314.8,Reefer,40591.0,0.91355,1.37388,888.73,1015.6671854716135,126.93718547161347,126.93718547161347,14.282986449384344,251-500
TR-047371,Las Vegas,Greensboro,2183.5,Dry Van,12741.0,0.96125,2.349,3924.86,4027.0629369347453,102.20293693474514,102.20293693474514,2.6039893635631626,1500+
TR-047372,Milwaukee,Providence,1198.9,Reefer,14598.0,0.97363,2.01417,2569.09,2614.953327449308,45.86332744930769,45.86332744930769,1.7851973830931451,1001-1500
TR-047373,Bakersfield,Amarillo,848.6,Reefer,31157.0,0.93664,1.82523,1998.58,2036.0246293530893,37.44462935308934,37.44462935308934,1.873561696458953,751-1000
TR-047374,Memphis,Savannah,533.8,Dry Van,31056.0,0.90307,1.85907,1234.58,1187.3052421101497,-47.27475788985021,47.27475788985021,3.829217862742812,501-750
TR-047375,Oklahoma City,Indianapolis,863.3,Reefer,27148.0,0.94047,1.83019,2035.9,2012.560302291007,-23.33969770899307,23.33969770899307,1.1464068819192037,751-1000
TR-047376,Tucson,Birmingham,1886.6,Dry Van,23552.0,0.95853,2.20564,3597.23,3716.1347427380597,118.90474273805967,118.90474273805967,3.3054528828587464,1500+
TR-047377,Austin,Phoenix,1139.4,Dry Van,24802.0,0.91188,2.10673,2321.27,2361.119383704468,39.84938370446798,39.84938370446798,1.7167061007322708,1001-1500
TR-047378,Cincinnati,Salt Lake City,1672.1,Dry Van,27259.0,0.91671,2.24927,3163.93,3364.4506315475455,200.5206315475457,200.5206315475457,6.337707583528893,1500+
TR-047379,Reno,Phoenix,884.5,Flatbed,30835.0,0.89746,1.98432,1939.15,2007.5132340074288,68.36323400742867,68.36323400742867,3.5254226855802115,751-1000
TR-047380,Louisville,Fort Wayne,361.0,Dry Van,38758.0,0.93049,1.81395,856.65,880.3089473200496,23.658947320049606,23.658947320049606,2.761798554841488,251-500
TR-047381,Montgomery,Bakersfield,2035.1,Reefer,35254.0,0.92557,2.0012,4463.62,4545.848260169189,82.22826016918953,82.22826016918953,1.8421877348248623,1500+
TR-047382,Chattanooga,Phoenix,2040.7,Flatbed,42407.0,0.93078,2.05008,4338.95,4337.466216203768,-1.4837837962313642,1.4837837962313642,0.03419684016251315,1500+
TR-047383,Louisville,Baton Rouge,685.8,Dry Van,30472.0,0.95442,1.9559,1498.89,1450.4088136983241,-48.48118630167596,48.48118630167596,3.234472596499807,501-750
TR-047384,Richmond,Cincinnati,634.2,Reefer,31869.0,0.92468,1.65754,1571.22,1574.2206035614859,3.000603561485832,3.000603561485832,0.190972846672384,501-750
TR-047385,Los Angeles,Jacksonville,2338.2,Dry Van,36888.0,0.90711,2.28025,4355.11,4450.102874682814,94.99287468281454,94.99287468281454,2.1811819835277304,1500+
TR-047386,Montgomery,Philadelphia,1049.3,Flatbed,31257.0,0.93435,1.97461,2270.1,2390.8406702313905,120.7406702313906,120.7406702313906,5.318737951252834,1001-1500
TR-047387,Baltimore,Syracuse,458.9,Flatbed,21554.0,0.95557,1.9197,1042.46,1094.6406796577355,52.18067965773548,52.18067965773548,5.005533033184532,251-500
TR-047388,San Francisco,Madison,2095.1,Dry Van,11567.0,0.91652,2.4216,3678.26,3871.6678130456567,193.40781304565644,193.40781304565644,5.258133276213656,1500+
TR-047389,Atlanta,Richmond,679.8,Dry Van,23834.0,0.91121,2.07149,1425.24,1421.262427875191,-3.9775721248090576,3.9775721248090576,0.27908086531454757,501-750
TR-047390,Philadelphia,Salt Lake City,2531.1,Dry Van,26104.0,0.962,2.26137,4745.33,4668.743704007116,-76.5862959928836,76.5862959928836,1.6139298213798325,1500+
TR-047391,Buffalo,Boston,598.2,Reefer,34650.0,0.928,1.81517,1405.42,1500.3396646722586,94.91966467225848,94.91966467225848,6.753829081147164,501-750
TR-047392,Los Angeles,Fresno,435.0,Reefer,30124.0,0.90685,1.56388,1120.77,1134.9830128170863,14.213012817086337,14.213012817086337,1.2681471503596935,251-500
TR-047393,Reno,San Francisco,428.0,Dry Van,22868.0,0.90996,1.97325,941.6,917.1966390845243,-24.403360915475673,24.403360915475673,2.5916908363929134,251-500
TR-047394,Columbia,Reno,2306.4,Flatbed,42742.0,0.90283,2.13382,4749.79,4730.846572966508,-18.9434270334923,18.9434270334923,0.3988266225136753,1500+
TR-047395,Montgomery,El Paso,1652.5,Dry Van,25397.0,0.89741,2.26194,3187.5,3362.203434096848,174.703434096848,174.703434096848,5.480892050097193,1500+
TR-047396,Amarillo,Columbia,1413.1,Flatbed,37957.0,0.9173,1.88517,3189.23,3240.256907648831,51.026907648831184,51.026907648831184,1.5999757825190153,1001-1500
TR-047397,Oklahoma City,Austin,248.3,Dry Van,32860.0,0.94746,1.48881,656.46,677.9452035489423,21.48520354894231,21.48520354894231,3.272888454580981,0-250
TR-047398,Mobile,Philadelphia,1151.6,Reefer,21445.0,0.95639,2.06941,2465.88,2557.907388076904,92.02738807690412,92.02738807690412,3.7320302722315812,1001-1500
TR-047399,Syracuse,Nashville,909.5,Reefer,34680.0,0.90078,1.87296,2112.89,2132.418894729527,19.52889472952711,19.52889472952711,0.9242740857085372,751-1000
TR-047400,Savannah,Milwaukee,637.7,Dry Van,29753.0,0.9147,2.05493,1354.66,1401.14937311801,46.48937311801001,46.48937311801001,3.4318111642781215,501-750
TR-047401,New Orleans,Nashville,356.8,Reefer,29848.0,0.92335,1.27866,1019.77,1110.0343070832355,90.26430708323551,90.26430708323551,8.851437783346785,251-500
TR-047402,Detroit,San Antonio,1442.5,Dry Van,33530.0,0.89922,2.20734,2754.21,3065.782857320248,311.57285732024775,311.57285732024775,11.312603516806915,1001-1500
TR-047403,Washington,Fresno,2829.3,Flatbed,38958.0,0.93254,2.13364,5681.27,5712.641955575526,31.371955575525135,31.371955575525135,0.5521996943557538,1500+
TR-047404,Toledo,Fresno,2355.5,Reefer,5000.0,0.91572,2.16012,4655.6,4764.155713467193,108.55571346719262,108.55571346719262,2.331723375444467,1500+
TR-047405,Baton Rouge,Memphis,468.7,Dry Van,24142.0,0.94219,1.83201,1077.64,1165.732099361841,88.09209936184084,88.09209936184084,8.174538747804538,251-500
TR-047406,Baton Rouge,El Paso,1249.0,Dry Van,38948.0,0.921,2.04298,2642.51,2673.08864121406,30.578641214059644,30.578641214059644,1.1571816649344617,1001-1500
TR-047407,Albuquerque,Lexington,1611.3,Dry Van,26715.0,0.90858,2.23109,3069.81,3196.448555787716,126.63855578771609,126.63855578771609,4.125289701568374,1500+
TR-047408,Amarillo,New York,2026.7,Dry Van,32846.0,0.89647,2.18169,3993.34,4016.012052601299,22.672052601298674,22.672052601298674,0.5677466131433505,1500+
TR-047409,Milwaukee,Charleston,723.9,Dry Van,38911.0,0.90661,1.92757,1605.8,1595.366711729284,-10.433288270716048,10.433288270716048,0.649725262841951,501-750
TR-047410,Corpus Christi,Bakersfield,1500.2,Dry Van,33273.0,0.96137,2.12131,3021.1,3118.916689944772,97.81668994477195,97.81668994477195,3.237783917936247,1500+
TR-047411,Bakersfield,Lubbock,1197.4,Flatbed,25020.0,0.90331,1.96864,2578.04,2586.865860246411,8.825860246411139,8.825860246411139,0.3423476845359707,1001-1500
TR-047412,Syracuse,Austin,1852.0,Dry Van,38503.0,0.94446,2.25854,3556.61,3740.3297647614972,183.71976476149712,183.71976476149712,5.165586464681175,1500+
TR-047413,Richmond,Fort Wayne,596.6,Dry Van,19140.0,0.91725,2.14334,1183.25,1280.5312428981367,97.28124289813672,97.28124289813672,8.22152908498937,501-750
TR-047414,Albuquerque,Amarillo,428.5,Reefer,33693.0,0.89989,1.46098,1176.14,1149.1137629312248,-27.026237068775345,27.026237068775345,2.2978758539608672,251-500
TR-047415,Syracuse,Bakersfield,2587.3,Flatbed,34587.0,0.92873,2.22849,5096.63,5170.332228596121,73.70222859612113,73.70222859612113,1.446097295587891,1500+
TR-047416,Fort Wayne,Philadelphia,769.0,Dry Van,38917.0,0.93631,2.03066,1591.65,1650.934740548721,59.28474054872095,59.28474054872095,3.7247347437389466,751-1000
TR-047417,Albany,Cincinnati,1149.8,Dry Van,35518.0,0.92727,2.12353,2284.94,2288.1422032222795,3.2022032222794223,3.2022032222794223,0.14014386470889487,1001-1500
TR-047418,Columbia,Phoenix,2187.1,Dry Van,24535.0,0.88685,2.29427,4063.92,4259.0537735283015,195.1337735283014,195.1337735283014,4.8016145378920205,1500+
TR-047419,Cincinnati,Toledo,421.9,Reefer,47500.0,0.91431,1.57878,1091.27,1163.8154630115998,72.54546301159985,72.54546301159985,6.647801461746392,251-500
TR-047420,Mobile,Salt Lake City,1650.6,Dry Van,25994.0,0.9332,2.2311,3212.28,3355.5356913247624,143.2556913247622,143.2556913247622,4.45962653706284,1500+
TR-047421,Lexington,Bakersfield,2190.8,Dry Van,34697.0,0.90321,2.17307,4325.34,4181.271985243551,-144.06801475644897,144.06801475644897,3.33079052181907,1500+
TR-047422,Atlanta,Little Rock,404.4,Flatbed,32724.0,0.90402,1.67856,1022.33,1107.9682638974605,85.63826389746043,85.63826389746043,8.376773047593284,251-500
TR-047423,Savannah,Little Rock,658.0,Flatbed,44825.0,0.87257,1.77523,1600.71,1644.4903016970536,43.780301697053574,43.780301697053574,2.735055175331795,501-750
TR-047424,Tucson,Albany,2896.1,Reefer,30027.0,0.95621,2.12467,5972.82,5904.035781303033,-68.78421869696649,68.78421869696649,1.1516204857498886,1500+
TR-047425,Los Angeles,Charleston,2544.0,Dry Van,35756.0,0.91905,2.33607,4709.46,4872.482065910414,163.0220659104143,163.0220659104143,3.4615872289055285,1500+
TR-047426,Salt Lake City,Milwaukee,1639.3,Flatbed,29787.0,0.91054,2.04605,3365.06,3478.2879753595453,113.22797535954533,113.22797535954533,3.364812970929057,1500+
TR-047427,Montgomery,Hartford,1148.9,Reefer,32324.0,0.9183,1.92622,2540.54,2635.2220032683795,94.6820032683795,94.6820032683795,3.726845602445917,1001-1500
TR-047428,Richmond,Greensboro,419.1,Dry Van,42095.0,0.92268,1.80953,993.52,1049.5950645051216,56.075064505121645,56.075064505121645,5.644080089492073,251-500
TR-047429,Birmingham,Memphis,272.6,Dry Van,41173.0,0.94283,1.61185,692.88,824.7976333842344,131.91763338423436,131.91763338423436,19.03903033486814,251-500
TR-047430,Indianapolis,Raleigh,783.7,Reefer,32467.0,0.90631,1.81851,1841.61,1869.1359128543493,27.52591285434937,27.52591285434937,1.494665692212215,751-1000
TR-047431,Hartford,Grand Rapids,926.5,Dry Van,24736.0,0.90467,2.16287,1806.26,1814.3886676750722,8.128667675072165,8.128667675072165,0.4500275527926304,751-1000
TR-047432,Phoenix,Chattanooga,1978.6,Flatbed,35617.0,0.9287,2.00708,4295.45,4238.11032867577,-57.33967132423004,57.33967132423004,1.3348932317738547,1500+
TR-047433,St. Louis,Baton Rouge,664.6,Reefer,30807.0,0.92221,1.71592,1613.18,1648.8161407837504,35.63614078375031,35.63614078375031,2.209061653612759,501-750
TR-047434,Greensboro,Corpus Christi,1096.5,Dry Van,31159.0,0.96856,2.06232,2271.94,2274.6827136727306,2.742713672730588,2.742713672730588,0.12072121943055661,1001-1500
TR-047435,Baton Rouge,Charleston,928.7,Dry Van,40240.0,0.96778,1.92379,2060.68,2016.5388183807866,-44.141181619213285,44.141181619213285,2.1420687161137724,751-1000
TR-047436,Raleigh,Dayton,650.4,Flatbed,25304.0,0.93433,1.9461,1447.73,1472.9083053911522,25.178305391152207,25.178305391152207,1.7391575356697868,501-750
TR-047437,Nashville,Dallas,527.7,Reefer,33803.0,0.93552,1.53148,1373.08,1340.015515731038,-33.064484268961905,33.064484268961905,2.408052281655978,501-750
TR-047438,Albany,Houston,1867.0,Flatbed,45203.0,0.9552,2.04819,3974.95,3984.717772774015,9.767772774015157,9.767772774015157,0.24573322366357206,1500+
TR-047439,Lubbock,Madison,1186.8,Reefer,30994.0,0.94958,1.83658,2686.94,2711.8242135063488,24.884213506348715,24.884213506348715,0.9261172004714923,1001-1500
TR-047440,Fort Wayne,Corpus Christi,1242.8,Dry Van,35688.0,0.90109,2.10995,2579.09,2646.517739232485,67.42773923248478,67.42773923248478,2.6144003982988098,1001-1500
TR-047441,Greensboro,Amarillo,1458.4,Flatbed,32658.0,0.94247,2.0123,3125.81,3262.73520892085,136.92520892084985,136.92520892084985,4.380471267314707,1001-1500
TR-047442,Montgomery,Kansas City,738.3,Reefer,27723.0,0.90169,1.75509,1760.31,1767.653680369816,7.3436803698159565,7.3436803698159565,0.4171810857074014,501-750
TR-047443,Dallas,Buffalo,1287.2,Flatbed,39893.0,0.95134,1.90178,2912.71,2898.5818875663344,-14.128112433665592,14.128112433665592,0.48505043185437585,1001-1500
TR-047444,Boston,Reno,3024.7,Dry Van,20006.0,0.92806,2.41462,5224.85,5445.205705278628,220.35570527862728,220.35570527862728,4.21745514758562,1500+
TR-047445,Harrisburg,Greensboro,443.2,Dry Van,26610.0,0.96411,1.9513,985.67,971.1016775114388,-14.568322488561193,14.568322488561193,1.4780121631541179,251-500
TR-047446,Syracuse,Columbia,735.8,Dry Van,21805.0,0.93836,2.15974,1465.33,1538.531857746097,73.20185774609718,73.20185774609718,4.995588553165306,501-750
TR-047447,Lubbock,Baltimore,1882.9,Dry Van,24357.0,0.91256,2.20853,3575.15,3684.571022300606,109.42102230060573,109.42102230060573,3.060599479759051,1500+
TR-047448,Corpus Christi,Richmond,1495.0,Dry Van,38199.0,0.9429,2.1594,3023.55,3121.1998967767017,97.64989677670155,97.64989677670155,3.229643854961934,1001-1500
TR-047449,Dayton,New York,737.2,Dry Van,19145.0,0.93778,2.12349,1474.64,1492.8266253014267,18.186625301426602,18.186625301426602,1.2332925528553818,501-750
TR-047450,San Antonio,Atlanta,920.4,Reefer,26586.0,0.95963,1.72973,2197.71,2169.1091010305036,-28.600898969496484,28.600898969496484,1.3013954966531747,751-1000
TR-047451,Raleigh,Grand Rapids,850.0,Dry Van,25363.0,0.9579,2.07442,1698.45,1728.9142782091478,30.46427820914778,30.46427820914778,1.7936517536075705,751-1000
TR-047452,Milwaukee,Mobile,623.3,Reefer,31496.0,0.91677,1.69449,1540.06,1538.8472369331898,-1.212763066810112,1.212763066810112,0.07874778039882291,501-750
TR-047453,Reno,Fort Wayne,2091.9,Dry Van,27897.0,0.92171,2.37665,3650.16,3932.9653030100653,282.8053030100655,282.8053030100655,7.747750865991231,1500+
TR-047454,Salt Lake City,Richmond,2376.2,Dry Van,29835.0,0.91694,2.29327,4413.94,4517.0140929349045,103.07409293490491,103.07409293490491,2.3351946998578352,1500+
TR-047455,Montgomery,Austin,932.1,Dry Van,11608.0,0.90109,2.12714,1871.9,2059.7155929461073,187.81559294610724,187.81559294610724,10.03342021187602,751-1000
TR-047456,El Paso,Grand Rapids,1708.0,Flatbed,18694.0,0.92182,2.23982,3295.02,3551.679935501827,256.659935501827,256.659935501827,7.789328608076036,1500+
TR-047457,Cincinnati,Hartford,958.0,Reefer,30461.0,0.94297,1.86295,2174.2,2216.605030726362,42.405030726362384,42.405030726362384,1.9503739640494153,751-1000
TR-047458,Los Angeles,Lexington,2267.2,Dry Van,38622.0,0.94542,2.31047,4308.62,4414.194848861794,105.57484886179373,105.57484886179373,2.4503170124493163,1500+
TR-047459,Mobile,Lexington,490.2,Reefer,30597.0,0.92768,1.58244,1258.82,1300.2382563294714,41.41825632947143,41.41825632947143,3.2902445408772842,251-500
TR-047460,Fort Wayne,Atlanta,549.0,Dry Van,29011.0,0.9118,1.95255,1200.85,1219.1142073565507,18.26420735655074,18.26420735655074,1.5209399472499265,501-750
TR-047461,Toledo,Providence,987.4,Reefer,42333.0,0.90318,1.92929,2207.48,2344.7560921384784,137.27609213847836,137.27609213847836,6.218678861800712,751-1000
TR-047462,Mobile,Reno,2069.7,Flatbed,25238.0,0.96372,2.21227,3936.26,4237.46459180989,301.2045918098902,301.2045918098902,7.652050215430134,1500+
TR-047463,Bakersfield,Little Rock,1640.8,Reefer,33270.0,0.87127,1.92676,3628.24,3694.2831733819767,66.04317338197689,66.04317338197689,1.8202537148032347,1500+
TR-047464,Harrisburg,Phoenix,2642.2,Flatbed,36603.0,0.94567,2.15596,5167.12,5261.853997765549,94.73399776554925,94.73399776554925,1.8334003809772028,1500+
TR-047465,Fort Wayne,Hartford,807.5,Dry Van,34497.0,0.91487,2.05383,1696.9,1772.3728026635192,75.47280266351913,75.47280266351913,4.447687115535337,751-1000
TR-047466,Nashville,Fort Wayne,541.3,Dry Van,31941.0,0.96111,2.08244,1179.5,1166.7519126235065,-12.748087376493459,12.748087376493459,1.0808043557857956,501-750
TR-047467,Green Bay,St. Louis,507.6,Dry Van,24538.0,0.90239,2.0476,1083.36,1080.3395880198411,-3.0204119801587694,3.0204119801587694,0.27880039692796205,501-750
TR-047468,Kansas City,Jacksonville,746.6,Dry Van,36843.0,0.95697,1.95876,1641.29,1629.4047190971514,-11.885280902848535,11.885280902848535,0.7241426501622831,501-750
TR-047469,Houston,Montgomery,624.4,Dry Van,42676.0,0.89206,1.82462,1458.78,1453.790910513504,-4.989089486495914,4.989089486495914,0.3420042423460641,501-750
TR-047470,Lexington,Detroit,534.0,Reefer,36779.0,0.93385,1.67347,1330.5,1481.4261220793783,150.92612207937827,150.92612207937827,11.343564229941999,501-750
TR-047471,Oklahoma City,Baltimore,1766.6,Flatbed,26098.0,0.90117,2.0863,3611.22,3798.2686692592188,187.04866925921897,187.04866925921897,5.179653116099794,1500+
TR-047472,Houston,Tulsa,235.1,Dry Van,11373.0,0.93187,1.65218,595.09,640.392132541713,45.30213254171292,45.30213254171292,7.612652294898742,0-250
TR-047473,Charleston,Bakersfield,2465.2,Dry Van,17461.0,0.90416,2.34982,4372.61,4507.962604508122,135.35260450812257,135.35260450812257,3.0954648255417836,1500+
TR-047474,Philadelphia,Columbia,774.0,Flatbed,31496.0,0.93722,1.86721,1745.58,1785.289571247117,39.70957124711708,39.70957124711708,2.2748640135151117,751-1000
TR-047475,El Paso,Phoenix,548.7,Reefer,15161.0,0.95938,1.78981,1307.46,1363.60394007826,56.1439400782599,56.1439400782599,4.294122961946056,501-750
TR-047476,Atlanta,Jacksonville,282.3,Reefer,26934.0,0.94979,1.48713,751.16,804.8185857360518,53.658585736051805,53.658585736051805,7.143429593701982,251-500
TR-047477,Las Vegas,Phoenix,383.6,Dry Van,40270.0,0.88092,1.77218,916.19,966.8348339414138,50.64483394141371,50.64483394141371,5.52776541344194,251-500
TR-047478,Milwaukee,Albuquerque,1408.6,Flatbed,28956.0,0.91633,2.1434,2860.24,3116.850574744109,256.6105747441093,256.6105747441093,8.971644853023149,1001-1500
TR-047479,Montgomery,Phoenix,2101.8,Dry Van,31496.0,0.94401,2.15227,4115.49,4160.62647684095,45.13647684095031,45.13647684095031,1.0967461187112666,1500+
TR-047480,Bakersfield,Dallas,1473.1,Dry Van,28258.0,0.95851,2.19873,2873.82,3041.7323745216167,167.91237452161658,167.91237452161658,5.842828518195871,1001-1500
TR-047481,Philadelphia,New York,108.5,Dry Van,17386.0,0.89926,1.55703,283.17,291.2789762116058,8.108976211605807,8.108976211605807,2.8636424097205944,0-250
TR-047482,Syracuse,Montgomery,1040.7,Dry Van,40192.0,0.9391,2.11782,2125.82,2263.3800992676533,137.5600992676532,137.5600992676532,6.470919422512403,1001-1500
TR-047483,Louisville,Hartford,975.2,Dry Van,25034.0,0.89614,2.12684,1976.8,2054.8860011294532,78.08600112945328,78.08600112945328,3.950121465472141,751-1000
TR-047484,Oklahoma City,Buffalo,1518.9,Reefer,31139.0,1.01919,1.91646,3370.38,3422.3112793218743,51.93127932187417,51.93127932187417,1.5408137753569084,1500+
TR-047485,Oklahoma City,El Paso,823.5,Dry Van,32767.0,1.0177,1.91692,1870.23,1802.9408720670674,-67.28912793293262,67.28912793293262,3.597906564055363,751-1000
TR-047486,Milwaukee,St. Louis,152.1,Reefer,46766.0,1.01168,0.93373,484.6,547.0435141625715,62.44351416257143,62.44351416257143,12.885578655091093,0-250
TR-047487,Cincinnati,Montgomery,490.5,Dry Van,24317.0,1.00749,1.85984,1121.9,1119.6385457748158,-2.261454225184252,2.261454225184252,0.20157360060471097,251-500
TR-047488,Milwaukee,Hartford,1014.5,Reefer,25210.0,1.05319,1.88713,2270.61,2332.849416616593,62.239416616592734,62.239416616592734,2.741087928644405,1001-1500
TR-047489,Albany,Tampa,1602.4,Dry Van,16921.0,1.0127,2.32894,2892.34,3317.244237122056,424.90423712205575,424.90423712205575,14.690673887649991,1500+
TR-047490,Buffalo,Baton Rouge,1283.9,Flatbed,26878.0,1.00546,1.99174,2747.48,2784.5326183355714,37.052618335571424,37.052618335571424,1.3486037509125244,1001-1500
TR-047491,Richmond,Lexington,556.8,Reefer,31630.0,1.00525,1.70342,1363.85,1422.5790616499435,58.72906164994356,58.72906164994356,4.3061232283567525,501-750
TR-047492,Los Angeles,Shreveport,1737.9,Dry Van,37106.0,1.00881,2.09415,3559.43,3581.8863618860905,22.45636188609069,22.45636188609069,0.6308976967124144,1500+
TR-047493,Fresno,Amarillo,1066.8,Dry Van,27245.0,0.99719,2.01015,2250.61,2205.515644399028,-45.094355600971994,45.094355600971994,2.003650370387228,1001-1500
TR-047494,Washington,Syracuse,327.0,Dry Van,27504.0,0.97602,1.88156,731.72,777.5016831733328,45.781683173332794,45.781683173332794,6.256721583848028,251-500
TR-047495,Lexington,Memphis,341.3,Flatbed,33053.0,0.9865,1.51917,888.94,943.6362297709545,54.69622977095446,54.69622977095446,6.15297205333931,251-500
TR-047496,Tucson,Milwaukee,1743.6,Dry Van,30681.0,1.01562,2.20557,3390.51,3528.2736817039613,137.76368170396108,137.76368170396108,4.063214138992691,1500+
TR-047497,Chattanooga,Birmingham,169.4,Flatbed,34018.0,1.00552,1.22012,500.4,552.0196401288588,51.619640128858805,51.619640128858805,10.315675485383455,0-250
TR-047498,Reno,El Paso,731.6,Dry Van,41246.0,0.98708,1.94427,1606.79,1594.604253141244,-12.18574685875592,12.18574685875592,0.7583907578934348,501-750
TR-047499,Salt Lake City,Birmingham,1796.7,Dry Van,44035.0,1.02213,2.05895,3778.61,3715.884648990663,-62.72535100933692,62.72535100933692,1.6600112477693365,1500+
TR-047500,Grand Rapids,San Francisco,2319.7,Dry Van,31836.0,0.96252,2.28589,4190.67,4376.525202543144,185.8552025431436,185.8552025431436,4.434975852146401,1500+
TR-047501,Philadelphia,Fort Wayne,790.2,Reefer,21719.0,1.02424,1.92683,1783.42,1822.474794711422,39.05479471142189,39.05479471142189,2.1898820643158587,751-1000
TR-047502,Mobile,Nashville,299.5,Flatbed,36304.0,1.03802,1.33501,846.81,871.3776921093472,24.567692109347263,24.567692109347263,2.901204769587896,251-500
TR-047503,Las Vegas,Kansas City,1674.0,Reefer,31441.0,0.97538,1.98041,3685.43,3679.727408776719,-5.702591223280706,5.702591223280706,0.15473340216150372,1500+
TR-047504,Bakersfield,Montgomery,2063.5,Reefer,18258.0,1.00768,2.06983,880.04,4468.7341363740425,3588.6941363740425,3588.6941363740425,407.78761605995663,1500+
TR-047505,Phoenix,Little Rock,1691.5,Reefer,20077.0,1.00249,2.07258,3606.92,3726.9005767751282,119.98057677512816,119.98057677512816,3.3263997198476307,1500+
TR-047506,Philadelphia,Memphis,1112.3,Dry Van,35127.0,1.01406,2.04535,2312.14,2352.2929955642594,40.15299556425953,40.15299556425953,1.736616103015368,1001-1500
TR-047507,Charleston,Bakersfield,2454.6,Reefer,29122.0,1.03949,2.05338,5152.2,5196.687361046897,44.487361046897604,44.487361046897604,0.8634633951884167,1500+
TR-047508,Tulsa,Baton Rouge,290.9,Dry Van,37967.0,1.0007,1.49118,766.56,888.6840472303129,122.12404723031295,122.12404723031295,15.931440099967773,251-500
TR-047509,St. Louis,Milwaukee,160.3,Dry Van,33699.0,0.97842,1.38488,446.16,455.5801361796114,9.420136179611347,9.420136179611347,2.1113807108686005,0-250
TR-047510,Oklahoma City,Jacksonville,959.7,Flatbed,36743.0,0.97182,1.77765,2272.15,2286.8893287367623,14.739328736762218,14.739328736762218,0.6486952330067213,751-1000
TR-047511,El Paso,St. Louis,1398.3,Dry Van,19147.0,0.99351,2.22787,2651.73,2879.0352546434615,227.30525464346147,227.30525464346147,8.571960744248527,1001-1500
TR-047512,Tucson,Jacksonville,2002.3,Dry Van,20891.0,1.0271,2.26929,3767.08,3893.5197579911437,126.43975799114378,126.43975799114378,3.3564394170323903,1500+
TR-047513,Greensboro,Los Angeles,2399.3,Flatbed,34837.0,1.01292,2.0614,4946.8,4937.203480704726,-9.596519295274447,9.596519295274447,0.1939944872498271,1500+
TR-047514,Kansas City,Lexington,450.4,Dry Van,16250.0,1.03792,1.9359,994.65,1029.6766703092371,35.02667030923715,35.02667030923715,3.5215070938759507,251-500
TR-047515,Kansas City,Tampa,944.0,Flatbed,32172.0,1.05402,1.89665,2144.48,2186.776845180589,42.296845180589116,42.296845180589116,1.9723590418464672,751-1000
TR-047516,Albuquerque,Austin,856.3,Dry Van,45390.0,1.06621,1.86026,1957.2,1913.0057606236821,-44.19423937631791,44.19423937631791,2.2580338941507208,751-1000
TR-047517,Lubbock,Shreveport,564.1,Dry Van,36162.0,0.99618,1.73755,1357.67,1425.7372559979199,68.0672559979198,68.0672559979198,5.013534658489898,501-750
TR-047518,Columbia,New York,749.1,Reefer,32262.0,0.95212,1.7677,1760.13,1822.0300994547065,61.90009945470638,61.90009945470638,3.5167913423841632,501-750
TR-047519,Montgomery,Raleigh,689.0,Dry Van,44983.0,1.02295,1.83015,1602.83,1613.0805075059923,10.250507505992346,10.250507505992346,0.6395255582932904,501-750
TR-047520,Tulsa,Nashville,484.8,Reefer,25178.0,1.02984,1.59295,1269.47,1347.1321400635238,77.6621400635238,77.6621400635238,6.11768218733202,251-500
TR-047521,Milwaukee,Jacksonville,697.9,Dry Van,31908.0,1.02156,1.97308,1527.82,1488.8872401033573,-38.932759896642665,38.932759896642665,2.5482556778051517,501-750
TR-047522,Mobile,Shreveport,286.4,Dry Van,35233.0,0.98632,1.50993,757.91,784.6811954592108,26.771195459210844,26.771195459210844,3.532239376602874,251-500
TR-047523,Memphis,Montgomery,433.5,Reefer,36422.0,0.98961,1.40008,1174.09,1162.6725229702222,-11.417477029777729,11.417477029777729,0.9724533067974116,251-500
TR-047524,Richmond,Louisville,675.2,Flatbed,30153.0,1.02456,1.82445,1547.03,1647.2187288854516,100.18872888545161,100.18872888545161,6.47619819172554,501-750
TR-047525,San Francisco,Lexington,2321.5,Dry Van,15373.0,1.0161,2.35631,4199.93,4617.51726104366,417.58726104365996,417.58726104365996,9.942719546365295,1500+
TR-047526,Columbia,Madison,692.5,Dry Van,25205.0,1.01152,2.09955,1434.93,1515.642506923995,80.71250692399485,80.71250692399485,5.624839324844755,501-750
TR-047527,New Orleans,Tucson,1469.7,Dry Van,20103.0,0.98354,2.1652,2909.37,2985.095049500413,75.7250495004132,75.7250495004132,2.6027988705600595,1001-1500
TR-047528,Indianapolis,St. Louis,93.0,Flatbed,46100.0,0.98459,0.91607,299.74,431.7626193369031,132.02261933690306,132.02261933690306,44.04571273000035,0-250
TR-047529,Bakersfield,El Paso,453.6,Dry Van,15896.0,1.03754,2.00081,996.52,1040.139917889842,43.6199178898421,43.6199178898421,4.377224530349828,251-500
TR-047530,Chattanooga,Shreveport,424.6,Dry Van,35104.0,1.01161,1.67524,1043.66,1027.5485226756584,-16.11147732434165,16.11147732434165,1.543747707523681,251-500
TR-047531,Greensboro,Salt Lake City,2037.1,Dry Van,41204.0,0.97602,2.22528,3939.96,4097.272093007257,157.31209300725732,157.31209300725732,3.992733251283194,1500+
TR-047532,Shreveport,Providence,1562.2,Dry Van,32688.0,1.00657,2.19782,3087.48,3232.366682989611,144.88668298961102,144.88668298961102,4.692716486895819,1500+
TR-047533,Bakersfield,Amarillo,831.6,Reefer,45078.0,1.01722,1.73223,2012.77,2105.198810744433,92.42881074443312,92.42881074443312,4.592119851966848,751-1000
TR-047534,Green Bay,Harrisburg,686.7,Flatbed,34120.0,0.99296,1.98393,1537.05,1560.7505157592154,23.700515759215477,23.700515759215477,1.5419482618792804,501-750
TR-047535,Shreveport,Philadelphia,1357.2,Dry Van,47500.0,0.98228,2.15625,2731.05,2882.968473705658,151.91847370565802,151.91847370565802,5.562639779779133,1001-1500
TR-047536,Savannah,Kansas City,734.7,Dry Van,24152.0,0.99708,2.04475,1532.23,1558.416411929239,26.186411929239057,26.186411929239057,1.7090392388374498,501-750
TR-047537,Los Angeles,Richmond,2782.4,Dry Van,25730.0,1.0341,2.39203,15003.55,5264.672324897323,-9738.877675102676,9738.877675102676,64.91048901828351,1500+
TR-047538,Tucson,Albany,2847.6,Dry Van,40966.0,0.99402,2.31042,5253.36,5603.682633296756,350.32263329675607,350.32263329675607,6.668544194510867,1500+
TR-047539,St. Louis,New York,1041.1,Dry Van,20785.0,1.07407,2.24529,472.91,2100.9699727641764,1628.0599727641763,1628.0599727641763,344.2642305648382,1001-1500
TR-047540,Green Bay,Cincinnati,596.3,Dry Van,33319.0,1.01844,1.99187,1301.4,1329.926040796304,28.52604079630396,28.52604079630396,2.191950268657135,501-750
TR-047541,Raleigh,Baltimore,405.4,Flatbed,37350.0,1.02664,1.59771,1028.05,1081.136952487115,53.08695248711501,53.08695248711501,5.1638492765055215,251-500
TR-047542,Washington,Shreveport,1129.3,Dry Van,19834.0,1.03224,2.13136,2245.8,2363.4976444509084,117.69764445090823,117.69764445090823,5.240789226596679,1001-1500
TR-047543,Richmond,San Antonio,1579.2,Dry Van,37858.0,0.96622,2.21111,3160.91,3344.0298459361447,183.11984593614488,183.11984593614488,5.79326352019339,1500+
TR-047544,Salt Lake City,Houston,1291.1,Dry Van,33177.0,1.02482,1.99302,2737.09,2698.9210380485088,-38.16896195149138,38.16896195149138,1.3945088379078283,1001-1500
TR-047545,Salt Lake City,Montgomery,1881.2,Flatbed,35663.0,1.01671,1.97576,4073.56,4089.192493246904,15.632493246904232,15.632493246904232,0.3837550753371555,1500+
TR-047546,Shreveport,Baltimore,1367.0,Dry Van,25028.0,1.01397,2.19967,2729.05,2777.648895779954,48.59889577995364,48.59889577995364,1.7807990245672902,1001-1500
TR-047547,Shreveport,Harrisburg,1091.3,Dry Van,18760.0,0.97917,2.13693,2164.35,2190.979273209488,26.62927320948802,26.62927320948802,1.2303589165101774,1001-1500
TR-047548,Toledo,Charleston,716.4,Dry Van,25671.0,1.03906,2.11722,1457.56,1524.1271433289594,66.56714332895945,66.56714332895945,4.5670259425999244,501-750
TR-047549,Syracuse,Oklahoma City,1650.7,Reefer,44881.0,1.01387,1.83725,3814.07,3798.1258988562513,-15.944101143748867,15.944101143748867,0.41803378395647867,1500+
TR-047550,Chattanooga,Dayton,406.9,Dry Van,27885.0,0.97439,1.86777,934.1,956.2040392680385,22.10403926803849,22.10403926803849,2.366346137248527,251-500
TR-047551,Atlanta,Kansas City,491.2,Dry Van,40038.0,1.01123,1.73779,1173.54,1165.0523891220334,-8.487610877966517,8.487610877966517,0.7232485367321538,251-500
TR-047552,San Francisco,Birmingham,2283.8,Flatbed,41327.0,1.01756,2.10207,4781.72,4927.798288325086,146.07828832508585,146.07828832508585,3.054931872319706,1500+
TR-047553,Savannah,New Orleans,672.2,Dry Van,42084.0,1.0021,1.79713,1576.9,1544.1463193275893,-32.75368067241084,32.75368067241084,2.077093073271028,501-750
TR-047554,El Paso,Milwaukee,1471.7,Reefer,26938.0,1.0558,2.03694,3164.95,3376.2510444286195,211.30104442861966,211.30104442861966,6.676283809495242,1001-1500
TR-047555,Baltimore,Albany,513.7,Dry Van,35181.0,1.02342,1.99383,1121.82,1157.8152271452373,35.99522714523732,35.99522714523732,3.208645517572991,501-750
TR-047556,Tucson,Lubbock,937.4,Dry Van,27511.0,1.03593,2.02729,2021.99,1990.322250793795,-31.667749206204917,31.667749206204917,1.5661674492062234,751-1000
TR-047557,Indianapolis,Tampa,844.9,Dry Van,32986.0,1.03851,1.99994,1802.15,1881.9868776645449,79.83687766454477,79.83687766454477,4.430090595374678,751-1000
TR-047558,Cincinnati,San Antonio,1054.5,Dry Van,26974.0,1.01462,2.05832,2256.25,2146.755661573516,-109.49433842648386,109.49433842648386,4.852934667101778,1001-1500
TR-047559,Tucson,Phoenix,276.0,Reefer,27164.0,1.03889,1.42366,751.56,809.6082574930738,58.048257493073834,58.048257493073834,7.7237023648243435,251-500
TR-047560,Atlanta,Phoenix,2107.5,Reefer,22074.0,0.99058,2.13575,4370.07,4421.622609167603,51.552609167602895,51.552609167602895,1.1796746772386462,1500+
TR-047561,Tulsa,Lexington,737.8,Dry Van,36664.0,1.04286,1.89765,1661.68,1654.0012059898536,-7.678794010146476,7.678794010146476,0.46211027455024284,501-750
TR-047562,Kansas City,Hartford,1173.4,Dry Van,24524.0,1.03352,2.23481,2324.37,2436.222243824166,111.85224382416618,111.85224382416618,4.812153135007171,1001-1500
TR-047563,Lexington,Phoenix,2159.5,Reefer,24807.0,0.99214,2.09134,4417.81,4574.15969536083,156.34969536082917,156.34969536082917,3.5390769490048046,1500+
TR-047564,Nashville,Baltimore,1023.1,Reefer,19129.0,1.00427,2.00072,2238.49,2303.8351397167758,65.34513971677598,65.34513971677598,2.9191615650182032,1001-1500
TR-047565,Providence,Columbia,910.8,Dry Van,28249.0,1.00572,2.07749,1859.53,1902.3479155813245,42.81791558132454,42.81791558132454,2.302620317033043,751-1000
TR-047566,Tulsa,Greensboro,841.8,Reefer,37687.0,1.0057,1.58852,2168.55,2085.3356110275768,-83.21438897242342,83.21438897242342,3.83732858234412,751-1000
TR-047567,Columbia,Lexington,225.5,Dry Van,13578.0,0.98727,1.70162,555.65,572.1003372560642,16.450337256064245,16.450337256064245,2.9605574113316377,0-250
TR-047568,Austin,San Antonio,105.9,Flatbed,31460.0,0.9933,1.07197,327.27,493.65996252553396,166.38996252553397,166.38996252553397,50.8418011200336,0-250
TR-047569,Raleigh,Montgomery,693.1,Flatbed,38474.0,1.02329,1.75626,1633.65,1655.757194485203,22.107194485202854,22.107194485202854,1.3532393404464147,501-750
TR-047570,Fresno,Phoenix,467.2,Dry Van,32566.0,1.02125,1.81453,1086.62,1110.2029768563323,23.58297685633238,23.58297685633238,2.170305797457472,251-500
TR-047571,Lexington,Nashville,263.2,Flatbed,47500.0,1.02521,1.30052,748.27,797.982497973725,49.71249797372502,49.71249797372502,6.6436577670794,251-500
TR-047572,Tulsa,Indianapolis,594.9,Dry Van,23406.0,1.02369,1.80322,1375.77,1310.3936104128375,-65.37638958716252,65.37638958716252,4.7519854036039835,501-750
TR-047573,Oklahoma City,Kansas City,805.6,Dry Van,31329.0,0.96899,1.94627,1783.98,1727.735741321877,-56.24425867812306,56.24425867812306,3.1527404274780584,751-1000
TR-047574,Kansas City,Toledo,467.7,Flatbed,44047.0,0.99313,1.58799,1187.99,1194.3081653793015,6.31816537930149,6.31816537930149,0.5318365793736891,251-500
TR-047575,Memphis,Richmond,842.9,Dry Van,24405.0,0.9949,2.08819,1710.9,1784.134654846204,73.23465484620397,73.23465484620397,4.2804754717519415,751-1000
TR-047576,Chattanooga,New York,944.2,Dry Van,29691.0,0.97391,2.09399,1943.9,1948.8031688410047,4.903168841004572,4.903168841004572,0.25223359437237364,751-1000
TR-047577,Oklahoma City,Corpus Christi,337.2,Reefer,32348.0,1.01668,1.30541,966.33,1007.1009289195281,40.770928919528046,40.770928919528046,4.21915173072636,251-500
TR-047578,Oklahoma City,Baton Rouge,431.4,Dry Van,24603.0,1.01376,1.75086,1018.54,1017.9293695994834,-0.6106304005165839,0.6106304005165839,0.05995153852736112,251-500
TR-047579,Bakersfield,Phoenix,387.8,Flatbed,34540.0,0.99708,1.63156,980.92,1071.6171914084784,90.69719140847849,90.69719140847849,9.246135404363097,251-500
TR-047580,Shreveport,Philadelphia,1374.0,Dry Van,21955.0,1.0116,2.25332,2600.37,2765.241779556527,164.87177955652714,164.87177955652714,6.340320014325929,1001-1500
TR-047581,Philadelphia,Albuquerque,2337.1,Reefer,22733.0,0.99492,2.06083,4798.37,4791.495889264768,-6.874110735231625,6.874110735231625,0.14325928878414182,1500+
TR-047582,Albany,Hartford,371.2,Dry Van,23779.0,0.99521,1.98858,820.66,860.0137768706381,39.35377687063817,39.35377687063817,4.79538138457317,251-500
TR-047583,Reno,Milwaukee,1852.6,Flatbed,31496.0,0.98255,2.10315,3789.3,3923.5971693973643,134.2971693973641,134.2971693973641,3.5441155199473275,1500+
TR-047584,Birmingham,Jacksonville,214.0,Dry Van,24774.0,1.04271,1.52984,558.82,590.9048354172826,32.084835417282534,32.084835417282534,5.741533126459778,0-250
TR-047585,St. Louis,El Paso,1394.4,Dry Van,31252.0,1.03879,2.07979,2854.93,2938.1513490545444,83.22134905454459,83.22134905454459,2.915004888194968,1001-1500
TR-047586,Houston,Grand Rapids,1140.7,Dry Van,25182.0,0.98286,2.19566,2215.0,2345.6358866236337,130.63588662363372,130.63588662363372,5.897782691811907,1001-1500
TR-047587,Corpus Christi,Las Vegas,1383.3,Flatbed,18645.0,1.01713,2.02448,11596.28,3096.111637692162,-8500.168362307839,8500.168362307839,73.30082028295142,1001-1500
TR-047588,Tulsa,Montgomery,631.7,Dry Van,23325.0,1.0352,1.93179,1390.99,1366.6237138672423,-24.36628613275775,24.36628613275775,1.7517225956159104,501-750
TR-047589,Syracuse,Charleston,746.7,Reefer,36455.0,1.0356,1.71079,1834.12,1785.100462707383,-49.01953729261686,49.01953729261686,2.6726461350738697,501-750
TR-047590,Tucson,Hartford,2719.2,Dry Van,17427.0,1.0122,2.34126,4873.36,5009.533113816495,136.17311381649506,136.17311381649506,2.7942346515852527,1500+
TR-047591,Montgomery,Richmond,832.3,Dry Van,31390.0,1.01636,2.05697,1774.21,1879.7029090584858,105.4929090584858,105.4929090584858,5.945908830323682,751-1000
TR-047592,Richmond,Hartford,325.4,Dry Van,32580.0,1.01979,1.81307,754.97,819.6673406979373,64.6973406979373,64.6973406979373,8.569524709317895,251-500
TR-047593,Bakersfield,Austin,1197.4,Reefer,37057.0,1.00481,1.6552,2991.48,2867.6022710106,-123.87772898940011,123.87772898940011,4.141018124453452,1001-1500
TR-047594,Memphis,Fort Wayne,518.3,Dry Van,33010.0,1.03028,1.84019,1191.82,1239.239160306777,47.41916030677703,47.41916030677703,3.978718288565138,501-750
TR-047595,Oklahoma City,Tulsa,308.4,Reefer,36353.0,0.97767,1.18126,927.59,889.1764891002854,-38.41351089971465,38.41351089971465,4.141216582726706,251-500
TR-047596,Oklahoma City,Amarillo,416.2,Reefer,40987.0,0.98966,1.30894,1161.51,1179.124615764991,17.61461576499096,17.61461576499096,1.5165272589121883,251-500
TR-047597,Tulsa,Toledo,979.8,Dry Van,40413.0,0.97983,2.01408,2108.62,2058.1538720824324,-50.46612791756752,50.46612791756752,2.393324919500314,751-1000
TR-047598,Baton Rouge,Chattanooga,535.7,Reefer,30350.0,0.96804,1.5748,1375.06,1412.1149802939653,37.0549802939654,37.0549802939654,2.6947900669036553,501-750
TR-047599,Mobile,Baltimore,1151.6,Reefer,34556.0,0.97761,1.89523,2611.37,2761.590080231492,150.22008023149192,150.22008023149192,5.75253909754236,1001-1500
TR-047600,Syracuse,Memphis,1006.7,Dry Van,34472.0,1.0368,2.11287,1993.97,2118.099272125591,124.12927212559111,124.12927212559111,6.225232682818253,1001-1500
TR-047601,Cincinnati,Corpus Christi,940.9,Dry Van,25013.0,1.03484,2.08231,1948.36,1958.5426425153776,10.182642515377665,10.182642515377665,0.5226263378111676,751-1000
TR-047602,San Antonio,Columbia,1145.7,Flatbed,22671.0,1.01472,2.06409,2421.4,2508.5778303511665,87.17783035116645,87.17783035116645,3.6003068617810543,1001-1500
TR-047603,Baltimore,Richmond,270.6,Flatbed,29305.0,1.02621,1.55008,699.65,709.8469049054063,10.196904905406313,10.196904905406313,1.4574294154800704,251-500
TR-047604,Tucson,Green Bay,1922.3,Flatbed,36102.0,0.99755,2.09546,3920.05,4180.315257935019,260.2652579350188,260.2652579350188,6.639335159883644,1500+
TR-047605,Raleigh,Fresno,2815.5,Dry Van,18246.0,1.0,2.37972,5026.75,5207.947763939068,181.19776393906795,181.19776393906795,3.604670292715332,1500+
TR-047606,Salt Lake City,Little Rock,1395.2,Reefer,23013.0,0.93087,1.95941,3122.21,3177.1779749250636,54.96797492506357,54.96797492506357,1.7605470139761121,1001-1500
TR-047607,Tucson,Detroit,2132.7,Flatbed,37126.0,0.95894,2.12938,4301.42,4557.578703753498,256.15870375349823,256.15870375349823,5.955212551982792,1500+
TR-047608,Fresno,Jacksonville,2339.5,Dry Van,39200.0,1.00474,2.20088,4614.73,4642.798634685157,28.06863468515712,28.06863468515712,0.6082400202212724,1500+
TR-047609,Salt Lake City,Memphis,1557.7,Reefer,24807.0,0.98148,2.0427,3294.52,3475.5379764907875,181.01797649078753,181.01797649078753,5.49451745598107,1500+
TR-047610,Charleston,Houston,1080.6,Flatbed,45895.0,1.03357,1.80007,2559.98,2525.591357988725,-34.3886420112749,34.3886420112749,1.3433168232281072,1001-1500
TR-047611,Memphis,Cincinnati,233.7,Reefer,16837.0,1.00881,1.29426,660.61,695.3526728961376,34.742672896137606,34.742672896137606,5.259180590081532,0-250
TR-047612,Phoenix,Mobile,1911.1,Reefer,31478.0,1.00223,1.91857,4203.68,4312.134758877793,108.4547588777923,108.4547588777923,2.579995596186967,1500+
TR-047613,Dallas,Tulsa,144.8,Dry Van,22516.0,1.0558,1.41826,403.88,465.9044613976173,62.0244613976173,62.0244613976173,15.357150984851268,0-250
TR-047614,Dallas,Syracuse,1396.3,Reefer,43599.0,0.99665,1.82947,3243.76,3437.177887468719,193.41788746871862,193.41788746871862,5.962768129230233,1001-1500
TR-047615,Cincinnati,Jacksonville,463.8,Dry Van,32610.0,1.00868,1.79111,1073.46,1113.7936764861386,40.33367648613853,40.33367648613853,3.757352531639607,251-500
TR-047616,Tucson,Lexington,1912.3,Flatbed,34292.0,1.00541,2.01006,4092.42,4227.734753455768,135.31475345576837,135.31475345576837,3.3064727827487985,1500+
TR-047617,Raleigh,Reno,2609.2,Dry Van,36635.0,0.95413,2.28556,4874.2,4912.350202788887,38.15020278888733,38.15020278888733,0.7826967048723346,1500+
TR-047618,Boston,Shreveport,1569.1,Reefer,26326.0,1.07108,1.89409,3464.06,3506.1774257297297,42.1174257297298,42.1174257297298,1.21583996032776,1500+
TR-047619,Tulsa,Albany,1723.4,Dry Van,36532.0,0.99733,2.12027,3399.68,3635.654521428781,235.97452142878137,235.97452142878137,6.941080378999829,1500+
TR-047620,Nashville,Cincinnati,182.8,Flatbed,33719.0,1.00141,1.17692,539.46,568.5895556118871,29.1295556118871,29.1295556118871,5.399761912261724,0-250
TR-047621,Little Rock,Boston,1527.8,Dry Van,38145.0,0.99891,2.04632,3160.75,3152.8553375369174,-7.894662463082568,7.894662463082568,0.24977180932002113,1500+
TR-047622,St. Louis,Charleston,758.8,Reefer,41892.0,0.98318,1.68489,1856.54,1884.3392559308554,27.799255930855452,27.799255930855452,1.4973690807014906,751-1000
TR-047623,San Antonio,Albuquerque,910.4,Dry Van,33072.0,1.02116,1.98953,2012.18,1999.5766473814872,-12.603352618512872,12.603352618512872,0.6263531403012093,751-1000
TR-047624,Bakersfield,Lubbock,1225.8,Dry Van,31941.0,1.02186,2.0325,2564.63,2544.1410752687334,-20.488924731266707,20.488924731266707,0.7989037300221359,1001-1500
TR-047625,Bakersfield,Fort Wayne,2070.0,Reefer,29668.0,1.02665,2.04179,4277.21,4458.9089454421755,181.6989454421755,181.6989454421755,4.248071650495896,1500+
TR-047626,Cincinnati,Lexington,138.3,Dry Van,42548.0,0.9752,1.37107,385.1,447.67347692176054,62.573476921760516,62.573476921760516,16.248630724944306,0-250
TR-047627,Phoenix,Oklahoma City,1238.6,Dry Van,18860.0,1.03216,2.17308,2471.08,2514.189357150725,43.10935715072492,43.10935715072492,1.7445553017597537,1001-1500
TR-047628,New York,Syracuse,310.5,Dry Van,27687.0,1.03266,1.9738,688.18,680.6079327948362,-7.572067205163762,7.572067205163762,1.1003032934935284,251-500
TR-047629,Baton Rouge,Boston,1667.7,Dry Van,35694.0,0.98271,2.1492,3398.73,3469.018451951554,70.28845195155418,70.28845195155418,2.0680798990079876,1500+
TR-047630,Kansas City,Albuquerque,1248.2,Reefer,41865.0,0.98956,1.80751,2907.44,2994.770442836687,87.33044283668687,87.33044283668687,3.003688565772187,1001-1500
TR-047631,San Francisco,Hartford,3092.4,Flatbed,17157.0,0.98793,2.26144,5797.06,5898.6362036639875,101.57620366398714,101.57620366398714,1.7522020414483745,1500+
TR-047632,Nashville,Detroit,707.8,Dry Van,13482.0,1.0193,2.19065,1385.22,1542.693295990303,157.4732959903031,157.4732959903031,11.368107303554893,501-750
TR-047633,Grand Rapids,Phoenix,2260.1,Dry Van,26159.0,1.02864,2.33652,4146.93,4218.5008544316515,71.57085443165124,71.57085443165124,1.7258756340630597,1500+
TR-047634,Shreveport,Green Bay,997.8,Dry Van,38452.0,1.01485,2.09375,2093.42,2149.7562612378124,56.33626123781232,56.33626123781232,2.691111255161999,751-1000
TR-047635,Buffalo,Tucson,2424.6,Dry Van,26501.0,1.01459,2.31327,4355.51,4502.172495569863,146.66249556986259,146.66249556986259,3.3672863928647296,1500+
TR-047636,Hartford,Grand Rapids,925.1,Dry Van,19007.0,0.98988,2.21068,1774.25,1830.13855538274,55.88855538273992,55.88855538273992,3.1499819857821567,751-1000
TR-047637,Milwaukee,New Orleans,657.5,Flatbed,33005.0,1.01471,1.76337,1606.38,1558.4961441450346,-47.88385585496553,47.88385585496553,2.980854832291583,501-750
TR-047638,Lubbock,Birmingham,968.5,Dry Van,37051.0,0.99752,1.96839,2087.61,2108.0358020955046,20.425802095504423,20.425802095504423,0.978429979522249,751-1000
TR-047639,San Antonio,Indianapolis,961.3,Dry Van,27884.0,1.00154,2.00818,2068.13,2060.7647804348576,-7.3652195651425245,7.3652195651425245,0.356129429249734,751-1000
TR-047640,Toledo,Savannah,697.8,Dry Van,26872.0,0.98922,2.18118,1393.76,1520.6661105763997,126.90611057639967,126.90611057639967,9.105305832883687,501-750
TR-047641,Phoenix,San Antonio,1202.4,Dry Van,40330.0,1.03252,1.97225,2581.13,2589.9484125906497,8.818412590649586,8.818412590649586,0.34164930052533526,1001-1500
TR-047642,Fort Wayne,Columbia,592.5,Flatbed,28825.0,1.05894,1.82758,1378.94,1388.6267658792412,9.686765879241193,9.686765879241193,0.7024791418945852,501-750
TR-047643,Providence,El Paso,2671.6,Dry Van,38605.0,0.99081,2.18634,5279.51,5107.296187134417,-172.21381286558335,172.21381286558335,3.2619279604657123,1500+
TR-047644,Fort Wayne,Salt Lake City,1836.2,Dry Van,28776.0,1.02397,2.25382,3453.76,3655.6803426201104,201.9203426201102,201.9203426201102,5.846391834409751,1500+
TR-047645,Syracuse,Tucson,2512.9,Dry Van,29295.0,0.98185,2.33217,4502.62,4648.220407470781,145.60040747078074,145.60040747078074,3.233681889006417,1500+
TR-047646,Fresno,New Orleans,1835.1,Flatbed,47500.0,1.03387,1.94667,4087.37,4164.794761377363,77.42476137736321,77.42476137736321,1.8942440096532298,1500+
TR-047647,New York,Toledo,668.5,Reefer,23123.0,1.04305,1.87684,1532.92,1547.1914300259386,14.271430025938571,14.271430025938571,0.9309964007214057,501-750
TR-047648,Corpus Christi,Memphis,724.1,Dry Van,34625.0,1.02188,1.79955,1647.93,1658.4796364867125,10.549636486712416,10.549636486712416,0.640175036968343,501-750
TR-047649,Bakersfield,Charleston,2500.5,Dry Van,40896.0,1.09247,2.20916,4892.67,4955.790594973023,63.12059497302289,63.12059497302289,1.290105299826534,1500+
TR-047650,Corpus Christi,San Antonio,206.5,Flatbed,26944.0,1.05045,1.25373,601.03,668.4842471746208,67.45424717462083,67.45424717462083,11.223108193371518,0-250
TR-047651,Bakersfield,Kansas City,1738.4,Dry Van,26574.0,1.04848,2.21995,3349.82,3438.6122414482415,88.79224144824138,88.79224144824138,2.6506570934629736,1500+
TR-047652,Dallas,Lexington,768.6,Reefer,29399.0,1.0301,1.70072,1898.3,1948.9063851484277,50.60638514842776,50.60638514842776,2.665879215531147,751-1000
TR-047653,Memphis,Buffalo,868.7,Dry Van,40351.0,1.0147,2.04164,1840.18,1832.5472460767226,-7.632753923277505,7.632753923277505,0.4147830061883895,751-1000
TR-047654,Jacksonville,Fort Wayne,765.2,Dry Van,29579.0,1.03601,2.00302,1635.87,1635.5764419525071,-0.29355804749275194,0.29355804749275194,0.01794507188790992,751-1000
TR-047655,Syracuse,Louisville,794.9,Dry Van,42577.0,1.06937,2.01642,1709.94,1704.0194269489887,-5.920573051011388,5.920573051011388,0.3462444910939207,751-1000
TR-047656,Syracuse,Little Rock,1178.2,Reefer,27231.0,1.04736,1.90724,2658.31,2666.215789123316,7.905789123316026,7.905789123316026,0.297399066448835,1001-1500
TR-047657,Memphis,Philadelphia,1125.7,Reefer,28166.0,1.02381,1.90722,552.14,2521.7046467610935,1969.5646467610936,1969.5646467610936,356.7147185063741,1001-1500
TR-047658,Fort Wayne,Milwaukee,246.5,Dry Van,28719.0,1.05502,1.70591,602.47,614.2579804974164,11.787980497416356,11.787980497416356,1.9566087103783354,0-250
TR-047659,Milwaukee,Los Angeles,2087.6,Dry Van,29602.0,1.03437,2.22013,4068.07,4010.201925332893,-57.86807466710707,57.86807466710707,1.4224945654107983,1500+
TR-047660,Richmond,San Antonio,1580.2,Dry Van,35633.0,1.0192,2.10264,3247.49,3330.188340755456,82.69834075545623,82.69834075545623,2.546531036445262,1500+
TR-047661,Little Rock,Baton Rouge,328.1,Dry Van,35579.0,1.04545,1.57208,864.68,942.236841267779,77.55684126777908,77.55684126777908,8.969426986605344,251-500
TR-047662,Phoenix,Oklahoma City,1261.3,Dry Van,35825.0,1.06957,2.01821,8276.0,2653.349134157243,-5622.650865842757,5622.650865842757,67.93923230839485,1001-1500
TR-047663,Amarillo,Nashville,1107.4,Reefer,25699.0,1.01144,1.85147,2573.87,2636.1019987492436,62.23199874924376,62.23199874924376,2.4178376821379386,1001-1500
TR-047664,Los Angeles,Philadelphia,3104.8,Dry Van,24437.0,1.0578,2.35908,5530.61,5780.698783177223,250.08878317722338,250.08878317722338,4.521902343090968,1500+
TR-047665,Richmond,New Orleans,1113.4,Dry Van,31098.0,1.0447,2.08881,2292.7,2393.4171393027855,100.71713930278565,100.71713930278565,4.392948894438246,1001-1500
TR-047666,Harrisburg,Greensboro,446.9,Reefer,29350.0,1.01728,1.63039,1110.85,1119.8917778860732,9.041777886073305,9.041777886073305,0.8139512882993478,251-500
TR-047667,Greensboro,Madison,646.4,Dry Van,21578.0,1.04153,2.06657,1352.21,1367.9724604361804,15.76246043618039,15.76246043618039,1.1656813983168584,501-750
TR-047668,Charleston,Little Rock,824.9,Dry Van,47500.0,1.04515,1.90057,1856.57,1883.57440462081,27.004404620809964,27.004404620809964,1.4545319929121965,751-1000
TR-047669,Tampa,Savannah,551.2,Flatbed,34328.0,1.02883,1.68161,1369.62,1426.9963461097218,57.37634610972191,57.37634610972191,4.189216433004915,501-750
TR-047670,Columbia,Tulsa,776.6,Dry Van,47500.0,0.99569,1.92857,1781.06,1767.5701940889728,-13.489805911027133,13.489805911027133,0.7574032267878192,751-1000
TR-047671,Lexington,Philadelphia,793.5,Flatbed,36718.0,1.01778,1.87837,1756.84,1873.7797819803475,116.93978198034756,116.93978198034756,6.656256800866759,751-1000
TR-047672,Hartford,Boston,183.4,Reefer,47500.0,1.01179,1.21382,535.76,581.2414657940558,45.481465794055794,45.481465794055794,8.489149207491376,0-250
TR-047673,Savannah,Hartford,822.7,Dry Van,47500.0,1.07191,1.98821,1799.38,1798.0661079012511,-1.3138920987489655,1.3138920987489655,0.07301915652885801,751-1000
TR-047674,San Antonio,Houston,284.2,Reefer,28639.0,1.03115,1.22128,822.11,857.7301965735544,35.62019657355438,35.62019657355438,4.332777435325489,251-500
TR-047675,Reno,Charleston,2592.4,Flatbed,31447.0,1.03189,2.14096,5216.72,5160.84109790943,-55.87890209057059,55.87890209057059,1.071150111383601,1500+
TR-047676,Nashville,Bakersfield,1935.7,Reefer,35320.0,1.01549,1.94677,4313.84,4360.350683531453,46.51068353145274,46.51068353145274,1.0781735885302361,1500+
TR-047677,Greensboro,Indianapolis,447.5,Dry Van,40089.0,1.05215,1.7819,1055.51,1106.9672423062846,51.45724230628457,51.45724230628457,4.875107038899165,251-500
TR-047678,Fresno,Louisville,2151.8,Reefer,35056.0,0.98146,1.96245,4646.88,4706.088060598373,59.20806059837287,59.20806059837287,1.2741465369962828,1500+
TR-047679,Las Vegas,Corpus Christi,1417.6,Dry Van,41583.0,1.02652,2.054,2993.39,2991.230464450462,-2.15953554953785,2.15953554953785,0.07214347443994434,1001-1500
TR-047680,Greensboro,San Antonio,1175.7,Dry Van,27886.0,1.03054,2.1291,2374.26,2467.986732757752,93.72673275775196,93.72673275775196,3.9476187425872467,1001-1500
TR-047681,Syracuse,Columbia,778.2,Dry Van,38968.0,1.02832,2.02563,1670.64,1678.4551436377594,7.81514363775932,7.81514363775932,0.4677933988028133,751-1000
TR-047682,Richmond,Oklahoma City,1530.9,Flatbed,21005.0,1.04051,2.12774,3188.2,3290.667722461242,102.46772246124237,102.46772246124237,3.213967833299115,1500+
TR-047683,Cincinnati,Salt Lake City,1696.3,Dry Van,42350.0,1.04811,2.1237,3388.71,3581.072076068219,192.3620760682188,192.3620760682188,5.676557630137097,1500+
TR-047684,San Antonio,Bakersfield,1311.1,Dry Van,26966.0,1.03896,2.17177,2595.54,2714.636489304699,119.09648930469893,119.09648930469893,4.588505255349521,1001-1500
TR-047685,Buffalo,Grand Rapids,497.4,Reefer,20855.0,1.07757,1.81742,1173.21,1188.7862086469913,15.57620864699129,15.57620864699129,1.3276573373045992,251-500
TR-047686,Jacksonville,San Francisco,2523.5,Reefer,39323.0,1.05629,1.97145,5443.58,5477.891595581233,34.31159558123272,34.31159558123272,0.6303130583408845,1500+
TR-047687,Grand Rapids,Charleston,842.1,Dry Van,23130.0,1.04271,2.09833,1735.58,1819.93641370544,84.35641370543999,84.35641370543999,4.860416327996404,751-1000
TR-047688,San Antonio,Greensboro,1184.3,Reefer,31164.0,1.03509,1.87212,2720.24,2757.641212669,37.401212669000415,37.401212669000415,1.3749232666603102,1001-1500
TR-047689,Memphis,Greensboro,461.9,Dry Van,36596.0,1.06939,1.77553,1102.45,1116.941360894711,14.491360894710851,14.491360894710851,1.314468764543594,251-500
TR-047690,Atlanta,Mobile,288.2,Reefer,32365.0,1.03059,1.32697,811.26,856.5009098855962,45.24090988559624,45.24090988559624,5.57662277020884,251-500
TR-047691,Reno,Hartford,2851.8,Dry Van,33125.0,1.03833,2.3262,5264.69,5483.677895825425,218.98789582542577,218.98789582542577,4.159559173007827,1500+
TR-047692,Kansas City,Washington,900.4,Dry Van,33254.0,1.06269,2.14874,1822.65,1897.5599842112647,74.9099842112646,74.9099842112646,4.10994893211887,751-1000
TR-047693,Hartford,Charleston,672.6,Flatbed,31286.0,1.0467,1.79817,1566.62,1554.4715292114756,-12.148470788524264,12.148470788524264,0.7754574043816793,501-750
TR-047694,San Francisco,Mobile,2240.8,Dry Van,34728.0,0.99357,2.14903,4492.79,4427.263208228098,-65.52679177190203,65.52679177190203,1.4584877497479747,1500+
TR-047695,Tulsa,Cincinnati,619.3,Dry Van,24007.0,1.01917,1.95058,1375.3,1361.3154177783294,-13.984582221670507,13.984582221670507,1.016838669502691,501-750
TR-047696,Indianapolis,Salt Lake City,1582.9,Dry Van,37194.0,1.06611,2.0389,3265.76,3361.1077995866217,95.34779958662148,95.34779958662148,2.9196205350859055,1500+
TR-047697,Corpus Christi,Tucson,1210.4,Flatbed,42311.0,1.01686,1.84875,2802.67,2814.8723281019925,12.202328101992407,12.202328101992407,0.4353822641264368,1001-1500
TR-047698,Oklahoma City,St. Louis,789.8,Dry Van,33652.0,1.01723,1.9387,1773.38,1740.265578401694,-33.11442159830608,33.11442159830608,1.867305461790822,751-1000
TR-047699,Tulsa,Lubbock,464.1,Dry Van,20587.0,1.06072,1.76762,1114.11,1195.1173932235804,81.0073932235805,81.0073932235805,7.271040850865758,251-500
TR-047700,Shreveport,Corpus Christi,409.2,Flatbed,39893.0,1.04733,1.39743,1134.89,1148.0350482487743,13.145048248774174,13.145048248774174,1.158266285611308,251-500
TR-047701,Kansas City,Shreveport,570.8,Dry Van,31496.0,1.02462,1.98408,1262.99,1316.950535777232,53.96053577723205,53.96053577723205,4.2724436279964255,501-750
TR-047702,Atlanta,Richmond,670.3,Flatbed,22559.0,1.03804,1.92827,370.24,1554.1266929656886,1183.8866929656886,1183.8866929656886,319.76196331182166,501-750
TR-047703,Hartford,Philadelphia,78.2,Flatbed,38298.0,1.04151,1.00878,246.59,364.7539425342086,118.16394253420859,118.16394253420859,47.91919483118074,0-250
TR-047704,New York,Little Rock,1307.3,Reefer,37486.0,1.07917,1.89007,3005.3,3033.490759628985,28.19075962898478,28.19075962898478,0.9380347928321557,1001-1500
TR-047705,Amarillo,Oklahoma City,418.8,Flatbed,47500.0,1.0389,1.40876,1154.41,1217.8503477306674,63.44034773066733,63.44034773066733,5.495478013068782,251-500
TR-047706,Washington,Greensboro,432.2,Dry Van,33407.0,1.0334,1.8295,1009.87,1038.8876703199865,29.01767031998645,29.01767031998645,2.8734065097474377,251-500
TR-047707,Atlanta,Baton Rouge,579.2,Dry Van,23858.0,1.05924,1.8354,1327.71,1361.9154329635032,34.2054329635032,34.2054329635032,2.5762729032321214,501-750
TR-047708,Nashville,Greensboro,369.6,Reefer,30312.0,1.03398,1.40419,1000.75,1022.5542767734985,21.804276773498486,21.804276773498486,2.1787935821632263,251-500
TR-047709,Baltimore,Phoenix,2979.0,Dry Van,33344.0,1.02711,2.27902,5532.34,5850.801188026056,318.4611880260554,318.4611880260554,5.756356045110304,1500+
TR-047710,Atlanta,Albany,1190.3,Dry Van,30316.0,1.02266,2.22087,2247.46,2420.9212017231557,173.46120172315568,173.46120172315568,7.718099620155895,1001-1500
TR-047711,Columbia,Albuquerque,1728.6,Dry Van,30370.0,1.03527,2.11911,3451.23,3493.009319907973,41.77931990797288,41.77931990797288,1.2105631878481837,1500+
TR-047712,Washington,Memphis,862.6,Dry Van,34440.0,1.05538,2.04253,1851.58,1876.0640108746463,24.4840108746464,24.4840108746464,1.3223307053784554,751-1000
TR-047713,Lexington,Mobile,500.7,Dry Van,45844.0,1.02031,1.75777,1212.03,1202.4099521053604,-9.620047894639583,9.620047894639583,0.7937136782620549,501-750
TR-047714,Greensboro,Buffalo,542.9,Dry Van,44126.0,1.05765,1.95227,1197.57,1264.5133412446646,66.94334124466468,66.94334124466468,5.589931381436132,501-750
TR-047715,Albany,New York,363.5,Reefer,37078.0,1.04573,1.54018,958.18,953.3368922429001,-4.843107757099801,4.843107757099801,0.5054486377402787,251-500
TR-047716,Oklahoma City,Richmond,1500.1,Reefer,32076.0,1.04163,1.84046,3469.99,3510.784132500815,40.79413250081507,40.79413250081507,1.1756268029825756,1500+
TR-047717,Phoenix,Milwaukee,1994.0,Reefer,46171.0,1.02055,1.84931,4434.45,4375.675409501178,-58.77459049882145,58.77459049882145,1.3254087992608206,1500+
TR-047718,Fresno,Albuquerque,699.6,Dry Van,41434.0,1.01592,1.87338,1591.71,1625.4674051435372,33.7574051435372,33.7574051435372,2.1208263530126215,501-750
TR-047719,Mobile,Shreveport,306.2,Reefer,29886.0,1.03375,1.38434,859.86,869.1546191654975,9.294619165497465,9.294619165497465,1.0809456383012892,251-500
TR-047720,Lexington,Lubbock,1142.3,Dry Van,31437.0,1.02687,2.00557,2463.27,2441.726306989557,-21.543693010442894,21.543693010442894,0.8745973040082042,1001-1500
TR-047721,Toledo,Syracuse,465.5,Dry Van,37265.0,1.0386,1.96298,1022.08,1063.9906079902044,41.91060799020431,41.91060799020431,4.10052128896019,251-500
TR-047722,Hartford,Baton Rouge,1524.9,Dry Van,42077.0,1.05902,2.13617,3134.03,3249.7822170211075,115.7522170211073,115.7522170211073,3.693398500368768,1500+
TR-047723,Lexington,Fort Wayne,370.3,Dry Van,26358.0,1.01336,1.82144,864.61,850.694345824126,-13.91565417587401,13.91565417587401,1.6094718053080592,251-500
TR-047724,Baton Rouge,Richmond,1183.7,Reefer,21309.0,1.01733,1.87097,2620.82,2761.0143287906144,140.19432879061424,140.19432879061424,5.349254385673729,1001-1500
TR-047725,Lexington,Phoenix,2129.3,Dry Van,40220.0,1.02154,2.17869,4171.25,4310.712713968176,139.4627139681761,139.4627139681761,3.3434273651345783,1500+
TR-047726,Albany,Indianapolis,1194.3,Dry Van,33353.0,1.02351,2.11381,2395.25,2421.8610149305114,26.611014930511374,26.611014930511374,1.1109911253736091,1001-1500
TR-047727,Richmond,Shreveport,1148.3,Dry Van,45251.0,1.01309,1.94529,2551.54,2464.136033967337,-87.40396603266299,87.40396603266299,3.425537754950461,1001-1500
TR-047728,New York,El Paso,2456.1,Dry Van,30926.0,1.01932,2.21898,4757.71,4582.588104930977,-175.12189506902268,175.12189506902268,3.680802215120776,1500+
TR-047729,Lexington,Columbia,226.1,Dry Van,39462.0,1.0566,1.55866,598.72,629.8408317928167,31.120831792816716,31.120831792816716,5.1978941396340055,0-250
TR-047730,Hartford,Baton Rouge,1514.9,Dry Van,33477.0,1.05478,2.15291,3021.06,3169.1464188729146,148.0864188729147,148.0864188729147,4.901803303241733,1500+
TR-047731,San Francisco,Phoenix,658.0,Dry Van,29496.0,0.99732,1.86504,1477.27,1457.6951954496665,-19.57480455033351,19.57480455033351,1.3250661389139096,501-750
TR-047732,Birmingham,Mobile,201.6,Dry Van,25759.0,1.04325,1.45975,541.2,734.2091830003931,193.00918300039302,193.00918300039302,35.66318976356116,0-250
TR-047733,Baltimore,Harrisburg,392.2,Reefer,22042.0,1.01238,1.65338,987.59,979.4903551611067,-8.099644838893369,8.099644838893369,0.8201424517151215,251-500
TR-047734,Los Angeles,Mobile,2008.7,Flatbed,32040.0,1.04657,2.00776,4243.72,4303.697851327806,59.97785132780609,59.97785132780609,1.413331966477668,1500+
TR-047735,Albany,St. Louis,1221.1,Reefer,29039.0,1.05245,1.94859,2664.27,2763.683681219172,99.41368121917185,99.41368121917185,3.7313666114609947,1001-1500
TR-047736,Houston,Reno,1689.1,Reefer,43951.0,1.04615,1.85824,3933.12,3906.080958206767,-27.039041793233082,27.039041793233082,0.6874705524680936,1500+
TR-047737,Columbia,Hartford,839.9,Reefer,16112.0,1.00263,1.95114,1857.61,1946.809072252764,89.19907225276415,89.19907225276415,4.8018191252611775,751-1000
TR-047738,El Paso,Green Bay,1633.8,Dry Van,21371.0,1.01669,2.2158,3134.32,3211.885204569052,77.56520456905173,77.56520456905173,2.4747059830857,1500+
TR-047739,Baton Rouge,Green Bay,1149.2,Dry Van,27524.0,1.04896,2.09141,2388.37,2340.39379678666,-47.976203213339886,47.976203213339886,2.0087424985801983,1001-1500
TR-047740,Fresno,Mobile,2116.3,Flatbed,35041.0,1.02865,2.02449,4577.61,4550.256953816064,-27.353046183935476,27.353046183935476,0.597539899291016,1500+
TR-047741,Jacksonville,Memphis,446.0,Dry Van,36518.0,1.0452,1.72738,1091.78,1135.5912993992504,43.8112993992504,43.8112993992504,4.012832200557841,251-500
TR-047742,Bakersfield,Toledo,2161.5,Reefer,34727.0,1.01412,1.86492,4815.8,4656.379624544386,-159.4203754556138,159.4203754556138,3.310361216321562,1500+
TR-047743,Atlanta,Nashville,136.8,Reefer,35204.0,1.05978,0.95701,104.38,536.9313984979951,432.55139849799514,432.55139849799514,414.40065002682036,0-250
TR-047744,Hartford,Grand Rapids,915.4,Dry Van,27664.0,1.03945,2.14755,1834.95,1847.8972745960718,12.947274596071793,12.947274596071793,0.7055927734309814,751-1000
TR-047745,Hartford,Salt Lake City,2619.5,Dry Van,22469.0,1.04022,2.40475,4610.22,4976.443857711029,366.22385771102836,366.22385771102836,7.943739294676357,1500+
TR-047746,Los Angeles,Columbia,2408.8,Reefer,31529.0,1.04611,2.05498,5077.85,5162.478056711794,84.62805671179376,84.62805671179376,1.6666119856197752,1500+
TR-047747,Baltimore,Grand Rapids,946.8,Dry Van,31008.0,0.98666,2.22797,1871.61,1914.3723877479545,42.76238774795456,42.76238774795456,2.2847915830731065,751-1000
TR-047748,Syracuse,Greensboro,651.2,Dry Van,19373.0,1.03362,2.25472,1281.55,1388.9727922698048,107.42279226980486,107.42279226980486,8.38225525885099,501-750
TR-047749,Green Bay,Kansas City,467.6,Dry Van,25802.0,1.00905,2.02103,998.55,1026.4704566622488,27.920456662248853,27.920456662248853,2.796100011241185,251-500
TR-047750,Bakersfield,Atlanta,2058.6,Dry Van,31354.0,1.03401,2.23269,4007.09,4086.193603090681,79.10360309068074,79.10360309068074,1.974091000967803,1500+
TR-047751,Madison,Tucson,1752.5,Reefer,37366.0,1.01044,1.96848,3863.28,3906.6678696743447,43.38786967434453,43.38786967434453,1.1230837442366208,1500+
TR-047752,Lubbock,Tulsa,471.5,Reefer,40731.0,1.02647,1.34737,1317.88,1342.2249906251136,24.344990625113496,24.344990625113496,1.84728432217755,251-500
TR-047753,Grand Rapids,Raleigh,878.1,Dry Van,32912.0,1.00273,2.0463,1839.63,1815.427524182217,-24.202475817783125,24.202475817783125,1.31561649993657,751-1000
TR-047754,Boston,Atlanta,1131.3,Flatbed,19029.0,1.0048,2.10033,2338.56,2510.6173173905468,172.0573173905468,172.0573173905468,7.357404445066486,1001-1500
TR-047755,San Antonio,Jacksonville,982.4,Reefer,21333.0,1.01653,1.78602,2331.19,2306.3544823178167,-24.83551768218331,24.83551768218331,1.0653579365981884,751-1000
TR-047756,Los Angeles,Savannah,2449.0,Reefer,45308.0,1.05681,1.91723,5356.55,5440.877126922303,84.32712692230325,84.32712692230325,1.5742805896015764,1500+
TR-047757,Buffalo,San Francisco,2735.6,Reefer,19144.0,1.0433,2.18872,5369.38,5398.323825712685,28.943825712684884,28.943825712684884,0.53905340491239,1500+
TR-047758,Little Rock,Harrisburg,1012.2,Reefer,30805.0,1.00872,1.94229,2288.61,2340.007257694156,51.397257694155996,51.397257694155996,2.24578489537999,1001-1500
TR-047759,Corpus Christi,Oklahoma City,347.5,Dry Van,12786.0,1.0454,1.69524,858.63,847.6932936968603,-10.936706303139658,10.936706303139658,1.2737391313068094,251-500
TR-047760,Cincinnati,New York,858.1,Reefer,30597.0,1.02001,1.82315,2020.71,2014.8037558181127,-5.9062441818873594,5.9062441818873594,0.29228559179136837,751-1000
TR-047761,Bakersfield,Oklahoma City,1230.4,Reefer,38028.0,0.99326,1.7731,2982.91,2995.847720530999,12.937720530999286,12.937720530999286,0.4337281557606259,1001-1500
TR-047762,Philadelphia,Bakersfield,2768.3,Dry Van,45860.0,1.00325,2.23996,5281.62,5377.613285862398,95.9932858623979,95.9932858623979,1.8174970153550976,1500+
TR-047763,Chattanooga,Philadelphia,986.6,Reefer,32218.0,1.0158,1.81278,2309.11,2308.7205769443112,-0.38942305568889424,0.38942305568889424,0.016864638570223776,751-1000
TR-047764,Little Rock,Charleston,856.0,Reefer,42623.0,1.01154,1.70222,2099.94,2100.370601584874,0.4306015848737843,0.4306015848737843,0.02050542324417766,751-1000
TR-047765,Phoenix,Memphis,1900.7,Dry Van,39559.0,1.00507,2.13732,3771.54,3894.9850645706956,123.44506457069565,123.44506457069565,3.2730678866111895,1500+
TR-047766,Richmond,El Paso,2190.0,Dry Van,24374.0,1.05107,2.25555,4121.98,4267.240960971267,145.2609609712672,145.2609609712672,3.524057879253835,1500+
TR-047767,Milwaukee,Indianapolis,113.4,Reefer,41000.0,1.02482,0.95926,371.98,424.94758438701774,52.96758438701772,52.96758438701772,14.23936351067738,0-250
TR-047768,Kansas City,Philadelphia,1151.3,Flatbed,30517.0,1.09834,1.92142,2543.77,2569.361056687223,25.591056687223045,25.591056687223045,1.0060287167166468,1001-1500
TR-047769,Green Bay,Richmond,839.3,Dry Van,27776.0,1.04931,2.17315,1651.48,1753.8520519835365,102.3720519835365,102.3720519835365,6.198806645162914,751-1000
TR-047770,Bakersfield,Los Angeles,397.6,Flatbed,22666.0,1.05959,1.76034,947.08,999.5042074893868,52.42420748938673,52.42420748938673,5.5353515531303294,251-500
TR-047771,Los Angeles,St. Louis,1986.6,Flatbed,36133.0,0.99681,2.1234,4036.76,4261.890073439003,225.13007343900244,225.13007343900244,5.5769992132057,1500+
TR-047772,Atlanta,Fort Wayne,530.2,Reefer,40147.0,1.00557,1.56579,1362.09,1409.6785352253485,47.58853522534855,47.58853522534855,3.493787871972377,501-750
TR-047773,Buffalo,Grand Rapids,480.5,Reefer,25665.0,1.0322,1.80004,1137.26,1180.894188543817,43.63418854381712,43.63418854381712,3.8367821381053693,251-500
TR-047774,Shreveport,Los Angeles,1704.6,Dry Van,24852.0,1.0181,2.2212,3282.64,3410.7365378530358,128.0965378530359,128.0965378530359,3.9022414231544094,1500+
TR-047775,Lexington,Syracuse,692.5,Dry Van,27799.0,1.03214,2.06953,1449.52,1522.9490872001334,73.42908720013338,73.42908720013338,5.065751917885464,501-750
TR-047776,Hartford,Mobile,1196.3,Dry Van,20944.0,1.05348,2.17736,2360.09,2455.189346076733,95.09934607673267,95.09934607673267,4.029479641739623,1001-1500
TR-047777,Fresno,Albany,3094.9,Flatbed,41313.0,1.03146,2.13683,6393.83,6347.955048580114,-45.8749514198862,45.8749514198862,0.7174878190362616,1500+
TR-047778,Oklahoma City,Shreveport,457.0,Dry Van,26119.0,1.0381,1.67098,1120.44,1088.119411703433,-32.320588296567166,32.320588296567166,2.8846335632936313,251-500
TR-047779,Baltimore,Grand Rapids,919.6,Flatbed,26915.0,1.04846,2.00345,1973.74,1990.654988547008,16.91498854700808,16.91498854700808,0.8570018617957826,751-1000
TR-047780,Birmingham,Shreveport,396.9,Flatbed,26367.0,1.07858,1.6281,1009.07,1109.7117118326166,100.64171183261658,100.64171183261658,9.97370963685538,251-500
TR-047781,Lubbock,Phoenix,1122.2,Dry Van,39818.0,1.0293,1.95795,2420.89,2469.5393487598303,48.649348759830445,48.649348759830445,2.0095646130072184,1001-1500
TR-047782,Bakersfield,Syracuse,2558.4,Dry Van,33558.0,1.06187,2.31402,4697.23,5043.61574613093,346.3857461309308,346.3857461309308,7.374255595977434,1500+
TR-047783,Cincinnati,Amarillo,1225.6,Dry Van,35406.0,1.03316,2.02599,2639.31,2622.0243423910183,-17.285657608981637,17.285657608981637,0.6549309330461991,1001-1500
TR-047784,Lexington,Montgomery,479.5,Flatbed,34883.0,1.03356,1.64728,1199.51,1253.5945868148833,54.08458681488332,54.08458681488332,4.5088900313364055,251-500
TR-047785,Columbia,Louisville,363.1,Reefer,33180.0,0.99004,1.48437,975.31,1001.6368175229622,26.3268175229623,26.3268175229623,2.6993281646822345,251-500
TR-047786,Tucson,Jacksonville,2007.6,Dry Van,43844.0,1.04386,2.0387,4067.77,4307.597439376911,239.82743937691112,239.82743937691112,5.895796453017529,1500+
TR-047787,Savannah,Memphis,511.7,Reefer,27190.0,1.04989,1.60042,1296.79,1294.137886374121,-2.652113625878883,2.652113625878883,0.2045137320521351,501-750
TR-047788,Hartford,El Paso,2464.2,Dry Van,37178.0,1.01523,2.21468,4760.41,4765.123297666634,4.713297666634389,4.713297666634389,0.09901033034201653,1500+
TR-047789,Charleston,Memphis,672.1,Dry Van,46542.0,1.03347,1.9447,1544.73,1537.2658540499033,-7.464145950096736,7.464145950096736,0.4832006855629616,501-750
TR-047790,Baltimore,Toledo,786.1,Reefer,33051.0,1.02268,1.8323,1814.99,1892.2205649116172,77.2305649116172,77.2305649116172,4.255150987697849,751-1000
TR-047791,Montgomery,Atlanta,305.8,Dry Van,25399.0,1.04452,1.80304,734.35,829.5182491876269,95.16824918762688,95.16824918762688,12.95952191565696,251-500
TR-047792,Tampa,Lexington,717.5,Dry Van,39504.0,1.05489,1.91703,1613.34,1680.6611392063012,67.32113920630127,67.32113920630127,4.172780641792881,501-750
TR-047793,Little Rock,Raleigh,970.7,Flatbed,46862.0,1.05654,1.87932,2255.27,2325.850445573885,70.58044557388484,70.58044557388484,3.1295785238080067,751-1000
TR-047794,Tampa,Tucson,1881.6,Dry Van,16866.0,1.04783,2.28084,3558.09,3802.7434706407994,244.65347064079924,244.65347064079924,6.875977579004444,1500+
TR-047795,Hartford,Greensboro,741.1,Reefer,29335.0,1.03837,1.75331,1782.82,1740.3652460645408,-42.454753935459166,42.454753935459166,2.3813258733612575,501-750
TR-047796,Memphis,Atlanta,239.2,Flatbed,37701.0,1.04158,1.24252,227.15,736.8196582319404,509.6696582319404,509.6696582319404,224.3758125608366,0-250
TR-047797,Mobile,Oklahoma City,711.6,Dry Van,39046.0,1.06242,1.79025,1677.55,1680.813423298147,3.2634232981470177,3.2634232981470177,0.1945350837916615,501-750
TR-047798,Baton Rouge,Richmond,1240.0,Dry Van,35373.0,1.05064,2.02759,2600.14,2603.0745716320243,2.934571632024472,2.934571632024472,0.11286206250526788,1001-1500
TR-047799,Lexington,Shreveport,631.4,Dry Van,31583.0,1.03978,1.86478,1440.59,1408.3942837564146,-32.195716243585366,32.195716243585366,2.234897940676068,501-750
TR-047800,El Paso,Raleigh,2145.7,Flatbed,39084.0,1.03146,2.06555,4466.72,4648.822910180068,182.10291018006774,182.10291018006774,4.076882145737089,1500+
TR-047801,Louisville,Raleigh,675.7,Dry Van,47267.0,1.00402,1.97258,1518.01,1502.7482486939534,-15.261751306046563,15.261751306046563,1.0053788384823923,501-750
TR-047802,Richmond,Memphis,849.4,Dry Van,23760.0,0.99422,2.13473,1753.32,1858.7229090774238,105.40290907742383,105.40290907742383,6.011618476799662,751-1000
TR-047803,Mobile,Cincinnati,459.3,Flatbed,43087.0,1.05355,1.59164,1163.6,1266.0682809919042,102.4682809919043,102.4682809919043,8.806143089713329,251-500
TR-047804,Reno,Lexington,2139.6,Reefer,28425.0,1.00083,2.09806,4403.34,4452.377806697976,49.03780669797561,49.03780669797561,1.11365024499529,1500+
TR-047805,Memphis,Buffalo,855.8,Reefer,40166.0,1.07293,1.76339,2043.4,2054.3009625966415,10.90096259664142,10.90096259664142,0.5334717919468249,751-1000
TR-047806,Fort Wayne,Phoenix,2250.4,Dry Van,29644.0,0.96886,2.28554,4158.35,4239.5150067999075,81.16500679990713,81.16500679990713,1.9518560679093182,1500+
TR-047807,Lubbock,Fort Wayne,1311.1,Dry Van,14250.0,1.03526,2.28657,2463.2,2640.5734732848437,177.37347328484384,177.37347328484384,7.200936719910842,1001-1500
TR-047808,Dayton,Oklahoma City,1084.1,Reefer,18453.0,1.04993,1.93609,2390.13,2471.806304389721,81.67630438972083,81.67630438972083,3.417232719129119,1001-1500
TR-047809,Cincinnati,Baltimore,908.7,Dry Van,31496.0,1.0332,2.18658,1819.36,1944.202780198534,124.842780198534,124.842780198534,6.861906395575038,751-1000
TR-047810,Atlanta,Bakersfield,2041.1,Dry Van,31613.0,1.02618,2.27179,3985.1,4034.4852393429583,49.38523934295836,49.38523934295836,1.2392471793169146,1500+
TR-047811,Kansas City,Harrisburg,811.8,Dry Van,27008.0,1.04537,2.12097,1612.1,1723.7289203416674,111.62892034166748,111.62892034166748,6.924441433017027,751-1000
TR-047812,Jacksonville,Chattanooga,323.5,Dry Van,12702.0,1.09416,1.80635,766.77,921.731534254093,154.96153425409307,154.96153425409307,20.209650123778065,251-500
TR-047813,Madison,Grand Rapids,278.0,Dry Van,34089.0,1.01903,1.69393,673.77,669.6747186070793,-4.095281392920697,4.095281392920697,0.6078159302018044,251-500
TR-047814,Chattanooga,Syracuse,890.4,Reefer,26510.0,1.0102,1.8993,1927.01,2026.3274249710162,99.31742497101618,99.31742497101618,5.153965208847706,751-1000
TR-047815,Nashville,Birmingham,196.7,Reefer,34603.0,1.06874,1.0393,611.85,665.1065418940225,53.25654189402246,53.25654189402246,8.704182707203149,0-250
TR-047816,Houston,Reno,1732.4,Dry Van,17331.0,1.02755,2.34562,3137.04,3401.8722022922057,264.8322022922057,264.8322022922057,8.442104732238215,1500+
TR-047817,Oklahoma City,Washington,1481.0,Reefer,40715.0,1.04114,1.8112,3474.52,3567.3270088593135,92.80700885931356,92.80700885931356,2.6710742450558222,1001-1500
TR-047818,Phoenix,San Francisco,668.3,Dry Van,34170.0,1.0495,1.93747,1465.84,1505.2341369901592,39.39413699015927,39.39413699015927,2.687478646384276,501-750
TR-047819,Oklahoma City,New York,1730.4,Dry Van,15104.0,1.04717,2.28968,3234.9,3504.1851737984543,269.28517379845425,269.28517379845425,8.324373977509483,1500+
TR-047820,Nashville,Savannah,409.9,Flatbed,34905.0,1.04547,1.62355,1037.63,1117.4768373452912,79.84683734529108,79.84683734529108,7.695116500611111,251-500
TR-047821,Los Angeles,Little Rock,1722.4,Reefer,41796.0,1.03114,1.86271,9939.89,3980.464978556173,-5959.425021443827,5959.425021443827,59.9546375406954,1500+
TR-047822,Oklahoma City,Columbia,1046.0,Flatbed,47500.0,1.08458,1.78147,2533.96,2522.255726082274,-11.704273917725914,11.704273917725914,0.4618965539205794,1001-1500
TR-047823,Bakersfield,Harrisburg,2536.4,Reefer,18765.0,1.04727,2.16937,5043.29,5120.391597272757,77.10159727275732,77.10159727275732,1.5287956328657943,1500+
TR-047824,Columbia,Memphis,451.6,Dry Van,26478.0,1.05401,1.87071,1019.9,1106.561709461445,86.66170946144496,86.66170946144496,8.49707907259976,251-500
TR-047825,Jacksonville,San Antonio,992.1,Dry Van,47500.0,0.98882,1.96964,2182.09,2220.125196964024,38.035196964023726,38.035196964023726,1.7430627042891782,751-1000
TR-047826,Columbia,Toledo,594.5,Dry Van,31486.0,1.01104,1.95736,1312.38,1316.5775878302823,4.197587830282146,4.197587830282146,0.31984545865390707,501-750
TR-047827,Syracuse,Richmond,386.6,Dry Van,33568.0,1.00281,1.88869,863.6,912.6012582581864,49.00125825818634,49.00125825818634,5.674068811739965,251-500
TR-047828,Amarillo,Indianapolis,1088.0,Dry Van,31320.0,0.99036,2.12866,2233.22,2262.8102007580765,29.590200758076662,29.590200758076662,1.3250016011891648,1001-1500
TR-047829,Fort Wayne,Albany,894.5,Flatbed,39520.0,1.02762,1.97606,1987.95,2073.7585302684583,85.8085302684583,85.8085302684583,4.316433022382771,751-1000
TR-047830,Lubbock,Charleston,1405.0,Flatbed,17093.0,0.98272,2.14704,2865.04,3097.3172624318604,232.27726243186044,232.27726243186044,8.107295620021377,1001-1500
TR-047831,Phoenix,Baltimore,2958.8,Dry Van,23005.0,1.01131,2.37346,5261.3,5400.247512788041,138.9475127880405,138.9475127880405,2.6409349930253074,1500+
TR-047832,Raleigh,Green Bay,969.9,Dry Van,33176.0,0.956,2.17271,1956.59,2057.6444476614492,101.05444766144933,101.05444766144933,5.164824907693964,751-1000
TR-047833,Cincinnati,Greensboro,281.0,Flatbed,25980.0,0.97405,1.6232,718.63,755.944111898192,37.31411189819198,37.31411189819198,5.192395516217244,251-500
TR-047834,Savannah,San Francisco,2639.4,Dry Van,36585.0,1.01405,2.22055,5079.05,4968.596218666488,-110.45378133351187,110.45378133351187,2.17469371897327,1500+
TR-047835,Greensboro,Lexington,185.1,Dry Van,32266.0,0.97891,1.57768,477.89,489.12748754814425,11.237487548144259,11.237487548144259,2.351479953157475,0-250
TR-047836,Lubbock,Bakersfield,1220.6,Dry Van,30947.0,0.98216,2.08729,2529.12,2545.1768900919533,16.05689009195339,16.05689009195339,0.6348805154343563,1001-1500
TR-047837,Houston,Albany,1829.0,Flatbed,37159.0,0.94156,2.11455,3755.65,4147.7595947161635,392.10959471616343,392.10959471616343,10.440525467393485,1500+
TR-047838,Madison,Austin,1188.3,Reefer,37684.0,1.00174,1.81019,2813.02,2825.2633375556825,12.243337555682501,12.243337555682501,0.4352381979396699,1001-1500
TR-047839,Tucson,Bakersfield,316.5,Flatbed,22439.0,0.97763,1.65079,798.38,828.2712909021241,29.89129090212407,29.89129090212407,3.743992948486193,251-500
TR-047840,Corpus Christi,Madison,1139.5,Dry Van,35584.0,0.99829,2.08148,772.61,2409.138082218175,1636.5280822181749,1636.5280822181749,211.81813362733783,1001-1500
TR-047841,Memphis,Oklahoma City,706.5,Dry Van,40427.0,1.01341,1.87009,1628.64,1580.0161963830415,-48.62380361695864,48.62380361695864,2.9855464446997884,501-750
TR-047842,Kansas City,Green Bay,451.6,Dry Van,35037.0,0.99841,1.82885,1037.85,1055.9504171021547,18.10041710215478,18.10041710215478,1.74403016834367,251-500
TR-047843,Atlanta,Amarillo,1232.0,Reefer,29264.0,1.00734,1.72462,3006.47,2837.966617429378,-168.50338257062185,168.50338257062185,5.604691966679257,1001-1500
TR-047844,Atlanta,Shreveport,470.7,Dry Van,33586.0,0.99114,1.71906,1162.01,1146.0204485946401,-15.989551405359862,15.989551405359862,1.3760252842367846,251-500
TR-047845,Syracuse,Savannah,855.0,Dry Van,23762.0,0.93999,2.22722,1648.06,1726.8022819923744,78.7422819923745,78.7422819923745,4.777877139932678,751-1000
TR-047846,Nashville,Mobile,284.4,Dry Van,33697.0,0.99043,1.62839,734.99,756.3556136110649,21.365613611064873,21.365613611064873,2.906925755597338,251-500
TR-047847,Little Rock,Oklahoma City,488.1,Dry Van,39999.0,0.95829,1.61197,1236.93,1250.1268246346976,13.196824634697577,13.196824634697577,1.0669014927843594,251-500
TR-047848,Greensboro,Salt Lake City,2013.7,Dry Van,20807.0,0.98819,2.40075,3562.85,3784.2206422658255,221.3706422658256,221.3706422658256,6.213302335653357,1500+
TR-047849,Atlanta,Madison,614.2,Flatbed,35000.0,0.98161,1.71158,1502.63,1470.6249722201828,-32.00502777981728,32.00502777981728,2.1299340343143207,501-750
TR-047850,Montgomery,Los Angeles,2139.5,Dry Van,22972.0,0.93116,2.29966,3933.98,4103.1056499806955,169.12564998069547,169.12564998069547,4.299097859691597,1500+
TR-047851,Shreveport,Cincinnati,538.3,Dry Van,28144.0,0.98093,1.86958,1191.61,1326.3141902837574,134.7041902837575,134.7041902837575,11.30438568690742,501-750
TR-047852,Boston,Jacksonville,1150.4,Reefer,27740.0,0.98572,1.87216,2620.28,2580.3840007207828,-39.89599927921745,39.89599927921745,1.52258534504776,1001-1500
TR-047853,Buffalo,Hartford,451.4,Dry Van,35159.0,0.99014,1.93425,997.09,1037.2657827279863,40.1757827279863,40.1757827279863,4.029303546117833,251-500
TR-047854,New Orleans,Houston,257.2,Flatbed,33818.0,1.00856,1.33834,739.26,798.6699097893688,59.40990978936884,59.40990978936884,8.03640259034289,251-500
TR-047855,Phoenix,El Paso,546.6,Dry Van,17966.0,0.94916,2.08675,1152.24,1228.2827653036838,76.04276530368384,76.04276530368384,6.599559579921182,501-750
TR-047856,Hartford,Madison,1115.4,Dry Van,12809.0,0.97,2.22151,2145.81,2146.7290773057844,0.9190773057844126,0.9190773057844126,0.04283125280357593,1001-1500
TR-047857,Green Bay,Houston,1215.3,Dry Van,31358.0,0.99835,2.05502,2506.8,2439.560157623556,-67.23984237644436,67.23984237644436,2.6822978449195927,1001-1500
TR-047858,Syracuse,New York,308.7,Dry Van,29382.0,0.97213,1.829,703.44,676.2713688903862,-27.168631109613898,27.168631109613898,3.8622528018898405,251-500
TR-047859,Lexington,Providence,1035.4,Reefer,25857.0,0.96582,1.87246,2371.11,2317.7713985554183,-53.338601444581855,53.338601444581855,2.249520327803512,1001-1500
TR-047860,New York,Milwaukee,904.6,Dry Van,28415.0,0.96923,2.22011,1782.08,1848.5391798676897,66.45917986768973,66.45917986768973,3.7293039519937223,751-1000
TR-047861,Grand Rapids,Richmond,759.7,Flatbed,45449.0,0.93658,1.87499,1711.56,1731.977892252239,20.41789225223897,20.41789225223897,1.1929404900931881,751-1000
TR-047862,Hartford,New York,131.1,Dry Van,31971.0,0.99575,1.43338,355.88,327.57889042542956,-28.301109574570432,28.301109574570432,7.952430475039461,0-250
TR-047863,Raleigh,Richmond,242.2,Dry Van,20641.0,0.96428,1.8002,577.77,604.0743425517965,26.30434255179648,26.30434255179648,4.552735959256535,0-250
TR-047864,Milwaukee,El Paso,1533.1,Flatbed,26021.0,0.99131,2.09412,3135.27,3272.4212434189863,137.15124341898627,137.15124341898627,4.374463552388989,1500+
TR-047865,Raleigh,Albuquerque,2085.8,Dry Van,28686.0,1.02483,2.30956,3874.49,4042.8569292746815,168.36692927468175,168.36692927468175,4.345524940693659,1500+
TR-047866,Dayton,Grand Rapids,298.3,Flatbed,31272.0,0.93548,1.66351,746.12,742.0545928167207,-4.065407183279262,4.065407183279262,0.5448731012811964,251-500
TR-047867,Las Vegas,Amarillo,744.3,Flatbed,23268.0,0.98845,1.91089,1646.65,1691.9984930243386,45.348493024338495,45.348493024338495,2.753984940596878,501-750
TR-047868,El Paso,Nashville,1547.4,Reefer,29540.0,0.96231,1.82304,3529.14,3439.2419660206997,-89.89803397930018,89.89803397930018,2.547307105393954,1500+
TR-047869,Hartford,Dayton,835.6,Flatbed,36262.0,0.96862,1.9175,1892.15,1931.3697054271674,39.219705427167355,39.219705427167355,2.0727587890583385,751-1000
TR-047870,Mobile,Detroit,989.7,Dry Van,42493.0,1.01939,2.10755,2033.55,2338.3269620781875,304.7769620781876,304.7769620781876,14.987433900232972,751-1000
TR-047871,Nashville,Columbia,329.6,Flatbed,31196.0,0.9572,1.60182,854.46,896.7741245487146,42.31412454871452,42.31412454871452,4.952148087530665,251-500
TR-047872,Harrisburg,Baton Rouge,1204.2,Dry Van,34292.0,0.99169,2.08573,2493.55,2499.5607034515333,6.010703451533118,6.010703451533118,0.24105004718305698,1001-1500
TR-047873,Buffalo,Shreveport,1181.8,Reefer,39793.0,0.96289,1.78149,2766.59,2794.6036742916494,28.013674291649295,28.013674291649295,1.0125705034591066,1001-1500
TR-047874,Corpus Christi,Fort Wayne,1264.6,Reefer,13893.0,0.99026,1.93247,2787.97,2767.407654001615,-20.5623459983849,20.5623459983849,0.7375382804831079,1001-1500
TR-047875,Hartford,Greensboro,749.0,Dry Van,30833.0,0.98238,2.07837,1565.76,1589.6658427067548,23.90584270675481,23.90584270675481,1.5267884418272795,501-750
TR-047876,Memphis,Philadelphia,1083.1,Dry Van,43328.0,1.0039,2.05376,2282.64,2300.613826843655,17.973826843654933,17.973826843654933,0.7874139962348392,1001-1500
TR-047877,Mobile,Atlanta,305.4,Dry Van,30594.0,1.01361,1.59011,788.83,755.2295783725258,-33.60042162747425,33.60042162747425,4.259526339955915,251-500
TR-047878,Los Angeles,Reno,887.6,Dry Van,9262.0,0.93525,2.18568,1716.52,1821.5115383041548,104.9915383041548,104.9915383041548,6.116534517754224,751-1000
TR-047879,Philadelphia,Albany,413.0,Dry Van,26093.0,0.95949,2.02498,888.23,955.2016958971012,66.9716958971012,66.9716958971012,7.539904742814496,251-500
TR-047880,Raleigh,Providence,565.4,Dry Van,33106.0,0.99072,1.90221,1264.64,1282.7947161267282,18.15471612672809,18.15471612672809,1.4355639649803968,501-750
TR-047881,Richmond,Tucson,2548.0,Reefer,41685.0,0.97378,1.99697,5507.65,5385.060734493421,-122.58926550657907,122.58926550657907,2.2257998512356285,1500+
TR-047882,Cincinnati,Phoenix,2093.9,Dry Van,34414.0,1.01659,2.2289,4049.65,4115.944404552007,66.29440455200665,66.29440455200665,1.6370403504502034,1500+
TR-047883,Reno,Phoenix,853.9,Flatbed,24713.0,1.03082,2.16248,1756.24,1983.5548495518367,227.3148495518367,227.3148495518367,12.943267978854637,751-1000
TR-047884,Philadelphia,Lexington,764.9,Dry Van,33198.0,0.98854,1.99663,1596.37,1658.7471334757652,62.37713347576528,62.37713347576528,3.9074358372911844,751-1000
TR-047885,Green Bay,Syracuse,656.8,Reefer,19655.0,0.9908,1.96459,1454.79,1486.3849095552657,31.594909555265758,31.594909555265758,2.1717849005881096,501-750
TR-047886,Charleston,Columbia,271.0,Flatbed,42154.0,0.96171,1.35623,760.7,790.8806677626949,30.18066776269484,30.18066776269484,3.9674862314571886,251-500
TR-047887,Montgomery,New Orleans,450.0,Dry Van,34391.0,0.98621,1.76458,1078.09,1173.1131110513911,95.0231110513912,95.0231110513912,8.814023973081209,251-500
TR-047888,Albuquerque,El Paso,184.1,Flatbed,24680.0,1.00574,1.33967,525.91,554.9896303160879,29.0796303160879,29.0796303160879,5.5293929219995634,0-250
TR-047889,Dayton,Jacksonville,635.4,Flatbed,37673.0,1.02412,1.74857,1536.02,1526.1069348953988,-9.913065104601174,9.913065104601174,0.6453734394474794,501-750
TR-047890,Lubbock,Oklahoma City,196.3,Dry Van,37303.0,0.97891,1.27436,561.02,666.8153998296157,105.79539982961569,105.79539982961569,18.857687752596288,0-250
TR-047891,Atlanta,Cincinnati,199.4,Dry Van,45033.0,1.00741,1.38474,552.6,597.3046806227162,44.70468062271618,44.70468062271618,8.089880677292106,0-250
TR-047892,Montgomery,Lexington,477.0,Reefer,34623.0,1.00718,1.56319,1254.05,1305.217786182424,51.16778618242415,51.16778618242415,4.080203036754846,251-500
TR-047893,Boston,Bakersfield,3090.5,Dry Van,34910.0,0.97531,2.21653,5877.77,5867.695732740751,-10.07426725924961,10.07426725924961,0.17139607809168458,1500+
TR-047894,Montgomery,Jacksonville,142.6,Dry Van,44418.0,0.99279,1.25003,406.71,519.4075556167095,112.69755561670951,112.69755561670951,27.70956101809877,0-250
TR-047895,Albany,Fort Wayne,878.9,Flatbed,25642.0,0.97315,2.08447,1803.86,1894.5704950775553,90.71049507755538,90.71049507755538,5.028688206266306,751-1000
TR-047896,Charleston,Fort Wayne,677.9,Flatbed,13375.0,0.99904,2.01074,1484.36,1553.9706077408089,69.61060774080897,69.61060774080897,4.68960412169615,501-750
TR-047897,Greensboro,Albany,967.2,Dry Van,40861.0,1.00887,2.21912,1920.32,2106.3114851279433,185.9914851279434,185.9914851279434,9.685442276700936,751-1000
TR-047898,Buffalo,Montgomery,965.5,Dry Van,32329.0,1.00461,2.16189,1935.63,2040.1304355346049,104.50043553460478,104.50043553460478,5.398781561280037,751-1000
TR-047899,Syracuse,Grand Rapids,559.2,Dry Van,45220.0,0.99677,1.94876,389.18,1237.6343177606072,848.4543177606072,848.4543177606072,218.0107707900219,501-750
TR-047900,Richmond,Green Bay,864.1,Reefer,25597.0,1.04546,1.88401,1936.26,1977.2207552881825,40.960755288182554,40.960755288182554,2.1154573914754504,751-1000
TR-047901,Milwaukee,Kansas City,183.2,Dry Van,44526.0,0.99952,1.41752,498.57,495.0938182913535,-3.476181708646493,3.476181708646493,0.6972304207325938,0-250
TR-047902,Kansas City,Shreveport,566.3,Dry Van,28873.0,0.97248,1.86947,1298.84,1292.4920537988,-6.347946201199875,6.347946201199875,0.48873966009669206,501-750
TR-047903,Bakersfield,Houston,1517.0,Reefer,47500.0,0.98033,1.78017,3544.7,3564.7871785622447,20.087178562244844,20.087178562244844,0.566682048191521,1500+
TR-047904,San Antonio,Buffalo,1584.9,Dry Van,23974.0,0.96934,2.17331,3014.39,3119.403074177546,105.01307417754606,105.01307417754606,3.4837255357649832,1500+
TR-047905,Atlanta,Shreveport,443.1,Flatbed,38303.0,0.96448,1.42495,1193.87,1178.8080594455573,-15.061940554442572,15.061940554442572,1.2616064189939082,251-500
TR-047906,Houston,Los Angeles,1529.9,Dry Van,14101.0,1.0048,2.22459,2972.61,3133.240559136857,160.63055913685685,160.63055913685685,5.403687639376065,1500+
TR-047907,Madison,Louisville,386.0,Dry Van,27657.0,0.98457,1.85887,889.76,887.7508888915565,-2.0091111084434488,2.0091111084434488,0.22580371206206715,251-500
TR-047908,Oklahoma City,Lexington,999.7,Reefer,12507.0,0.97237,1.9675,2196.67,2270.123157830869,73.4531578308688,73.4531578308688,3.3438412611302017,751-1000
TR-047909,Tucson,Cincinnati,1831.9,Dry Van,30121.0,1.04564,2.14695,3726.44,3733.6934177480234,7.253417748023367,7.253417748023367,0.19464737787334202,1500+
TR-047910,Mobile,Phoenix,1904.2,Dry Van,31119.0,0.96984,2.13721,3806.72,3840.4621677626724,33.74216776267258,33.74216776267258,0.8863842826021505,1500+
TR-047911,Charleston,Salt Lake City,2182.6,Dry Van,26735.0,0.99746,2.24777,4081.47,4219.864963250193,138.3949632501931,138.3949632501931,3.3908117234769115,1500+
TR-047912,Hartford,Columbia,844.4,Dry Van,45167.0,0.98418,2.04428,1776.62,1818.7890819007985,42.169081900798574,42.169081900798574,2.373556635678906,751-1000
TR-047913,Louisville,Cincinnati,72.8,Flatbed,33190.0,0.96197,1.06068,225.89,403.04837568668677,177.15837568668678,177.15837568668678,78.4268341611788,0-250
TR-047914,Mobile,Milwaukee,638.3,Dry Van,36710.0,0.99942,1.84199,1428.79,1440.8903817381997,12.100381738199758,12.100381738199758,0.8468971464105822,501-750
TR-047915,Reno,Albuquerque,700.0,Dry Van,30725.0,0.96731,1.91383,1520.95,1449.5352702861578,-71.41472971384223,71.41472971384223,4.695402854389838,501-750
TR-047916,Atlanta,Oklahoma City,889.2,Dry Van,31136.0,0.96671,1.93169,1964.56,1897.2812215299377,-67.2787784700622,67.2787784700622,3.4246232474478866,751-1000
TR-047917,Amarillo,Baltimore,2147.8,Reefer,33227.0,0.99657,1.94488,4747.86,4613.67066574831,-134.18933425168962,134.18933425168962,2.8263119437323265,1500+
TR-047918,Tucson,Amarillo,626.4,Dry Van,33090.0,1.01271,1.81534,1423.65,1408.6820789950002,-14.96792100499988,14.96792100499988,1.0513764622624857,501-750
TR-047919,Detroit,Tucson,2115.8,Dry Van,47500.0,0.98061,2.20692,4047.69,4083.096773057954,35.40677305795407,35.40677305795407,0.8747402359853168,1500+
TR-047920,Grand Rapids,Las Vegas,1986.1,Dry Van,37300.0,0.94035,2.25491,3750.58,3849.1096581984993,98.52965819849942,98.52965819849942,2.6270512347023507,1500+
TR-047921,Corpus Christi,Lexington,1005.3,Dry Van,47500.0,1.05526,1.93057,2241.06,2221.845856046632,-19.214143953367966,19.214143953367966,0.8573685645796171,1001-1500
TR-047922,Austin,Albuquerque,831.9,Flatbed,25842.0,1.02797,1.91855,1862.13,1973.9322643096377,111.80226430963762,111.80226430963762,6.00399887814694,751-1000
TR-047923,Milwaukee,Shreveport,615.7,Flatbed,28954.0,0.96776,1.74983,1487.72,1452.3390016924377,-35.38099830756232,35.38099830756232,2.378202773879649,501-750
TR-047924,Baltimore,Shreveport,1334.7,Dry Van,33532.0,0.98016,2.05742,2781.65,2766.383185040249,-15.266814959751173,15.266814959751173,0.5488402552352443,1001-1500
TR-047925,Tulsa,New York,1501.7,Dry Van,31042.0,0.96058,2.11285,3013.52,2983.0781012310563,-30.4418987689437,30.4418987689437,1.0101774260314749,1500+
TR-047926,Savannah,New Orleans,705.2,Dry Van,42328.0,0.97125,1.84723,1624.99,1563.132665755965,-61.85733424403497,61.85733424403497,3.8066286096551347,501-750
TR-047927,Greensboro,Jacksonville,367.0,Flatbed,24672.0,0.95988,1.60269,928.29,944.213080623827,15.92308062382699,15.92308062382699,1.7153131697882118,251-500
TR-047928,Montgomery,Mobile,177.0,Dry Van,20233.0,0.96494,1.49438,464.45,643.562221834585,179.112221834585,179.112221834585,38.56437115611691,0-250
TR-047929,Syracuse,Mobile,1139.1,Dry Van,45469.0,1.01407,2.05287,2419.63,2475.3342533829664,55.70425338296627,55.70425338296627,2.3021806384846557,1001-1500
TR-047930,Charleston,Nashville,564.5,Dry Van,30728.0,1.00869,1.95195,1245.87,1336.301566578024,90.4315665780241,90.4315665780241,7.25850743480653,501-750
TR-047931,Fort Wayne,Baton Rouge,1008.1,Dry Van,38899.0,1.00962,2.10175,2083.49,2169.401137338949,85.91113733894917,85.91113733894917,4.123424510746353,1001-1500
TR-047932,San Antonio,Albuquerque,916.6,Dry Van,38793.0,1.00514,1.86725,2105.01,2018.0555113818455,-86.95448861815476,86.95448861815476,4.1308349422641575,751-1000
TR-047933,Los Angeles,Greensboro,2412.3,Dry Van,33626.0,1.03743,2.19303,4779.53,4712.314316343309,-67.215683656691,67.215683656691,1.406324129290767,1500+
TR-047934,Hartford,Detroit,798.8,Flatbed,30839.0,0.94188,2.04389,1694.68,1876.527711017625,181.847711017625,181.847711017625,10.730504344042826,751-1000
TR-047935,Milwaukee,Toledo,330.2,Dry Van,28396.0,0.98358,1.8336,757.39,763.3995531911733,6.009553191173268,6.009553191173268,0.7934555765422395,251-500
TR-047936,San Francisco,Madison,2016.8,Dry Van,38439.0,1.03693,2.1335,4018.5,4069.807528139625,51.30752813962499,51.30752813962499,1.2767830817375885,1500+
TR-047937,Albany,New York,388.8,Flatbed,25875.0,1.00257,1.80613,914.89,938.7669191503235,23.876919150323488,23.876919150323488,2.60981310871509,251-500
TR-047938,Oklahoma City,Baton Rouge,451.9,Dry Van,47500.0,0.94557,1.66149,1148.08,1123.2023468131524,-24.87765318684751,24.87765318684751,2.1668919576029118,251-500
TR-047939,Phoenix,Hartford,3003.7,Dry Van,25844.0,0.99717,2.27103,5543.53,5512.744376925249,-30.78562307475113,30.78562307475113,0.5553433114775446,1500+
TR-047940,Washington,Memphis,863.3,Dry Van,47500.0,0.98408,2.00154,1865.96,1877.715441980693,11.755441980692922,11.755441980692922,0.6299943182433129,751-1000
TR-047941,Memphis,Tulsa,399.1,Dry Van,26374.0,0.97504,1.79363,920.97,966.4498204104761,45.47982041047612,45.47982041047612,4.938252104897675,251-500
TR-047942,Providence,Columbia,939.9,Reefer,38954.0,0.9436,1.68173,2285.41,2176.2884734944323,-109.12152650556754,109.12152650556754,4.774702416877828,751-1000
TR-047943,Phoenix,Memphis,1857.4,Dry Van,10504.0,0.98003,2.33421,3381.99,3651.2913259165966,269.30132591659685,269.30132591659685,7.96280668826924,1500+
TR-047944,New York,New Orleans,1350.6,Reefer,41890.0,0.97407,1.82877,3118.76,3164.070607891218,45.31060789121784,45.31060789121784,1.4528404843982172,1001-1500
TR-047945,Salt Lake City,Charleston,2261.2,Reefer,42932.0,0.99942,1.87702,5091.54,4841.392973087425,-250.1470269125748,250.1470269125748,4.912993454093944,1500+
TR-047946,Grand Rapids,Greensboro,646.1,Flatbed,35894.0,0.98769,1.82787,1509.1,1512.7541974723033,3.6541974723033945,3.6541974723033945,0.24214415693482172,501-750
TR-047947,Mobile,Buffalo,1014.4,Flatbed,37574.0,1.0558,1.92199,2269.05,2347.930101579997,78.88010157999679,78.88010157999679,3.4763492025295517,1001-1500
TR-047948,Phoenix,Buffalo,2641.9,Dry Van,28019.0,0.96782,2.31901,4788.74,4797.770608915271,9.030608915270932,9.030608915270932,0.18858006313291037,1500+
TR-047949,Memphis,Nashville,121.8,Dry Van,19117.0,0.99594,1.37815,337.43,375.4885650251688,38.058565025168775,38.058565025168775,11.278951197335381,0-250
TR-047950,Tampa,Phoenix,2075.2,Dry Van,35768.0,0.97414,2.17282,4091.21,4152.8571612302385,61.64716123023845,61.64716123023845,1.5068197728847565,1500+
TR-047951,Lubbock,Mobile,830.8,Dry Van,29622.0,0.98623,1.98404,1803.63,1836.8964039514667,33.2664039514666,33.2664039514666,1.844413984656864,751-1000
TR-047952,Corpus Christi,Kansas City,908.1,Dry Van,19128.0,0.96158,2.12897,1832.95,1891.8588472728952,58.90884727289517,58.90884727289517,3.2138818447254516,751-1000
TR-047953,Hartford,Fort Wayne,873.0,Dry Van,36458.0,1.00549,2.01596,1872.97,1781.612276730652,-91.35772326934807,91.35772326934807,4.877692823128403,751-1000
TR-047954,Albuquerque,New Orleans,1173.6,Dry Van,33567.0,1.0207,2.05872,2435.84,2517.8870016308506,82.04700163085045,82.04700163085045,3.3683247516606363,1001-1500
TR-047955,Charleston,Albuquerque,1953.3,Dry Van,44569.0,1.02031,2.03999,4018.16,3985.8375907658383,-32.32240923416157,32.32240923416157,0.8044082175463787,1500+
TR-047956,Philadelphia,Jacksonville,964.6,Reefer,33738.0,0.97944,1.77554,2252.0,2277.9840373609986,25.984037360998627,25.984037360998627,1.1538204867228519,751-1000
TR-047957,Baton Rouge,Hartford,1569.9,Dry Van,38779.0,0.98687,2.12701,3142.24,3223.2395901408786,80.99959014087881,80.99959014087881,2.577765865779788,1500+
TR-047958,Columbia,Reno,2314.4,Dry Van,31903.0,1.00865,2.29935,4321.21,4384.92084995648,63.71084995648016,63.71084995648016,1.474375231855896,1500+
TR-047959,Milwaukee,Kansas City,184.3,Dry Van,35896.0,0.97705,1.48368,486.72,475.45265820312375,-11.26734179687628,11.26734179687628,2.3149535249992357,0-250
TR-047960,Raleigh,Lubbock,1574.5,Dry Van,34018.0,1.00873,2.1208,3166.71,3317.4598711374865,150.74987113748648,150.74987113748648,4.760457103349737,1500+
TR-047961,Hartford,Corpus Christi,1788.8,Dry Van,28493.0,1.01201,2.26137,3440.82,3613.905975259106,173.0859752591059,173.0859752591059,5.030369948416538,1500+
TR-047962,Chattanooga,Nashville,70.0,Reefer,33010.0,1.03217,0.74553,241.41,440.1235844744874,198.71358447448742,198.71358447448742,82.3137336790056,0-250
TR-047963,Fort Wayne,El Paso,1731.7,Reefer,38479.0,0.97252,1.87244,3897.49,3821.300543075326,-76.18945692467378,76.18945692467378,1.9548339296489223,1500+
TR-047964,Charleston,St. Louis,750.6,Reefer,24859.0,0.95981,1.8533,1730.14,1779.4621735301503,49.32217353015017,49.32217353015017,2.8507619921018046,751-1000
TR-047965,Baton Rouge,Albuquerque,1232.6,Dry Van,37475.0,0.99309,2.04349,2612.25,2642.280592401303,30.030592401302783,30.030592401302783,1.1496063700374306,1001-1500
TR-047966,Buffalo,Mobile,1031.2,Dry Van,33509.0,1.00962,2.06286,2131.84,2146.8382433230336,14.998243323033421,14.998243323033421,0.7035351303584425,1001-1500
TR-047967,Savannah,El Paso,1868.5,Reefer,47500.0,0.99127,1.84764,4242.21,4192.141497658954,-50.06850234104604,50.06850234104604,1.1802457290196866,1500+
TR-047968,El Paso,Charleston,2029.5,Dry Van,35288.0,1.02463,2.15032,4143.03,4134.02329640701,-9.006703592989652,9.006703592989652,0.217394119593381,1500+
TR-047969,Providence,Madison,1320.8,Flatbed,15582.0,0.97997,2.09042,2756.18,2739.9332866624045,-16.246713337595338,16.246713337595338,0.5894648875470883,1001-1500
TR-047970,Austin,Phoenix,1160.2,Flatbed,24927.0,1.01193,1.91635,2578.62,2576.332520969374,-2.2874790306259456,2.2874790306259456,0.088709427159719,1001-1500
TR-047971,Tulsa,Corpus Christi,414.4,Reefer,33267.0,0.97106,1.37616,1140.1,1168.195895832309,28.095895832308997,28.095895832308997,2.464336096159021,251-500
TR-047972,Albany,Toledo,816.3,Reefer,27605.0,1.02512,1.85619,1856.36,1837.3537915840334,-19.006208415966512,19.006208415966512,1.023842811521823,751-1000
TR-047973,Richmond,Philadelphia,283.3,Reefer,34899.0,1.01771,1.39304,780.73,794.9794627413792,14.249462741379148,14.249462741379148,1.8251460481061503,251-500
TR-047974,Raleigh,Richmond,238.9,Dry Van,20651.0,0.98525,1.77545,575.35,601.8785155306298,26.52851553062976,26.52851553062976,4.610848271596378,0-250
TR-047975,Hartford,Houston,1605.1,Dry Van,39701.0,0.96853,2.15097,3168.5,3335.9087323197155,167.40873231971545,167.40873231971545,5.283532659609135,1500+
TR-047976,New York,New Orleans,1306.0,Dry Van,19171.0,0.97833,2.34832,2373.86,2595.547544782947,221.68754478294704,221.68754478294704,9.338694985506603,1001-1500
TR-047977,Cincinnati,Lexington,132.4,Dry Van,32697.0,0.97761,1.41791,361.79,417.4861275802946,55.69612758029456,55.69612758029456,15.394601172031994,0-250
TR-047978,Hartford,Lexington,858.6,Flatbed,23090.0,0.92387,1.99787,1861.13,1925.260506315803,64.1305063158029,64.1305063158029,3.4457832776755466,751-1000
TR-047979,Washington,Richmond,80.1,Dry Van,22819.0,0.9888,1.51173,210.91,288.63972105452467,77.72972105452467,77.72972105452467,36.85445026529073,0-250
TR-047980,Bakersfield,New York,2784.4,Reefer,27940.0,0.96914,2.13937,5609.53,5580.459989120549,-29.07001087945082,29.07001087945082,0.518225428502046,1500+
TR-047981,Boston,Shreveport,1588.9,Dry Van,47500.0,1.01639,2.01282,3381.74,3317.69744036156,-64.0425596384398,64.0425596384398,1.8937753830406772,1500+
TR-047982,Mobile,Fresno,2144.0,Dry Van,19169.0,1.00251,2.25851,3993.28,4094.686984826447,101.40698482644666,101.40698482644666,2.5394408813418208,1500+
TR-047983,Baton Rouge,Mobile,337.5,Dry Van,47500.0,0.95084,1.44325,890.41,1003.2352194843941,112.8252194843941,112.8252194843941,12.671153680258993,251-500
TR-047984,Fresno,Baton Rouge,1890.3,Reefer,43064.0,1.01146,1.87489,4368.15,4286.962386181014,-81.18761381898548,81.18761381898548,1.8586269660837078,1500+
TR-047985,San Francisco,Providence,3396.6,Dry Van,43205.0,1.01436,2.26942,6482.04,5964.897190943169,-517.1428090568306,517.1428090568306,7.97808728512676,1500+
TR-047986,Harrisburg,Shreveport,1101.8,Dry Van,31155.0,0.99858,2.09499,2257.13,2300.7231818380483,43.59318183804817,43.59318183804817,1.9313545005404282,1001-1500
TR-047987,Mobile,Shreveport,303.4,Reefer,31864.0,0.98895,1.29148,863.24,874.3421834919739,11.102183491973847,11.102183491973847,1.286106238354785,251-500
TR-047988,Lexington,Milwaukee,325.2,Dry Van,47500.0,0.9809,1.62462,809.92,844.1169281969928,34.19692819699287,34.19692819699287,4.2222600006164654,251-500
TR-047989,Mobile,Phoenix,1951.5,Dry Van,27973.0,0.97219,2.19905,3792.58,3860.070667081881,67.49066708188093,67.49066708188093,1.7795449820934808,1500+
TR-047990,Dayton,Madison,314.9,Reefer,38185.0,0.97425,1.45754,855.05,850.3770861247856,-4.672913875214363,4.672913875214363,0.5465076750148369,251-500
TR-047991,Atlanta,Washington,681.1,Reefer,42982.0,1.02579,1.67972,1703.72,1718.5399812265318,14.819981226531809,14.819981226531809,0.8698601428950655,501-750
TR-047992,Tucson,Chattanooga,1788.3,Flatbed,34602.0,1.00403,2.03241,3804.9,4001.836733120851,196.93673312085093,196.93673312085093,5.175871458404976,1500+
TR-047993,Cincinnati,Mobile,457.0,Reefer,34524.0,1.00672,1.58343,5561.19,1268.2693955309533,-4292.920604469046,4292.920604469046,77.19428044121935,251-500
TR-047994,Phoenix,Dayton,2295.2,Dry Van,32358.0,1.00093,2.2237,4371.59,4441.00259841952,69.41259841951978,69.41259841951978,1.5878112636253578,1500+
TR-047995,Little Rock,New York,1297.5,Dry Van,33915.0,1.01799,2.06828,2682.29,2648.304496916784,-33.98550308321592,33.98550308321592,1.2670331352395123,1001-1500
TR-047996,Reno,Baton Rouge,1830.9,Flatbed,31786.0,0.98865,2.05626,3787.32,3940.5354811350862,153.21548113508607,153.21548113508607,4.0454854919860495,1500+
TR-047997,Greensboro,Memphis,445.8,Reefer,37465.0,1.03034,1.51985,1171.93,1225.9120278547066,53.98202785470653,53.98202785470653,4.606250190259361,251-500
TR-047998,Greensboro,Cincinnati,267.9,Flatbed,24528.0,1.00846,1.46954,713.36,735.6144874928107,22.254487492810654,22.254487492810654,3.1196713430540894,251-500
TR-047999,Memphis,Reno,1901.3,Flatbed,37581.0,1.00014,2.05132,3987.46,4046.7867297220473,59.326729722047276,59.326729722047276,1.4878325982466851,1500+
TR-048000,Bakersfield,Baltimore,2860.4,Dry Van,28359.0,1.07073,2.31578,5264.84,5355.129352181411,90.28935218141123,90.28935218141123,1.7149495935567127,1500+
