load_id,pickup,delivery,pickup_lat,pickup_lon,delivery_lat,delivery_lon,distance,equipment,weight,date,market_index,quote_signal,posted_rate,rate_per_distance,distance_group
TR-012185,Bakersfield,Hartford,33.28832,-116.67935,39.55328,-72.18051,2829.8,Dry Van,33153.0,2025-03-19,1.16556,1.83188,25533.0,9.022899144815888,1500+
TR-037765,Phoenix,Syracuse,28.75668,-115.87725,42.80915,-76.89973,2810.9,Dry Van,33674.0,2025-08-27,1.04877,2.16284,24294.98,8.643132092923974,1500+
TR-001467,Los Angeles,Syracuse,28.56624,-116.70249,42.80915,-76.89973,2786.0,Reefer,30322.0,2025-01-10,0.98678,1.8537,24140.21,8.664827709978464,1500+
TR-017372,Reno,Philadelphia,39.54838,-118.64843,39.22317,-72.9671,2777.6,Reefer,33158.0,2025-04-20,1.1507,2.15601,23662.71,8.519120823732719,1500+
TR-026236,Charleston,Phoenix,34.15334,-79.74475,28.75668,-115.87725,2552.5,Dry Van,25665.0,2025-06-15,1.20224,1.81289,23580.42,9.238166503428012,1500+
TR-028220,Tucson,Raleigh,30.92733,-113.23037,35.37376,-77.47605,2423.3,Dry Van,30972.0,2025-06-27,1.32894,1.97112,22755.66,9.390360252548177,1500+
TR-003354,Phoenix,Charleston,28.75668,-115.87725,34.15334,-79.74475,2527.9,Reefer,36840.0,2025-01-22,1.03241,2.07342,22534.65,8.914375568653824,1500+
TR-040172,Montgomery,Fresno,31.37602,-86.10743,33.07921,-119.79528,2283.4,Dry Van,32447.0,2025-09-11,0.98502,1.93645,20361.89,8.917355697643863,1500+
TR-040097,Baltimore,Oklahoma City,38.16908,-72.74564,31.88294,-98.58097,1760.3,Reefer,29521.0,2025-09-11,1.00464,2.28753,20132.37,11.436897119809123,1500+
TR-031260,Oklahoma City,Baltimore,31.88294,-98.58097,38.16908,-72.74564,1747.7,Reefer,28876.0,2025-07-16,1.34103,1.80406,19042.39,10.895685758425358,1500+
TR-034584,Atlanta,Fresno,34.84933,-86.2894,33.07921,-119.79528,2242.0,Dry Van,32005.0,2025-08-06,1.09714,1.98678,18972.15,8.462154326494202,1500+
TR-020246,Atlanta,Los Angeles,34.84933,-86.2894,28.56624,-116.70249,2153.5,Reefer,31758.0,2025-05-08,1.42571,1.96054,17772.53,8.252858137915021,1500+
TR-035469,Lexington,Fresno,36.99152,-84.99876,33.07921,-119.79528,2305.9,Dry Van,42707.0,2025-08-12,0.9485,2.28957,17742.34,7.69432325773017,1500+
TR-004658,Baltimore,Reno,38.16908,-72.74564,39.54838,-118.64843,2884.1,Dry Van,35317.0,2025-01-30,1.06754,1.72427,17688.63,6.133154190215319,1500+
TR-033075,Mobile,Phoenix,31.80442,-88.25195,28.75668,-115.87725,1880.0,Reefer,21494.0,2025-07-27,0.97385,2.04041,17333.65,9.220026595744681,1500+
TR-032353,Phoenix,Nashville,28.75668,-115.87725,35.29479,-88.08915,1998.0,Dry Van,41695.0,2025-07-23,1.27214,2.13503,16951.43,8.4841991991992,1500+
TR-017764,Greensboro,Phoenix,35.98195,-82.78379,28.75668,-115.87725,2295.4,Reefer,43657.0,2025-04-22,1.26369,1.95061,16841.6,7.337109000609915,1500+
TR-013848,Phoenix,Baltimore,28.75668,-115.87725,38.16908,-72.74564,3127.2,Dry Van,21371.0,2025-03-29,1.05909,1.69055,16386.16,5.239882322844718,1500+
TR-019517,Los Angeles,Nashville,28.56624,-116.70249,35.29479,-88.08915,2021.0,Flatbed,33799.0,2025-05-03,1.28844,2.07878,16229.57,8.03046511627907,1500+
TR-028700,Bakersfield,Buffalo,33.28832,-116.67935,41.67681,-78.56704,2396.0,Dry Van,36757.0,2025-06-30,1.20963,2.00026,15165.13,6.329353088480801,1500+
TR-040323,Montgomery,El Paso,31.37602,-86.10743,33.31075,-110.3123,1639.9,Dry Van,38363.0,2025-09-12,0.96139,1.92501,14949.25,9.11595219220684,1500+
TR-018418,Providence,Phoenix,37.37287,-69.5,28.75668,-115.87725,3110.8,Flatbed,33214.0,2025-04-26,1.27372,2.21169,14934.48,4.8008486562942005,1500+
TR-027388,St. Louis,Reno,38.38204,-89.88819,39.54838,-118.64843,1823.4,Dry Van,27053.0,2025-06-21,1.22629,1.85045,14628.56,8.022682900076779,1500+
TR-020883,Reno,Memphis,39.54838,-118.64843,35.56802,-89.52871,1869.7,Flatbed,19389.0,2025-05-12,1.26327,2.24126,14561.21,7.7879927261057915,1500+
TR-004744,Phoenix,Jacksonville,28.75668,-115.87725,31.98691,-84.48897,2212.4,Reefer,38134.0,2025-01-30,1.06262,2.14388,14536.22,6.570339902368468,1500+
TR-036930,Kansas City,Phoenix,39.41104,-91.1245,28.75668,-115.87725,1894.0,Dry Van,21740.0,2025-08-21,1.08017,2.12559,14362.88,7.583357972544878,1500+
TR-028825,Washington,Lubbock,38.87577,-77.05086,29.87534,-99.85456,1627.6,Dry Van,38611.0,2025-07-01,1.25439,2.08207,14317.13,8.796467190956008,1500+
TR-021610,Albuquerque,Milwaukee,35.39918,-109.59792,39.6218,-88.48008,1421.3,Flatbed,27841.0,2025-05-17,1.23694,2.04142,14079.19,9.905853795820729,1001-1500
TR-001950,Hartford,Reno,39.55328,-72.18051,39.54838,-118.64843,2794.2,Reefer,35166.0,2025-01-13,0.83784,1.91304,13918.0,4.981032138000144,1500+
TR-027615,El Paso,Cincinnati,33.31075,-110.3123,37.15706,-86.77499,1615.7,Flatbed,25698.0,2025-06-23,1.1551,2.24607,13875.07,8.587652410719812,1500+
TR-021951,Hartford,Oklahoma City,39.55328,-72.18051,31.88294,-98.58097,1851.3,Reefer,29871.0,2025-05-19,1.20795,1.97389,13863.47,7.4885053746016315,1500+
TR-017385,Fresno,Memphis,33.07921,-119.79528,35.56802,-89.52871,2015.3,Flatbed,33377.0,2025-04-20,1.17109,2.13889,13847.57,6.871220165732149,1500+
TR-029286,Baton Rouge,Philadelphia,30.50134,-92.65374,39.22317,-72.9671,1517.5,Reefer,36203.0,2025-07-04,1.35508,1.83016,13817.43,9.105390444810544,1500+
TR-042882,San Antonio,Detroit,29.50969,-98.40059,43.61923,-84.04517,1460.5,Dry Van,43567.0,2025-09-29,0.74601,2.04253,13503.63,9.245895241355699,1001-1500
TR-032678,Dallas,Baltimore,31.83025,-94.38343,38.16908,-72.74564,1547.6,Dry Van,34852.0,2025-07-25,1.06736,2.23071,13435.73,8.681655466528818,1500+
TR-026011,Richmond,Fresno,38.09122,-76.78906,33.07921,-119.79528,2792.2,Dry Van,19867.0,2025-06-13,1.37077,1.8566,13432.05,4.810561564357854,1500+
TR-042646,Boston,Phoenix,39.27463,-69.5,28.75668,-115.87725,3183.8,Dry Van,32231.0,2025-09-27,0.82572,1.77316,13420.59,4.215274200640744,1500+
TR-037963,San Francisco,Atlanta,35.1967,-121.69849,34.84933,-86.2894,2287.0,Dry Van,27878.0,2025-08-28,1.055,2.37447,13409.18,5.863218189768255,1500+
TR-042150,Grand Rapids,Lubbock,43.438,-86.29173,29.87534,-99.85456,1415.5,Dry Van,35333.0,2025-09-24,0.96389,2.11162,13026.22,9.202557400211939,1001-1500
TR-020882,Reno,Dayton,39.54838,-118.64843,39.87206,-85.62931,2004.1,Dry Van,17891.0,2025-05-12,1.22414,2.32767,12906.22,6.439908188214161,1500+
TR-003187,El Paso,Fort Wayne,33.31075,-110.3123,41.31561,-85.36206,1684.4,Reefer,29510.0,2025-01-21,0.92428,2.08536,12854.51,7.631506767988601,1500+
TR-042736,Jacksonville,Tucson,31.98691,-84.48897,30.92733,-113.23037,1943.0,Dry Van,16292.0,2025-09-28,0.78263,1.84861,12797.54,6.586484817292846,1500+
TR-017709,Mobile,Bakersfield,31.80442,-88.25195,33.28832,-116.67935,1946.7,Flatbed,28838.0,2025-04-22,1.24939,2.11525,12750.46,6.549781681820516,1500+
TR-021084,Las Vegas,Baton Rouge,33.22353,-115.24994,30.50134,-92.65374,1559.8,Dry Van,22992.0,2025-05-13,1.28711,2.18265,12569.71,8.058539556353379,1500+
TR-032460,Charleston,Lubbock,34.15334,-79.74475,29.87534,-99.85456,1424.2,Dry Van,43646.0,2025-07-24,1.31612,1.93952,12550.02,8.811978654683331,1001-1500
TR-011714,Fort Wayne,Oklahoma City,41.31561,-85.36206,31.88294,-98.58097,1151.3,Reefer,38377.0,2025-03-16,0.94313,2.31669,12454.19,10.817501954312517,1001-1500
TR-009833,El Paso,Shreveport,33.31075,-110.3123,32.54628,-92.31888,1252.3,Dry Van,28394.0,2025-03-04,1.04073,1.99154,12422.22,9.91952407570071,1001-1500
TR-024566,Hartford,Mobile,39.55328,-72.18051,31.80442,-88.25195,1264.3,Reefer,36014.0,2025-06-04,1.3777,2.33399,12403.35,9.81044846950882,1001-1500
TR-035524,Los Angeles,Mobile,28.56624,-116.70249,31.80442,-88.25195,1971.1,Dry Van,25894.0,2025-08-12,0.97499,2.37027,12284.47,6.232291613819695,1500+
TR-040159,San Francisco,Shreveport,35.1967,-121.69849,32.54628,-92.31888,1950.8,Dry Van,40882.0,2025-09-11,1.01516,2.01542,12240.81,6.27476419930285,1500+
TR-002224,Albuquerque,Indianapolis,35.39918,-109.59792,38.52567,-88.85948,1344.4,Dry Van,24751.0,2025-01-14,0.89477,1.7784,12100.18,9.000431419220469,1001-1500
TR-027836,Richmond,Phoenix,38.09122,-76.78906,28.75668,-115.87725,2651.3,Dry Van,42643.0,2025-06-24,1.27182,1.94687,12021.48,4.534183230867876,1500+
TR-037174,Albuquerque,Madison,35.39918,-109.59792,41.70243,-89.85588,1327.4,Flatbed,36335.0,2025-08-23,0.97029,1.90503,11981.0,9.025915323188187,1001-1500
TR-022731,Dallas,Grand Rapids,31.83025,-94.38343,43.438,-86.29173,1041.3,Reefer,32899.0,2025-05-24,1.24348,1.79121,11895.25,11.423461058292519,1001-1500
TR-036680,El Paso,Greensboro,33.31075,-110.3123,35.98195,-82.78379,1813.7,Dry Van,20366.0,2025-08-20,1.00259,1.7615,11839.2,6.5276506588741245,1500+
TR-035834,Green Bay,Amarillo,44.30296,-87.52871,33.17137,-104.36789,1384.6,Reefer,37596.0,2025-08-14,1.04156,1.83041,11797.79,8.52072078578651,1001-1500
TR-024636,Milwaukee,Fresno,39.6218,-88.48008,33.07921,-119.79528,2053.7,Dry Van,27923.0,2025-06-04,1.36727,1.95175,11729.5,5.711398938501242,1500+
TR-021703,Buffalo,Shreveport,41.67681,-78.56704,32.54628,-92.31888,1151.5,Flatbed,25885.0,2025-05-17,1.30036,1.99998,11708.49,10.168033000434216,1001-1500
TR-026643,Fresno,Savannah,33.07921,-119.79528,33.60973,-82.29994,2571.0,Dry Van,47500.0,2025-06-17,1.24969,1.9893,11700.83,4.551081291326332,1500+
TR-033274,Tucson,Montgomery,30.92733,-113.23037,31.37602,-86.10743,1848.1,Dry Van,40927.0,2025-07-29,1.01446,2.21746,11700.79,6.331253720036796,1500+
TR-039363,Tulsa,Bakersfield,33.45894,-94.78556,33.28832,-116.67935,1477.7,Dry Van,30076.0,2025-09-06,0.88612,1.99466,11684.7,7.9073560262570215,1001-1500
TR-029664,Indianapolis,Salt Lake City,38.52567,-88.85948,35.03488,-113.18895,1568.2,Reefer,47500.0,2025-07-06,1.12126,1.82599,11668.74,7.440849381456447,1500+
TR-033312,Los Angeles,Mobile,28.56624,-116.70249,31.80442,-88.25195,1945.6,Dry Van,19268.0,2025-07-29,1.00732,2.37599,11663.11,5.994608347039474,1500+
TR-026947,Columbia,Bakersfield,34.6357,-83.28506,33.28832,-116.67935,2187.2,Dry Van,26570.0,2025-06-19,1.35915,1.92802,11439.83,5.230353877103146,1500+
TR-016265,Albany,Baton Rouge,43.96975,-71.05842,30.50134,-92.65374,1714.3,Dry Van,29943.0,2025-04-13,1.03791,2.30634,11408.87,6.655118707344106,1500+
TR-038772,Houston,New York,30.71157,-94.7655,40.00674,-73.7984,1543.2,Reefer,40543.0,2025-09-02,0.91654,2.19666,11377.49,7.372660705028512,1500+
TR-017014,Baton Rouge,Salt Lake City,30.50134,-92.65374,35.03488,-113.18895,1448.3,Dry Van,46414.0,2025-04-17,1.36563,1.99484,11311.81,7.810405302768763,1001-1500
TR-028598,Richmond,Shreveport,38.09122,-76.78906,32.54628,-92.31888,1106.1,Reefer,32640.0,2025-06-29,1.20681,2.4724,11276.81,10.195108941325378,1001-1500
TR-010387,Mobile,Amarillo,31.80442,-88.25195,33.17137,-104.36789,1125.8,Dry Van,38863.0,2025-03-07,1.13115,2.13355,11247.8,9.990939776159175,1001-1500
TR-025655,Greensboro,Lubbock,35.98195,-82.78379,29.87534,-99.85456,1240.6,Reefer,29932.0,2025-06-11,1.35924,2.42856,11224.33,9.047501209092376,1001-1500
TR-002222,Boston,Jacksonville,39.27463,-69.5,31.98691,-84.48897,1166.1,Flatbed,42165.0,2025-01-14,0.89553,2.00107,11210.34,9.613532287110884,1001-1500
TR-033087,Oklahoma City,Hartford,31.88294,-98.58097,39.55328,-72.18051,1819.2,Flatbed,31163.0,2025-07-28,0.99486,2.08736,11117.85,6.111395118733509,1500+
TR-031461,Madison,San Antonio,41.70243,-89.85588,29.50969,-98.40059,1155.6,Dry Van,31247.0,2025-07-17,1.34744,2.02471,10965.67,9.489157147802008,1001-1500
TR-007242,Montgomery,Albany,31.37602,-86.10743,43.96975,-71.05842,1403.3,Flatbed,45445.0,2025-02-15,0.96085,1.99404,10945.08,7.799529680039906,1001-1500
TR-000470,Phoenix,Jacksonville,28.75668,-115.87725,31.98691,-84.48897,2154.3,Dry Van,22509.0,2025-01-04,0.84517,1.76215,10854.69,5.038615791672469,1500+
TR-027381,Oklahoma City,New York,31.88294,-98.58097,40.00674,-73.7984,1713.2,Dry Van,31476.0,2025-06-21,1.25125,1.97389,10809.73,6.309671958907307,1500+
TR-010000,Grand Rapids,Boston,43.438,-86.29173,39.27463,-69.5,1069.1,Reefer,29476.0,2025-03-05,1.11126,2.04323,10769.23,10.073173697502572,1001-1500
TR-024673,El Paso,Charleston,33.31075,-110.3123,34.15334,-79.74475,2028.3,Flatbed,27008.0,2025-06-04,1.40202,2.17107,10705.58,5.27810481684169,1500+
TR-028814,Mobile,Boston,31.80442,-88.25195,39.27463,-69.5,1397.3,Reefer,34745.0,2025-07-01,1.2226,1.85662,10620.88,7.601001932298003,1001-1500
TR-007534,New Orleans,Buffalo,32.53273,-92.19519,41.67681,-78.56704,1156.4,Flatbed,29407.0,2025-02-17,0.92805,1.93677,10537.71,9.11251297129021,1001-1500
TR-039460,Phoenix,Lexington,28.75668,-115.87725,36.99152,-84.99876,2217.9,Dry Van,32609.0,2025-09-07,0.8206,1.85439,10528.39,4.74700843139907,1500+
TR-028780,Phoenix,Tampa,28.75668,-115.87725,28.35765,-86.94782,2068.4,Dry Van,45171.0,2025-06-30,1.16543,1.99965,10498.93,5.075870237865017,1500+
TR-002663,Grand Rapids,Reno,43.438,-86.29173,39.54838,-118.64843,1951.9,Dry Van,29933.0,2025-01-17,1.02555,1.68637,10436.26,5.346718581894564,1500+
TR-026202,Albany,Shreveport,43.96975,-71.05842,32.54628,-92.31888,1649.8,Dry Van,21136.0,2025-06-15,1.22519,1.92921,10402.19,6.305121832949449,1500+
TR-002031,Tucson,Houston,30.92733,-113.23037,30.71157,-94.7655,1247.6,Dry Van,46843.0,2025-01-13,0.86364,2.00528,10270.54,8.232237896761784,1001-1500
TR-032679,El Paso,Savannah,33.31075,-110.3123,33.60973,-82.29994,1870.5,Dry Van,24333.0,2025-07-25,1.06596,2.35637,10182.59,5.443779738037958,1500+
TR-010955,Green Bay,Houston,44.30296,-87.52871,30.71157,-94.7655,1167.0,Dry Van,38500.0,2025-03-11,1.03337,1.98193,10168.3,8.713196229648672,1001-1500
TR-042992,Houston,Hartford,30.71157,-94.7655,39.55328,-72.18051,1667.1,Dry Van,20533.0,2025-09-29,0.78127,1.8657,10119.16,6.069917821366445,1500+
TR-007361,Corpus Christi,Philadelphia,28.61374,-95.89569,39.22317,-72.9671,1739.9,Flatbed,30157.0,2025-02-16,0.90498,1.95132,10115.44,5.813805391114432,1500+
TR-023574,Boston,Nashville,39.27463,-69.5,35.29479,-88.08915,1223.5,Flatbed,25738.0,2025-05-29,1.41937,1.92672,10045.86,8.21075602778913,1001-1500
TR-009766,Chattanooga,Phoenix,35.29792,-87.18651,28.75668,-115.87725,1985.4,Reefer,26659.0,2025-03-04,1.0482,1.97355,10036.5,5.055152614082804,1500+
TR-040080,Tucson,Columbia,30.92733,-113.23037,34.6357,-83.28506,2046.7,Flatbed,23285.0,2025-09-11,1.0281,2.03725,9993.31,4.8826452337909805,1500+
TR-006982,Fresno,Montgomery,33.07921,-119.79528,31.37602,-86.10743,2255.6,Flatbed,22094.0,2025-02-14,1.06188,1.92707,9825.71,4.356140273098067,1500+
TR-026995,Baton Rouge,Fort Wayne,30.50134,-92.65374,41.31561,-85.36206,982.3,Flatbed,39940.0,2025-06-19,1.34842,2.5109,9572.69,9.745179680342055,751-1000
TR-034288,Jacksonville,Oklahoma City,31.98691,-84.48897,31.88294,-98.58097,992.4,Dry Van,42032.0,2025-08-04,0.93842,2.28178,9535.05,9.608071342200725,751-1000
TR-026991,Syracuse,Amarillo,42.80915,-76.89973,33.17137,-104.36789,1860.8,Dry Van,27170.0,2025-06-19,1.39991,1.99193,9471.39,5.089955932932072,1500+
TR-006756,Philadelphia,Dallas,39.22317,-72.9671,31.83025,-94.38343,1502.6,Flatbed,32707.0,2025-02-12,1.03761,2.02891,9457.25,6.293923865300147,1500+
TR-033233,Baton Rouge,Albany,30.50134,-92.65374,43.96975,-71.05842,1759.5,Dry Van,34332.0,2025-07-29,1.0558,2.27971,9454.94,5.373651605569765,1500+
TR-031202,El Paso,Kansas City,33.31075,-110.3123,39.41104,-91.1245,1362.6,Dry Van,44357.0,2025-07-15,1.23036,2.11456,9445.95,6.932298546895642,1001-1500
TR-028216,Washington,San Antonio,38.87577,-77.05086,29.50969,-98.40059,1613.7,Dry Van,28792.0,2025-06-27,1.31844,2.10183,9397.64,5.823659912003469,1500+
TR-023974,Boston,Cincinnati,39.27463,-69.5,37.15706,-86.77499,1119.8,Flatbed,22612.0,2025-05-31,1.25222,2.0566,9379.48,8.376031434184675,1001-1500
TR-021056,Amarillo,Little Rock,33.17137,-104.36789,34.27518,-92.06214,837.7,Reefer,33864.0,2025-05-13,1.3147,1.51475,9350.63,11.16226572758744,751-1000
TR-002515,Little Rock,Buffalo,34.27518,-92.06214,41.67681,-78.56704,1006.5,Dry Van,19892.0,2025-01-16,1.00383,1.86722,9313.19,9.25304520615996,1001-1500
TR-004042,Tucson,Baton Rouge,30.92733,-113.23037,30.50134,-92.65374,1410.7,Flatbed,30966.0,2025-01-26,0.83213,1.99559,9275.66,6.5752179768909045,1001-1500
TR-039368,Baton Rouge,Grand Rapids,30.50134,-92.65374,43.438,-86.29173,1103.7,Dry Van,22408.0,2025-09-06,0.88674,1.85875,9250.6,8.381444233034339,1001-1500
TR-028544,Atlanta,Hartford,34.84933,-86.2894,39.55328,-72.18051,997.2,Flatbed,13107.0,2025-06-29,1.1919,2.28825,9195.27,9.221089049338147,751-1000
TR-030247,Cincinnati,Albany,37.15706,-86.77499,43.96975,-71.05842,1110.8,Dry Van,36937.0,2025-07-10,1.32643,2.05626,9195.08,8.277889809146561,1001-1500
TR-019091,Hartford,Little Rock,39.55328,-72.18051,34.27518,-92.06214,1374.0,Dry Van,43480.0,2025-04-30,1.36212,2.09302,9161.37,6.667663755458516,1001-1500
TR-036392,Houston,Tucson,30.71157,-94.7655,30.92733,-113.23037,1280.7,Reefer,37808.0,2025-08-18,0.852,1.81515,9127.43,7.126907160146795,1001-1500
TR-005194,Albany,Lexington,43.96975,-71.05842,36.99152,-84.99876,1058.4,Dry Van,33015.0,2025-02-02,0.87374,1.81719,9080.04,8.579024943310658,1001-1500
TR-035905,Nashville,Hartford,35.29479,-88.08915,39.55328,-72.18051,1082.9,Dry Van,35666.0,2025-08-15,1.0204,1.92842,8904.72,8.223030750761842,1001-1500
TR-032878,Amarillo,Raleigh,33.17137,-104.36789,35.37376,-77.47605,1791.7,Flatbed,38249.0,2025-07-26,1.00777,2.06245,8768.95,4.894206619411732,1500+
TR-018271,El Paso,Columbia,33.31075,-110.3123,34.6357,-83.28506,1825.3,Dry Van,36413.0,2025-04-25,1.35588,2.18505,8708.21,4.7708376705199145,1500+
TR-014315,Mobile,Harrisburg,31.80442,-88.25195,39.71695,-78.12481,923.1,Flatbed,45791.0,2025-04-01,1.10455,1.93776,8631.33,9.350373740656483,751-1000
TR-004389,Little Rock,Richmond,34.27518,-92.06214,38.09122,-76.78906,1068.0,Dry Van,33387.0,2025-01-28,0.96508,1.93107,8552.48,8.007940074906367,1001-1500
TR-013064,Dallas,Toledo,31.83025,-94.38343,41.97663,-84.45902,1040.3,Dry Van,24993.0,2025-03-24,1.06255,1.96186,8549.6,8.218398538883015,1001-1500
TR-008622,Nashville,Syracuse,35.29479,-88.08915,42.80915,-76.89973,929.7,Reefer,33579.0,2025-02-24,0.94124,2.18225,8453.3,9.092502957943422,751-1000
TR-014177,Hartford,Memphis,39.55328,-72.18051,35.56802,-89.52871,1159.1,Dry Van,15947.0,2025-03-31,1.00746,1.90998,8401.52,7.2483133465619884,1001-1500
TR-039480,Syracuse,Indianapolis,42.80915,-76.89973,38.52567,-88.85948,829.7,Reefer,27194.0,2025-09-07,0.83751,2.1798,8354.94,10.069832469567313,751-1000
TR-003909,Green Bay,Lubbock,44.30296,-87.52871,29.87534,-99.85456,1389.2,Dry Van,25352.0,2025-01-25,0.88292,1.80121,8339.05,6.002771379211056,1001-1500
TR-024779,Montgomery,Oklahoma City,31.37602,-86.10743,31.88294,-98.58097,869.1,Reefer,29372.0,2025-06-05,1.38722,2.41944,8198.5,9.43332182717754,751-1000
TR-006708,Kansas City,Syracuse,39.41104,-91.1245,42.80915,-76.89973,921.6,Dry Van,25661.0,2025-02-12,1.08771,1.88793,8091.49,8.779828559027777,751-1000
TR-027320,Lexington,Philadelphia,36.99152,-84.99876,39.22317,-72.9671,808.7,Dry Van,40018.0,2025-06-21,1.20121,2.17482,7870.44,9.732212192407566,751-1000
TR-018740,Austin,Albuquerque,29.39553,-99.6978,35.39918,-109.59792,833.9,Flatbed,20546.0,2025-04-28,1.19135,1.83855,7777.29,9.326406043890154,751-1000
TR-039439,Tucson,Houston,30.92733,-113.23037,30.71157,-94.7655,1292.0,Dry Van,40140.0,2025-09-07,0.82468,2.10254,7773.89,6.016942724458205,1001-1500
TR-028013,Montgomery,Houston,31.37602,-86.10743,30.71157,-94.7655,604.3,Reefer,39690.0,2025-06-25,1.31135,2.76111,7773.37,12.863428760549397,501-750
TR-005546,Bakersfield,Baton Rouge,33.28832,-116.67935,30.50134,-92.65374,1628.9,Dry Van,23809.0,2025-02-04,0.97174,1.78337,7772.01,4.771324206519737,1500+
TR-009990,Nashville,Albany,35.29479,-88.08915,43.96975,-71.05842,1279.0,Dry Van,23175.0,2025-03-05,1.15803,1.8645,7768.03,6.073518373729476,1001-1500
TR-023305,El Paso,Tulsa,33.31075,-110.3123,33.45894,-94.78556,1071.1,Reefer,25243.0,2025-05-27,1.25851,1.80396,7683.65,7.1736065726822895,1001-1500
TR-003029,Harrisburg,Oklahoma City,39.71695,-78.12481,31.88294,-98.58097,1489.5,Reefer,34450.0,2025-01-20,0.8359,2.18843,7679.26,5.155595837529372,1001-1500
TR-014612,Cincinnati,Corpus Christi,37.15706,-86.77499,28.61374,-95.89569,931.7,Dry Van,30768.0,2025-04-02,1.17827,2.17761,7648.0,8.208650853278952,751-1000
TR-033039,Raleigh,Fort Wayne,35.37376,-77.47605,41.31561,-85.36206,706.8,Reefer,43242.0,2025-07-27,0.96117,1.88399,7607.75,10.763653084323714,501-750
TR-034374,New York,Tulsa,40.00674,-73.7984,33.45894,-94.78556,1444.5,Dry Van,13908.0,2025-08-05,1.01849,2.26301,7603.41,5.263696780893042,1001-1500
TR-027970,Buffalo,Boston,41.67681,-78.56704,39.27463,-69.5,589.9,Reefer,24951.0,2025-06-25,1.3392,2.58804,7597.52,12.879335480589932,501-750
TR-012325,San Francisco,Providence,35.1967,-121.69849,37.37287,-69.5,3439.8,Reefer,38524.0,2025-03-20,1.15138,2.20233,7498.05,2.1797924297924296,1500+
TR-043102,Fort Wayne,Albany,41.31561,-85.36206,43.96975,-71.05842,874.4,Reefer,32660.0,2025-09-30,0.81429,2.23902,7443.31,8.51247712717292,751-1000
TR-034474,Austin,Lexington,29.39553,-99.6978,36.99152,-84.99876,1170.0,Dry Van,25131.0,2025-08-05,1.01271,2.24062,7436.41,6.355905982905983,1001-1500
TR-032085,Nashville,Amarillo,35.29479,-88.08915,33.17137,-104.36789,1115.9,Reefer,35813.0,2025-07-21,1.12249,1.68685,7417.99,6.647540102159691,1001-1500
TR-038460,San Antonio,Grand Rapids,29.50969,-98.40059,43.438,-86.29173,1352.0,Reefer,44265.0,2025-08-31,0.86237,1.93871,7384.72,5.46207100591716,1001-1500
TR-029278,Lexington,Shreveport,36.99152,-84.99876,32.54628,-92.31888,635.4,Flatbed,28791.0,2025-07-03,1.36276,1.7668,7269.5,11.440824677368587,501-750
TR-009156,Green Bay,Shreveport,44.30296,-87.52871,32.54628,-92.31888,1021.4,Dry Van,19364.0,2025-02-28,1.07489,1.93979,7214.86,7.063696886626199,1001-1500
TR-042438,Toledo,Austin,41.97663,-84.45902,29.39553,-99.6978,1445.9,Dry Van,37298.0,2025-09-26,0.89811,1.93929,7197.15,4.977626391866657,1001-1500
TR-028169,Providence,Bakersfield,37.37287,-69.5,33.28832,-116.67935,3073.7,Reefer,36448.0,2025-06-26,1.34387,2.31213,7180.24,2.3360249861730162,1500+
TR-011935,Corpus Christi,Columbia,28.61374,-95.89569,34.6357,-83.28506,977.9,Reefer,29365.0,2025-03-17,0.98649,2.28838,7177.73,7.339942734430923,751-1000
TR-014786,Dallas,St. Louis,31.83025,-94.38343,38.38204,-89.88819,617.9,Flatbed,17528.0,2025-04-03,1.19781,1.82074,7106.91,11.501715487943033,501-750
TR-001330,Harrisburg,Tulsa,39.71695,-78.12481,33.45894,-94.78556,1190.5,Dry Van,28538.0,2025-01-09,0.9801,1.87616,7100.73,5.9644939101217975,1001-1500
TR-026958,Phoenix,Boston,28.75668,-115.87725,39.27463,-69.5,3111.6,Reefer,40391.0,2025-06-19,1.39376,2.23711,7011.53,2.2533519732613447,1500+
TR-021903,Jacksonville,Baltimore,31.98691,-84.48897,38.16908,-72.74564,926.1,Reefer,21481.0,2025-05-18,1.16454,1.88682,7010.39,7.569798077961344,751-1000
TR-036337,Louisville,San Antonio,37.36588,-87.47153,29.50969,-98.40059,953.3,Dry Van,27815.0,2025-08-18,0.93015,1.92583,7005.3,7.3484737228574435,751-1000
TR-041413,Providence,Fresno,37.37287,-69.5,33.07921,-119.79528,3300.5,Reefer,47161.0,2025-09-19,0.90143,2.10626,7000.31,2.1209846992879866,1500+
TR-040880,Providence,San Francisco,37.37287,-69.5,35.1967,-121.69849,3326.9,Reefer,36448.0,2025-09-16,0.8536,2.08898,6980.2,2.0981093510475217,1500+
TR-038045,Baton Rouge,Richmond,30.50134,-92.65374,38.09122,-76.78906,1212.4,Dry Van,21517.0,2025-08-29,0.96384,1.96575,6964.45,5.744350049488617,1001-1500
TR-028791,San Francisco,Boston,35.1967,-121.69849,39.27463,-69.5,3308.1,Reefer,28219.0,2025-06-30,1.16656,2.07943,6956.17,2.1027689610350353,1500+
TR-026694,Boston,Fresno,39.27463,-69.5,33.07921,-119.79528,3279.2,Reefer,27456.0,2025-06-17,1.29099,2.13817,6907.36,2.1064161990729446,1500+
TR-026669,Albany,Los Angeles,43.96975,-71.05842,28.56624,-116.70249,3122.8,Reefer,47500.0,2025-06-17,1.3158,2.20872,6864.51,2.198190726271295,1500+
TR-033652,San Francisco,Boston,35.1967,-121.69849,39.27463,-69.5,3344.4,Flatbed,44243.0,2025-07-31,1.13,2.08198,6861.97,2.051779093409879,1500+
TR-019877,Boston,Los Angeles,39.27463,-69.5,28.56624,-116.70249,3259.6,Reefer,39173.0,2025-05-05,1.23905,2.05947,6861.2,2.104920849183949,1500+
TR-012927,Boston,Fresno,39.27463,-69.5,33.07921,-119.79528,3299.7,Reefer,33264.0,2025-03-23,0.99472,2.09205,6856.28,2.0778495014698306,1500+
TR-039716,Boston,San Francisco,39.27463,-69.5,35.1967,-121.69849,3326.1,Reefer,40867.0,2025-09-08,0.83016,2.04851,6853.93,2.060650611827666,1500+
TR-028516,Los Angeles,Philadelphia,28.56624,-116.70249,39.22317,-72.9671,3009.1,Flatbed,44343.0,2025-06-29,1.16732,2.25012,6843.87,2.274391013924429,1500+
TR-018174,Phoenix,Providence,28.75668,-115.87725,37.37287,-69.5,3173.3,Reefer,46169.0,2025-04-25,1.32161,1.97155,6841.2,2.15586298175401,1500+
TR-022625,Philadelphia,San Francisco,39.22317,-72.9671,35.1967,-121.69849,3105.6,Reefer,40852.0,2025-05-23,1.39576,1.92312,6822.84,2.1969474497681607,1500+
TR-017990,Providence,Fresno,37.37287,-69.5,33.07921,-119.79528,3252.0,Flatbed,37250.0,2025-04-23,1.32998,2.06064,6780.59,2.0850522755227554,1500+
TR-012633,Boston,Phoenix,39.27463,-69.5,28.75668,-115.87725,3175.8,Reefer,36832.0,2025-03-22,1.06669,2.10391,6777.67,2.1341614711253856,1500+
TR-039257,Providence,Los Angeles,37.37287,-69.5,28.56624,-116.70249,3231.4,Reefer,44240.0,2025-09-06,0.90465,2.06532,6768.62,2.094640094076871,1500+
TR-035999,Richmond,Milwaukee,38.09122,-76.78906,39.6218,-88.48008,770.9,Dry Van,32008.0,2025-08-15,1.04167,1.90063,6767.41,8.77858347386172,751-1000
TR-010250,Phoenix,Providence,28.75668,-115.87725,37.37287,-69.5,3165.7,Reefer,45823.0,2025-03-07,1.13896,2.14226,6766.64,2.1374861799917872,1500+
TR-029171,San Francisco,Boston,35.1967,-121.69849,39.27463,-69.5,3316.6,Flatbed,27117.0,2025-07-03,1.33044,2.07686,6757.79,2.037565579207622,1500+
TR-019580,Phoenix,Boston,28.75668,-115.87725,39.27463,-69.5,3178.6,Reefer,40187.0,2025-05-03,1.23337,1.99954,6750.59,2.1237620335996983,1500+
TR-019296,Los Angeles,Boston,28.56624,-116.70249,39.27463,-69.5,3217.9,Reefer,28254.0,2025-05-02,1.35051,2.07399,6719.59,2.08819105627894,1500+
TR-026913,Fresno,Hartford,33.07921,-119.79528,39.55328,-72.18051,3136.9,Reefer,28203.0,2025-06-19,1.40294,2.14234,6705.44,2.1376008160923203,1500+
TR-012342,Boston,Los Angeles,39.27463,-69.5,28.56624,-116.70249,3165.2,Flatbed,33754.0,2025-03-20,1.19749,2.14086,6693.1,2.1145899153292054,1500+
TR-025360,San Francisco,Providence,35.1967,-121.69849,37.37287,-69.5,3274.0,Reefer,22757.0,2025-06-09,1.18842,2.04883,6680.54,2.0404825901038484,1500+
TR-028917,Los Angeles,Hartford,28.56624,-116.70249,39.55328,-72.18051,3133.2,Reefer,28293.0,2025-07-01,1.28047,1.92884,6680.25,2.1320854078896976,1500+
TR-021180,Albany,Los Angeles,43.96975,-71.05842,28.56624,-116.70249,3141.6,Reefer,36823.0,2025-05-14,1.41924,1.99288,6667.69,2.1223866819455055,1500+
TR-013662,Fresno,Boston,33.07921,-119.79528,39.27463,-69.5,3205.0,Reefer,33420.0,2025-03-28,1.15972,2.13276,6662.34,2.078733229329173,1500+
TR-037681,Hartford,San Francisco,39.55328,-72.18051,35.1967,-121.69849,3217.9,Reefer,47500.0,2025-08-26,0.94125,1.92364,6659.04,2.0693744367444604,1500+
TR-025423,Boston,Los Angeles,39.27463,-69.5,28.56624,-116.70249,3174.1,Flatbed,43996.0,2025-06-09,1.20975,2.07116,6658.19,2.0976623294792223,1500+
TR-040329,Philadelphia,San Francisco,39.22317,-72.9671,35.1967,-121.69849,3190.6,Reefer,47500.0,2025-09-12,0.9527,2.08806,6656.87,2.0864006769886543,1500+
TR-016710,Hartford,Phoenix,39.55328,-72.18051,28.75668,-115.87725,2981.7,Reefer,38016.0,2025-04-16,1.35464,1.93131,6653.67,2.2315021631954925,1500+
TR-007633,Syracuse,Jacksonville,42.80915,-76.89973,31.98691,-84.48897,1003.7,Dry Van,22400.0,2025-02-18,1.02739,1.84565,6646.55,6.622048420842881,1001-1500
TR-028698,Albany,Phoenix,43.96975,-71.05842,28.75668,-115.87725,3057.8,Flatbed,40832.0,2025-06-30,1.21068,2.17702,6639.93,2.1714729544116684,1500+
TR-031374,Providence,Bakersfield,37.37287,-69.5,33.28832,-116.67935,3030.8,Reefer,35709.0,2025-07-17,1.31227,1.96351,6638.75,2.1904282697637587,1500+
TR-020383,Phoenix,Albany,28.75668,-115.87725,43.96975,-71.05842,3112.0,Reefer,41907.0,2025-05-08,1.34338,2.04582,6628.46,2.1299678663239074,1500+
TR-026810,Tampa,Little Rock,28.35765,-86.94782,34.27518,-92.06214,619.0,Reefer,26773.0,2025-06-18,1.40187,2.6726,6625.8,10.704038772213247,501-750
TR-013512,Lexington,Baton Rouge,36.99152,-84.99876,30.50134,-92.65374,751.2,Reefer,36805.0,2025-03-27,1.26904,2.56757,6621.13,8.814070820021298,751-1000
TR-024551,San Francisco,Boston,35.1967,-121.69849,39.27463,-69.5,3362.3,Dry Van,36973.0,2025-06-04,1.37274,1.99146,6620.55,1.9690539214228355,1500+
TR-042861,Los Angeles,Albany,28.56624,-116.70249,43.96975,-71.05842,3177.8,Reefer,39677.0,2025-09-29,0.75584,2.06465,6620.24,2.0832777393165083,1500+
TR-043101,Los Angeles,Providence,28.56624,-116.70249,37.37287,-69.5,3101.8,Flatbed,33966.0,2025-09-30,0.79857,2.12964,6610.21,2.1310884002837063,1500+
TR-018109,Lexington,Green Bay,36.99152,-84.99876,44.30296,-87.52871,620.2,Dry Van,29075.0,2025-04-24,1.41395,1.98512,6602.57,10.645872299258302,501-750
TR-008651,Fresno,Boston,33.07921,-119.79528,39.27463,-69.5,3305.0,Reefer,37907.0,2025-02-25,1.05404,2.01682,6601.62,1.997464447806354,1500+
TR-037461,Boston,Fresno,39.27463,-69.5,33.07921,-119.79528,3219.5,Reefer,47500.0,2025-08-25,0.87273,2.05466,6600.96,2.0503059481285915,1500+
TR-013570,Albany,Phoenix,43.96975,-71.05842,28.75668,-115.87725,3125.6,Reefer,38578.0,2025-03-27,1.19349,2.11219,6599.27,2.1113610186844127,1500+
TR-024230,San Francisco,Boston,35.1967,-121.69849,39.27463,-69.5,3240.0,Reefer,21038.0,2025-06-02,1.23371,2.02727,6596.42,2.035932098765432,1500+
TR-026863,Hartford,Los Angeles,39.55328,-72.18051,28.56624,-116.70249,3033.2,Reefer,36784.0,2025-06-18,1.32203,2.18723,6589.49,2.1724548331794806,1500+
TR-041209,Los Angeles,Hartford,28.56624,-116.70249,39.55328,-72.18051,3044.8,Reefer,39507.0,2025-09-18,0.96875,2.17311,6586.76,2.1632816605359957,1500+
TR-013961,Boston,Los Angeles,39.27463,-69.5,28.56624,-116.70249,3188.8,Flatbed,32424.0,2025-03-30,0.97112,2.0688,6581.92,2.0640742599096837,1500+
TR-008438,Phoenix,Providence,28.75668,-115.87725,37.37287,-69.5,3180.7,Reefer,43972.0,2025-02-23,0.87699,2.04784,6577.86,2.068054201905241,1500+
TR-020653,Los Angeles,Hartford,28.56624,-116.70249,39.55328,-72.18051,3040.1,Reefer,34925.0,2025-05-10,1.26999,1.97295,6576.53,2.1632610769382588,1500+
TR-019439,Baltimore,Fresno,38.16908,-72.74564,33.07921,-119.79528,3055.7,Reefer,40657.0,2025-05-02,1.31058,2.03778,6566.74,2.149013319370357,1500+
TR-024146,Boston,Fresno,39.27463,-69.5,33.07921,-119.79528,3239.4,Flatbed,33699.0,2025-06-01,1.22276,2.06304,6558.51,2.024606408594184,1500+
TR-029102,Los Angeles,Providence,28.56624,-116.70249,37.37287,-69.5,3279.5,Flatbed,26705.0,2025-07-02,1.30822,2.13817,6557.41,1.9995151699954261,1500+
TR-033629,Providence,Bakersfield,37.37287,-69.5,33.28832,-116.67935,3130.0,Reefer,32790.0,2025-07-31,1.10531,2.06197,6555.87,2.0945271565495207,1500+
TR-005604,Los Angeles,Boston,28.56624,-116.70249,39.27463,-69.5,3178.0,Reefer,31496.0,2025-02-05,1.03739,2.05392,6546.69,2.0600031466331026,1500+
TR-020339,Baltimore,Fresno,38.16908,-72.74564,33.07921,-119.79528,3050.1,Reefer,43841.0,2025-05-08,1.35447,2.00242,6538.24,2.1436149634438215,1500+
TR-042301,Bakersfield,Providence,33.28832,-116.67935,37.37287,-69.5,3113.3,Flatbed,33980.0,2025-09-25,1.00377,2.06432,6534.49,2.0988950631163075,1500+
TR-029021,Providence,Phoenix,37.37287,-69.5,28.75668,-115.87725,3161.7,Flatbed,34318.0,2025-07-02,1.35565,2.08599,6533.28,2.0663820096783376,1500+
TR-041762,Phoenix,Hartford,28.75668,-115.87725,39.55328,-72.18051,3056.4,Reefer,42095.0,2025-09-21,0.79714,2.13496,6531.29,2.1369225232299436,1500+
TR-025090,Los Angeles,Providence,28.56624,-116.70249,37.37287,-69.5,3090.8,Flatbed,43616.0,2025-06-07,1.26141,2.12721,6527.78,2.112003364824641,1500+
TR-024823,New York,Fresno,40.00674,-73.7984,33.07921,-119.79528,3000.6,Reefer,31681.0,2025-06-05,1.39673,2.1997,6521.78,2.173491968273012,1500+
TR-022507,Fresno,Philadelphia,33.07921,-119.79528,39.22317,-72.9671,3051.8,Reefer,37304.0,2025-05-22,1.4142,2.03656,6520.35,2.1365587522118092,1500+
TR-013805,Albany,Los Angeles,43.96975,-71.05842,28.56624,-116.70249,3143.4,Reefer,33764.0,2025-03-29,1.11876,2.07433,6519.03,2.0738786027867913,1500+
TR-030973,Boston,Fresno,39.27463,-69.5,33.07921,-119.79528,3238.4,Flatbed,33565.0,2025-07-14,1.15518,2.14526,6516.72,2.0123270750988143,1500+
TR-031327,Boston,Bakersfield,39.27463,-69.5,33.28832,-116.67935,3126.3,Reefer,18948.0,2025-07-16,1.32622,2.0588,6510.96,2.08264082141829,1500+
TR-039427,Boston,San Francisco,39.27463,-69.5,35.1967,-121.69849,3320.9,Reefer,28101.0,2025-09-07,0.83016,1.95206,6507.07,1.959429672679093,1500+
TR-027308,Hartford,Fresno,39.55328,-72.18051,33.07921,-119.79528,3044.2,Flatbed,37474.0,2025-06-21,1.2638,2.09907,6498.07,2.1345739438933053,1500+
TR-005727,Albany,Milwaukee,43.96975,-71.05842,39.6218,-88.48008,1078.0,Dry Van,45463.0,2025-02-05,1.03228,1.94408,6494.7,6.024768089053803,1001-1500
TR-018111,Los Angeles,Hartford,28.56624,-116.70249,39.55328,-72.18051,2987.5,Reefer,47500.0,2025-04-24,1.35005,2.0092,6493.55,2.173573221757322,1500+
TR-018016,Green Bay,Richmond,44.30296,-87.52871,38.09122,-76.78906,851.0,Dry Van,27091.0,2025-04-24,1.36928,2.14432,6489.53,7.6257696827262045,751-1000
TR-013551,Boston,Bakersfield,39.27463,-69.5,33.28832,-116.67935,3070.0,Flatbed,27152.0,2025-03-27,1.21047,2.11404,6486.17,2.112758957654723,1500+
TR-035239,Providence,Los Angeles,37.37287,-69.5,28.56624,-116.70249,3202.0,Reefer,35863.0,2025-08-10,0.93301,2.14036,6481.38,2.024166146158651,1500+
TR-042217,Providence,Bakersfield,37.37287,-69.5,33.28832,-116.67935,3048.3,Flatbed,34107.0,2025-09-24,0.9536,2.10236,6474.77,2.1240593117475313,1500+
TR-027052,Los Angeles,Hartford,28.56624,-116.70249,39.55328,-72.18051,3038.9,Reefer,25080.0,2025-06-20,1.34386,2.15394,6470.93,2.1293658889729836,1500+
TR-018013,Fresno,Hartford,33.07921,-119.79528,39.55328,-72.18051,3014.5,Reefer,32418.0,2025-04-24,1.35724,1.99616,6464.93,2.1446110466080612,1500+
TR-020604,Hartford,San Francisco,39.55328,-72.18051,35.1967,-121.69849,3094.2,Reefer,28831.0,2025-05-10,1.23024,2.04434,6459.05,2.087470105358413,1500+
TR-023711,Salt Lake City,Providence,35.03488,-113.18895,37.37287,-69.5,2891.8,Reefer,38042.0,2025-05-30,1.35123,1.92298,6456.47,2.232682066532955,1500+
TR-025764,Los Angeles,Baltimore,28.56624,-116.70249,38.16908,-72.74564,3070.7,Reefer,26542.0,2025-06-12,1.43135,2.09013,6455.91,2.1024229003158887,1500+
TR-025536,Los Angeles,Baltimore,28.56624,-116.70249,38.16908,-72.74564,2988.9,Reefer,33223.0,2025-06-10,1.31096,2.1488,6452.26,2.1587406738264914,1500+
TR-037426,Providence,Phoenix,37.37287,-69.5,28.75668,-115.87725,3174.8,Reefer,36920.0,2025-08-25,0.86801,2.01583,6450.5,2.031781529545168,1500+
TR-036803,Providence,Phoenix,37.37287,-69.5,28.75668,-115.87725,3124.5,Reefer,42730.0,2025-08-21,1.01521,2.3921,6445.9,2.063018082893263,1500+
TR-018215,Hartford,Fresno,39.55328,-72.18051,33.07921,-119.79528,3075.5,Reefer,36601.0,2025-04-25,1.34339,2.04523,6440.08,2.093994472443505,1500+
TR-008502,San Francisco,Albany,35.1967,-121.69849,43.96975,-71.05842,3222.9,Reefer,38306.0,2025-02-24,0.95282,1.99867,6435.46,1.9967917093301064,1500+
TR-027834,Los Angeles,Philadelphia,28.56624,-116.70249,39.22317,-72.9671,2951.3,Flatbed,37989.0,2025-06-24,1.23042,2.21054,6426.68,2.1775759834649135,1500+
TR-024231,Philadelphia,Los Angeles,39.22317,-72.9671,28.56624,-116.70249,3037.3,Reefer,47121.0,2025-06-02,1.23862,2.11254,6421.48,2.1142066967372335,1500+
TR-023138,Albany,Los Angeles,43.96975,-71.05842,28.56624,-116.70249,3227.3,Flatbed,41617.0,2025-05-26,1.19748,2.12159,6412.76,1.987035602516035,1500+
TR-042486,San Francisco,Albany,35.1967,-121.69849,43.96975,-71.05842,3114.8,Flatbed,38233.0,2025-09-26,0.88388,2.06408,6403.51,2.0558334403493,1500+
TR-016706,Boston,Fresno,39.27463,-69.5,33.07921,-119.79528,3247.2,Reefer,22977.0,2025-04-15,1.12898,2.11914,6400.18,1.9709842325695985,1500+
TR-021849,Boston,Phoenix,39.27463,-69.5,28.75668,-115.87725,3152.9,Reefer,30148.0,2025-05-18,1.20659,2.11267,6399.39,2.0296837831837355,1500+
TR-001747,Columbia,Houston,34.6357,-83.28506,30.71157,-94.7655,882.9,Flatbed,29523.0,2025-01-11,0.89791,2.14219,6394.62,7.242745497791369,751-1000
TR-021197,Albany,Los Angeles,43.96975,-71.05842,28.56624,-116.70249,3203.7,Flatbed,34630.0,2025-05-14,1.36798,2.13022,6394.6,1.9960046196585202,1500+
TR-025651,Baltimore,Bakersfield,38.16908,-72.74564,33.28832,-116.67935,2912.1,Reefer,33228.0,2025-06-11,1.33848,2.18682,6388.2,2.19367466776553,1500+
TR-008481,Fresno,Providence,33.07921,-119.79528,37.37287,-69.5,3360.1,Flatbed,44915.0,2025-02-23,0.93297,1.88964,6386.76,1.9007648581887444,1500+
TR-028646,Hartford,Los Angeles,39.55328,-72.18051,28.56624,-116.70249,3053.5,Flatbed,28329.0,2025-06-29,1.2254,2.09478,6385.18,2.091102014082201,1500+
TR-023556,Boston,Los Angeles,39.27463,-69.5,28.56624,-116.70249,3101.0,Flatbed,35901.0,2025-05-29,1.37535,2.06718,6371.06,2.0545178974524347,1500+
TR-007297,Atlanta,San Antonio,34.84933,-86.2894,29.50969,-98.40059,879.2,Dry Van,25144.0,2025-02-16,0.87188,1.93776,6369.91,7.245120564149226,751-1000
TR-026722,Phoenix,Albany,28.75668,-115.87725,43.96975,-71.05842,3052.3,Reefer,25595.0,2025-06-17,1.25047,2.08385,6366.5,2.0858041476919045,1500+
TR-024786,Jacksonville,Corpus Christi,31.98691,-84.48897,28.61374,-95.89569,833.7,Dry Van,35222.0,2025-06-05,1.39996,2.2769,6362.14,7.631210267482308,751-1000
TR-031067,Phoenix,Boston,28.75668,-115.87725,39.27463,-69.5,3128.0,Reefer,24525.0,2025-07-14,1.14876,2.14224,6359.0,2.0329283887468033,1500+
TR-041061,Boston,Bakersfield,39.27463,-69.5,33.28832,-116.67935,3032.3,Reefer,32236.0,2025-09-17,0.97027,2.1465,6357.66,2.0966461102133693,1500+
TR-018104,Boston,Phoenix,39.27463,-69.5,28.75668,-115.87725,3199.4,Flatbed,28064.0,2025-04-24,1.35645,2.1649,6337.4,1.9808089016690629,1500+
TR-011893,Bakersfield,Boston,33.28832,-116.67935,39.27463,-69.5,3132.0,Flatbed,35442.0,2025-03-17,1.00858,2.00605,6335.13,2.022710727969349,1500+
TR-020617,Baltimore,Phoenix,38.16908,-72.74564,28.75668,-115.87725,2991.1,Reefer,36003.0,2025-05-10,1.29445,2.01374,6327.5,2.115442479355421,1500+
TR-038643,Phoenix,Boston,28.75668,-115.87725,39.27463,-69.5,3119.2,Flatbed,40390.0,2025-09-02,0.99362,2.01633,6323.82,2.027385226981277,1500+
TR-011164,Phoenix,Hartford,28.75668,-115.87725,39.55328,-72.18051,2971.8,Reefer,44796.0,2025-03-12,1.08788,2.12294,6323.45,2.127818157345716,1500+
TR-017452,Albany,Fresno,43.96975,-71.05842,33.07921,-119.79528,3076.9,Reefer,40141.0,2025-04-20,1.14188,2.10227,6321.26,2.0544249081868116,1500+
TR-025415,Providence,Reno,37.37287,-69.5,39.54838,-118.64843,2990.7,Reefer,29032.0,2025-06-09,1.21158,2.09215,6320.95,2.11353529274083,1500+
TR-010097,Boston,Bakersfield,39.27463,-69.5,33.28832,-116.67935,3058.0,Reefer,34493.0,2025-03-06,1.14511,2.10257,6316.2,2.0654676258992803,1500+
TR-013718,Phoenix,Philadelphia,28.75668,-115.87725,39.22317,-72.9671,3028.8,Reefer,37722.0,2025-03-28,1.18716,2.07732,6314.75,2.0849016111991547,1500+
TR-031239,Fresno,New York,33.07921,-119.79528,40.00674,-73.7984,2987.1,Reefer,32076.0,2025-07-16,1.34203,2.02609,6312.38,2.1132134846506645,1500+
TR-028623,Providence,El Paso,37.37287,-69.5,33.31075,-110.3123,2647.4,Reefer,41571.0,2025-06-29,1.17734,2.42692,6311.01,2.3838520812873005,1500+
TR-018056,Phoenix,Philadelphia,28.75668,-115.87725,39.22317,-72.9671,2957.3,Reefer,39659.0,2025-04-24,1.37399,2.00977,6308.83,2.1333074087850403,1500+
TR-040844,Phoenix,Providence,28.75668,-115.87725,37.37287,-69.5,3146.8,Flatbed,40099.0,2025-09-15,0.78421,1.97813,6307.27,2.00434409558917,1500+
TR-025529,Boston,San Francisco,39.27463,-69.5,35.1967,-121.69849,3293.0,Dry Van,42009.0,2025-06-10,1.27124,1.94707,6306.69,1.9151806863042817,1500+
TR-030498,Tucson,Boston,30.92733,-113.23037,39.27463,-69.5,2898.2,Reefer,33108.0,2025-07-11,1.29305,1.91759,6305.98,2.1758263749913738,1500+
TR-014113,Reno,Oklahoma City,39.54838,-118.64843,31.88294,-98.58097,1459.0,Dry Van,23804.0,2025-03-31,0.9998,1.89762,6302.61,4.319814941740918,1001-1500
TR-012751,Fresno,Hartford,33.07921,-119.79528,39.55328,-72.18051,3041.1,Reefer,33845.0,2025-03-22,1.06214,2.06753,6301.47,2.072102199861892,1500+
TR-039292,Indianapolis,Amarillo,38.52567,-88.85948,33.17137,-104.36789,1083.3,Dry Van,35906.0,2025-09-06,0.83947,2.10738,6295.71,5.811603433951814,1001-1500
TR-022065,Fresno,Providence,33.07921,-119.79528,37.37287,-69.5,3283.4,Dry Van,37661.0,2025-05-20,1.30759,2.28587,6292.2,1.9163671803618199,1500+
TR-000951,Fresno,Boston,33.07921,-119.79528,39.27463,-69.5,3327.0,Reefer,32689.0,2025-01-07,0.90233,1.92011,6290.22,1.890658250676285,1500+
TR-033305,New York,Nashville,40.00674,-73.7984,35.29479,-88.08915,1005.1,Dry Van,21174.0,2025-07-29,1.03224,2.22811,6289.74,6.257825092030643,1001-1500
TR-033280,Providence,Phoenix,37.37287,-69.5,28.75668,-115.87725,3233.8,Reefer,24485.0,2025-07-29,1.0204,2.16067,6289.39,1.9448914589646855,1500+
TR-025410,Bakersfield,Albany,33.28832,-116.67935,43.96975,-71.05842,3013.5,Reefer,34993.0,2025-06-09,1.26801,2.08358,6288.59,2.0868060394889665,1500+
TR-027207,Fresno,Syracuse,33.07921,-119.79528,42.80915,-76.89973,2776.1,Reefer,33932.0,2025-06-20,1.36008,2.23301,6281.64,2.2627571052915965,1500+
TR-024484,Baltimore,Bakersfield,38.16908,-72.74564,33.28832,-116.67935,2915.2,Reefer,40821.0,2025-06-03,1.27274,2.15397,6281.38,2.1546995060373217,1500+
TR-042822,Baltimore,Los Angeles,38.16908,-72.74564,28.56624,-116.70249,3030.7,Reefer,31339.0,2025-09-28,0.78393,2.05994,6276.34,2.070920909360874,1500+
TR-020005,Fresno,Hartford,33.07921,-119.79528,39.55328,-72.18051,3067.8,Flatbed,34606.0,2025-05-06,1.31112,2.08473,6273.38,2.0449116630810353,1500+
TR-015669,Bakersfield,Boston,33.28832,-116.67935,39.27463,-69.5,3011.4,Reefer,36034.0,2025-04-09,1.16657,2.10456,6268.76,2.081676296739058,1500+
TR-022424,Fresno,Boston,33.07921,-119.79528,39.27463,-69.5,3242.9,Dry Van,38994.0,2025-05-22,1.35766,2.23489,6266.58,1.9324000123346388,1500+
TR-030425,Baltimore,Phoenix,38.16908,-72.74564,28.75668,-115.87725,2911.9,Reefer,41831.0,2025-07-11,1.26832,1.96465,6266.37,2.151986675366599,1500+
TR-025807,Philadelphia,Los Angeles,39.22317,-72.9671,28.56624,-116.70249,3026.5,Reefer,14694.0,2025-06-12,1.37831,2.12863,6265.63,2.070256071369569,1500+
TR-019015,Los Angeles,Hartford,28.56624,-116.70249,39.55328,-72.18051,3029.1,Reefer,23798.0,2025-04-30,1.38065,2.12974,6262.74,2.0675250074279488,1500+
TR-020792,Phoenix,Providence,28.75668,-115.87725,37.37287,-69.5,3251.8,Flatbed,21578.0,2025-05-11,1.19562,2.21233,6258.99,1.9247770465588288,1500+
TR-003838,Bakersfield,Boston,33.28832,-116.67935,39.27463,-69.5,3133.3,Reefer,38918.0,2025-01-25,0.93062,2.0049,6256.47,1.996766986882839,1500+
TR-025722,Hartford,Los Angeles,39.55328,-72.18051,28.56624,-116.70249,2995.1,Reefer,23356.0,2025-06-11,1.35417,2.07479,6255.75,2.088661480418016,1500+
TR-005074,Boston,Phoenix,39.27463,-69.5,28.75668,-115.87725,3211.5,Reefer,36833.0,2025-02-02,0.86333,1.95701,6254.36,1.9474887124396698,1500+
TR-030142,Bakersfield,Boston,33.28832,-116.67935,39.27463,-69.5,3086.4,Flatbed,31157.0,2025-07-09,1.32355,2.13508,6253.88,2.026270088128564,1500+
TR-024393,Baltimore,San Francisco,38.16908,-72.74564,35.1967,-121.69849,3078.7,Flatbed,39306.0,2025-06-03,1.26792,2.04072,6252.59,2.0309188943385195,1500+
TR-014660,Hartford,Fresno,39.55328,-72.18051,33.07921,-119.79528,3078.8,Reefer,34236.0,2025-04-03,1.23485,2.10472,6246.45,2.0288586462258023,1500+
TR-011786,Providence,San Francisco,37.37287,-69.5,35.1967,-121.69849,3373.7,Dry Van,41949.0,2025-03-16,1.01024,1.83664,6244.87,1.8510448469039926,1500+
TR-011379,Hartford,Phoenix,39.55328,-72.18051,28.75668,-115.87725,3012.4,Flatbed,31660.0,2025-03-14,1.1844,2.11348,6242.21,2.0721716903465675,1500+
TR-017480,Hartford,San Francisco,39.55328,-72.18051,35.1967,-121.69849,3184.3,Flatbed,36560.0,2025-04-20,1.18719,2.19867,6239.02,1.95930659799642,1500+
TR-005640,Boston,Fresno,39.27463,-69.5,33.07921,-119.79528,3313.2,Flatbed,34988.0,2025-02-05,0.98389,1.88485,6230.62,1.8805444887118195,1500+
TR-028551,Albany,Bakersfield,43.96975,-71.05842,33.28832,-116.67935,3035.4,Flatbed,19233.0,2025-06-29,1.16493,2.04891,6226.31,2.0512321275614416,1500+
TR-022136,Hartford,Bakersfield,39.55328,-72.18051,33.28832,-116.67935,2924.3,Reefer,28058.0,2025-05-20,1.27927,2.02478,6219.67,2.1268919057552234,1500+
TR-022304,Phoenix,Albany,28.75668,-115.87725,43.96975,-71.05842,3110.1,Flatbed,33968.0,2025-05-21,1.36309,2.15448,6219.05,1.9996302369698724,1500+
TR-042096,Philadelphia,San Francisco,39.22317,-72.9671,35.1967,-121.69849,3077.1,Flatbed,26134.0,2025-09-23,0.85619,2.04283,6219.04,2.0210717883721685,1500+
TR-028743,Albany,Tucson,43.96975,-71.05842,30.92733,-113.23037,2853.2,Reefer,36196.0,2025-06-30,1.19853,2.16586,6217.13,2.179002523482406,1500+
TR-015657,Albany,San Francisco,43.96975,-71.05842,35.1967,-121.69849,3183.2,Reefer,28210.0,2025-04-09,1.19786,2.20514,6214.28,1.9522116109575272,1500+
TR-016818,Hartford,Los Angeles,39.55328,-72.18051,28.56624,-116.70249,3104.1,Flatbed,34800.0,2025-04-16,1.28711,2.17737,6214.09,2.0018974904159017,1500+
TR-013717,Boston,San Francisco,39.27463,-69.5,35.1967,-121.69849,3365.2,Dry Van,32221.0,2025-03-28,1.1494,1.85378,6207.03,1.8444758112445025,1500+
TR-021440,Baltimore,Los Angeles,38.16908,-72.74564,28.56624,-116.70249,3038.2,Flatbed,47500.0,2025-05-16,1.32964,2.03329,6206.18,2.0427160818905934,1500+
TR-020166,Hartford,Los Angeles,39.55328,-72.18051,28.56624,-116.70249,3028.3,Reefer,24643.0,2025-05-07,1.38433,2.14208,6202.54,2.048192054948321,1500+
TR-023164,Boston,Phoenix,39.27463,-69.5,28.75668,-115.87725,3115.3,Flatbed,33517.0,2025-05-26,1.22147,2.15574,6199.36,1.9899720733155712,1500+
TR-031743,Tucson,Boston,30.92733,-113.23037,39.27463,-69.5,2977.6,Flatbed,43161.0,2025-07-19,1.1948,2.07362,6193.75,2.080114857603439,1500+
TR-012901,Phoenix,Philadelphia,28.75668,-115.87725,39.22317,-72.9671,3033.0,Reefer,43591.0,2025-03-23,0.99328,2.0781,6192.07,2.041566106165513,1500+
TR-038955,Fresno,Philadelphia,33.07921,-119.79528,39.22317,-72.9671,3020.8,Flatbed,35588.0,2025-09-04,1.03696,2.03771,6185.0,2.0474708686440675,1500+
TR-031693,Tucson,Albany,30.92733,-113.23037,43.96975,-71.05842,2857.1,Reefer,38592.0,2025-07-19,1.22497,1.9818,6184.19,2.164498967484512,1500+
TR-024232,Providence,Los Angeles,37.37287,-69.5,28.56624,-116.70249,3276.1,Dry Van,36745.0,2025-06-02,1.22372,1.89811,6183.67,1.8875095387808676,1500+
TR-023550,Phoenix,New York,28.75668,-115.87725,40.00674,-73.7984,2911.1,Reefer,35466.0,2025-05-29,1.38907,2.04331,6182.87,2.1238947476898766,1500+
TR-036708,Los Angeles,Boston,28.56624,-116.70249,39.27463,-69.5,3236.0,Reefer,9300.0,2025-08-20,1.04246,2.00463,6180.67,1.9099721878862794,1500+
TR-000176,Hartford,Los Angeles,39.55328,-72.18051,28.56624,-116.70249,3109.8,Reefer,40154.0,2025-01-02,0.9733,2.01059,6180.45,1.9874107659656568,1500+
TR-025988,Boston,Salt Lake City,39.27463,-69.5,35.03488,-113.18895,2780.7,Reefer,42496.0,2025-06-13,1.35246,2.26868,6179.26,2.222195849965836,1500+
TR-026937,Phoenix,Philadelphia,28.75668,-115.87725,39.22317,-72.9671,2943.0,Flatbed,34604.0,2025-06-19,1.32659,2.07023,6178.47,2.0993781855249747,1500+
TR-000445,Tucson,Boston,30.92733,-113.23037,39.27463,-69.5,3010.4,Reefer,44265.0,2025-01-03,0.95218,2.06347,6172.95,2.050541456284879,1500+
TR-028213,Reno,Albany,39.54838,-118.64843,43.96975,-71.05842,2830.3,Reefer,42051.0,2025-06-27,1.28611,2.17732,6168.3,2.1793802777090767,1500+
TR-007868,Albany,Fresno,43.96975,-71.05842,33.07921,-119.79528,3087.7,Reefer,33104.0,2025-02-20,1.12129,1.99535,6167.59,1.9974706091913077,1500+
TR-011405,Albany,Los Angeles,43.96975,-71.05842,28.56624,-116.70249,3207.7,Reefer,22606.0,2025-03-14,1.11328,1.92939,6166.18,1.9223057019047918,1500+
TR-033888,Fresno,Albany,33.07921,-119.79528,43.96975,-71.05842,3162.4,Reefer,19769.0,2025-08-02,0.96009,2.14242,6163.95,1.949136731596256,1500+
TR-022478,Providence,San Francisco,37.37287,-69.5,35.1967,-121.69849,3315.5,Dry Van,31507.0,2025-05-22,1.3804,2.30224,6163.55,1.8590107072839692,1500+
TR-013114,Hartford,Phoenix,39.55328,-72.18051,28.75668,-115.87725,3034.9,Flatbed,29083.0,2025-03-25,1.08122,2.01849,6160.9,2.0300174635078583,1500+
TR-032365,New York,Bakersfield,40.00674,-73.7984,33.28832,-116.67935,2774.4,Reefer,40807.0,2025-07-23,1.31646,1.93395,6156.47,2.2190275374855823,1500+
TR-031468,Albany,Tucson,43.96975,-71.05842,30.92733,-113.23037,2813.8,Reefer,37960.0,2025-07-17,1.33196,1.96374,6156.12,2.1878314023740137,1500+
TR-018014,Fresno,Hartford,33.07921,-119.79528,39.55328,-72.18051,3022.2,Flatbed,35170.0,2025-04-24,1.34753,2.0983,6149.0,2.034610548606975,1500+
TR-015846,Los Angeles,Hartford,28.56624,-116.70249,39.55328,-72.18051,3035.2,Reefer,22874.0,2025-04-10,1.21527,2.12245,6148.01,2.025569978914075,1500+
TR-035107,Boston,Las Vegas,39.27463,-69.5,33.22353,-115.24994,2994.2,Reefer,35155.0,2025-08-09,0.96203,1.85648,6146.72,2.052875559414869,1500+
TR-038492,San Francisco,Boston,35.1967,-121.69849,39.27463,-69.5,3387.5,Dry Van,33166.0,2025-09-01,0.91274,1.81252,6146.13,1.8143557195571955,1500+
TR-027495,Tucson,Providence,30.92733,-113.23037,37.37287,-69.5,2932.8,Flatbed,26245.0,2025-06-22,1.17057,2.0569,6145.86,2.0955605564648114,1500+
TR-021341,Albany,Los Angeles,43.96975,-71.05842,28.56624,-116.70249,3148.9,Flatbed,29089.0,2025-05-15,1.41852,2.18425,6142.9,1.9508082187430529,1500+
TR-028648,Boston,Phoenix,39.27463,-69.5,28.75668,-115.87725,3240.6,Dry Van,32812.0,2025-06-29,1.19014,1.90394,6142.65,1.8955286058137382,1500+
TR-026941,Bakersfield,Baltimore,33.28832,-116.67935,38.16908,-72.74564,2843.6,Reefer,27172.0,2025-06-19,1.36232,2.13902,6137.13,2.1582254888169925,1500+
TR-021886,Reno,Hartford,39.54838,-118.64843,39.55328,-72.18051,2852.2,Reefer,42680.0,2025-05-18,1.15495,1.99879,6135.18,2.1510342893205245,1500+
TR-038026,Providence,Tucson,37.37287,-69.5,30.92733,-113.23037,2950.9,Reefer,35337.0,2025-08-28,1.06601,2.18851,6133.24,2.078430309397133,1500+
TR-010261,Providence,Bakersfield,37.37287,-69.5,33.28832,-116.67935,3078.1,Reefer,22848.0,2025-03-07,1.09315,2.05122,6130.78,1.991741658815503,1500+
TR-010353,Hartford,San Francisco,39.55328,-72.18051,35.1967,-121.69849,3141.8,Flatbed,41621.0,2025-03-07,1.08824,1.93498,6128.97,1.9507829906423069,1500+
TR-033472,Phoenix,Hartford,28.75668,-115.87725,39.55328,-72.18051,2932.7,Reefer,36303.0,2025-07-30,1.10471,2.06417,6127.79,2.0894704538479902,1500+
TR-029865,Philadelphia,Bakersfield,39.22317,-72.9671,33.28832,-116.67935,2864.7,Reefer,45610.0,2025-07-07,1.19072,2.0381,6127.77,2.139061681851503,1500+
TR-038260,Bakersfield,Providence,33.28832,-116.67935,37.37287,-69.5,3146.7,Flatbed,32302.0,2025-08-30,0.92049,1.90005,6127.24,1.9471954746242095,1500+
TR-024780,Phoenix,New York,28.75668,-115.87725,40.00674,-73.7984,2918.2,Reefer,43078.0,2025-06-05,1.36552,2.12027,6125.79,2.09916729490782,1500+
TR-019190,Providence,Bakersfield,37.37287,-69.5,33.28832,-116.67935,3056.6,Dry Van,47500.0,2025-05-01,1.44518,2.16927,6123.95,2.003516979650592,1500+
TR-015696,Providence,Las Vegas,37.37287,-69.5,33.22353,-115.24994,3021.8,Reefer,28441.0,2025-04-09,1.16369,2.11809,6121.77,2.0258686875372294,1500+
TR-023781,New York,Fresno,40.00674,-73.7984,33.07921,-119.79528,2925.3,Flatbed,37224.0,2025-05-30,1.3589,2.09641,6119.08,2.091778620996137,1500+
TR-021387,Hartford,Phoenix,39.55328,-72.18051,28.75668,-115.87725,3004.1,Reefer,20140.0,2025-05-15,1.40711,2.10189,6117.98,2.0365433906993773,1500+
TR-035408,New York,San Francisco,40.00674,-73.7984,35.1967,-121.69849,3089.3,Flatbed,42302.0,2025-08-12,0.98894,1.86014,6117.19,1.9801217104198359,1500+
TR-023035,Bakersfield,Providence,33.28832,-116.67935,37.37287,-69.5,3105.6,Reefer,13625.0,2025-05-26,1.2329,2.20542,6115.91,1.969316718186502,1500+
TR-028959,New York,Bakersfield,40.00674,-73.7984,33.28832,-116.67935,2782.1,Reefer,41053.0,2025-07-02,1.34283,2.01879,6114.99,2.1979763488012654,1500+
TR-031899,Bakersfield,Albany,33.28832,-116.67935,43.96975,-71.05842,2899.4,Reefer,42964.0,2025-07-20,1.13632,2.06486,6113.07,2.108391391322342,1500+
TR-042702,Fresno,Providence,33.07921,-119.79528,37.37287,-69.5,3285.9,Dry Van,42945.0,2025-09-27,0.80975,1.80947,6112.28,1.860153991296144,1500+
TR-018144,Bakersfield,New York,33.28832,-116.67935,40.00674,-73.7984,2881.3,Reefer,45831.0,2025-04-25,1.34194,2.00957,6111.7,2.1211605872349284,1500+
TR-024821,Albany,Phoenix,43.96975,-71.05842,28.75668,-115.87725,3047.9,Reefer,26133.0,2025-06-05,1.36022,2.03041,6110.72,2.004895173726172,1500+
TR-031181,Bakersfield,Hartford,33.28832,-116.67935,39.55328,-72.18051,2885.8,Reefer,31563.0,2025-07-15,1.24119,1.99387,6109.42,2.117062859519024,1500+
TR-014849,Phoenix,Hartford,28.75668,-115.87725,39.55328,-72.18051,3029.3,Reefer,34677.0,2025-04-04,1.15722,2.1316,6109.34,2.0167497441653186,1500+
TR-016803,Providence,Phoenix,37.37287,-69.5,28.75668,-115.87725,3183.4,Flatbed,23796.0,2025-04-16,1.30892,2.23769,6109.08,1.919042533140667,1500+
TR-012650,Los Angeles,Albany,28.56624,-116.70249,43.96975,-71.05842,3142.0,Flatbed,20649.0,2025-03-22,1.01771,1.93551,6105.21,1.9430967536600892,1500+
TR-015365,Boston,Los Angeles,39.27463,-69.5,28.56624,-116.70249,3147.5,Flatbed,36637.0,2025-04-07,1.05137,2.22206,6103.71,1.9392247815726766,1500+
TR-025134,Bakersfield,Hartford,33.28832,-116.67935,39.55328,-72.18051,2864.5,Flatbed,36302.0,2025-06-07,1.27718,2.11834,6102.35,2.1303368825274918,1500+
TR-039491,Los Angeles,Albany,28.56624,-116.70249,43.96975,-71.05842,3193.0,Flatbed,41418.0,2025-09-07,0.80641,1.91625,6095.83,1.9091230817413092,1500+
TR-025675,Fresno,Harrisburg,33.07921,-119.79528,39.71695,-78.12481,2767.5,Reefer,39441.0,2025-06-11,1.3768,2.18761,6090.13,2.2005889792231255,1500+
TR-036835,Hartford,Phoenix,39.55328,-72.18051,28.75668,-115.87725,3026.8,Flatbed,45688.0,2025-08-21,1.05923,1.99462,6089.99,2.0120225981234303,1500+
TR-027268,Philadelphia,Tucson,39.22317,-72.9671,30.92733,-113.23037,2749.7,Reefer,38888.0,2025-06-21,1.25522,2.20928,6086.2,2.2134050987380443,1500+
TR-020851,Fresno,Hartford,33.07921,-119.79528,39.55328,-72.18051,3090.2,Reefer,18719.0,2025-05-12,1.19569,2.1936,6085.85,1.9694032748689407,1500+
TR-028145,Baltimore,San Francisco,38.16908,-72.74564,35.1967,-121.69849,3182.0,Dry Van,35773.0,2025-06-26,1.37462,1.91872,6085.53,1.9124858579509743,1500+
TR-024989,Philadelphia,Las Vegas,39.22317,-72.9671,33.22353,-115.24994,2771.0,Reefer,36234.0,2025-06-06,1.3588,2.21435,6085.46,2.196124142908697,1500+
TR-021683,Albany,Los Angeles,43.96975,-71.05842,28.56624,-116.70249,3204.6,Flatbed,33976.0,2025-05-17,1.24745,2.23953,6084.12,1.8985583224115334,1500+
TR-005996,Fresno,Boston,33.07921,-119.79528,39.27463,-69.5,3267.5,Flatbed,38237.0,2025-02-07,1.00652,1.84897,6082.85,1.8616220351951034,1500+
TR-034080,Philadelphia,Fresno,39.22317,-72.9671,33.07921,-119.79528,3013.0,Reefer,24988.0,2025-08-03,0.8991,2.10069,6080.38,2.0180484566876866,1500+
TR-004625,Providence,Bakersfield,37.37287,-69.5,33.28832,-116.67935,3029.7,Reefer,40178.0,2025-01-30,1.03658,2.01594,6080.23,2.0068752681783675,1500+
TR-042042,Fresno,New York,33.07921,-119.79528,40.00674,-73.7984,2973.8,Flatbed,39313.0,2025-09-23,0.87461,2.06064,6078.29,2.0439471383415158,1500+
TR-011754,Albany,San Francisco,43.96975,-71.05842,35.1967,-121.69849,3115.4,Flatbed,36523.0,2025-03-16,1.02492,1.97147,6077.33,1.9507382679591705,1500+
TR-032158,New York,Fresno,40.00674,-73.7984,33.07921,-119.79528,2976.1,Reefer,28769.0,2025-07-22,1.19481,2.10546,6077.29,2.04203151775814,1500+
TR-009041,San Francisco,Hartford,35.1967,-121.69849,39.55328,-72.18051,3176.8,Reefer,15423.0,2025-02-27,1.08346,1.95114,6076.07,1.9126385041551244,1500+
TR-015970,Fresno,Baltimore,33.07921,-119.79528,38.16908,-72.74564,3095.4,Reefer,20379.0,2025-04-11,1.18767,2.21448,6074.99,1.9625864185565678,1500+
TR-003206,Providence,Bakersfield,37.37287,-69.5,33.28832,-116.67935,3069.8,Reefer,31717.0,2025-01-21,0.88416,1.9578,6074.23,1.9787054531239818,1500+
TR-033289,Phoenix,Hartford,28.75668,-115.87725,39.55328,-72.18051,3001.7,Reefer,41685.0,2025-07-29,1.01914,2.11561,6070.24,2.0222673818169703,1500+
TR-025816,Tucson,Philadelphia,30.92733,-113.23037,39.22317,-72.9671,2710.5,Reefer,40568.0,2025-06-12,1.40351,2.20662,6070.23,2.2395240730492527,1500+
TR-023405,Baltimore,Bakersfield,38.16908,-72.74564,33.28832,-116.67935,2794.5,Reefer,41310.0,2025-05-28,1.36246,2.01786,6067.76,2.171322240114511,1500+
TR-030793,Baltimore,Los Angeles,38.16908,-72.74564,28.56624,-116.70249,3020.2,Flatbed,34034.0,2025-07-13,1.13503,2.17549,6065.51,2.008314018939143,1500+
TR-022195,Salt Lake City,Boston,35.03488,-113.18895,39.27463,-69.5,2808.4,Reefer,47500.0,2025-05-20,1.29248,1.97889,6063.51,2.1590620994160377,1500+
TR-011909,San Francisco,Boston,35.1967,-121.69849,39.27463,-69.5,3244.0,Flatbed,27038.0,2025-03-17,0.99882,1.86848,6063.15,1.8690351418002464,1500+
TR-041575,Tucson,Boston,30.92733,-113.23037,39.27463,-69.5,2841.2,Reefer,36458.0,2025-09-20,0.87857,2.14212,6062.73,2.1338624524848657,1500+
TR-026136,Bakersfield,Hartford,33.28832,-116.67935,39.55328,-72.18051,2894.9,Flatbed,33266.0,2025-06-14,1.24731,2.05841,6057.08,2.092327886973643,1500+
TR-029718,Albany,San Francisco,43.96975,-71.05842,35.1967,-121.69849,3097.8,Flatbed,47500.0,2025-07-06,1.15267,2.19693,6056.34,1.9550455161727678,1500+
TR-034284,Philadelphia,Los Angeles,39.22317,-72.9671,28.56624,-116.70249,2931.1,Reefer,38922.0,2025-08-04,0.96151,2.244,6054.63,2.065651120739654,1500+
TR-040906,Hartford,Fresno,39.55328,-72.18051,33.07921,-119.79528,3019.5,Reefer,29029.0,2025-09-16,0.87947,1.9769,6054.32,2.0050736876966386,1500+
TR-023608,Tucson,Hartford,30.92733,-113.23037,39.55328,-72.18051,2753.5,Reefer,37779.0,2025-05-29,1.39662,1.95345,6050.72,2.1974650444888324,1500+
TR-015667,Los Angeles,Boston,28.56624,-116.70249,39.27463,-69.5,3281.1,Dry Van,34413.0,2025-04-09,1.21567,2.33015,6044.0,1.8420651610740302,1500+
TR-004099,Los Angeles,Philadelphia,28.56624,-116.70249,39.22317,-72.9671,3029.0,Reefer,40729.0,2025-01-26,0.83704,2.01524,6043.34,1.9951601188511061,1500+
TR-015312,Albany,Phoenix,43.96975,-71.05842,28.75668,-115.87725,3145.4,Reefer,39832.0,2025-04-07,1.11551,2.21504,6041.42,1.9207159661728237,1500+
TR-042655,Los Angeles,Boston,28.56624,-116.70249,39.27463,-69.5,3232.0,Dry Van,35477.0,2025-09-27,0.82904,1.87751,6039.73,1.8687283415841582,1500+
TR-018236,New York,San Francisco,40.00674,-73.7984,35.1967,-121.69849,3000.7,Flatbed,36339.0,2025-04-25,1.29564,2.14976,6037.48,2.012023861099077,1500+
TR-037058,Albany,Bakersfield,43.96975,-71.05842,33.28832,-116.67935,2885.0,Reefer,43167.0,2025-08-22,1.02039,2.1957,6036.06,2.0922218370883883,1500+
TR-015957,Hartford,Los Angeles,39.55328,-72.18051,28.56624,-116.70249,3109.3,Flatbed,31514.0,2025-04-11,1.20534,2.18834,6035.47,1.9411024989547487,1500+
TR-020030,Boston,Fresno,39.27463,-69.5,33.07921,-119.79528,3260.8,Dry Van,30244.0,2025-05-06,1.27354,2.2815,6034.5,1.8506194798822373,1500+
TR-026798,Phoenix,Boston,28.75668,-115.87725,39.27463,-69.5,3152.3,Dry Van,37102.0,2025-06-18,1.3755,1.93785,6034.15,1.9142055007454872,1500+
TR-017745,Fresno,Albany,33.07921,-119.79528,43.96975,-71.05842,3135.9,Flatbed,18750.0,2025-04-22,1.24968,2.21598,6033.86,1.9241238559903056,1500+
TR-042234,Phoenix,Albany,28.75668,-115.87725,43.96975,-71.05842,3072.9,Flatbed,21211.0,2025-09-24,0.96124,1.94578,6033.69,1.9635165478863612,1500+
TR-019906,Hartford,Tucson,39.55328,-72.18051,30.92733,-113.23037,2728.3,Reefer,39474.0,2025-05-06,1.2419,2.00791,6033.51,2.2114540189861818,1500+
TR-043129,Phoenix,Hartford,28.75668,-115.87725,39.55328,-72.18051,3031.1,Flatbed,24174.0,2025-09-30,0.85351,1.99552,6031.83,1.9899805351192636,1500+
TR-016880,Hartford,Los Angeles,39.55328,-72.18051,28.56624,-116.70249,3108.8,Flatbed,29285.0,2025-04-17,1.38776,2.26651,6026.78,1.9386194029850745,1500+
TR-030220,Hartford,Tucson,39.55328,-72.18051,30.92733,-113.23037,2840.2,Reefer,24939.0,2025-07-09,1.35766,2.07561,6025.48,2.121498486022111,1500+
TR-019944,Phoenix,Hartford,28.75668,-115.87725,39.55328,-72.18051,2976.6,Reefer,19891.0,2025-05-06,1.34969,2.11311,6023.7,2.023684740979641,1500+
TR-042204,San Francisco,Richmond,35.1967,-121.69849,38.09122,-76.78906,2868.2,Flatbed,42354.0,2025-09-24,0.9286,2.10664,6023.57,2.1001220277525974,1500+
TR-025852,Philadelphia,Phoenix,39.22317,-72.9671,28.75668,-115.87725,2926.7,Flatbed,30078.0,2025-06-12,1.40871,2.07915,6023.48,2.0581132333344723,1500+
TR-003185,Providence,Los Angeles,37.37287,-69.5,28.56624,-116.70249,3272.4,Flatbed,47500.0,2025-01-21,0.87936,1.816,6023.25,1.8406215621562156,1500+
TR-017564,Fresno,Boston,33.07921,-119.79528,39.27463,-69.5,3201.1,Flatbed,26990.0,2025-04-21,1.19437,2.25671,6021.98,1.8812220799100308,1500+
TR-019138,Albany,Phoenix,43.96975,-71.05842,28.75668,-115.87725,3054.2,Flatbed,27062.0,2025-05-01,1.35867,2.23391,6019.77,1.9709809442734598,1500+
TR-017705,Raleigh,San Francisco,35.37376,-77.47605,35.1967,-121.69849,2850.8,Reefer,33850.0,2025-04-21,1.21679,2.06284,6019.72,2.1115897291988213,1500+
TR-026951,Albany,Reno,43.96975,-71.05842,39.54838,-118.64843,2827.4,Reefer,45119.0,2025-06-19,1.3715,2.16321,6017.62,2.128322840772441,1500+
TR-026577,Reno,Philadelphia,39.54838,-118.64843,39.22317,-72.9671,2790.8,Reefer,33536.0,2025-06-17,1.25531,2.16991,6017.61,2.156231188189766,1500+
TR-023902,Tucson,Providence,30.92733,-113.23037,37.37287,-69.5,2922.1,Flatbed,44832.0,2025-05-31,1.23017,2.1083,6016.51,2.0589678655761268,1500+
TR-035372,Nashville,Tampa,35.29479,-88.08915,28.35765,-86.94782,593.1,Flatbed,25665.0,2025-08-11,0.89485,2.01991,6014.82,10.141325240263024,501-750
TR-022473,Fresno,Albany,33.07921,-119.79528,43.96975,-71.05842,3083.1,Dry Van,36004.0,2025-05-22,1.39452,2.19322,6013.91,1.9506049106418863,1500+
TR-025842,Tucson,New York,30.92733,-113.23037,40.00674,-73.7984,2728.1,Reefer,40726.0,2025-06-12,1.40512,2.20263,6013.24,2.2041860635607198,1500+
TR-038205,Fresno,Hartford,33.07921,-119.79528,39.55328,-72.18051,3086.5,Reefer,25091.0,2025-08-30,0.9276,2.13728,6012.08,1.9478632755548355,1500+
TR-016750,New York,Los Angeles,40.00674,-73.7984,28.56624,-116.70249,2936.8,Flatbed,39223.0,2025-04-16,1.3859,2.04876,6010.5,2.0466153636611275,1500+
TR-013152,Las Vegas,Boston,33.22353,-115.24994,39.27463,-69.5,2956.7,Reefer,25435.0,2025-03-25,1.10077,2.04826,6009.19,2.032397605438496,1500+
TR-024937,Albany,Los Angeles,43.96975,-71.05842,28.56624,-116.70249,3180.7,Dry Van,42431.0,2025-06-06,1.33474,1.90343,6008.44,1.8890307165089446,1500+
TR-035388,Hartford,Phoenix,39.55328,-72.18051,28.75668,-115.87725,3034.8,Flatbed,32916.0,2025-08-11,0.91244,1.77624,6007.97,1.9796922367207064,1500+
TR-026437,Lubbock,Memphis,29.87534,-99.85456,35.56802,-89.52871,841.4,Dry Van,42102.0,2025-06-16,1.24165,2.34966,6007.57,7.139969099120513,751-1000
TR-023421,Phoenix,Philadelphia,28.75668,-115.87725,39.22317,-72.9671,2978.7,Flatbed,36945.0,2025-05-28,1.39926,2.11126,6003.48,2.0154698358344243,1500+
TR-012795,Boston,Tucson,39.27463,-69.5,30.92733,-113.23037,2966.0,Flatbed,36595.0,2025-03-23,1.04526,2.02929,5997.57,2.022107215104518,1500+
TR-011469,Tucson,Boston,30.92733,-113.23037,39.27463,-69.5,2905.1,Flatbed,39795.0,2025-03-14,1.11519,2.06665,5997.12,2.0643420192076003,1500+
TR-027625,Charleston,San Francisco,34.15334,-79.74475,35.1967,-121.69849,2783.6,Flatbed,42349.0,2025-06-23,1.15159,2.1532,5995.53,2.153876275326915,1500+
TR-021146,Los Angeles,New York,28.56624,-116.70249,40.00674,-73.7984,2925.2,Reefer,17277.0,2025-05-14,1.40462,2.08402,5992.15,2.048458225078627,1500+
TR-013651,Raleigh,Fresno,35.37376,-77.47605,33.07921,-119.79528,2768.7,Reefer,28222.0,2025-03-28,1.19604,2.13714,5991.35,2.1639578141365985,1500+
TR-039959,Bakersfield,Providence,33.28832,-116.67935,37.37287,-69.5,3072.9,Flatbed,29213.0,2025-09-10,0.98046,1.91067,5990.75,1.9495427771811644,1500+
TR-025820,Tucson,Baltimore,30.92733,-113.23037,38.16908,-72.74564,2709.0,Flatbed,40035.0,2025-06-12,1.39304,2.19538,5980.27,2.207556293835364,1500+
TR-013559,Salt Lake City,Boston,35.03488,-113.18895,39.27463,-69.5,2732.2,Reefer,35519.0,2025-03-27,1.22096,2.20087,5979.57,2.188555010614157,1500+
TR-030952,Los Angeles,Boston,28.56624,-116.70249,39.27463,-69.5,3233.8,Dry Van,27579.0,2025-07-14,1.2103,2.29268,5975.08,1.847696208794607,1500+
TR-013093,Bakersfield,Baltimore,33.28832,-116.67935,38.16908,-72.74564,2843.0,Reefer,33014.0,2025-03-24,0.9852,2.10513,5974.28,2.1013999296517762,1500+
TR-032405,Fresno,Harrisburg,33.07921,-119.79528,39.71695,-78.12481,2780.5,Reefer,39222.0,2025-07-23,1.2934,2.04025,5974.22,2.1486135587124617,1500+
TR-035365,Raleigh,San Francisco,35.37376,-77.47605,35.1967,-121.69849,2973.6,Flatbed,36795.0,2025-08-11,0.89729,2.06997,5972.5,2.0085082055421037,1500+
TR-031365,San Francisco,Richmond,35.1967,-121.69849,38.09122,-76.78906,2898.4,Reefer,27911.0,2025-07-16,1.29495,2.07496,5972.2,2.0605161468396354,1500+
TR-031333,Louisville,Syracuse,37.36588,-87.47153,42.80915,-76.89973,796.8,Dry Van,32961.0,2025-07-16,1.2625,2.04758,5970.35,7.492909136546186,751-1000
TR-039912,San Francisco,Providence,35.1967,-121.69849,37.37287,-69.5,3377.2,Dry Van,19275.0,2025-09-10,1.00186,1.77157,5969.57,1.7676092621106243,1500+
TR-005581,Boston,Bakersfield,39.27463,-69.5,33.28832,-116.67935,3076.5,Flatbed,47500.0,2025-02-05,1.01644,1.9191,5969.47,1.940344547375264,1500+
TR-000533,Fresno,Albany,33.07921,-119.79528,43.96975,-71.05842,3125.2,Reefer,32019.0,2025-01-04,0.87314,1.92909,5968.34,1.9097465762191221,1500+
TR-016129,Los Angeles,Philadelphia,28.56624,-116.70249,39.22317,-72.9671,2997.6,Flatbed,36450.0,2025-04-12,1.14249,2.16867,5968.1,1.990959434214038,1500+
TR-025663,Fresno,Richmond,33.07921,-119.79528,38.09122,-76.78906,2831.6,Reefer,10896.0,2025-06-11,1.37892,2.11109,5966.75,2.1072008758299194,1500+
TR-023457,Washington,Dayton,38.87577,-77.05086,39.87206,-85.62931,548.9,Flatbed,47500.0,2025-05-28,1.3837,1.64854,5965.1,10.867371105848061,501-750
TR-011647,Baltimore,Phoenix,38.16908,-72.74564,28.75668,-115.87725,2940.2,Flatbed,36875.0,2025-03-15,1.0671,2.04291,5964.78,2.0286987279776887,1500+
TR-011785,Philadelphia,Los Angeles,39.22317,-72.9671,28.56624,-116.70249,2955.5,Reefer,36942.0,2025-03-16,0.9977,1.99359,5964.39,2.0180646252749113,1500+
TR-025468,San Francisco,Hartford,35.1967,-121.69849,39.55328,-72.18051,3072.1,Dry Van,37219.0,2025-06-10,1.28114,1.94884,5963.62,1.9412193613489144,1500+
TR-032446,Boston,Las Vegas,39.27463,-69.5,33.22353,-115.24994,3039.7,Flatbed,27028.0,2025-07-24,1.29344,2.13804,5960.77,1.9609731223476004,1500+
TR-032533,Phoenix,Richmond,28.75668,-115.87725,38.09122,-76.78906,2727.5,Reefer,39953.0,2025-07-24,1.30519,1.98006,5956.93,2.1840256645279563,1500+
TR-034802,Baltimore,Los Angeles,38.16908,-72.74564,28.56624,-116.70249,3015.4,Flatbed,35453.0,2025-08-07,1.05368,1.96659,5955.45,1.9750116070836372,1500+
TR-032515,Hartford,San Francisco,39.55328,-72.18051,35.1967,-121.69849,3130.8,Dry Van,40502.0,2025-07-24,1.28637,2.20959,5954.96,1.9020569822409608,1500+
TR-001216,Fresno,New York,33.07921,-119.79528,40.00674,-73.7984,2990.0,Reefer,43164.0,2025-01-08,0.96169,2.00343,5954.48,1.9914648829431436,1500+
TR-022370,Fresno,Baltimore,33.07921,-119.79528,38.16908,-72.74564,3091.4,Dry Van,41077.0,2025-05-21,1.33815,2.24025,5954.25,1.9260690949084556,1500+
TR-010836,Fresno,Philadelphia,33.07921,-119.79528,39.22317,-72.9671,3016.2,Flatbed,43007.0,2025-03-10,0.99684,1.96619,5953.67,1.973897619521252,1500+
TR-042407,Hartford,Reno,39.55328,-72.18051,39.54838,-118.64843,2873.9,Reefer,31043.0,2025-09-25,0.96364,2.08473,5952.63,2.0712724868645394,1500+
TR-029555,Fresno,Boston,33.07921,-119.79528,39.27463,-69.5,3233.7,Dry Van,34031.0,2025-07-05,1.22697,2.30457,5950.82,1.8402511055447321,1500+
TR-042453,Fort Wayne,Hartford,41.31561,-85.36206,39.55328,-72.18051,840.2,Dry Van,20529.0,2025-09-26,0.91051,1.93104,5949.01,7.080468935967627,751-1000
TR-034378,Los Angeles,Boston,28.56624,-116.70249,39.27463,-69.5,3181.5,Flatbed,23766.0,2025-08-05,1.06452,1.86601,5948.94,1.8698538425271096,1500+
TR-024559,Harrisburg,San Francisco,39.71695,-78.12481,35.1967,-121.69849,2679.8,Reefer,46052.0,2025-06-04,1.37572,2.20639,5948.3,2.2196805731771025,1500+
TR-017355,Albany,Fresno,43.96975,-71.05842,33.07921,-119.79528,3186.1,Dry Van,43984.0,2025-04-20,1.19835,2.25459,5948.04,1.8668717240513482,1500+
TR-026353,Raleigh,Los Angeles,35.37376,-77.47605,28.56624,-116.70249,2773.8,Reefer,33940.0,2025-06-15,1.23869,2.09667,5946.51,2.1438135409906987,1500+
TR-020051,Fresno,Syracuse,33.07921,-119.79528,42.80915,-76.89973,2756.0,Reefer,45343.0,2025-05-06,1.2962,2.00982,5946.41,2.157623367198839,1500+
TR-018873,New York,Bakersfield,40.00674,-73.7984,33.28832,-116.67935,2822.1,Reefer,38407.0,2025-04-29,1.28433,2.07257,5945.77,2.1068601396123454,1500+
TR-027057,Boston,Salt Lake City,39.27463,-69.5,35.03488,-113.18895,2827.1,Reefer,27184.0,2025-06-20,1.34528,2.10037,5945.35,2.102985391390471,1500+
TR-020409,Albany,Phoenix,43.96975,-71.05842,28.75668,-115.87725,3091.0,Flatbed,31900.0,2025-05-09,1.36494,2.22272,5944.53,1.9231737301844063,1500+
TR-035494,Los Angeles,New York,28.56624,-116.70249,40.00674,-73.7984,3029.9,Reefer,29113.0,2025-08-12,0.95808,1.96286,5942.84,1.9613980659427703,1500+
TR-041632,Bakersfield,Hartford,33.28832,-116.67935,39.55328,-72.18051,2871.4,Reefer,37878.0,2025-09-20,0.81081,2.0912,5941.62,2.0692414849899,1500+
TR-017461,Providence,Las Vegas,37.37287,-69.5,33.22353,-115.24994,2971.2,Flatbed,28504.0,2025-04-20,1.20747,2.07951,5939.71,1.9990946418955307,1500+
TR-039094,Albany,Fresno,43.96975,-71.05842,33.07921,-119.79528,3098.1,Flatbed,28651.0,2025-09-05,0.94708,1.92891,5939.13,1.9170233368838967,1500+
TR-036084,Providence,Fresno,37.37287,-69.5,33.07921,-119.79528,3254.5,Dry Van,31915.0,2025-08-16,0.97008,2.32452,5936.83,1.8241911199877092,1500+
TR-023104,Syracuse,Los Angeles,42.80915,-76.89973,28.56624,-116.70249,2793.4,Reefer,38026.0,2025-05-26,1.25848,2.00469,5935.33,2.1247690985895322,1500+
TR-015586,Bakersfield,Albany,33.28832,-116.67935,43.96975,-71.05842,3029.7,Reefer,28824.0,2025-04-08,1.17633,2.236,5932.6,1.9581476713866062,1500+
TR-041720,Phoenix,Hartford,28.75668,-115.87725,39.55328,-72.18051,3050.4,Flatbed,28081.0,2025-09-21,0.78724,1.95475,5931.87,1.9446203776553894,1500+
TR-039078,Fresno,Washington,33.07921,-119.79528,38.87577,-77.05086,2783.0,Reefer,32431.0,2025-09-04,1.05425,2.11548,5931.57,2.1313582464965863,1500+
TR-031032,Providence,Fresno,37.37287,-69.5,33.07921,-119.79528,3354.0,Dry Van,21134.0,2025-07-14,1.17653,2.39469,5929.17,1.7677906976744187,1500+
TR-006808,Milwaukee,New York,39.6218,-88.48008,40.00674,-73.7984,948.4,Dry Van,38229.0,2025-02-12,1.05411,2.01773,5927.63,6.250137072964994,751-1000
TR-013647,Las Vegas,Hartford,33.22353,-115.24994,39.55328,-72.18051,2873.0,Reefer,25418.0,2025-03-28,1.17848,2.08101,5926.37,2.0627810650887572,1500+
TR-022422,Phoenix,Philadelphia,28.75668,-115.87725,39.22317,-72.9671,2931.9,Flatbed,35709.0,2025-05-22,1.43802,2.14119,5924.42,2.020676012142297,1500+
TR-022375,Fresno,Baltimore,33.07921,-119.79528,38.16908,-72.74564,2928.2,Flatbed,27963.0,2025-05-21,1.34905,2.15614,5922.72,2.0226487261799058,1500+
TR-019961,New York,San Francisco,40.00674,-73.7984,35.1967,-121.69849,2992.4,Flatbed,24855.0,2025-05-06,1.29181,2.19988,5918.5,1.9778438711402218,1500+
TR-019833,Philadelphia,Phoenix,39.22317,-72.9671,28.75668,-115.87725,2976.1,Flatbed,30606.0,2025-05-05,1.21959,2.13559,5916.9,1.9881388394207182,1500+
TR-032713,Los Angeles,Albany,28.56624,-116.70249,43.96975,-71.05842,3028.8,Reefer,28436.0,2025-07-25,1.11839,2.21248,5914.63,1.9527964870575805,1500+
TR-042062,Fresno,Baltimore,33.07921,-119.79528,38.16908,-72.74564,3092.3,Dry Van,47269.0,2025-09-23,0.8533,1.85401,5914.46,1.9126410762215826,1500+
TR-035730,Philadelphia,Los Angeles,39.22317,-72.9671,28.56624,-116.70249,2995.5,Flatbed,38283.0,2025-08-14,1.13261,1.57572,5911.62,1.9735002503755632,1500+
TR-022665,Providence,Bakersfield,37.37287,-69.5,33.28832,-116.67935,3026.3,Dry Van,35919.0,2025-05-23,1.38059,2.14911,5911.6,1.9534084525658395,1500+
TR-001367,Baltimore,San Francisco,38.16908,-72.74564,35.1967,-121.69849,3116.9,Reefer,29651.0,2025-01-09,0.9635,1.92961,5911.05,1.8964516025538194,1500+
TR-026288,Reno,Baltimore,39.54838,-118.64843,38.16908,-72.74564,2872.8,Flatbed,31266.0,2025-06-15,1.23349,2.06507,5910.99,2.0575710108604843,1500+
TR-021423,New York,Phoenix,40.00674,-73.7984,28.75668,-115.87725,2866.1,Flatbed,38744.0,2025-05-15,1.39977,2.09967,5910.03,2.062045985834409,1500+
TR-020738,Hartford,Bakersfield,39.55328,-72.18051,33.28832,-116.67935,2855.1,Reefer,29367.0,2025-05-11,1.13546,1.98543,5903.94,2.0678575181254595,1500+
TR-027865,Los Angeles,Albany,28.56624,-116.70249,43.96975,-71.05842,3188.4,Dry Van,24772.0,2025-06-25,1.34741,1.83009,5901.82,1.8510287291431438,1500+
TR-023275,Los Angeles,New York,28.56624,-116.70249,40.00674,-73.7984,2878.0,Flatbed,34864.0,2025-05-27,1.29242,2.12935,5900.99,2.0503787352328007,1500+
TR-033350,San Francisco,Baltimore,35.1967,-121.69849,38.16908,-72.74564,3109.8,Flatbed,29866.0,2025-07-29,0.97551,2.27767,5897.96,1.896572126824876,1500+
TR-019011,Boston,Bakersfield,39.27463,-69.5,33.28832,-116.67935,3033.7,Flatbed,21019.0,2025-04-30,1.37424,2.20089,5897.38,1.9439562250716949,1500+
TR-039458,Bakersfield,Hartford,33.28832,-116.67935,39.55328,-72.18051,2933.7,Reefer,36251.0,2025-09-07,0.83808,2.00785,5895.32,2.0095169921941576,1500+
TR-000076,Albany,Phoenix,43.96975,-71.05842,28.75668,-115.87725,3099.1,Reefer,35906.0,2025-01-01,0.94623,1.92298,5893.49,1.9016779064889806,1500+
TR-017516,Salt Lake City,Boston,35.03488,-113.18895,39.27463,-69.5,2816.9,Reefer,30961.0,2025-04-20,1.15827,2.05435,5893.31,2.092126096063048,1500+
TR-041005,Harrisburg,Fresno,39.71695,-78.12481,33.07921,-119.79528,2776.6,Reefer,34719.0,2025-09-17,0.97118,2.12756,5892.61,2.1222394295181157,1500+
TR-016337,Phoenix,Albany,28.75668,-115.87725,43.96975,-71.05842,3095.1,Flatbed,32885.0,2025-04-13,1.09451,2.2687,5891.98,1.9036477012051307,1500+
TR-019520,Phoenix,Providence,28.75668,-115.87725,37.37287,-69.5,3187.7,Dry Van,31496.0,2025-05-03,1.24385,2.31179,5889.67,1.8476236785142894,1500+
TR-019629,Richmond,Fresno,38.09122,-76.78906,33.07921,-119.79528,2834.8,Reefer,29773.0,2025-05-04,1.19906,2.07363,5888.97,2.077384647946945,1500+
TR-042265,Tucson,Philadelphia,30.92733,-113.23037,39.22317,-72.9671,2696.1,Reefer,42132.0,2025-09-25,0.96095,2.21178,5887.74,2.183798820518527,1500+
TR-026474,Albany,Las Vegas,43.96975,-71.05842,33.22353,-115.24994,2841.1,Reefer,20366.0,2025-06-16,1.21257,2.05709,5886.2,2.0718031748266514,1500+
TR-042889,Boston,Bakersfield,39.27463,-69.5,33.28832,-116.67935,3163.0,Dry Van,42526.0,2025-09-29,0.7878,1.89955,5885.2,1.8606386342080303,1500+
TR-033115,Philadelphia,Fresno,39.22317,-72.9671,33.07921,-119.79528,2968.2,Reefer,21875.0,2025-07-28,0.91841,2.13919,5884.68,1.9825752981605016,1500+
TR-042151,Tucson,Philadelphia,30.92733,-113.23037,39.22317,-72.9671,2728.7,Flatbed,36618.0,2025-09-24,0.94081,2.16322,5884.52,2.156528749954191,1500+
TR-041684,Philadelphia,Phoenix,39.22317,-72.9671,28.75668,-115.87725,2921.2,Reefer,31157.0,2025-09-21,0.77326,2.03371,5882.21,2.013627961111872,1500+
TR-011521,Bakersfield,Philadelphia,33.28832,-116.67935,39.22317,-72.9671,2846.9,Reefer,32434.0,2025-03-14,1.0558,2.03428,5881.91,2.0660753802381535,1500+
TR-003612,Phoenix,Albany,28.75668,-115.87725,43.96975,-71.05842,3044.6,Reefer,33628.0,2025-01-23,1.0044,1.93183,5881.78,1.931872824016291,1500+
TR-025084,Phoenix,New York,28.75668,-115.87725,40.00674,-73.7984,2904.7,Flatbed,26817.0,2025-06-07,1.27687,2.02343,5881.39,2.0247839708059354,1500+
TR-013877,Salt Lake City,Hartford,35.03488,-113.18895,39.55328,-72.18051,2729.6,Reefer,32621.0,2025-03-29,1.10334,2.17379,5881.28,2.154630715123095,1500+
TR-032594,Las Vegas,Hartford,33.22353,-115.24994,39.55328,-72.18051,2797.6,Reefer,29434.0,2025-07-24,1.35426,2.04993,5880.07,2.1018265656276807,1500+
TR-017031,Reno,Philadelphia,39.54838,-118.64843,39.22317,-72.9671,2818.1,Reefer,47500.0,2025-04-17,1.33895,2.04162,5877.01,2.0854511905184347,1500+
TR-037507,Hartford,Phoenix,39.55328,-72.18051,28.75668,-115.87725,2896.7,Reefer,34951.0,2025-08-25,0.8396,2.11297,5874.84,2.028114751268685,1500+
TR-018738,New York,Fresno,40.00674,-73.7984,33.07921,-119.79528,2957.1,Flatbed,34046.0,2025-04-28,1.17685,2.15123,5873.49,1.9862331338135335,1500+
TR-038881,Boston,Fresno,39.27463,-69.5,33.07921,-119.79528,3195.4,Dry Van,34944.0,2025-09-03,1.0057,1.78923,5870.15,1.8370626525630593,1500+
TR-042958,Phoenix,Providence,28.75668,-115.87725,37.37287,-69.5,3120.1,Dry Van,43146.0,2025-09-29,0.75583,1.87524,5868.16,1.8807602320438448,1500+
TR-025779,Bakersfield,Syracuse,33.28832,-116.67935,42.80915,-76.89973,2660.0,Reefer,35546.0,2025-06-12,1.39743,2.19107,5868.06,2.2060375939849624,1500+
TR-024939,New York,San Francisco,40.00674,-73.7984,35.1967,-121.69849,3076.8,Dry Van,36284.0,2025-06-06,1.32789,1.8618,5867.28,1.9069422776911074,1500+
TR-023302,Hartford,Las Vegas,39.55328,-72.18051,33.22353,-115.24994,2798.0,Reefer,37948.0,2025-05-27,1.26357,2.05808,5865.63,2.0963652609006433,1500+
TR-037127,Providence,Fresno,37.37287,-69.5,33.07921,-119.79528,3317.1,Dry Van,26936.0,2025-08-23,0.90939,1.85866,5864.87,1.768071508245154,1500+
TR-006170,Providence,Phoenix,37.37287,-69.5,28.75668,-115.87725,3139.7,Reefer,26280.0,2025-02-08,0.95182,1.8737,5864.02,1.8677007357390836,1500+
TR-019272,Raleigh,Los Angeles,35.37376,-77.47605,28.56624,-116.70249,2760.6,Reefer,33568.0,2025-05-01,1.39771,2.00739,5860.88,2.1230457146997033,1500+
TR-019856,Los Angeles,Hartford,28.56624,-116.70249,39.55328,-72.18051,3047.6,Flatbed,27872.0,2025-05-05,1.18677,2.2296,5859.59,1.9226899855624098,1500+
TR-027910,San Francisco,Columbia,35.1967,-121.69849,34.6357,-83.28506,2492.4,Reefer,34097.0,2025-06-25,1.36287,2.37429,5856.82,2.349871609693468,1500+
TR-024508,Albany,Salt Lake City,43.96975,-71.05842,35.03488,-113.18895,2688.4,Reefer,47500.0,2025-06-03,1.28108,2.17317,5856.14,2.178299360214254,1500+
TR-039445,Phoenix,Providence,28.75668,-115.87725,37.37287,-69.5,3201.1,Dry Van,35349.0,2025-09-07,0.8212,1.84242,5853.34,1.828540189309925,1500+
TR-028201,New York,Tucson,40.00674,-73.7984,30.92733,-113.23037,2663.0,Reefer,26406.0,2025-06-27,1.32609,2.16939,5853.2,2.197972211791213,1500+
TR-014625,Hartford,Los Angeles,39.55328,-72.18051,28.56624,-116.70249,3074.8,Flatbed,33329.0,2025-04-02,1.21343,2.27222,5851.69,1.9031123975543123,1500+
TR-040488,Fresno,New York,33.07921,-119.79528,40.00674,-73.7984,2983.6,Reefer,16327.0,2025-09-13,0.90511,1.97768,5851.44,1.961201233409304,1500+
TR-029272,Philadelphia,Phoenix,39.22317,-72.9671,28.75668,-115.87725,2846.9,Flatbed,32588.0,2025-07-03,1.36539,2.13523,5851.06,2.0552390319294673,1500+
TR-013562,Baltimore,San Francisco,38.16908,-72.74564,35.1967,-121.69849,3106.8,Dry Van,33287.0,2025-03-27,1.22112,1.88133,5850.95,1.8832721771597785,1500+
TR-033860,Phoenix,Baltimore,28.75668,-115.87725,38.16908,-72.74564,2992.0,Flatbed,31498.0,2025-08-01,1.07157,2.63092,5850.29,1.9553108288770054,1500+
TR-034194,Bakersfield,Hartford,33.28832,-116.67935,39.55328,-72.18051,2918.4,Reefer,37432.0,2025-08-03,0.91157,2.02089,5849.97,2.0045127467105264,1500+
TR-042429,Philadelphia,Phoenix,39.22317,-72.9671,28.75668,-115.87725,2902.6,Flatbed,18464.0,2025-09-26,0.96987,2.05327,5847.69,2.014638599875973,1500+
TR-015287,Boston,San Francisco,39.27463,-69.5,35.1967,-121.69849,3284.2,Dry Van,36794.0,2025-04-06,0.98126,2.37687,5847.38,1.7804579501857378,1500+
TR-031898,Raleigh,Fresno,35.37376,-77.47605,33.07921,-119.79528,2808.4,Reefer,28759.0,2025-07-20,1.11535,2.06236,5847.05,2.08198618430423,1500+
TR-008215,Hartford,Los Angeles,39.55328,-72.18051,28.56624,-116.70249,3042.2,Flatbed,44131.0,2025-02-22,0.97847,1.90592,5846.39,1.9217638551048586,1500+
TR-041051,Bakersfield,Providence,33.28832,-116.67935,37.37287,-69.5,3117.0,Dry Van,41855.0,2025-09-17,0.9517,1.85153,5846.36,1.8756368302855309,1500+
TR-002768,Los Angeles,Boston,28.56624,-116.70249,39.27463,-69.5,3342.6,Dry Van,47500.0,2025-01-18,0.84914,1.75087,5846.04,1.7489499192245557,1500+
TR-016292,Reno,Hartford,39.54838,-118.64843,39.55328,-72.18051,2870.3,Reefer,40267.0,2025-04-13,1.06437,2.08358,5843.65,2.035902170504825,1500+
TR-039907,Phoenix,Providence,28.75668,-115.87725,37.37287,-69.5,3123.9,Dry Van,37996.0,2025-09-10,1.02575,1.87605,5842.69,1.870319152341624,1500+
TR-019598,Providence,Reno,37.37287,-69.5,39.54838,-118.64843,2935.7,Flatbed,33665.0,2025-05-03,1.30451,2.15359,5842.49,1.9901522635146645,1500+
TR-025923,Philadelphia,Fresno,39.22317,-72.9671,33.07921,-119.79528,3054.9,Dry Van,30276.0,2025-06-13,1.3377,1.93872,5841.52,1.9121804314380177,1500+
TR-040920,Bakersfield,Philadelphia,33.28832,-116.67935,39.22317,-72.9671,2820.4,Reefer,47500.0,2025-09-16,0.90779,2.04954,5841.12,2.071025386470004,1500+
TR-027243,Reno,Philadelphia,39.54838,-118.64843,39.22317,-72.9671,2802.1,Reefer,37656.0,2025-06-21,1.25154,2.06475,5840.48,2.0843224724313907,1500+
TR-038969,Los Angeles,Philadelphia,28.56624,-116.70249,39.22317,-72.9671,2976.6,Reefer,24331.0,2025-09-04,0.98546,1.95333,5839.12,1.9616743936034402,1500+
TR-016791,Fresno,Syracuse,33.07921,-119.79528,42.80915,-76.89973,2854.9,Reefer,31181.0,2025-04-16,1.38216,2.10285,5838.87,2.045209989842026,1500+
TR-018261,Los Angeles,Hartford,28.56624,-116.70249,39.55328,-72.18051,3043.8,Dry Van,33148.0,2025-04-25,1.30257,2.26199,5838.11,1.9180333793284707,1500+
TR-023353,Raleigh,Fresno,35.37376,-77.47605,33.07921,-119.79528,2813.0,Reefer,21617.0,2025-05-28,1.34629,2.11986,5831.98,2.073224315677213,1500+
TR-028355,Reno,Albany,39.54838,-118.64843,43.96975,-71.05842,2802.8,Flatbed,26579.0,2025-06-28,1.22543,2.09249,5831.9,2.080740687883545,1500+
TR-028717,Boston,Phoenix,39.27463,-69.5,28.75668,-115.87725,3084.2,Dry Van,27668.0,2025-06-30,1.17741,1.82561,5831.79,1.8908598664159264,1500+
TR-006453,Albany,Fresno,43.96975,-71.05842,33.07921,-119.79528,3132.3,Reefer,21609.0,2025-02-10,0.91875,1.88259,5831.72,1.8618012323212974,1500+
TR-013982,Los Angeles,Boston,28.56624,-116.70249,39.27463,-69.5,3198.5,Dry Van,29601.0,2025-03-30,0.95688,1.82354,5831.62,1.8232358918242926,1500+
TR-017194,Philadelphia,Los Angeles,39.22317,-72.9671,28.56624,-116.70249,3008.7,Reefer,21672.0,2025-04-18,1.3224,2.21212,5830.04,1.93772725761957,1500+
TR-017396,Phoenix,Providence,28.75668,-115.87725,37.37287,-69.5,3179.8,Dry Van,31553.0,2025-04-20,1.17295,2.29659,5828.71,1.8330429586766461,1500+
TR-016077,Tucson,Hartford,30.92733,-113.23037,39.55328,-72.18051,2788.5,Reefer,43104.0,2025-04-12,1.1003,1.98433,5827.15,2.0897077281692664,1500+
TR-023481,Bakersfield,Hartford,33.28832,-116.67935,39.55328,-72.18051,2861.3,Reefer,25874.0,2025-05-28,1.35515,2.12209,5826.19,2.036203823436899,1500+
TR-011755,Fresno,Hartford,33.07921,-119.79528,39.55328,-72.18051,3004.3,Flatbed,33597.0,2025-03-16,0.99503,1.92596,5825.36,1.9390074226941383,1500+
TR-026266,Fresno,Albany,33.07921,-119.79528,43.96975,-71.05842,3159.0,Dry Van,28720.0,2025-06-15,1.1652,1.8491,5825.16,1.843988603988604,1500+
TR-029419,Phoenix,Syracuse,28.75668,-115.87725,42.80915,-76.89973,2752.1,Reefer,33168.0,2025-07-04,1.3439,1.98503,5824.57,2.1164092874532177,1500+
TR-023366,San Francisco,Hartford,35.1967,-121.69849,39.55328,-72.18051,3133.6,Dry Van,31142.0,2025-05-28,1.37746,2.30868,5823.8,1.8585014041358183,1500+
TR-034952,Albany,Las Vegas,43.96975,-71.05842,33.22353,-115.24994,2854.5,Flatbed,43356.0,2025-08-08,1.06369,2.46509,5823.64,2.0401611490628833,1500+
TR-005507,Fresno,New York,33.07921,-119.79528,40.00674,-73.7984,2977.5,Reefer,47500.0,2025-02-04,0.94952,1.94897,5822.25,1.9554156171284636,1500+
TR-024426,Providence,Tucson,37.37287,-69.5,30.92733,-113.23037,2971.7,Dry Van,38191.0,2025-06-03,1.33265,1.94489,5820.15,1.9585254231584615,1500+
TR-014279,Baltimore,San Francisco,38.16908,-72.74564,35.1967,-121.69849,3125.2,Dry Van,42454.0,2025-03-31,1.03778,1.83915,5820.13,1.8623224113656727,1500+
TR-031284,Fresno,Richmond,33.07921,-119.79528,38.09122,-76.78906,2831.7,Reefer,19603.0,2025-07-16,1.2962,2.05737,5817.95,2.0545785217360595,1500+
TR-040211,Albany,Phoenix,43.96975,-71.05842,28.75668,-115.87725,3157.1,Dry Van,37597.0,2025-09-11,1.06902,1.8373,5816.71,1.8424218428304457,1500+
TR-027366,Hartford,Fresno,39.55328,-72.18051,33.07921,-119.79528,3095.5,Dry Van,35047.0,2025-06-21,1.22945,1.8749,5813.75,1.8781295428848328,1500+
TR-017164,Boston,Bakersfield,39.27463,-69.5,33.28832,-116.67935,3090.5,Dry Van,40814.0,2025-04-18,1.32146,2.27339,5812.89,1.8808898236531306,1500+
TR-043138,Fresno,Boston,33.07921,-119.79528,39.27463,-69.5,3302.0,Dry Van,25752.0,2025-09-30,0.81936,1.75802,5812.69,1.7603543307086613,1500+
TR-041234,Harrisburg,Los Angeles,39.71695,-78.12481,28.56624,-116.70249,2743.0,Reefer,41666.0,2025-09-18,0.9671,2.15228,5812.57,2.119055778344878,1500+
TR-025173,Toledo,Baltimore,41.97663,-84.45902,38.16908,-72.74564,806.2,Dry Van,35622.0,2025-06-08,1.17944,2.05644,5812.47,7.209712230215827,751-1000
TR-018076,Reno,Boston,39.54838,-118.64843,39.27463,-69.5,3094.3,Dry Van,37165.0,2025-04-24,1.32451,2.23241,5812.11,1.8783278932230227,1500+
TR-021659,New York,Los Angeles,40.00674,-73.7984,28.56624,-116.70249,3009.1,Flatbed,30086.0,2025-05-17,1.29276,2.29452,5810.55,1.9309926556113124,1500+
TR-041394,Philadelphia,Bakersfield,39.22317,-72.9671,33.28832,-116.67935,2815.0,Flatbed,40059.0,2025-09-19,0.92082,2.08998,5809.72,2.0638436944937832,1500+
TR-029227,Providence,Salt Lake City,37.37287,-69.5,35.03488,-113.18895,2837.5,Flatbed,26961.0,2025-07-03,1.33875,2.12638,5808.93,2.0472,1500+
TR-035908,Albany,Fresno,43.96975,-71.05842,33.07921,-119.79528,3141.2,Dry Van,40946.0,2025-08-15,1.0634,1.96248,5807.63,1.848857124665733,1500+
TR-024061,Bakersfield,New York,33.28832,-116.67935,40.00674,-73.7984,2776.2,Reefer,29914.0,2025-06-01,1.19701,2.0886,5807.31,2.0918197536200567,1500+
TR-029896,Tucson,Albany,30.92733,-113.23037,43.96975,-71.05842,2871.1,Flatbed,43179.0,2025-07-07,1.19871,2.15576,5806.21,2.0222945909233396,1500+
TR-000716,Los Angeles,Hartford,28.56624,-116.70249,39.55328,-72.18051,3096.7,Reefer,26946.0,2025-01-05,0.78584,1.86641,5805.26,1.8746601220654247,1500+
TR-010136,Las Vegas,Philadelphia,33.22353,-115.24994,39.22317,-72.9671,2768.8,Reefer,38553.0,2025-03-06,1.20374,2.07975,5804.95,2.0965580757006643,1500+
TR-015782,New York,San Francisco,40.00674,-73.7984,35.1967,-121.69849,3051.8,Dry Van,38981.0,2025-04-10,1.27739,2.24743,5803.69,1.901726849728029,1500+
TR-018819,New York,Phoenix,40.00674,-73.7984,28.75668,-115.87725,2877.0,Reefer,22029.0,2025-04-29,1.28894,2.19385,5803.25,2.017118526242614,1500+
TR-031152,Tucson,Boston,30.92733,-113.23037,39.27463,-69.5,2964.4,Dry Van,36520.0,2025-07-15,1.20081,2.23665,5802.66,1.9574483875320468,1500+
TR-032303,Hartford,Phoenix,39.55328,-72.18051,28.75668,-115.87725,3016.5,Dry Van,31496.0,2025-07-23,1.29367,2.21707,5802.22,1.923494115697,1500+
TR-032379,Fresno,Washington,33.07921,-119.79528,38.87577,-77.05086,2749.4,Reefer,29692.0,2025-07-23,1.25892,2.01333,5801.05,2.109933076307558,1500+
TR-031209,Las Vegas,New York,33.22353,-115.24994,40.00674,-73.7984,2691.0,Reefer,37157.0,2025-07-15,1.25116,1.9963,5800.11,2.1553734671125975,1500+
TR-030579,Bakersfield,Philadelphia,33.28832,-116.67935,39.22317,-72.9671,2860.9,Reefer,25489.0,2025-07-12,1.2041,2.1393,5799.27,2.027078891257996,1500+
TR-032899,Philadelphia,Los Angeles,39.22317,-72.9671,28.56624,-116.70249,3000.2,Flatbed,35666.0,2025-07-26,0.99357,2.19946,5798.7,1.932771148590094,1500+
TR-041181,Philadelphia,Tucson,39.22317,-72.9671,30.92733,-113.23037,2721.2,Reefer,34094.0,2025-09-18,0.96268,2.10706,5797.14,2.1303616051741883,1500+
TR-039909,Montgomery,Washington,31.37602,-86.10743,38.87577,-77.05086,838.2,Reefer,31435.0,2025-09-10,0.97825,2.30039,5795.79,6.914566929133858,751-1000
TR-025050,Phoenix,Boston,28.75668,-115.87725,39.27463,-69.5,3188.7,Dry Van,33159.0,2025-06-07,1.23681,1.82578,5795.0,1.817355034967228,1500+
TR-032321,El Paso,Boston,33.31075,-110.3123,39.27463,-69.5,2711.1,Flatbed,44796.0,2025-07-23,1.31257,1.99169,5793.1,2.13680793773745,1500+
TR-029617,Hartford,Reno,39.55328,-72.18051,39.54838,-118.64843,2869.6,Reefer,28704.0,2025-07-06,1.16639,2.16623,5790.14,2.017751603010873,1500+
TR-022579,Albany,Phoenix,43.96975,-71.05842,28.75668,-115.87725,3082.0,Dry Van,44649.0,2025-05-23,1.32544,2.2721,5789.47,1.8784782608695654,1500+
TR-003694,Baltimore,Los Angeles,38.16908,-72.74564,28.56624,-116.70249,3082.7,Reefer,20608.0,2025-01-24,1.01186,1.8738,5789.36,1.8780160249132254,1500+
TR-025984,Philadelphia,San Francisco,39.22317,-72.9671,35.1967,-121.69849,3113.6,Dry Van,28421.0,2025-06-13,1.34584,1.86283,5788.76,1.8591855087358686,1500+
TR-041444,Reno,Philadelphia,39.54838,-118.64843,39.22317,-72.9671,2813.0,Reefer,47500.0,2025-09-19,0.88952,2.05347,5785.57,2.056725915392819,1500+
TR-023182,Los Angeles,Richmond,28.56624,-116.70249,38.09122,-76.78906,2786.5,Reefer,36503.0,2025-05-26,1.19358,2.08065,5785.02,2.0760882827920333,1500+
TR-007259,Providence,Fresno,37.37287,-69.5,33.07921,-119.79528,3249.8,Dry Van,40212.0,2025-02-15,0.93308,1.80433,5783.97,1.7797926026216997,1500+
TR-026984,Fresno,New York,33.07921,-119.79528,40.00674,-73.7984,2981.4,Dry Van,42061.0,2025-06-19,1.35946,1.91399,5780.47,1.938844167169786,1500+
TR-028861,Harrisburg,San Francisco,39.71695,-78.12481,35.1967,-121.69849,2795.8,Flatbed,41714.0,2025-07-01,1.24182,2.01978,5777.13,2.066360254667716,1500+
TR-013531,Bakersfield,Boston,33.28832,-116.67935,39.27463,-69.5,3012.2,Dry Van,42896.0,2025-03-27,1.19641,1.91977,5776.87,1.9178241816612442,1500+
TR-028196,Reno,Charleston,39.54838,-118.64843,34.15334,-79.74475,2551.3,Flatbed,40449.0,2025-06-27,1.32792,2.29976,5775.35,2.2636890996746755,1500+
TR-034375,Los Angeles,Albany,28.56624,-116.70249,43.96975,-71.05842,3111.3,Dry Van,46313.0,2025-08-05,1.04108,1.96427,5775.22,1.8562080159418892,1500+
TR-028746,Baltimore,San Francisco,38.16908,-72.74564,35.1967,-121.69849,3203.2,Dry Van,25511.0,2025-06-30,1.16353,1.74899,5774.82,1.8028284215784216,1500+
TR-038590,Fresno,Philadelphia,33.07921,-119.79528,39.22317,-72.9671,3029.1,Flatbed,30854.0,2025-09-01,0.85058,1.88444,5774.35,1.906292298042323,1500+
TR-029273,Philadelphia,Los Angeles,39.22317,-72.9671,28.56624,-116.70249,2956.3,Dry Van,38297.0,2025-07-03,1.31643,2.20379,5773.55,1.9529648547170448,1500+
TR-015506,Reno,Boston,39.54838,-118.64843,39.27463,-69.5,3025.3,Reefer,25859.0,2025-04-08,1.12829,2.25552,5772.71,1.9081446468118863,1500+
TR-023597,Fresno,Hartford,33.07921,-119.79528,39.55328,-72.18051,3086.3,Dry Van,25618.0,2025-05-29,1.4084,2.2357,5771.95,1.8701843631532902,1500+
TR-013797,Providence,Bakersfield,37.37287,-69.5,33.28832,-116.67935,3124.4,Dry Van,34265.0,2025-03-29,1.10128,1.86092,5770.23,1.8468281910126743,1500+
TR-001934,Philadelphia,Phoenix,39.22317,-72.9671,28.75668,-115.87725,3034.7,Reefer,35244.0,2025-01-13,0.81413,1.8913,5769.69,1.9012390022077965,1500+
TR-021643,Reno,Boston,39.54838,-118.64843,39.27463,-69.5,2990.7,Dry Van,34888.0,2025-05-17,1.314,2.19839,5768.43,1.9287892466646606,1500+
TR-038789,San Francisco,Richmond,35.1967,-121.69849,38.09122,-76.78906,2935.3,Reefer,30996.0,2025-09-03,0.99588,1.93528,5768.28,1.9651415528225393,1500+
TR-024468,Syracuse,San Francisco,42.80915,-76.89973,35.1967,-121.69849,2809.5,Flatbed,43908.0,2025-06-03,1.29392,2.03214,5768.19,2.0531019754404696,1500+
TR-025049,Hartford,Tucson,39.55328,-72.18051,30.92733,-113.23037,2778.5,Reefer,18418.0,2025-06-07,1.25958,2.05198,5768.12,2.0759834443044807,1500+
TR-030434,Philadelphia,Las Vegas,39.22317,-72.9671,33.22353,-115.24994,2767.4,Flatbed,43608.0,2025-07-11,1.26597,2.0502,5767.46,2.084071691840717,1500+
TR-010610,Philadelphia,Las Vegas,39.22317,-72.9671,33.22353,-115.24994,2772.7,Reefer,35767.0,2025-03-09,0.99799,2.08556,5765.31,2.07931258340246,1500+
TR-015920,Los Angeles,Boston,28.56624,-116.70249,39.27463,-69.5,3279.1,Dry Van,24954.0,2025-04-11,1.1911,2.39972,5764.6,1.757982373212162,1500+
TR-036288,Fresno,New York,33.07921,-119.79528,40.00674,-73.7984,3038.9,Reefer,20241.0,2025-08-17,0.87611,2.39472,5763.0,1.8964098851558129,1500+
TR-011809,Bakersfield,Boston,33.28832,-116.67935,39.27463,-69.5,3028.4,Reefer,22978.0,2025-03-16,0.97024,1.8879,5762.63,1.9028628978998812,1500+
TR-028240,Raleigh,Phoenix,35.37376,-77.47605,28.75668,-115.87725,2673.9,Reefer,25846.0,2025-06-27,1.34172,2.18506,5762.14,2.154957178652904,1500+
TR-020212,Philadelphia,Los Angeles,39.22317,-72.9671,28.56624,-116.70249,3101.9,Dry Van,36057.0,2025-05-07,1.34663,2.28014,5762.07,1.8575937328734,1500+
TR-021386,Richmond,San Francisco,38.09122,-76.78906,35.1967,-121.69849,2863.6,Flatbed,15962.0,2025-05-15,1.41392,2.14692,5760.23,2.0115344321832658,1500+
TR-015922,Los Angeles,Albany,28.56624,-116.70249,43.96975,-71.05842,3170.1,Dry Van,42473.0,2025-04-11,1.18092,2.35152,5760.07,1.816999463739314,1500+
TR-034963,San Francisco,Hartford,35.1967,-121.69849,39.55328,-72.18051,3164.1,Dry Van,42076.0,2025-08-08,1.07587,2.09687,5760.01,1.8204260295186627,1500+
TR-020849,San Francisco,Raleigh,35.1967,-121.69849,35.37376,-77.47605,2907.2,Flatbed,37362.0,2025-05-12,1.18528,2.08886,5759.81,1.981222482113374,1500+
TR-024617,Fresno,Syracuse,33.07921,-119.79528,42.80915,-76.89973,2834.3,Flatbed,25891.0,2025-06-04,1.35768,2.03332,5758.98,2.0318879441131847,1500+
TR-019553,Bakersfield,New York,33.28832,-116.67935,40.00674,-73.7984,2854.7,Flatbed,39799.0,2025-05-03,1.23844,2.1343,5758.32,2.017136651837321,1500+
TR-028225,Hartford,Phoenix,39.55328,-72.18051,28.75668,-115.87725,2979.1,Dry Van,28360.0,2025-06-27,1.28027,1.90377,5757.86,1.9327515021315163,1500+
TR-010758,Washington,San Francisco,38.87577,-77.05086,35.1967,-121.69849,2818.6,Reefer,40745.0,2025-03-10,1.03091,2.04617,5757.78,2.0427801035975306,1500+
TR-032310,Fresno,Baltimore,33.07921,-119.79528,38.16908,-72.74564,3010.0,Dry Van,28437.0,2025-07-23,1.31642,2.24584,5756.91,1.912594684385382,1500+
TR-022917,Hartford,Fresno,39.55328,-72.18051,33.07921,-119.79528,3085.1,Dry Van,41623.0,2025-05-25,1.17968,2.27226,5755.01,1.8654208939742636,1500+
TR-037063,Tucson,Philadelphia,30.92733,-113.23037,39.22317,-72.9671,2717.5,Reefer,38229.0,2025-08-22,1.02717,2.15324,5754.79,2.1176780128794848,1500+
TR-033949,Hartford,Los Angeles,39.55328,-72.18051,28.56624,-116.70249,3114.5,Dry Van,37440.0,2025-08-02,0.98798,1.78089,5754.26,1.8475710386899984,1500+
TR-042763,Fresno,Charleston,33.07921,-119.79528,34.15334,-79.74475,2695.0,Flatbed,39795.0,2025-09-28,0.79712,2.10999,5754.21,2.1351428571428572,1500+
TR-013075,Washington,Los Angeles,38.87577,-77.05086,28.56624,-116.70249,2743.2,Reefer,35746.0,2025-03-24,1.02985,2.1178,5753.11,2.0972258675998834,1500+
TR-024877,Reno,Boston,39.54838,-118.64843,39.27463,-69.5,3085.4,Dry Van,28630.0,2025-06-06,1.31882,1.85046,5752.62,1.8644648992026964,1500+
TR-002465,San Francisco,Hartford,35.1967,-121.69849,39.55328,-72.18051,3154.2,Reefer,19669.0,2025-01-16,1.04627,1.83817,5752.54,1.8237714792974449,1500+
TR-029653,San Francisco,Raleigh,35.1967,-121.69849,35.37376,-77.47605,2839.1,Reefer,22643.0,2025-07-06,1.14193,2.14449,5751.03,2.0256524955091404,1500+
TR-035245,Providence,Los Angeles,37.37287,-69.5,28.56624,-116.70249,3204.8,Flatbed,17047.0,2025-08-10,0.88036,2.18852,5749.81,1.7941244383424864,1500+
TR-029398,San Francisco,Syracuse,35.1967,-121.69849,42.80915,-76.89973,2829.7,Flatbed,34230.0,2025-07-04,1.29302,2.11166,5749.58,2.0318691027317386,1500+
TR-023937,Charleston,San Francisco,34.15334,-79.74475,35.1967,-121.69849,2803.0,Reefer,23543.0,2025-05-31,1.28383,2.04448,5748.33,2.0507777381377097,1500+
TR-015215,Albany,Los Angeles,43.96975,-71.05842,28.56624,-116.70249,3093.9,Reefer,22922.0,2025-04-06,1.06546,2.31253,5746.07,1.8572255082581852,1500+
TR-040148,Philadelphia,Fresno,39.22317,-72.9671,33.07921,-119.79528,3082.4,Dry Van,40606.0,2025-09-11,0.99241,1.87934,5746.04,1.8641448222164547,1500+
TR-042831,Reno,Hartford,39.54838,-118.64843,39.55328,-72.18051,2840.3,Reefer,29261.0,2025-09-28,0.74632,1.99224,5745.39,2.0228109706721122,1500+
TR-010335,San Francisco,Syracuse,35.1967,-121.69849,42.80915,-76.89973,2916.1,Reefer,26209.0,2025-03-07,1.12384,1.98311,5743.45,1.9695655155858853,1500+
TR-017232,Tucson,Providence,30.92733,-113.23037,37.37287,-69.5,2935.1,Flatbed,25936.0,2025-04-19,1.23697,2.18991,5742.72,1.9565670675615823,1500+
TR-012592,Los Angeles,Richmond,28.56624,-116.70249,38.09122,-76.78906,2749.0,Reefer,47500.0,2025-03-21,1.13917,2.10986,5741.43,2.088552200800291,1500+
TR-034215,Boston,Phoenix,39.27463,-69.5,28.75668,-115.87725,3192.5,Dry Van,27381.0,2025-08-04,0.97369,1.88705,5739.34,1.797757243539546,1500+
TR-029424,Philadelphia,Phoenix,39.22317,-72.9671,28.75668,-115.87725,2920.3,Flatbed,33378.0,2025-07-04,1.27382,2.17365,5739.12,1.965250145532993,1500+
TR-035576,Tucson,Boston,30.92733,-113.23037,39.27463,-69.5,2906.6,Flatbed,31469.0,2025-08-13,1.06099,1.75869,5738.04,1.9741416087524943,1500+
TR-010511,Las Vegas,Albany,33.22353,-115.24994,43.96975,-71.05842,2898.3,Reefer,40845.0,2025-03-08,1.00609,1.95695,5737.82,1.9797191457061034,1500+
TR-007455,Richmond,Nashville,38.09122,-76.78906,35.29479,-88.08915,794.0,Dry Van,16548.0,2025-02-17,0.89741,1.85064,5737.51,7.226083123425693,751-1000
TR-031208,Hartford,Fresno,39.55328,-72.18051,33.07921,-119.79528,3089.5,Dry Van,28362.0,2025-07-15,1.27348,2.32625,5737.5,1.8570966175756596,1500+
TR-020395,Boston,Reno,39.27463,-69.5,39.54838,-118.64843,2966.6,Flatbed,27599.0,2025-05-09,1.30883,2.23503,5736.85,1.9338131193959416,1500+
TR-015277,Albany,Phoenix,43.96975,-71.05842,28.75668,-115.87725,3007.1,Flatbed,36412.0,2025-04-06,1.06198,2.26402,5736.83,1.90776163080709,1500+
TR-012290,Phoenix,Harrisburg,28.75668,-115.87725,39.71695,-78.12481,2709.4,Reefer,34542.0,2025-03-19,1.14846,2.13128,5736.36,2.117206761644644,1500+
TR-032557,Hartford,Phoenix,39.55328,-72.18051,28.75668,-115.87725,2963.8,Dry Van,34450.0,2025-07-24,1.32015,2.24016,5736.22,1.9354274917335852,1500+
TR-008860,Hartford,San Francisco,39.55328,-72.18051,35.1967,-121.69849,3215.6,Dry Van,36952.0,2025-02-26,1.13331,1.78731,5736.14,1.7838474934693371,1500+
TR-033936,Hartford,Phoenix,39.55328,-72.18051,28.75668,-115.87725,2994.7,Reefer,20019.0,2025-08-02,0.99075,2.34105,5735.1,1.9150833138544765,1500+
TR-032406,Phoenix,Philadelphia,28.75668,-115.87725,39.22317,-72.9671,2924.8,Flatbed,30159.0,2025-07-23,1.29494,2.1532,5734.76,1.9607357768052516,1500+
TR-015729,Albany,Fresno,43.96975,-71.05842,33.07921,-119.79528,3170.7,Dry Van,37581.0,2025-04-09,1.20216,2.38738,5734.74,1.8086668558993282,1500+
TR-027317,Charleston,Los Angeles,34.15334,-79.74475,28.56624,-116.70249,2635.3,Reefer,30306.0,2025-06-21,1.22834,2.12684,5733.53,2.1756650096763175,1500+
TR-021543,Columbia,Tampa,34.6357,-83.28506,28.35765,-86.94782,578.6,Dry Van,31284.0,2025-05-16,1.30343,1.8673,5733.17,9.908693397856895,501-750
TR-011471,Bakersfield,Albany,33.28832,-116.67935,43.96975,-71.05842,2939.7,Flatbed,32661.0,2025-03-14,1.11708,1.95576,5732.41,1.9499982991461715,1500+
TR-024333,Providence,Los Angeles,37.37287,-69.5,28.56624,-116.70249,3291.3,Dry Van,22152.0,2025-06-02,1.22489,1.74445,5729.57,1.7408227751952114,1500+
TR-040073,Los Angeles,Raleigh,28.56624,-116.70249,35.37376,-77.47605,2744.5,Reefer,35031.0,2025-09-11,1.00366,2.09355,5729.48,2.087622517762798,1500+
TR-018411,Phoenix,Providence,28.75668,-115.87725,37.37287,-69.5,3146.1,Dry Van,34527.0,2025-04-26,1.25286,2.35812,5728.67,1.8208798194590128,1500+
TR-041891,Philadelphia,Reno,39.22317,-72.9671,39.54838,-118.64843,2803.4,Flatbed,47500.0,2025-09-22,0.77877,2.04486,5728.27,2.043329528429764,1500+
TR-023820,Hartford,Bakersfield,39.55328,-72.18051,33.28832,-116.67935,2936.0,Dry Van,39462.0,2025-05-30,1.35484,2.22534,5727.48,1.950776566757493,1500+
TR-001015,Las Vegas,Boston,33.22353,-115.24994,39.27463,-69.5,2997.9,Reefer,38248.0,2025-01-07,0.87398,1.89721,5726.15,1.9100537042596482,1500+
TR-030509,Baltimore,Fresno,38.16908,-72.74564,33.07921,-119.79528,3094.4,Dry Van,23832.0,2025-07-11,1.28905,2.26552,5725.17,1.8501712771458119,1500+
TR-042160,Hartford,Fresno,39.55328,-72.18051,33.07921,-119.79528,3104.3,Dry Van,40421.0,2025-09-24,0.9464,1.82472,5724.44,1.8440356924266337,1500+
TR-025475,Philadelphia,Los Angeles,39.22317,-72.9671,28.56624,-116.70249,3057.9,Dry Van,31508.0,2025-06-10,1.30795,1.87765,5724.29,1.8719676902449394,1500+
TR-007319,Boston,Los Angeles,39.27463,-69.5,28.56624,-116.70249,3276.9,Dry Van,40390.0,2025-02-16,0.89602,1.73899,5724.2,1.7468338978912996,1500+
TR-019807,Bakersfield,Boston,33.28832,-116.67935,39.27463,-69.5,3004.9,Dry Van,42606.0,2025-05-05,1.18378,2.25813,5723.61,1.904758893806782,1500+
TR-040233,Fresno,Syracuse,33.07921,-119.79528,42.80915,-76.89973,2805.7,Reefer,29425.0,2025-09-12,0.98085,2.03308,5722.29,2.039523113661475,1500+
TR-013743,San Francisco,Savannah,35.1967,-121.69849,33.60973,-82.29994,2620.0,Flatbed,37238.0,2025-03-28,1.18748,2.20058,5722.04,2.1839847328244275,1500+
TR-008214,Bakersfield,Philadelphia,33.28832,-116.67935,39.22317,-72.9671,2823.8,Reefer,33311.0,2025-02-22,1.05194,2.00263,5721.11,2.0260322969048796,1500+
TR-030002,Boston,Bakersfield,39.27463,-69.5,33.28832,-116.67935,3038.0,Dry Van,30829.0,2025-07-08,1.27583,2.27616,5720.81,1.8830842659644504,1500+
TR-012612,Bakersfield,Providence,33.28832,-116.67935,37.37287,-69.5,3192.5,Dry Van,33047.0,2025-03-21,1.15502,1.75554,5720.07,1.7917212216131557,1500+
TR-034891,Syracuse,San Francisco,42.80915,-76.89973,35.1967,-121.69849,2862.6,Reefer,39753.0,2025-08-08,1.06753,2.38866,5720.06,1.9982044295395796,1500+
TR-013756,Baltimore,Phoenix,38.16908,-72.74564,28.75668,-115.87725,3023.9,Dry Van,33125.0,2025-03-28,1.16702,1.89141,5719.37,1.8913886041205066,1500+
TR-029755,Baltimore,Bakersfield,38.16908,-72.74564,33.28832,-116.67935,2883.0,Flatbed,30230.0,2025-07-06,1.18323,2.19537,5719.02,1.9837044745057233,1500+
TR-019962,Philadelphia,Bakersfield,39.22317,-72.9671,33.28832,-116.67935,2806.8,Reefer,24618.0,2025-05-06,1.29387,2.13505,5718.15,2.0372488242838815,1500+
TR-021163,Phoenix,Hartford,28.75668,-115.87725,39.55328,-72.18051,2992.0,Dry Van,35417.0,2025-05-14,1.32846,2.2661,5717.93,1.911072860962567,1500+
TR-032718,Fresno,Providence,33.07921,-119.79528,37.37287,-69.5,3292.5,Dry Van,20927.0,2025-07-25,1.09852,2.39718,5716.61,1.7362520880789674,1500+
TR-025018,Tucson,Philadelphia,30.92733,-113.23037,39.22317,-72.9671,2675.9,Reefer,28544.0,2025-06-07,1.25807,2.1167,5716.29,2.1362121155499083,1500+
TR-038953,Phoenix,New York,28.75668,-115.87725,40.00674,-73.7984,2915.7,Flatbed,37607.0,2025-09-04,1.01001,1.94743,5716.18,1.960482902904963,1500+
TR-009291,Providence,Fresno,37.37287,-69.5,33.07921,-119.79528,3187.8,Dry Van,35981.0,2025-03-01,0.94226,1.79216,5715.83,1.79303281259803,1500+
TR-001506,Charleston,Fresno,34.15334,-79.74475,33.07921,-119.79528,2781.4,Reefer,43724.0,2025-01-10,0.97616,2.0621,5715.53,2.054911195800676,1500+
TR-040345,New York,Bakersfield,40.00674,-73.7984,33.28832,-116.67935,2727.3,Reefer,35945.0,2025-09-12,0.95892,2.07547,5715.39,2.0956220437795623,1500+
TR-035787,Hartford,San Francisco,39.55328,-72.18051,35.1967,-121.69849,3165.8,Dry Van,29798.0,2025-08-14,1.1177,1.88943,5714.96,1.8052182702634405,1500+
TR-039963,Los Angeles,Albany,28.56624,-116.70249,43.96975,-71.05842,3101.9,Dry Van,45201.0,2025-09-10,1.02655,1.84829,5714.34,1.842206389632161,1500+
TR-037966,Phoenix,Providence,28.75668,-115.87725,37.37287,-69.5,3053.2,Dry Van,37967.0,2025-08-28,1.07672,1.98865,5712.69,1.8710500458535306,1500+
TR-042508,Phoenix,Hartford,28.75668,-115.87725,39.55328,-72.18051,3102.5,Dry Van,36004.0,2025-09-26,0.91948,1.82474,5711.86,1.8410507655116841,1500+
TR-021734,Los Angeles,Syracuse,28.56624,-116.70249,42.80915,-76.89973,2753.3,Reefer,36613.0,2025-05-17,1.27086,2.07778,5711.42,2.074390731122653,1500+
TR-028942,Charleston,Fresno,34.15334,-79.74475,33.07921,-119.79528,2711.4,Reefer,29831.0,2025-07-02,1.32102,2.0479,5711.09,2.1063251456811978,1500+
TR-029764,Albany,Phoenix,43.96975,-71.05842,28.75668,-115.87725,3101.5,Dry Van,29748.0,2025-07-07,1.1806,2.31403,5710.29,1.8411381589553442,1500+
TR-041722,Providence,Phoenix,37.37287,-69.5,28.75668,-115.87725,3153.9,Dry Van,47500.0,2025-09-21,0.76983,1.79357,5709.8,1.8103934810869082,1500+
TR-033976,Boston,Bakersfield,39.27463,-69.5,33.28832,-116.67935,3105.3,Dry Van,27881.0,2025-08-02,1.05563,2.31267,5709.31,1.8385695423952597,1500+
TR-020949,Tucson,Providence,30.92733,-113.23037,37.37287,-69.5,2977.6,Dry Van,41236.0,2025-05-12,1.22672,2.24861,5708.9,1.9172823750671681,1500+
TR-032523,Providence,Tucson,37.37287,-69.5,30.92733,-113.23037,2896.9,Dry Van,37612.0,2025-07-24,1.28925,2.16677,5708.78,1.9706513859643064,1500+
TR-029663,Bakersfield,Philadelphia,33.28832,-116.67935,39.22317,-72.9671,2805.7,Reefer,28436.0,2025-07-06,1.18907,2.05877,5707.96,2.0344156538475247,1500+
TR-002782,Fresno,Richmond,33.07921,-119.79528,38.09122,-76.78906,2816.5,Reefer,45596.0,2025-01-18,0.89629,2.02877,5707.92,2.026600390555654,1500+
TR-032037,Hartford,Bakersfield,39.55328,-72.18051,33.28832,-116.67935,2877.1,Reefer,23211.0,2025-07-21,1.11626,2.17965,5705.67,1.9831323207396336,1500+
TR-034846,Phoenix,Albany,28.75668,-115.87725,43.96975,-71.05842,3171.5,Dry Van,31463.0,2025-08-08,1.06899,1.81247,5705.66,1.799041463030112,1500+
TR-026035,Fresno,Philadelphia,33.07921,-119.79528,39.22317,-72.9671,3065.6,Dry Van,25235.0,2025-06-13,1.34723,1.84537,5704.4,1.860777661795407,1500+
TR-009017,Bakersfield,Baltimore,33.28832,-116.67935,38.16908,-72.74564,2842.6,Reefer,33501.0,2025-02-27,1.1153,1.97639,5703.76,2.0065292338000424,1500+
TR-040900,Bakersfield,Hartford,33.28832,-116.67935,39.55328,-72.18051,2941.1,Reefer,19750.0,2025-09-16,0.84882,1.87937,5703.47,1.9392302199857199,1500+
TR-030868,Phoenix,Philadelphia,28.75668,-115.87725,39.22317,-72.9671,2961.2,Flatbed,43824.0,2025-07-13,1.15465,2.23513,5702.78,1.9258341213021748,1500+
TR-042392,Harrisburg,Los Angeles,39.71695,-78.12481,28.56624,-116.70249,2673.9,Reefer,46520.0,2025-09-25,0.95133,2.1287,5701.19,2.132162758517521,1500+
TR-001563,Providence,Bakersfield,37.37287,-69.5,33.28832,-116.67935,3060.6,Flatbed,28296.0,2025-01-10,0.99267,1.84482,5700.42,1.862517153499314,1500+
TR-041705,Albany,Los Angeles,43.96975,-71.05842,28.56624,-116.70249,3198.5,Dry Van,40957.0,2025-09-21,0.77492,1.79314,5700.34,1.7821916523370331,1500+
TR-020990,Los Angeles,Philadelphia,28.56624,-116.70249,39.22317,-72.9671,2999.4,Dry Van,47211.0,2025-05-13,1.3103,2.19458,5699.23,1.9001233580049341,1500+
TR-027594,Albany,Bakersfield,43.96975,-71.05842,33.28832,-116.67935,2960.7,Dry Van,47500.0,2025-06-23,1.18217,1.90389,5698.88,1.924842098152464,1500+
TR-023661,Hartford,Los Angeles,39.55328,-72.18051,28.56624,-116.70249,3047.0,Dry Van,38939.0,2025-05-30,1.33508,2.32506,5697.31,1.8698096488349196,1500+
TR-030997,Boston,Albuquerque,39.27463,-69.5,35.39918,-109.59792,2615.7,Reefer,43165.0,2025-07-14,1.14254,1.9313,5696.87,2.177952364567802,1500+
TR-026569,San Francisco,New York,35.1967,-121.69849,40.00674,-73.7984,3033.4,Dry Van,37018.0,2025-06-17,1.25089,1.84069,5696.73,1.8780015823828047,1500+
TR-027208,New York,Bakersfield,40.00674,-73.7984,33.28832,-116.67935,2830.7,Dry Van,39998.0,2025-06-20,1.30973,2.02985,5696.34,2.0123432366552443,1500+
TR-025071,Hartford,Reno,39.55328,-72.18051,39.54838,-118.64843,2808.4,Reefer,27848.0,2025-06-07,1.29423,2.04137,5696.32,2.0283150548354936,1500+
TR-041156,Raleigh,Phoenix,35.37376,-77.47605,28.75668,-115.87725,2680.4,Reefer,33738.0,2025-09-18,0.98041,2.12638,5695.78,2.1249738844948514,1500+
TR-024423,Richmond,Phoenix,38.09122,-76.78906,28.75668,-115.87725,2702.3,Flatbed,35795.0,2025-06-03,1.2956,2.13369,5695.17,2.107526921511305,1500+
TR-008113,Albany,Bakersfield,43.96975,-71.05842,33.28832,-116.67935,2928.2,Reefer,27262.0,2025-02-21,1.09673,1.92776,5692.4,1.9439928966600641,1500+
TR-042186,Los Angeles,Albany,28.56624,-116.70249,43.96975,-71.05842,3161.7,Dry Van,25804.0,2025-09-24,1.0558,1.78731,5692.34,1.8004048454945125,1500+
TR-042896,Philadelphia,Fresno,39.22317,-72.9671,33.07921,-119.79528,3032.0,Dry Van,34710.0,2025-09-29,0.77544,1.86546,5691.61,1.8771800791556728,1500+
TR-035562,Bakersfield,Hartford,33.28832,-116.67935,39.55328,-72.18051,2849.4,Reefer,21555.0,2025-08-13,1.05525,1.61511,5690.1,1.9969467256264477,1500+
TR-013419,Columbia,Baton Rouge,34.6357,-83.28506,30.50134,-92.65374,711.6,Flatbed,25051.0,2025-03-26,1.15444,2.41337,5689.54,7.995418774592467,501-750
TR-014494,Hartford,Fresno,39.55328,-72.18051,33.07921,-119.79528,3081.0,Dry Van,36308.0,2025-04-02,1.17551,2.26628,5688.74,1.846394027913015,1500+
TR-024154,Hartford,Phoenix,39.55328,-72.18051,28.75668,-115.87725,2990.2,Dry Van,33685.0,2025-06-01,1.21533,1.90069,5688.5,1.9023811116313292,1500+
TR-025864,Hartford,Tucson,39.55328,-72.18051,30.92733,-113.23037,2685.0,Reefer,20183.0,2025-06-12,1.41257,2.07196,5687.09,2.118096834264432,1500+
TR-003517,Hartford,Bakersfield,39.55328,-72.18051,33.28832,-116.67935,2925.8,Reefer,25971.0,2025-01-23,1.04802,1.93869,5687.05,1.9437589719051198,1500+
TR-026509,San Francisco,Charleston,35.1967,-121.69849,34.15334,-79.74475,2658.3,Reefer,31169.0,2025-06-16,1.22159,2.13899,5687.04,2.1393522175826654,1500+
TR-039308,Richmond,San Francisco,38.09122,-76.78906,35.1967,-121.69849,2894.6,Reefer,20672.0,2025-09-06,0.8829,1.98585,5686.61,1.9645581427485663,1500+
TR-027586,Providence,Bakersfield,37.37287,-69.5,33.28832,-116.67935,2988.7,Dry Van,28187.0,2025-06-23,1.19476,1.90796,5686.29,1.9025964466155856,1500+
TR-021145,Fresno,New York,33.07921,-119.79528,40.00674,-73.7984,2975.7,Flatbed,17539.0,2025-05-14,1.3503,2.24504,5685.8,1.9107436905602044,1500+
TR-042127,Reno,Hartford,39.54838,-118.64843,39.55328,-72.18051,2886.3,Reefer,21002.0,2025-09-24,0.95882,1.96269,5685.16,1.9697051588538959,1500+
TR-021275,Philadelphia,El Paso,39.22317,-72.9671,33.31075,-110.3123,2520.1,Reefer,39354.0,2025-05-14,1.3409,1.9116,5684.88,2.255815245426769,1500+
TR-015965,Boston,Reno,39.27463,-69.5,39.54838,-118.64843,2904.6,Flatbed,40062.0,2025-04-11,1.21074,2.20683,5684.12,1.9569372719135165,1500+
TR-024403,Hartford,Bakersfield,39.55328,-72.18051,33.28832,-116.67935,2852.2,Reefer,12664.0,2025-06-03,1.2904,2.01265,5684.1,1.9928826870485943,1500+
TR-021616,Fresno,Philadelphia,33.07921,-119.79528,39.22317,-72.9671,3019.0,Dry Van,35048.0,2025-05-17,1.31078,2.23816,5683.9,1.8827095064590922,1500+
TR-034654,Tulsa,Lexington,33.45894,-94.78556,36.99152,-84.99876,714.5,Reefer,33352.0,2025-08-06,1.10457,1.74392,5683.71,7.95480755773268,501-750
TR-042007,Albany,Los Angeles,43.96975,-71.05842,28.56624,-116.70249,3215.7,Dry Van,29302.0,2025-09-23,0.87889,1.79675,5683.63,1.7674627608296796,1500+
TR-016985,Albany,Fresno,43.96975,-71.05842,33.07921,-119.79528,3153.4,Dry Van,31332.0,2025-04-17,1.31194,2.38973,5683.2,1.8022451956618253,1500+
TR-040831,Albany,Tucson,43.96975,-71.05842,30.92733,-113.23037,2772.6,Reefer,35500.0,2025-09-15,0.84458,2.03272,5682.27,2.049437351222679,1500+
TR-042272,Richmond,Reno,38.09122,-76.78906,39.54838,-118.64843,2624.6,Flatbed,36497.0,2025-09-25,0.99381,2.16813,5681.94,2.16487845766974,1500+
TR-011427,Los Angeles,Raleigh,28.56624,-116.70249,35.37376,-77.47605,2734.2,Reefer,35877.0,2025-03-14,1.14486,2.06634,5681.84,2.0780630531782607,1500+
TR-001783,Los Angeles,Hartford,28.56624,-116.70249,39.55328,-72.18051,3091.0,Reefer,22125.0,2025-01-12,0.82513,1.88392,5681.42,1.8380524102232287,1500+
TR-038714,Bakersfield,Philadelphia,33.28832,-116.67935,39.22317,-72.9671,2837.4,Flatbed,36504.0,2025-09-02,0.92659,1.98684,5681.04,2.0021991964474517,1500+
TR-035744,Baltimore,Fresno,38.16908,-72.74564,33.07921,-119.79528,3121.5,Dry Van,25340.0,2025-08-14,1.09789,2.19618,5680.52,1.8198045811308667,1500+
TR-042512,Harrisburg,Fresno,39.71695,-78.12481,33.07921,-119.79528,2647.5,Flatbed,35997.0,2025-09-26,0.88774,2.15952,5677.85,2.144608120868744,1500+
TR-041425,Bakersfield,Philadelphia,33.28832,-116.67935,39.22317,-72.9671,2861.0,Reefer,25683.0,2025-09-19,0.90352,1.99178,5677.76,1.9845368752184551,1500+
TR-038063,Providence,El Paso,37.37287,-69.5,33.31075,-110.3123,2652.8,Reefer,39200.0,2025-08-29,0.99787,2.0328,5675.17,2.1393131785283472,1500+
TR-011389,Bakersfield,Hartford,33.28832,-116.67935,39.55328,-72.18051,2821.4,Reefer,22974.0,2025-03-14,1.14009,2.00585,5674.68,2.0112993549301765,1500+
TR-034885,Albany,Reno,43.96975,-71.05842,39.54838,-118.64843,2878.2,Reefer,31439.0,2025-08-08,1.04646,1.8187,5674.2,1.9714404836356056,1500+
TR-039367,Philadelphia,Phoenix,39.22317,-72.9671,28.75668,-115.87725,2948.2,Reefer,25083.0,2025-09-06,0.84179,1.95335,5673.91,1.9245336137304119,1500+
TR-037972,Tucson,Albany,30.92733,-113.23037,43.96975,-71.05842,2885.0,Flatbed,38021.0,2025-08-28,1.06877,2.05748,5672.62,1.9662461005199305,1500+
TR-007034,Baltimore,Reno,38.16908,-72.74564,39.54838,-118.64843,2908.0,Reefer,36226.0,2025-02-14,1.04452,1.93599,5672.14,1.9505295735900965,1500+
TR-026133,Fresno,Hartford,33.07921,-119.79528,39.55328,-72.18051,3123.8,Dry Van,17634.0,2025-06-14,1.29116,1.85746,5672.05,1.815753249247711,1500+
TR-023944,Albany,Fresno,43.96975,-71.05842,33.07921,-119.79528,3021.9,Dry Van,42190.0,2025-05-31,1.27572,2.32398,5669.61,1.876173930308746,1500+
TR-013371,Albany,San Francisco,43.96975,-71.05842,35.1967,-121.69849,3175.3,Dry Van,39204.0,2025-03-26,1.17232,1.76632,5669.38,1.7854627909173935,1500+
TR-018263,Charleston,Fresno,34.15334,-79.74475,33.07921,-119.79528,2626.2,Reefer,30565.0,2025-04-25,1.30107,1.9786,5667.91,2.158217195948519,1500+
TR-005702,Fresno,Raleigh,33.07921,-119.79528,35.37376,-77.47605,2800.2,Reefer,34046.0,2025-02-05,1.03615,1.98517,5667.22,2.023862581244197,1500+
TR-041958,Fresno,Providence,33.07921,-119.79528,37.37287,-69.5,3239.8,Dry Van,25096.0,2025-09-23,0.86024,1.7212,5667.22,1.7492499537008457,1500+
TR-025143,Baltimore,Los Angeles,38.16908,-72.74564,28.56624,-116.70249,3072.8,Dry Van,30249.0,2025-06-07,1.24084,1.83014,5666.31,1.8440217391304348,1500+
TR-027116,Richmond,Phoenix,38.09122,-76.78906,28.75668,-115.87725,2682.0,Reefer,24731.0,2025-06-20,1.32889,2.1341,5664.56,2.1120656226696495,1500+
TR-024829,Nashville,Oklahoma City,35.29479,-88.08915,31.88294,-98.58097,758.5,Dry Van,32791.0,2025-06-05,1.3751,2.36117,5664.56,7.468108108108108,751-1000
TR-015022,Phoenix,Washington,28.75668,-115.87725,38.87577,-77.05086,2810.7,Reefer,39030.0,2025-04-05,1.11458,2.12261,5663.17,2.014861066638204,1500+
TR-040560,Fresno,Boston,33.07921,-119.79528,39.27463,-69.5,3267.0,Dry Van,38896.0,2025-09-14,0.8012,1.72642,5663.09,1.7334220997857361,1500+
TR-021722,Philadelphia,Bakersfield,39.22317,-72.9671,33.28832,-116.67935,2822.8,Flatbed,31705.0,2025-05-17,1.22883,2.15971,5662.66,2.0060436446081904,1500+
TR-032846,Baltimore,Tucson,38.16908,-72.74564,30.92733,-113.23037,2736.9,Reefer,39510.0,2025-07-26,1.00019,2.09622,5661.91,2.068731046074025,1500+
TR-000581,Hartford,Phoenix,39.55328,-72.18051,28.75668,-115.87725,3034.7,Flatbed,45755.0,2025-01-04,0.84324,1.89649,5658.19,1.8644973143968102,1500+
TR-016617,Baltimore,Bakersfield,38.16908,-72.74564,33.28832,-116.67935,2900.0,Flatbed,31620.0,2025-04-15,1.14578,2.18504,5656.6,1.950551724137931,1500+
TR-025971,Raleigh,Phoenix,35.37376,-77.47605,28.75668,-115.87725,2576.3,Reefer,33125.0,2025-06-13,1.35104,2.17714,5655.36,2.1951480805806773,1500+
TR-010533,Boston,Bakersfield,39.27463,-69.5,33.28832,-116.67935,3031.5,Flatbed,23948.0,2025-03-08,1.03348,1.86995,5654.79,1.8653438891637804,1500+
TR-014546,Hartford,Tucson,39.55328,-72.18051,30.92733,-113.23037,2778.1,Reefer,26594.0,2025-04-02,1.21664,2.11189,5654.71,2.035459486699543,1500+
TR-041507,Providence,Reno,37.37287,-69.5,39.54838,-118.64843,3059.9,Dry Van,45551.0,2025-09-20,0.8315,1.83187,5653.85,1.8477237818229355,1500+
TR-032186,Los Angeles,Albany,28.56624,-116.70249,43.96975,-71.05842,3143.8,Dry Van,30259.0,2025-07-22,1.2131,2.33675,5653.26,1.7982250779311661,1500+
TR-021110,Fresno,Hartford,33.07921,-119.79528,39.55328,-72.18051,3048.5,Flatbed,15349.0,2025-05-13,1.2732,2.28544,5652.41,1.8541610628177791,1500+
TR-001355,Fresno,Philadelphia,33.07921,-119.79528,39.22317,-72.9671,3005.8,Reefer,16490.0,2025-01-09,1.04498,1.87415,5650.96,1.880018630647415,1500+
TR-000199,Phoenix,Providence,28.75668,-115.87725,37.37287,-69.5,3186.6,Dry Van,33283.0,2025-01-02,0.9574,1.7683,5650.16,1.7730998556455155,1500+
TR-011546,Bakersfield,Philadelphia,33.28832,-116.67935,39.22317,-72.9671,2839.6,Reefer,29639.0,2025-03-15,1.03492,1.99722,5648.19,1.9890794478095506,1500+
TR-012243,Albany,Fresno,43.96975,-71.05842,33.07921,-119.79528,3163.8,Dry Van,30663.0,2025-03-19,1.12258,1.73595,5647.5,1.7850369808458182,1500+
TR-038820,Buffalo,San Francisco,41.67681,-78.56704,35.1967,-121.69849,2704.5,Reefer,28439.0,2025-09-03,1.00305,2.09314,5645.59,2.087480125716399,1500+
TR-018512,Bakersfield,Boston,33.28832,-116.67935,39.27463,-69.5,2995.3,Dry Van,32360.0,2025-04-27,1.21915,2.22503,5645.07,1.8846426067505757,1500+
TR-010972,Tucson,Baltimore,30.92733,-113.23037,38.16908,-72.74564,2711.4,Reefer,32202.0,2025-03-11,1.04527,2.04652,5645.03,2.08196134838091,1500+
TR-024297,Baltimore,Reno,38.16908,-72.74564,39.54838,-118.64843,2873.9,Flatbed,37478.0,2025-06-02,1.1964,1.96867,5643.99,1.9638783534569748,1500+
TR-040044,Buffalo,Phoenix,41.67681,-78.56704,28.75668,-115.87725,2688.4,Reefer,39893.0,2025-09-10,0.98241,2.09741,5641.98,2.098638595447106,1500+
TR-028127,Tucson,Richmond,30.92733,-113.23037,38.09122,-76.78906,2425.2,Reefer,39152.0,2025-06-26,1.41191,2.3371,5641.34,2.3261339270987964,1500+
TR-017359,Charleston,San Francisco,34.15334,-79.74475,35.1967,-121.69849,2715.1,Reefer,29827.0,2025-04-20,1.142,2.08216,5639.7,2.0771610622076535,1500+
TR-008291,Fresno,Albany,33.07921,-119.79528,43.96975,-71.05842,3161.2,Dry Van,34785.0,2025-02-22,1.01238,1.7977,5639.39,1.7839396431734786,1500+
TR-019735,Los Angeles,Philadelphia,28.56624,-116.70249,39.22317,-72.9671,2995.1,Dry Van,44747.0,2025-05-04,1.18419,2.31422,5636.59,1.8819371640345899,1500+
TR-032542,Fresno,Charleston,33.07921,-119.79528,34.15334,-79.74475,2676.9,Flatbed,33948.0,2025-07-24,1.3245,2.04164,5636.47,2.1055960252530914,1500+
TR-039391,Raleigh,San Francisco,35.37376,-77.47605,35.1967,-121.69849,2891.2,Reefer,18502.0,2025-09-06,0.86163,1.94177,5635.6,1.9492252351964585,1500+
TR-013509,Albuquerque,Boston,35.39918,-109.59792,39.27463,-69.5,2569.5,Reefer,37487.0,2025-03-27,1.21058,2.19037,5633.5,2.192449892975287,1500+
TR-039003,Phoenix,New York,28.75668,-115.87725,40.00674,-73.7984,2832.1,Flatbed,47500.0,2025-09-04,1.0558,1.94222,5633.17,1.9890434659793088,1500+
TR-024587,New York,Reno,40.00674,-73.7984,39.54838,-118.64843,2634.7,Reefer,34363.0,2025-06-04,1.35074,2.11021,5631.53,2.1374463885831405,1500+
TR-008013,Philadelphia,Phoenix,39.22317,-72.9671,28.75668,-115.87725,2961.9,Flatbed,36603.0,2025-02-20,1.1237,1.89245,5630.43,1.9009520915628482,1500+
TR-015518,Los Angeles,Hartford,28.56624,-116.70249,39.55328,-72.18051,3046.4,Dry Van,43589.0,2025-04-08,1.13455,2.30633,5628.7,1.8476562499999998,1500+
TR-010205,San Francisco,Philadelphia,35.1967,-121.69849,39.22317,-72.9671,3106.7,Dry Van,45112.0,2025-03-06,1.14779,1.84,5628.58,1.8117552386776967,1500+
TR-025921,Tucson,Boston,30.92733,-113.23037,39.27463,-69.5,2959.6,Dry Van,34008.0,2025-06-13,1.32166,1.89578,5627.69,1.9015035815650763,1500+
TR-012101,Baltimore,San Francisco,38.16908,-72.74564,35.1967,-121.69849,3164.5,Dry Van,29738.0,2025-03-18,1.1132,1.78594,5627.56,1.7783409701374626,1500+
TR-032236,Richmond,Phoenix,38.09122,-76.78906,28.75668,-115.87725,2750.0,Flatbed,36482.0,2025-07-22,1.17341,2.08932,5627.38,2.04632,1500+
TR-014066,Charleston,Los Angeles,34.15334,-79.74475,28.56624,-116.70249,2552.5,Reefer,41720.0,2025-03-30,1.00182,2.2046,5625.59,2.203952987267385,1500+
TR-027549,Charleston,Reno,34.15334,-79.74475,39.54838,-118.64843,2542.6,Flatbed,32843.0,2025-06-23,1.17294,2.18642,5625.44,2.2124754188625815,1500+
TR-002048,Mobile,Harrisburg,31.80442,-88.25195,39.71695,-78.12481,927.5,Dry Van,37585.0,2025-01-13,0.85003,1.86657,5623.85,6.06345013477089,751-1000
TR-004142,Providence,San Francisco,37.37287,-69.5,35.1967,-121.69849,3309.4,Dry Van,29238.0,2025-01-26,0.86711,1.72459,5623.61,1.6992838581011662,1500+
TR-009586,Los Angeles,Albany,28.56624,-116.70249,43.96975,-71.05842,3190.9,Flatbed,22954.0,2025-03-02,0.91469,1.75968,5623.53,1.7623648500423077,1500+
TR-014307,Boston,Tucson,39.27463,-69.5,30.92733,-113.23037,2893.6,Reefer,28249.0,2025-04-01,1.07388,2.20429,5622.24,1.9429914293613493,1500+
TR-039599,Tucson,Hartford,30.92733,-113.23037,39.55328,-72.18051,2775.9,Reefer,38208.0,2025-09-08,0.86162,2.03364,5620.89,2.0248892251161785,1500+
TR-021155,Hartford,Fresno,39.55328,-72.18051,33.07921,-119.79528,3060.4,Dry Van,28558.0,2025-05-14,1.34844,2.31396,5620.29,1.836456018821069,1500+
TR-035510,Harrisburg,San Francisco,39.71695,-78.12481,35.1967,-121.69849,2788.0,Reefer,30607.0,2025-08-12,0.98574,2.01523,5619.9,2.0157460545193686,1500+
TR-017739,Providence,Tucson,37.37287,-69.5,30.92733,-113.23037,2901.7,Dry Van,39020.0,2025-04-22,1.24694,2.18029,5619.76,1.9367129613674745,1500+
TR-031726,Syracuse,Phoenix,42.80915,-76.89973,28.75668,-115.87725,2765.9,Reefer,22658.0,2025-07-19,1.22254,2.12391,5619.01,2.0315304240934235,1500+
TR-042380,Providence,Bakersfield,37.37287,-69.5,33.28832,-116.67935,3058.6,Dry Van,27160.0,2025-09-25,0.96212,1.81569,5617.44,1.8366049826718105,1500+
TR-006648,Bakersfield,Hartford,33.28832,-116.67935,39.55328,-72.18051,2894.0,Reefer,25863.0,2025-02-11,1.01209,1.9492,5616.17,1.940625431928127,1500+
TR-015370,Boston,Bakersfield,39.27463,-69.5,33.28832,-116.67935,2962.6,Flatbed,32487.0,2025-04-07,1.06592,2.25736,5615.0,1.8952946735975158,1500+
TR-042335,Los Angeles,New York,28.56624,-116.70249,40.00674,-73.7984,2954.6,Dry Van,43295.0,2025-09-25,0.97952,1.9127,5614.38,1.900216611385636,1500+
TR-026432,Phoenix,Richmond,28.75668,-115.87725,38.09122,-76.78906,2708.4,Reefer,23670.0,2025-06-16,1.17833,2.06289,5614.17,2.0728732831191845,1500+
TR-010418,Providence,Bakersfield,37.37287,-69.5,33.28832,-116.67935,3084.8,Dry Van,43789.0,2025-03-08,0.96728,1.85956,5614.02,1.819897562240664,1500+
TR-009842,Phoenix,Boston,28.75668,-115.87725,39.27463,-69.5,3163.0,Dry Van,35249.0,2025-03-04,1.03914,1.72876,5613.13,1.7746221941195068,1500+
TR-024748,El Paso,Albany,33.31075,-110.3123,43.96975,-71.05842,2605.5,Reefer,33927.0,2025-06-05,1.39061,2.14399,5613.05,2.1543081942045674,1500+
TR-011878,New York,Tucson,40.00674,-73.7984,30.92733,-113.23037,2678.8,Reefer,43415.0,2025-03-17,1.0229,2.09406,5612.8,2.0952665372554873,1500+
TR-004466,Phoenix,Boston,28.75668,-115.87725,39.27463,-69.5,3088.4,Flatbed,29062.0,2025-01-29,1.01645,1.84104,5612.62,1.8173228856365755,1500+
TR-004399,Philadelphia,Tucson,39.22317,-72.9671,30.92733,-113.23037,2807.7,Reefer,37833.0,2025-01-28,0.93842,2.01401,5611.3,1.9985397300281371,1500+
TR-011402,Reno,Philadelphia,39.54838,-118.64843,39.22317,-72.9671,2779.8,Reefer,42345.0,2025-03-14,1.16063,2.05544,5610.99,2.018486941506583,1500+
TR-038534,Boston,Phoenix,39.27463,-69.5,28.75668,-115.87725,3234.6,Dry Van,27027.0,2025-09-01,0.82478,1.71265,5609.77,1.7343009954863045,1500+
TR-033868,Phoenix,Hartford,28.75668,-115.87725,39.55328,-72.18051,2997.7,Dry Van,47080.0,2025-08-02,0.98216,1.79444,5608.62,1.8709744137171833,1500+
TR-039265,Albany,Fresno,43.96975,-71.05842,33.07921,-119.79528,3220.7,Dry Van,34945.0,2025-09-06,0.85612,1.70022,5608.43,1.741369888533549,1500+
TR-009948,Albany,Los Angeles,43.96975,-71.05842,28.56624,-116.70249,3148.9,Dry Van,40425.0,2025-03-05,1.14222,1.80057,5607.7,1.780844104290387,1500+
TR-009929,Baltimore,Fresno,38.16908,-72.74564,33.07921,-119.79528,2995.5,Flatbed,26281.0,2025-03-05,1.10903,1.88443,5607.01,1.8718110499081957,1500+
TR-025686,El Paso,Philadelphia,33.31075,-110.3123,39.22317,-72.9671,2485.1,Flatbed,47462.0,2025-06-11,1.36797,2.27618,5606.12,2.2558931230131583,1500+
TR-033255,Bakersfield,Hartford,33.28832,-116.67935,39.55328,-72.18051,2848.3,Flatbed,38670.0,2025-07-29,1.01249,2.191,5605.79,1.9681178246673452,1500+
TR-021196,Los Angeles,Richmond,28.56624,-116.70249,38.09122,-76.78906,2827.4,Flatbed,31067.0,2025-05-14,1.35781,2.21145,5605.2,1.9824573813397466,1500+
TR-015321,Tucson,Hartford,30.92733,-113.23037,39.55328,-72.18051,2865.1,Reefer,28925.0,2025-04-07,1.08421,2.17097,5605.03,1.9563121706048654,1500+
TR-023703,Reno,Boston,39.54838,-118.64843,39.27463,-69.5,3012.3,Dry Van,31886.0,2025-05-30,1.35164,2.2918,5604.58,1.8605650167645984,1500+
TR-034636,Boston,Salt Lake City,39.27463,-69.5,35.03488,-113.18895,2773.8,Reefer,29382.0,2025-08-06,1.0508,2.05484,5602.35,2.0197382651957603,1500+
TR-012198,Richmond,Los Angeles,38.09122,-76.78906,28.56624,-116.70249,2714.1,Flatbed,39614.0,2025-03-19,1.19794,2.00009,5602.32,2.064153863159058,1500+
TR-012370,Phoenix,Albany,28.75668,-115.87725,43.96975,-71.05842,3118.5,Dry Van,29644.0,2025-03-20,1.2081,1.79028,5599.82,1.7956774090107424,1500+
TR-025530,Baltimore,Fresno,38.16908,-72.74564,33.07921,-119.79528,3087.8,Dry Van,25270.0,2025-06-10,1.2927,1.79158,5598.11,1.8129768767407213,1500+
TR-018990,Bakersfield,Hartford,33.28832,-116.67935,39.55328,-72.18051,2971.3,Dry Van,44777.0,2025-04-30,1.35627,2.24197,5597.82,1.8839632484097868,1500+
TR-001408,Los Angeles,Hartford,28.56624,-116.70249,39.55328,-72.18051,2996.1,Reefer,28069.0,2025-01-09,0.99808,1.88562,5597.11,1.8681319048095857,1500+
TR-037849,Hartford,Reno,39.55328,-72.18051,39.54838,-118.64843,2826.3,Flatbed,41414.0,2025-08-27,1.01744,2.40866,5595.12,1.979662456214839,1500+
TR-032263,Albany,Phoenix,43.96975,-71.05842,28.75668,-115.87725,3057.0,Dry Van,34937.0,2025-07-22,1.23324,2.37897,5594.86,1.8301799149492965,1500+
TR-018950,Bakersfield,New York,33.28832,-116.67935,40.00674,-73.7984,2787.0,Reefer,21056.0,2025-04-29,1.2963,2.15124,5594.64,2.00740581270183,1500+
TR-029557,Fresno,Philadelphia,33.07921,-119.79528,39.22317,-72.9671,2995.2,Dry Van,36931.0,2025-07-05,1.23936,2.30272,5594.43,1.8677984775641028,1500+
TR-041753,Fresno,Richmond,33.07921,-119.79528,38.09122,-76.78906,2859.2,Flatbed,30029.0,2025-09-21,0.8132,1.97465,5593.05,1.9561590654728598,1500+
TR-031137,Los Angeles,Baltimore,28.56624,-116.70249,38.16908,-72.74564,3051.8,Dry Van,31757.0,2025-07-15,1.22799,2.35943,5592.89,1.832652860606855,1500+
TR-003681,Tucson,Hartford,30.92733,-113.23037,39.55328,-72.18051,2781.4,Reefer,38658.0,2025-01-24,1.03033,2.00314,5592.4,2.0106421226720355,1500+
TR-013599,Hartford,Salt Lake City,39.55328,-72.18051,35.03488,-113.18895,2614.2,Flatbed,46751.0,2025-03-27,1.2018,2.11891,5592.13,2.1391362558335247,1500+
TR-014268,Hartford,Phoenix,39.55328,-72.18051,28.75668,-115.87725,3061.7,Dry Van,30886.0,2025-03-31,1.0198,1.81768,5592.11,1.8264722213149558,1500+
TR-027513,Fresno,Charleston,33.07921,-119.79528,34.15334,-79.74475,2690.3,Flatbed,20082.0,2025-06-22,1.21083,2.08415,5591.25,2.0782998178641785,1500+
TR-031143,Los Angeles,Philadelphia,28.56624,-116.70249,39.22317,-72.9671,3011.2,Dry Van,26575.0,2025-07-15,1.20826,2.30008,5591.08,1.8567614240170032,1500+
TR-035489,Hartford,Fresno,39.55328,-72.18051,33.07921,-119.79528,3167.5,Dry Van,29989.0,2025-08-12,1.0059,1.84466,5590.56,1.7649755327545384,1500+
TR-016947,Hartford,Salt Lake City,39.55328,-72.18051,35.03488,-113.18895,2662.5,Flatbed,44077.0,2025-04-17,1.42157,2.04892,5590.1,2.099568075117371,1500+
TR-006486,Boston,Bakersfield,39.27463,-69.5,33.28832,-116.67935,3023.5,Reefer,16731.0,2025-02-10,0.8875,1.88209,5588.19,1.8482520257979163,1500+
TR-020605,Phoenix,New York,28.75668,-115.87725,40.00674,-73.7984,2849.0,Flatbed,26967.0,2025-05-10,1.2867,2.17537,5587.95,1.9613724113724114,1500+
TR-023309,Raleigh,Reno,35.37376,-77.47605,39.54838,-118.64843,2627.2,Reefer,39658.0,2025-05-27,1.26805,1.96105,5587.42,2.1267585261875763,1500+
TR-003012,Baltimore,Los Angeles,38.16908,-72.74564,28.56624,-116.70249,3066.9,Reefer,17794.0,2025-01-19,0.82706,1.82873,5586.14,1.8214288043301055,1500+
TR-015890,Philadelphia,Phoenix,39.22317,-72.9671,28.75668,-115.87725,2955.7,Flatbed,28451.0,2025-04-10,1.2674,2.29849,5586.09,1.8899380857326524,1500+
TR-037839,Raleigh,Los Angeles,35.37376,-77.47605,28.56624,-116.70249,2700.0,Reefer,33695.0,2025-08-27,1.03888,2.11674,5585.41,2.0686703703703704,1500+
TR-041784,Syracuse,Phoenix,42.80915,-76.89973,28.75668,-115.87725,2782.2,Reefer,36521.0,2025-09-21,0.79499,2.04647,5583.52,2.006872259363094,1500+
TR-015573,Albany,Phoenix,43.96975,-71.05842,28.75668,-115.87725,3128.7,Dry Van,43252.0,2025-04-08,1.11436,2.34859,5583.18,1.7845047463802859,1500+
TR-013230,Los Angeles,Boston,28.56624,-116.70249,39.27463,-69.5,3199.6,Dry Van,19010.0,2025-03-25,1.12495,1.72965,5582.81,1.7448462307788475,1500+
TR-021404,New York,Phoenix,40.00674,-73.7984,28.75668,-115.87725,2895.1,Dry Van,47500.0,2025-05-15,1.42298,2.19089,5582.65,1.9283099029394493,1500+
TR-010034,Richmond,Phoenix,38.09122,-76.78906,28.75668,-115.87725,2648.2,Reefer,43430.0,2025-03-05,1.16124,2.07246,5581.2,2.107544747375576,1500+
TR-039085,Phoenix,Buffalo,28.75668,-115.87725,41.67681,-78.56704,2660.5,Reefer,39650.0,2025-09-04,1.03113,2.07091,5580.78,2.097643300131554,1500+
TR-006508,Philadelphia,Los Angeles,39.22317,-72.9671,28.56624,-116.70249,3034.3,Flatbed,29045.0,2025-02-10,0.9434,1.86237,5580.66,1.8391919058761492,1500+
TR-026886,Jacksonville,San Francisco,31.98691,-84.48897,35.1967,-121.69849,2492.7,Flatbed,30296.0,2025-06-18,1.33889,2.27711,5580.09,2.2385726320856905,1500+
TR-020186,Syracuse,Fresno,42.80915,-76.89973,33.07921,-119.79528,2859.2,Flatbed,29903.0,2025-05-07,1.36859,2.22514,5579.3,1.9513500279798548,1500+
TR-003021,Fresno,New York,33.07921,-119.79528,40.00674,-73.7984,2963.5,Reefer,31560.0,2025-01-19,0.8165,1.87147,5578.69,1.8824666779146277,1500+
TR-042288,San Francisco,Albany,35.1967,-121.69849,43.96975,-71.05842,3180.2,Dry Van,27690.0,2025-09-25,0.9829,1.74763,5578.56,1.7541538268033459,1500+
TR-042034,Los Angeles,Albany,28.56624,-116.70249,43.96975,-71.05842,3145.4,Dry Van,31487.0,2025-09-23,0.88492,1.77981,5577.48,1.7732180326826474,1500+
TR-037331,Boston,Tucson,39.27463,-69.5,30.92733,-113.23037,2875.3,Flatbed,30082.0,2025-08-24,0.87023,2.45469,5577.31,1.939731506277606,1500+
TR-041120,Albany,Las Vegas,43.96975,-71.05842,33.22353,-115.24994,2885.5,Flatbed,20953.0,2025-09-17,0.93794,1.9259,5576.86,1.932718766245018,1500+
TR-029075,Raleigh,Los Angeles,35.37376,-77.47605,28.56624,-116.70249,2736.2,Flatbed,36837.0,2025-07-02,1.34754,2.09303,5576.85,2.0381733791389522,1500+
TR-020335,Baltimore,Phoenix,38.16908,-72.74564,28.75668,-115.87725,2959.2,Dry Van,42391.0,2025-05-08,1.40543,2.2017,5575.3,1.884056501757232,1500+
TR-040540,Los Angeles,Raleigh,28.56624,-116.70249,35.37376,-77.47605,2738.1,Reefer,32117.0,2025-09-13,0.88491,1.98249,5571.21,2.034699244001315,1500+
TR-038090,San Francisco,Albany,35.1967,-121.69849,43.96975,-71.05842,3061.7,Dry Van,39627.0,2025-08-29,0.97578,2.13925,5571.16,1.8196296175327433,1500+
TR-034884,Hartford,Tucson,39.55328,-72.18051,30.92733,-113.23037,2817.2,Flatbed,31804.0,2025-08-08,1.05511,1.93408,5570.67,1.9773782479057223,1500+
TR-010761,Philadelphia,Reno,39.22317,-72.9671,39.54838,-118.64843,2821.4,Reefer,32758.0,2025-03-10,0.98589,2.00758,5569.09,1.9738746721485787,1500+
TR-000312,Los Angeles,New York,28.56624,-116.70249,40.00674,-73.7984,2935.7,Flatbed,32807.0,2025-01-02,1.0558,1.91236,5568.57,1.896845726743196,1500+
TR-007377,New York,Phoenix,40.00674,-73.7984,28.75668,-115.87725,2925.6,Flatbed,43234.0,2025-02-16,0.90061,1.88747,5567.16,1.902912223133716,1500+
TR-038172,New York,Fresno,40.00674,-73.7984,33.07921,-119.79528,2996.3,Dry Van,44237.0,2025-08-29,1.02984,1.85431,5566.96,1.8579447985849213,1500+
TR-003318,Hartford,Fresno,39.55328,-72.18051,33.07921,-119.79528,3064.0,Flatbed,34067.0,2025-01-21,0.89981,1.79126,5566.79,1.8168374673629242,1500+
TR-017748,Hartford,Bakersfield,39.55328,-72.18051,33.28832,-116.67935,2875.1,Dry Van,43782.0,2025-04-22,1.291,2.24709,5565.97,1.9359222287920421,1500+
TR-024710,Bakersfield,New York,33.28832,-116.67935,40.00674,-73.7984,2787.1,Flatbed,27472.0,2025-06-05,1.39086,2.00146,5565.69,1.9969466470524917,1500+
TR-026165,Washington,Phoenix,38.87577,-77.05086,28.75668,-115.87725,2709.9,Flatbed,37560.0,2025-06-14,1.26515,2.03777,5565.56,2.0537879626554485,1500+
TR-028374,Hartford,Los Angeles,39.55328,-72.18051,28.56624,-116.70249,2999.9,Dry Van,27226.0,2025-06-28,1.22538,1.88995,5565.06,1.855081836061202,1500+
TR-007840,Providence,El Paso,37.37287,-69.5,33.31075,-110.3123,2605.5,Reefer,38642.0,2025-02-19,1.10418,2.14052,5563.84,2.1354212243331414,1500+
TR-013734,Richmond,Fresno,38.09122,-76.78906,33.07921,-119.79528,2784.5,Flatbed,14725.0,2025-03-28,1.20182,1.96939,5562.32,1.997601005566529,1500+
TR-019995,Reno,Providence,39.54838,-118.64843,37.37287,-69.5,3042.0,Dry Van,30383.0,2025-05-06,1.24667,2.31475,5561.9,1.828369493754109,1500+
TR-025835,Richmond,San Francisco,38.09122,-76.78906,35.1967,-121.69849,2919.6,Dry Van,23752.0,2025-06-12,1.35801,1.89343,5560.78,1.904637621591999,1500+
TR-034566,Fresno,Philadelphia,33.07921,-119.79528,39.22317,-72.9671,3023.2,Flatbed,22152.0,2025-08-06,1.11871,1.81895,5558.87,1.8387370997618417,1500+
TR-023849,Albuquerque,Providence,35.39918,-109.59792,37.37287,-69.5,2598.4,Flatbed,34242.0,2025-05-31,1.27201,1.99037,5557.86,2.13895474137931,1500+
TR-002019,Philadelphia,Bakersfield,39.22317,-72.9671,33.28832,-116.67935,2909.6,Reefer,38636.0,2025-01-13,0.83991,1.87165,5556.77,1.9098054715424804,1500+
TR-025688,Hartford,Los Angeles,39.55328,-72.18051,28.56624,-116.70249,3019.3,Dry Van,25868.0,2025-06-11,1.35767,1.83777,5555.19,1.8398933527638854,1500+
TR-041732,Tucson,Philadelphia,30.92733,-113.23037,39.22317,-72.9671,2638.5,Flatbed,39102.0,2025-09-21,0.76741,2.1003,5554.59,2.1052075042637863,1500+
TR-035197,Amarillo,Fresno,33.17137,-104.36789,33.07921,-119.79528,1031.1,Reefer,25279.0,2025-08-10,0.87449,2.15829,5553.52,5.386014935505772,1001-1500
TR-033076,Bakersfield,New York,33.28832,-116.67935,40.00674,-73.7984,2733.3,Reefer,36381.0,2025-07-27,0.97508,2.14963,5553.38,2.0317491676727766,1500+
TR-039340,Bakersfield,Philadelphia,33.28832,-116.67935,39.22317,-72.9671,2744.3,Reefer,36993.0,2025-09-06,0.87689,2.02345,5553.3,2.0235761396348795,1500+
TR-004767,Hartford,Tucson,39.55328,-72.18051,30.92733,-113.23037,2806.3,Reefer,30788.0,2025-01-31,0.99917,1.97726,5552.56,1.9786052809749493,1500+
TR-024372,Phoenix,Syracuse,28.75668,-115.87725,42.80915,-76.89973,2699.9,Reefer,32363.0,2025-06-03,1.29715,2.02438,5551.86,2.056320604466832,1500+
TR-006038,Albany,Bakersfield,43.96975,-71.05842,33.28832,-116.67935,2898.6,Reefer,25822.0,2025-02-07,1.03516,1.93821,5551.74,1.9153177395984269,1500+
TR-042218,Hartford,El Paso,39.55328,-72.18051,33.31075,-110.3123,2584.6,Flatbed,35118.0,2025-09-24,0.9106,2.1869,5551.14,2.147775284376693,1500+
TR-013052,Bakersfield,Boston,33.28832,-116.67935,39.27463,-69.5,2920.9,Flatbed,22427.0,2025-03-24,1.03797,1.92102,5548.39,1.8995480844945052,1500+
TR-021667,Philadelphia,Reno,39.22317,-72.9671,39.54838,-118.64843,2820.7,Flatbed,31850.0,2025-05-17,1.29125,2.2335,5548.13,1.96693373985181,1500+
TR-018835,Boston,Reno,39.27463,-69.5,39.54838,-118.64843,3075.3,Dry Van,28536.0,2025-04-29,1.26622,2.36091,5548.03,1.8040613923844826,1500+
TR-042534,Phoenix,Hartford,28.75668,-115.87725,39.55328,-72.18051,2983.6,Dry Van,33492.0,2025-09-26,0.96741,1.8726,5547.79,1.859428207534522,1500+
TR-032048,Los Angeles,Hartford,28.56624,-116.70249,39.55328,-72.18051,3022.3,Dry Van,32842.0,2025-07-21,1.18417,2.34852,5546.76,1.8352777685868378,1500+
TR-040401,San Francisco,Baltimore,35.1967,-121.69849,38.16908,-72.74564,3238.9,Dry Van,13711.0,2025-09-13,0.84169,1.66826,5546.62,1.7125011578004878,1500+
TR-012729,New York,Las Vegas,40.00674,-73.7984,33.22353,-115.24994,2726.9,Flatbed,38645.0,2025-03-22,1.03045,2.06163,5544.45,2.0332428765264585,1500+
TR-037540,Fresno,Raleigh,33.07921,-119.79528,35.37376,-77.47605,2770.5,Reefer,30178.0,2025-08-26,0.95372,2.40248,5543.98,2.0010756181194727,1500+
TR-016534,Richmond,Bakersfield,38.09122,-76.78906,33.28832,-116.67935,2684.2,Reefer,38793.0,2025-04-14,1.06865,2.06881,5543.82,2.065352805305119,1500+
TR-032665,Bakersfield,Hartford,33.28832,-116.67935,39.55328,-72.18051,2899.6,Flatbed,28025.0,2025-07-25,1.09709,2.23927,5543.22,1.911718857773486,1500+
TR-017169,Tucson,New York,30.92733,-113.23037,40.00674,-73.7984,2677.9,Reefer,39129.0,2025-04-18,1.33013,2.08385,5542.63,2.069767355016991,1500+
TR-001485,Albany,Phoenix,43.96975,-71.05842,28.75668,-115.87725,3084.6,Reefer,22370.0,2025-01-10,0.96061,1.82977,5541.31,1.7964436231602154,1500+
TR-017001,Albany,Fresno,43.96975,-71.05842,33.07921,-119.79528,3116.0,Dry Van,16219.0,2025-04-17,1.38415,2.43315,5539.41,1.7777310654685494,1500+
TR-027339,Hartford,Las Vegas,39.55328,-72.18051,33.22353,-115.24994,2738.0,Reefer,24846.0,2025-06-21,1.26071,2.07526,5537.66,2.0225200876552227,1500+
TR-036691,San Francisco,Albany,35.1967,-121.69849,43.96975,-71.05842,3138.3,Dry Van,34812.0,2025-08-20,1.05409,1.83634,5533.57,1.7632380588216547,1500+
TR-000280,Los Angeles,Richmond,28.56624,-116.70249,38.09122,-76.78906,2781.6,Reefer,43972.0,2025-01-02,0.99544,2.01542,5532.54,1.9889775668679897,1500+
TR-016754,Syracuse,Fresno,42.80915,-76.89973,33.07921,-119.79528,2766.5,Reefer,31838.0,2025-04-16,1.29904,2.14128,5532.19,1.9997072112777876,1500+
TR-041454,Phoenix,Hartford,28.75668,-115.87725,39.55328,-72.18051,3016.4,Dry Van,28559.0,2025-09-19,0.94565,1.84195,5532.01,1.8339775891791539,1500+
TR-002771,New York,Los Angeles,40.00674,-73.7984,28.56624,-116.70249,2945.7,Reefer,31703.0,2025-01-18,0.84847,1.88338,5531.92,1.8779644906134367,1500+
TR-022265,Phoenix,Syracuse,28.75668,-115.87725,42.80915,-76.89973,2764.4,Flatbed,29267.0,2025-05-21,1.3632,2.12136,5531.23,2.0008790334249746,1500+
TR-006737,Los Angeles,Albany,28.56624,-116.70249,43.96975,-71.05842,3208.2,Dry Van,32239.0,2025-02-12,1.05101,1.73833,5529.8,1.7236456580013717,1500+
TR-016335,Salt Lake City,Hartford,35.03488,-113.18895,39.55328,-72.18051,2665.8,Reefer,32346.0,2025-04-13,1.06465,2.11362,5529.35,2.0741803586165504,1500+
TR-008066,Hartford,Phoenix,39.55328,-72.18051,28.75668,-115.87725,3026.7,Flatbed,18293.0,2025-02-21,1.05124,1.85553,5528.67,1.8266329665972842,1500+
TR-009346,Reno,Philadelphia,39.54838,-118.64843,39.22317,-72.9671,2822.3,Reefer,34317.0,2025-03-01,0.98916,1.92732,5527.41,1.9584771285830704,1500+
TR-019721,Phoenix,Raleigh,28.75668,-115.87725,35.37376,-77.47605,2672.2,Flatbed,38881.0,2025-05-04,1.24944,2.05675,5526.0,2.0679589851059053,1500+
TR-009697,Phoenix,Boston,28.75668,-115.87725,39.27463,-69.5,3214.3,Dry Van,33175.0,2025-03-03,0.96218,1.75515,5525.67,1.719089692934698,1500+
TR-021654,Phoenix,New York,28.75668,-115.87725,40.00674,-73.7984,2922.1,Dry Van,32964.0,2025-05-17,1.29455,2.31881,5525.38,1.8908935354710654,1500+
TR-013153,Bakersfield,Providence,33.28832,-116.67935,37.37287,-69.5,3124.8,Dry Van,29187.0,2025-03-25,1.10149,1.77016,5524.78,1.768042754736303,1500+
TR-033476,New York,San Francisco,40.00674,-73.7984,35.1967,-121.69849,3092.2,Dry Van,30500.0,2025-07-30,1.1486,2.3924,5522.82,1.7860487678675376,1500+
TR-018054,El Paso,Baltimore,33.31075,-110.3123,38.16908,-72.74564,2479.7,Reefer,42561.0,2025-04-24,1.38078,1.92573,5522.6,2.227124248901077,1500+
TR-015055,Fresno,Richmond,33.07921,-119.79528,38.09122,-76.78906,2860.7,Flatbed,37420.0,2025-04-05,1.10624,2.2331,5521.4,1.9300870416331668,1500+
TR-031087,Baltimore,Los Angeles,38.16908,-72.74564,28.56624,-116.70249,3069.4,Dry Van,28378.0,2025-07-15,1.21364,2.32722,5519.2,1.7981364436046132,1500+
TR-025100,Washington,Los Angeles,38.87577,-77.05086,28.56624,-116.70249,2785.5,Flatbed,30525.0,2025-06-07,1.24383,1.99342,5518.65,1.9812062466343563,1500+
TR-032050,Providence,Los Angeles,37.37287,-69.5,28.56624,-116.70249,3212.7,Dry Van,23084.0,2025-07-21,1.13492,2.39988,5517.76,1.717483736421079,1500+
TR-025289,Charleston,Phoenix,34.15334,-79.74475,28.75668,-115.87725,2457.9,Reefer,33844.0,2025-06-08,1.21672,2.26812,5516.73,2.2444891980959354,1500+
TR-028439,Las Vegas,Baltimore,33.22353,-115.24994,38.16908,-72.74564,2823.3,Dry Van,39018.0,2025-06-28,1.2218,1.96321,5515.78,1.9536641518790065,1500+
TR-034605,Bakersfield,New York,33.28832,-116.67935,40.00674,-73.7984,2722.6,Flatbed,41907.0,2025-08-06,1.08575,1.97976,5514.42,2.0254242268419893,1500+
TR-029312,Tucson,Hartford,30.92733,-113.23037,39.55328,-72.18051,2775.6,Flatbed,27887.0,2025-07-04,1.29853,2.16461,5514.34,1.9867199884709614,1500+
TR-024195,Albany,Phoenix,43.96975,-71.05842,28.75668,-115.87725,3068.7,Dry Van,24482.0,2025-06-01,1.20328,1.80152,5514.24,1.796930296216639,1500+
TR-015816,Boston,Tucson,39.27463,-69.5,30.92733,-113.23037,2929.7,Flatbed,21534.0,2025-04-10,1.24177,2.27262,5513.14,1.8818104242755234,1500+
TR-041421,Hartford,Las Vegas,39.55328,-72.18051,33.22353,-115.24994,2748.9,Flatbed,25103.0,2025-09-19,0.91676,1.96587,5513.01,2.005533122339845,1500+
TR-028488,Boston,Tucson,39.27463,-69.5,30.92733,-113.23037,2877.9,Dry Van,31511.0,2025-06-28,1.25708,1.92077,5512.08,1.9153132492442404,1500+
TR-038161,Boston,Reno,39.27463,-69.5,39.54838,-118.64843,3024.2,Dry Van,47374.0,2025-08-29,0.97875,1.78444,5511.33,1.822409232193638,1500+
TR-037928,Philadelphia,Phoenix,39.22317,-72.9671,28.75668,-115.87725,2973.4,Dry Van,43413.0,2025-08-28,1.03517,1.96918,5511.11,1.8534707741978877,1500+
TR-040826,Hartford,Phoenix,39.55328,-72.18051,28.75668,-115.87725,2975.0,Dry Van,39863.0,2025-09-15,0.80989,1.8403,5510.91,1.8524067226890757,1500+
TR-020370,New York,Bakersfield,40.00674,-73.7984,33.28832,-116.67935,2856.0,Dry Van,37393.0,2025-05-08,1.40276,2.22539,5510.84,1.9295658263305322,1500+
TR-014935,Boston,Los Angeles,39.27463,-69.5,28.56624,-116.70249,3124.5,Dry Van,27838.0,2025-04-04,1.19172,2.40767,5507.99,1.7628388542166746,1500+
TR-027214,Phoenix,Richmond,28.75668,-115.87725,38.09122,-76.78906,2698.0,Dry Van,40816.0,2025-06-20,1.33734,2.0245,5507.95,2.041493699036323,1500+
TR-013460,Albany,Bakersfield,43.96975,-71.05842,33.28832,-116.67935,2986.3,Dry Van,36302.0,2025-03-27,1.21365,1.81441,5506.69,1.8439841944881623,1500+
TR-009018,Albany,San Francisco,43.96975,-71.05842,35.1967,-121.69849,3256.7,Dry Van,29026.0,2025-02-27,1.15484,1.69458,5505.61,1.690548714956858,1500+
TR-027681,Tucson,Baltimore,30.92733,-113.23037,38.16908,-72.74564,2752.9,Dry Van,30317.0,2025-06-23,1.15885,2.03318,5505.27,1.9998074757528426,1500+
TR-025178,New York,Jacksonville,40.00674,-73.7984,31.98691,-84.48897,949.4,Dry Van,42968.0,2025-06-08,1.21727,2.07421,5505.06,5.798462186644197,751-1000
TR-030201,Savannah,Los Angeles,33.60973,-82.29994,28.56624,-116.70249,2405.8,Reefer,43172.0,2025-07-09,1.33615,1.88453,5504.76,2.2881203757585835,1500+
TR-038870,Greensboro,Fresno,35.98195,-82.78379,33.07921,-119.79528,2530.5,Reefer,41744.0,2025-09-03,1.0436,2.20109,5502.7,2.1745504840940524,1500+
TR-013687,Richmond,Reno,38.09122,-76.78906,39.54838,-118.64843,2523.4,Reefer,35606.0,2025-03-28,1.17693,2.19863,5501.8,2.1803122770864705,1500+
TR-035671,Bakersfield,Richmond,33.28832,-116.67935,38.09122,-76.78906,2573.9,Reefer,30347.0,2025-08-13,1.08509,2.14775,5501.64,2.1374723182718833,1500+
TR-025503,Fresno,Raleigh,33.07921,-119.79528,35.37376,-77.47605,2824.4,Dry Van,42031.0,2025-06-10,1.28976,1.91771,5501.42,1.947819005806543,1500+
TR-000717,Boston,Tucson,39.27463,-69.5,30.92733,-113.23037,2926.8,Reefer,26398.0,2025-01-05,0.74425,1.83791,5500.67,1.879414377477108,1500+
TR-019282,Hartford,Phoenix,39.55328,-72.18051,28.75668,-115.87725,2988.5,Dry Van,19975.0,2025-05-02,1.32733,2.32187,5499.91,1.8403580391500753,1500+
TR-021564,Las Vegas,Philadelphia,33.22353,-115.24994,39.22317,-72.9671,2716.5,Reefer,17450.0,2025-05-16,1.0558,2.0818,5499.67,2.024542609976072,1500+
TR-034985,Fresno,New York,33.07921,-119.79528,40.00674,-73.7984,2916.7,Flatbed,26735.0,2025-08-08,1.07147,2.64067,5499.06,1.8853704529091098,1500+
TR-027034,Charleston,Phoenix,34.15334,-79.74475,28.75668,-115.87725,2566.4,Flatbed,23683.0,2025-06-19,1.36481,2.14292,5498.89,2.1426472880299254,1500+
TR-006971,Los Angeles,Harrisburg,28.56624,-116.70249,39.71695,-78.12481,2698.4,Reefer,39586.0,2025-02-13,1.11625,2.05206,5498.79,2.0377964719833974,1500+
TR-017257,Philadelphia,Fresno,39.22317,-72.9671,33.07921,-119.79528,3056.8,Dry Van,30021.0,2025-04-19,1.2198,2.3238,5498.29,1.7987077990054958,1500+
TR-017839,Phoenix,Syracuse,28.75668,-115.87725,42.80915,-76.89973,2770.1,Flatbed,35742.0,2025-04-22,1.24508,2.18882,5498.13,1.984812822641782,1500+
TR-007044,Los Angeles,Providence,28.56624,-116.70249,37.37287,-69.5,3236.5,Dry Van,21293.0,2025-02-14,1.04129,1.65588,5497.86,1.6987053916267572,1500+
TR-028340,Greensboro,Fresno,35.98195,-82.78379,33.07921,-119.79528,2487.4,Flatbed,41611.0,2025-06-27,1.3215,2.23127,5496.27,2.2096446088284956,1500+
TR-017021,Buffalo,Phoenix,41.67681,-78.56704,28.75668,-115.87725,2706.2,Reefer,23051.0,2025-04-17,1.3269,2.12806,5496.17,2.030954844431306,1500+
TR-012469,New York,Tucson,40.00674,-73.7984,30.92733,-113.23037,2645.7,Reefer,29948.0,2025-03-20,1.22346,2.09891,5495.73,2.077230978568999,1500+
TR-041148,Los Angeles,Buffalo,28.56624,-116.70249,41.67681,-78.56704,2735.9,Flatbed,33430.0,2025-09-18,0.99536,1.99571,5495.7,2.008735699404218,1500+
TR-012715,Reno,Charleston,39.54838,-118.64843,34.15334,-79.74475,2551.5,Reefer,38046.0,2025-03-22,1.01957,2.14555,5495.25,2.1537330981775424,1500+
TR-031477,El Paso,Albany,33.31075,-110.3123,43.96975,-71.05842,2610.8,Reefer,31521.0,2025-07-17,1.30139,2.05379,5495.08,2.1047495020683313,1500+
TR-012734,Reno,Raleigh,39.54838,-118.64843,35.37376,-77.47605,2629.9,Reefer,37054.0,2025-03-22,1.03821,2.09964,5494.55,2.0892619491235407,1500+
TR-041567,Salt Lake City,Providence,35.03488,-113.18895,37.37287,-69.5,2868.6,Dry Van,39511.0,2025-09-20,0.85638,1.89137,5494.02,1.9152269399707176,1500+
TR-013177,Fresno,Raleigh,33.07921,-119.79528,35.37376,-77.47605,2718.7,Flatbed,27398.0,2025-03-25,1.12256,2.05197,5493.14,2.0205024460219962,1500+
TR-021944,Phoenix,Buffalo,28.75668,-115.87725,41.67681,-78.56704,2686.6,Reefer,31496.0,2025-05-19,1.17993,2.12415,5492.36,2.044353457902181,1500+
TR-029950,Reno,Hartford,39.54838,-118.64843,39.55328,-72.18051,2859.7,Dry Van,47500.0,2025-07-08,1.262,2.18214,5491.89,1.920442703780117,1500+
TR-000432,Tucson,Boston,30.92733,-113.23037,39.27463,-69.5,2903.5,Reefer,15242.0,2025-01-03,0.89386,1.89812,5491.28,1.8912622696745307,1500+
TR-030146,Bakersfield,Philadelphia,33.28832,-116.67935,39.22317,-72.9671,2849.5,Dry Van,39787.0,2025-07-09,1.29026,2.27809,5490.92,1.9269766625723812,1500+
TR-034533,San Francisco,Harrisburg,35.1967,-121.69849,39.71695,-78.12481,2900.1,Reefer,24477.0,2025-08-05,1.00864,2.17456,5489.51,1.8928692114065033,1500+
TR-014024,Baltimore,Tucson,38.16908,-72.74564,30.92733,-113.23037,2706.9,Flatbed,34005.0,2025-03-30,1.02059,1.96936,5489.47,2.027954486682183,1500+
TR-040179,Philadelphia,San Francisco,39.22317,-72.9671,35.1967,-121.69849,3000.0,Dry Van,31380.0,2025-09-11,0.98683,1.79981,5488.25,1.8294166666666667,1500+
TR-025394,Albany,Los Angeles,43.96975,-71.05842,28.56624,-116.70249,3108.0,Dry Van,24186.0,2025-06-09,1.16115,1.73638,5487.87,1.7657239382239382,1500+
TR-012407,New York,Bakersfield,40.00674,-73.7984,33.28832,-116.67935,2793.3,Flatbed,20978.0,2025-03-20,1.20794,1.96479,5487.79,1.9646260695235025,1500+
TR-040646,Harrisburg,Los Angeles,39.71695,-78.12481,28.56624,-116.70249,2649.7,Reefer,38664.0,2025-09-14,0.80601,2.07141,5487.77,2.071091066913236,1500+
TR-021807,Albany,Fresno,43.96975,-71.05842,33.07921,-119.79528,3135.4,Dry Van,13340.0,2025-05-18,1.22901,2.40002,5487.54,1.7501881737577343,1500+
TR-014596,Los Angeles,New York,28.56624,-116.70249,40.00674,-73.7984,3020.4,Dry Van,42306.0,2025-04-02,1.13812,2.32758,5487.27,1.8167361938816051,1500+
TR-034158,Syracuse,Phoenix,42.80915,-76.89973,28.75668,-115.87725,2792.6,Reefer,29137.0,2025-08-03,0.94834,1.97012,5486.34,1.964599298145098,1500+
TR-006683,Albany,Los Angeles,43.96975,-71.05842,28.56624,-116.70249,3131.6,Dry Van,35061.0,2025-02-12,1.07047,1.72728,5485.57,1.7516828458296079,1500+
TR-000389,Corpus Christi,Chattanooga,28.61374,-95.89569,35.29792,-87.18651,823.0,Flatbed,39556.0,2025-01-03,0.92409,2.22467,5485.49,6.665236938031591,751-1000
TR-003113,Fresno,Albany,33.07921,-119.79528,43.96975,-71.05842,3088.0,Dry Van,45125.0,2025-01-20,0.85996,1.73134,5485.48,1.776386010362694,1500+
TR-027868,Syracuse,Tucson,42.80915,-76.89973,30.92733,-113.23037,2467.2,Reefer,35299.0,2025-06-25,1.40916,2.19733,5485.0,2.223167963683528,1500+
TR-036210,Phoenix,Syracuse,28.75668,-115.87725,42.80915,-76.89973,2759.4,Reefer,38807.0,2025-08-17,0.89185,2.14319,5484.89,1.9877110966152063,1500+
TR-021990,Las Vegas,Albany,33.22353,-115.24994,43.96975,-71.05842,2885.5,Flatbed,23668.0,2025-05-19,1.2093,2.23271,5484.65,1.9007624328539248,1500+
TR-041950,Hartford,Fresno,39.55328,-72.18051,33.07921,-119.79528,3082.1,Dry Van,31204.0,2025-09-22,0.84369,1.79613,5484.51,1.7794717887154863,1500+
TR-023376,Phoenix,Albany,28.75668,-115.87725,43.96975,-71.05842,3089.8,Dry Van,8334.0,2025-05-28,1.40882,2.37621,5484.25,1.7749530713962067,1500+
TR-034169,Bakersfield,Philadelphia,33.28832,-116.67935,39.22317,-72.9671,2861.8,Reefer,24334.0,2025-08-03,0.93634,2.29771,5483.01,1.9159305332308336,1500+
TR-040504,Bakersfield,Providence,33.28832,-116.67935,37.37287,-69.5,3011.3,Dry Van,33987.0,2025-09-13,0.91535,1.81146,5482.81,1.8207451931059675,1500+
TR-040319,Fresno,Raleigh,33.07921,-119.79528,35.37376,-77.47605,2813.1,Flatbed,26578.0,2025-09-12,0.97817,1.9482,5482.58,1.94894600263055,1500+
TR-017507,Reno,Boston,39.54838,-118.64843,39.27463,-69.5,3017.1,Dry Van,32488.0,2025-04-20,1.18731,2.38127,5482.19,1.817039541281363,1500+
TR-031088,Harrisburg,Bakersfield,39.71695,-78.12481,33.28832,-116.67935,2572.4,Reefer,37858.0,2025-07-15,1.25268,2.04293,5481.82,2.131013839216296,1500+
TR-006787,Los Angeles,Richmond,28.56624,-116.70249,38.09122,-76.78906,2768.8,Reefer,31731.0,2025-02-12,1.04765,1.99459,5481.06,1.979579601271309,1500+
TR-021514,Reno,Philadelphia,39.54838,-118.64843,39.22317,-72.9671,2789.1,Reefer,24405.0,2025-05-16,1.39223,2.19127,5480.87,1.9651034383851422,1500+
TR-021090,Fresno,Philadelphia,33.07921,-119.79528,39.22317,-72.9671,2982.8,Dry Van,33583.0,2025-05-13,1.28436,2.33052,5479.37,1.8369887354163872,1500+
TR-022305,San Francisco,Buffalo,35.1967,-121.69849,41.67681,-78.56704,2763.7,Reefer,25198.0,2025-05-21,1.3616,2.13964,5478.57,1.9823316568368492,1500+
TR-013831,El Paso,Hartford,33.31075,-110.3123,39.55328,-72.18051,2555.4,Flatbed,36712.0,2025-03-29,1.10445,2.13166,5478.5,2.1438913673006184,1500+
TR-018489,Syracuse,Phoenix,42.80915,-76.89973,28.75668,-115.87725,2760.8,Flatbed,47500.0,2025-04-27,1.1686,2.1433,5478.31,1.9843197623877138,1500+
TR-031220,Baltimore,Los Angeles,38.16908,-72.74564,28.56624,-116.70249,2948.2,Dry Van,32706.0,2025-07-15,1.23942,2.2977,5477.69,1.8579777491350655,1500+
TR-015167,Salt Lake City,Boston,35.03488,-113.18895,39.27463,-69.5,2727.7,Reefer,35364.0,2025-04-06,1.01437,2.11928,5476.71,2.0078124427173076,1500+
TR-021748,Richmond,Fresno,38.09122,-76.78906,33.07921,-119.79528,2813.9,Flatbed,27644.0,2025-05-18,1.20492,2.17549,5476.35,1.9461779025551726,1500+
TR-024097,Philadelphia,El Paso,39.22317,-72.9671,33.31075,-110.3123,2540.3,Reefer,45513.0,2025-06-01,1.22937,2.14576,5476.2,2.155729638231705,1500+
TR-028390,Phoenix,Greensboro,28.75668,-115.87725,35.98195,-82.78379,2349.2,Reefer,41251.0,2025-06-28,1.25776,2.33667,5475.82,2.3309296781883195,1500+
TR-011970,Syracuse,Phoenix,42.80915,-76.89973,28.75668,-115.87725,2792.8,Reefer,29166.0,2025-03-17,1.04292,1.94145,5475.27,1.960494843884274,1500+
TR-012790,Phoenix,Hartford,28.75668,-115.87725,39.55328,-72.18051,2986.4,Dry Van,31496.0,2025-03-23,0.91995,1.82384,5475.01,1.8333143584248595,1500+
TR-036371,Jacksonville,Shreveport,31.98691,-84.48897,32.54628,-92.31888,541.4,Dry Van,22711.0,2025-08-18,0.87494,1.54444,5474.99,10.112652382711488,501-750
TR-015073,Phoenix,Albany,28.75668,-115.87725,43.96975,-71.05842,3143.2,Dry Van,31442.0,2025-04-05,1.08671,2.46847,5474.45,1.7416804530414864,1500+
TR-020672,Salt Lake City,Albany,35.03488,-113.18895,43.96975,-71.05842,2676.2,Flatbed,36799.0,2025-05-10,1.27344,2.13411,5474.0,2.0454375607204245,1500+
TR-040729,Phoenix,New York,28.75668,-115.87725,40.00674,-73.7984,2927.8,Flatbed,23442.0,2025-09-15,0.81533,1.84914,5473.89,1.8696256574902657,1500+
TR-027510,Corpus Christi,Memphis,28.61374,-95.89569,35.56802,-89.52871,727.0,Dry Van,28276.0,2025-06-22,1.23208,2.24986,5472.77,7.527881705639616,501-750
TR-038147,New York,Reno,40.00674,-73.7984,39.54838,-118.64843,2784.7,Reefer,28387.0,2025-08-29,0.99837,1.55363,5472.38,1.9651596222214245,1500+
TR-025812,Los Angeles,Columbia,28.56624,-116.70249,34.6357,-83.28506,2359.0,Reefer,38238.0,2025-06-12,1.42481,2.31173,5471.86,2.3195676133955065,1500+
TR-042092,Savannah,Fresno,33.60973,-82.29994,33.07921,-119.79528,2465.7,Reefer,38572.0,2025-09-23,0.83902,2.20343,5471.67,2.2191142474753622,1500+
TR-029180,Fresno,Raleigh,33.07921,-119.79528,35.37376,-77.47605,2743.8,Dry Van,40946.0,2025-07-03,1.34176,2.19288,5471.49,1.9941285808003497,1500+
TR-008675,Boston,Phoenix,39.27463,-69.5,28.75668,-115.87725,3211.3,Dry Van,16534.0,2025-02-25,1.05694,1.72435,5470.89,1.7036371562918444,1500+
TR-019362,San Francisco,Albany,35.1967,-121.69849,43.96975,-71.05842,3112.5,Dry Van,15160.0,2025-05-02,1.3595,2.40728,5469.46,1.7572562248995984,1500+
TR-009343,Richmond,Fresno,38.09122,-76.78906,33.07921,-119.79528,2909.2,Flatbed,32800.0,2025-03-01,1.01521,1.88515,5468.83,1.8798398185068061,1500+
TR-036091,Phoenix,Albany,28.75668,-115.87725,43.96975,-71.05842,3217.2,Dry Van,22489.0,2025-08-16,0.90077,1.96498,5467.0,1.6993037423846824,1500+
TR-024346,Bakersfield,Charleston,33.28832,-116.67935,34.15334,-79.74475,2426.6,Reefer,39948.0,2025-06-03,1.27959,2.23599,5466.2,2.252616830132696,1500+
TR-021105,New York,Los Angeles,40.00674,-73.7984,28.56624,-116.70249,2963.8,Dry Van,40463.0,2025-05-13,1.26514,2.26144,5465.34,1.8440313111545987,1500+
TR-021108,Bakersfield,Hartford,33.28832,-116.67935,39.55328,-72.18051,2788.3,Flatbed,26353.0,2025-05-13,1.29047,2.2303,5465.21,1.9600509270881898,1500+
TR-020448,Providence,Tucson,37.37287,-69.5,30.92733,-113.23037,2879.6,Dry Van,22460.0,2025-05-09,1.34992,2.28719,5461.84,1.8967356577302403,1500+
TR-014796,Richmond,Phoenix,38.09122,-76.78906,28.75668,-115.87725,2772.7,Flatbed,20814.0,2025-04-03,1.27429,2.17192,5461.69,1.9698092112381433,1500+
TR-025424,Los Angeles,Hartford,28.56624,-116.70249,39.55328,-72.18051,2983.8,Dry Van,31044.0,2025-06-09,1.22142,1.83464,5461.51,1.830387425430659,1500+
TR-002426,Boston,Phoenix,39.27463,-69.5,28.75668,-115.87725,3158.2,Dry Van,24586.0,2025-01-16,1.01688,1.71936,5461.16,1.729200177316193,1500+
TR-013433,New York,Phoenix,40.00674,-73.7984,28.75668,-115.87725,2868.6,Dry Van,35159.0,2025-03-26,1.21527,1.93427,5461.16,1.9037718747821237,1500+
TR-024547,Los Angeles,Jacksonville,28.56624,-116.70249,31.98691,-84.48897,2324.2,Reefer,37491.0,2025-06-04,1.3894,2.37237,5460.67,2.349483693313829,1500+
TR-014627,Washington,Los Angeles,38.87577,-77.05086,28.56624,-116.70249,2827.4,Flatbed,32663.0,2025-04-02,1.19892,2.21427,5460.36,1.9312301053971845,1500+
TR-023893,Fresno,Richmond,33.07921,-119.79528,38.09122,-76.78906,2790.2,Flatbed,22208.0,2025-05-31,1.30836,2.19974,5459.38,1.9566267651064442,1500+
TR-019104,Albany,Tucson,43.96975,-71.05842,30.92733,-113.23037,2750.0,Flatbed,32449.0,2025-04-30,1.36889,2.15479,5456.97,1.9843527272727273,1500+
TR-009983,Reno,Hartford,39.54838,-118.64843,39.55328,-72.18051,2852.1,Flatbed,28364.0,2025-03-05,1.11375,1.91788,5456.14,1.9130254899898322,1500+
TR-040456,Baltimore,Phoenix,38.16908,-72.74564,28.75668,-115.87725,3031.6,Dry Van,37530.0,2025-09-13,0.86811,1.76205,5455.82,1.7996503496503495,1500+
TR-042673,Charleston,Phoenix,34.15334,-79.74475,28.75668,-115.87725,2487.1,Reefer,41181.0,2025-09-27,0.85442,2.17177,5454.91,2.1932813316714244,1500+
TR-037027,Las Vegas,New York,33.22353,-115.24994,40.00674,-73.7984,2740.9,Reefer,32152.0,2025-08-22,1.0286,2.35923,5454.33,1.9899777445364661,1500+
TR-015811,Fresno,Richmond,33.07921,-119.79528,38.09122,-76.78906,2916.5,Flatbed,22667.0,2025-04-10,1.24018,2.22677,5453.98,1.8700428595919765,1500+
TR-023906,Philadelphia,Los Angeles,39.22317,-72.9671,28.56624,-116.70249,3034.3,Dry Van,27257.0,2025-05-31,1.2536,2.3703,5453.46,1.797271199288139,1500+
TR-018142,Los Angeles,Boston,28.56624,-116.70249,39.27463,-69.5,3069.1,Dry Van,18397.0,2025-04-25,1.31182,2.41088,5452.9,1.7767097846274151,1500+
TR-005572,Richmond,Phoenix,38.09122,-76.78906,28.75668,-115.87725,2728.8,Reefer,42468.0,2025-02-04,0.93349,1.99198,5452.56,1.9981530343007916,1500+
TR-001518,Los Angeles,Baltimore,28.56624,-116.70249,38.16908,-72.74564,3005.8,Flatbed,28389.0,2025-01-10,0.94399,1.78364,5452.46,1.8139796393638963,1500+
TR-035354,Fresno,Albany,33.07921,-119.79528,43.96975,-71.05842,3064.0,Dry Van,30405.0,2025-08-11,0.92056,2.01137,5452.45,1.779520234986945,1500+
TR-039434,Los Angeles,Philadelphia,28.56624,-116.70249,39.22317,-72.9671,3026.4,Dry Van,36555.0,2025-09-07,0.81775,1.76494,5451.7,1.8013811789584984,1500+
TR-027521,Hartford,Reno,39.55328,-72.18051,39.54838,-118.64843,2880.5,Dry Van,33357.0,2025-06-22,1.18985,1.91622,5451.6,1.892588092345079,1500+
TR-040318,Phoenix,Washington,28.75668,-115.87725,38.87577,-77.05086,2621.2,Reefer,32276.0,2025-09-12,0.94556,2.0687,5451.58,2.079803143598352,1500+
TR-010751,Philadelphia,Bakersfield,39.22317,-72.9671,33.28832,-116.67935,2856.3,Flatbed,26222.0,2025-03-10,1.00491,1.8689,5451.39,1.908549522109022,1500+
TR-036160,Providence,Phoenix,37.37287,-69.5,28.75668,-115.87725,3105.7,Dry Van,34309.0,2025-08-16,0.9519,2.07668,5451.29,1.7552532440351611,1500+
TR-016777,Buffalo,Fresno,41.67681,-78.56704,33.07921,-119.79528,2779.4,Flatbed,30963.0,2025-04-16,1.29287,2.16617,5450.3,1.960962797726128,1500+
TR-024176,Albany,Los Angeles,43.96975,-71.05842,28.56624,-116.70249,3095.5,Dry Van,17666.0,2025-06-01,1.17091,1.75198,5448.86,1.7602519786787272,1500+
TR-014838,Bakersfield,Providence,33.28832,-116.67935,37.37287,-69.5,3092.8,Dry Van,30205.0,2025-04-04,1.20039,2.35661,5447.14,1.7612325400931195,1500+
TR-026478,Boston,El Paso,39.27463,-69.5,33.31075,-110.3123,2726.5,Dry Van,37523.0,2025-06-16,1.2179,1.9718,5446.57,1.9976416651384559,1500+
TR-041236,Raleigh,San Francisco,35.37376,-77.47605,35.1967,-121.69849,2854.4,Dry Van,41363.0,2025-09-18,0.97672,1.92408,5446.12,1.90797365470852,1500+
TR-007099,Bakersfield,Baltimore,33.28832,-116.67935,38.16908,-72.74564,2857.5,Flatbed,32220.0,2025-02-14,1.05937,1.93373,5443.88,1.905119860017498,1500+
TR-017888,New York,Salt Lake City,40.00674,-73.7984,35.03488,-113.18895,2486.3,Reefer,35476.0,2025-04-23,1.33011,1.96928,5443.46,2.1893818123315767,1500+
TR-026524,Albany,Bakersfield,43.96975,-71.05842,33.28832,-116.67935,2950.3,Dry Van,31568.0,2025-06-16,1.19548,1.82257,5441.97,1.8445480120665694,1500+
TR-022792,New York,San Francisco,40.00674,-73.7984,35.1967,-121.69849,3099.8,Dry Van,21905.0,2025-05-24,1.2894,2.37893,5441.89,1.755561649138654,1500+
TR-035823,Phoenix,Albany,28.75668,-115.87725,43.96975,-71.05842,3019.0,Dry Van,31103.0,2025-08-14,1.07435,1.93552,5441.3,1.8023517721099702,1500+
TR-029290,Philadelphia,Bakersfield,39.22317,-72.9671,33.28832,-116.67935,2785.8,Flatbed,15345.0,2025-07-04,1.34039,2.19404,5440.05,1.9527783760499677,1500+
TR-006308,Fresno,Harrisburg,33.07921,-119.79528,39.71695,-78.12481,2770.1,Reefer,38268.0,2025-02-09,0.92331,1.98566,5439.77,1.9637449911555542,1500+
TR-020744,El Paso,Providence,33.31075,-110.3123,37.37287,-69.5,2643.6,Flatbed,31270.0,2025-05-11,1.23329,1.9868,5439.47,2.057599485550008,1500+
TR-039288,Hartford,Bakersfield,39.55328,-72.18051,33.28832,-116.67935,2810.6,Reefer,24713.0,2025-09-06,0.85512,1.94686,5439.24,1.9352593752223723,1500+
TR-042635,Philadelphia,Phoenix,39.22317,-72.9671,28.75668,-115.87725,2949.2,Dry Van,42909.0,2025-09-27,0.86779,1.86004,5438.66,1.8441136579411366,1500+
TR-004829,San Francisco,Albany,35.1967,-121.69849,43.96975,-71.05842,3198.8,Dry Van,33123.0,2025-01-31,1.00258,1.71001,5438.18,1.7000687757909216,1500+
TR-034692,San Francisco,Hartford,35.1967,-121.69849,39.55328,-72.18051,3092.5,Dry Van,26634.0,2025-08-07,1.09972,2.33309,5438.05,1.758464025869038,1500+
TR-040255,Fresno,Philadelphia,33.07921,-119.79528,39.22317,-72.9671,3013.0,Dry Van,34381.0,2025-09-12,0.97484,1.78792,5437.19,1.8045768337205441,1500+
TR-017340,Jacksonville,San Francisco,31.98691,-84.48897,35.1967,-121.69849,2531.2,Reefer,33044.0,2025-04-19,1.22437,1.97228,5436.49,2.1477915613147913,1500+
TR-002844,Boston,Los Angeles,39.27463,-69.5,28.56624,-116.70249,3092.0,Dry Van,37211.0,2025-01-18,0.86396,1.74068,5434.62,1.7576390685640362,1500+
TR-039982,Reno,New York,39.54838,-118.64843,40.00674,-73.7984,2745.9,Reefer,41531.0,2025-09-10,0.96441,1.9796,5433.92,1.9789213008485378,1500+
TR-025632,Harrisburg,Phoenix,39.71695,-78.12481,28.75668,-115.87725,2617.4,Reefer,17025.0,2025-06-11,1.34089,2.03946,5433.65,2.075972338962329,1500+
TR-039845,San Francisco,Harrisburg,35.1967,-121.69849,39.71695,-78.12481,2765.8,Flatbed,28297.0,2025-09-09,0.88364,1.94437,5432.67,1.9642309639164075,1500+
TR-009746,Richmond,Fresno,38.09122,-76.78906,33.07921,-119.79528,2882.8,Reefer,24443.0,2025-03-03,0.98289,1.87659,5432.55,1.884469959761343,1500+
TR-030170,El Paso,New York,33.31075,-110.3123,40.00674,-73.7984,2395.5,Reefer,38078.0,2025-07-09,1.31943,1.92598,5432.18,2.2676601962012106,1500+
TR-012789,Phoenix,Harrisburg,28.75668,-115.87725,39.71695,-78.12481,2639.6,Reefer,32324.0,2025-03-23,1.00442,2.06086,5431.96,2.0578724049098347,1500+
TR-003363,Boston,San Francisco,39.27463,-69.5,35.1967,-121.69849,3279.9,Dry Van,16723.0,2025-01-22,1.03,1.65842,5431.75,1.656071831458276,1500+
TR-027757,Fresno,Columbia,33.07921,-119.79528,34.6357,-83.28506,2449.4,Reefer,35417.0,2025-06-24,1.22665,2.23332,5431.35,2.2174205927982364,1500+
TR-042225,Philadelphia,Los Angeles,39.22317,-72.9671,28.56624,-116.70249,3061.4,Dry Van,27146.0,2025-09-24,0.8956,1.75181,5431.34,1.7741360162017377,1500+
TR-000324,Richmond,San Francisco,38.09122,-76.78906,35.1967,-121.69849,2848.8,Reefer,31496.0,2025-01-03,0.9137,1.92679,5430.07,1.906090283628194,1500+
TR-016199,Los Angeles,Philadelphia,28.56624,-116.70249,39.22317,-72.9671,3044.9,Dry Van,33765.0,2025-04-12,1.12893,2.34658,5429.64,1.7831915662254918,1500+
TR-023895,Charleston,Phoenix,34.15334,-79.74475,28.75668,-115.87725,2557.9,Reefer,18036.0,2025-05-31,1.24277,1.98164,5428.97,2.1224324641307324,1500+
TR-027892,Baltimore,Tucson,38.16908,-72.74564,30.92733,-113.23037,2721.2,Dry Van,40254.0,2025-06-25,1.35889,1.97274,5428.69,1.9949617815669558,1500+
TR-010186,Austin,Columbia,29.39553,-99.6978,34.6357,-83.28506,1201.7,Dry Van,22602.0,2025-03-06,1.10888,1.88542,5426.96,4.516068902388283,1001-1500
TR-041826,Bakersfield,Buffalo,33.28832,-116.67935,41.67681,-78.56704,2541.4,Reefer,47500.0,2025-09-22,0.79671,2.16839,5426.58,2.135271897379397,1500+
TR-029407,Raleigh,Phoenix,35.37376,-77.47605,28.75668,-115.87725,2624.2,Flatbed,35041.0,2025-07-04,1.30756,2.07697,5425.66,2.0675482051672893,1500+
TR-024736,El Paso,Hartford,33.31075,-110.3123,39.55328,-72.18051,2505.0,Reefer,28996.0,2025-06-05,1.38549,2.1762,5425.18,2.165740518962076,1500+
TR-017216,Buffalo,Fresno,41.67681,-78.56704,33.07921,-119.79528,2673.9,Reefer,36895.0,2025-04-19,1.22268,2.16933,5424.29,2.028606155802386,1500+
TR-027622,Bakersfield,Hartford,33.28832,-116.67935,39.55328,-72.18051,2920.4,Dry Van,27510.0,2025-06-23,1.0558,1.88676,5424.16,1.8573346116970277,1500+
TR-025748,Richmond,Fresno,38.09122,-76.78906,33.07921,-119.79528,2882.3,Dry Van,25492.0,2025-06-11,1.34368,1.87087,5423.89,1.8817923186344239,1500+
TR-036636,Richmond,Bakersfield,38.09122,-76.78906,33.28832,-116.67935,2585.6,Reefer,36141.0,2025-08-20,1.0145,2.2544,5422.39,2.0971495977722774,1500+
TR-037080,Phoenix,Boston,28.75668,-115.87725,39.27463,-69.5,3137.2,Dry Van,21325.0,2025-08-23,0.88951,2.55667,5422.12,1.7283309957924264,1500+
TR-011111,Albany,Tucson,43.96975,-71.05842,30.92733,-113.23037,2851.1,Reefer,18931.0,2025-03-12,1.12111,1.90408,5422.04,1.901736172003788,1500+
TR-033090,Hartford,Tucson,39.55328,-72.18051,30.92733,-113.23037,2744.1,Reefer,25281.0,2025-07-28,0.95825,2.14415,5421.9,1.975839072920083,1500+
TR-027043,Raleigh,Tucson,35.37376,-77.47605,30.92733,-113.23037,2438.7,Flatbed,40497.0,2025-06-19,1.39735,2.22676,5421.71,2.223196785172428,1500+
TR-009261,Syracuse,Los Angeles,42.80915,-76.89973,28.56624,-116.70249,2745.4,Reefer,37815.0,2025-03-01,0.97301,1.95817,5421.05,1.9745938661033,1500+
TR-008732,Fresno,Richmond,33.07921,-119.79528,38.09122,-76.78906,2846.3,Flatbed,39169.0,2025-02-25,1.0237,1.91101,5420.86,1.904528686364754,1500+
TR-004341,Fresno,Syracuse,33.07921,-119.79528,42.80915,-76.89973,2801.3,Reefer,31431.0,2025-01-28,0.92318,1.94198,5420.65,1.9350480134223393,1500+
TR-035769,Washington,Fresno,38.87577,-77.05086,33.07921,-119.79528,2757.8,Reefer,26202.0,2025-08-14,1.10015,2.52718,5420.15,1.9653890782507792,1500+
TR-007592,San Francisco,Richmond,35.1967,-121.69849,38.09122,-76.78906,2884.9,Flatbed,36828.0,2025-02-18,0.95164,1.88485,5419.23,1.878481056535755,1500+
TR-006094,Baltimore,Phoenix,38.16908,-72.74564,28.75668,-115.87725,3003.0,Flatbed,30902.0,2025-02-08,0.9241,1.83627,5418.67,1.8044189144189144,1500+
TR-036882,Philadelphia,Tucson,39.22317,-72.9671,30.92733,-113.23037,2668.0,Reefer,28793.0,2025-08-21,1.04486,2.22443,5418.53,2.030933283358321,1500+
TR-017484,Buffalo,Los Angeles,41.67681,-78.56704,28.56624,-116.70249,2758.2,Reefer,13119.0,2025-04-20,1.14437,2.16151,5418.11,1.964364440577188,1500+
TR-017205,Bakersfield,Albany,33.28832,-116.67935,43.96975,-71.05842,2890.3,Dry Van,41969.0,2025-04-19,1.22269,2.31847,5418.03,1.8745562744351796,1500+
TR-009527,Harrisburg,Kansas City,39.71695,-78.12481,39.41104,-91.1245,800.6,Dry Van,17648.0,2025-03-02,0.98947,1.90603,5417.77,6.767137147139645,751-1000
TR-035459,Syracuse,Fresno,42.80915,-76.89973,33.07921,-119.79528,2795.5,Reefer,19004.0,2025-08-12,0.96748,2.00298,5417.7,1.9380075120729743,1500+
TR-009695,Boston,Louisville,39.27463,-69.5,37.36588,-87.47153,1206.3,Dry Van,29562.0,2025-03-03,0.97512,1.92897,5417.5,4.4910055541739204,1001-1500
TR-011491,Bakersfield,Baltimore,33.28832,-116.67935,38.16908,-72.74564,2904.2,Dry Van,38232.0,2025-03-14,1.11297,1.88389,5417.05,1.8652468838234284,1500+
TR-023787,Philadelphia,Reno,39.22317,-72.9671,39.54838,-118.64843,2787.8,Flatbed,23630.0,2025-05-30,1.38923,2.26316,5416.48,1.942922734772939,1500+
TR-016311,Syracuse,Fresno,42.80915,-76.89973,33.07921,-119.79528,2810.9,Reefer,29569.0,2025-04-13,1.01326,2.2367,5416.28,1.9268846276993132,1500+
TR-000918,Fresno,Richmond,33.07921,-119.79528,38.09122,-76.78906,2847.6,Reefer,33434.0,2025-01-06,0.81235,1.91997,5416.13,1.901998173900829,1500+
TR-028118,Richmond,Phoenix,38.09122,-76.78906,28.75668,-115.87725,2730.3,Dry Van,45558.0,2025-06-26,1.37458,1.97329,5415.92,1.9836354979306303,1500+
TR-035236,San Francisco,Raleigh,35.1967,-121.69849,35.37376,-77.47605,2861.6,Reefer,24179.0,2025-08-10,0.91065,1.85964,5414.37,1.8920778585406766,1500+
TR-030693,Phoenix,Buffalo,28.75668,-115.87725,41.67681,-78.56704,2607.7,Reefer,33612.0,2025-07-12,1.21089,2.07218,5414.25,2.07625493730107,1500+
TR-034152,Albany,Los Angeles,43.96975,-71.05842,28.56624,-116.70249,3220.7,Dry Van,27796.0,2025-08-03,0.9336,1.97556,5413.99,1.680997919706896,1500+
TR-007318,Philadelphia,Fresno,39.22317,-72.9671,33.07921,-119.79528,3075.1,Dry Van,34905.0,2025-02-16,0.91376,1.75689,5413.71,1.760498845565998,1500+
TR-040249,Albany,Bakersfield,43.96975,-71.05842,33.28832,-116.67935,2952.2,Dry Van,30797.0,2025-09-12,0.90659,1.83989,5413.49,1.8337138405257096,1500+
TR-007690,Bakersfield,Boston,33.28832,-116.67935,39.27463,-69.5,2994.5,Dry Van,38414.0,2025-02-18,0.97955,1.79826,5410.89,1.8069427283352815,1500+
TR-017981,Phoenix,Philadelphia,28.75668,-115.87725,39.22317,-72.9671,2919.4,Dry Van,41615.0,2025-04-23,1.33455,2.33849,5409.97,1.8531102281290677,1500+
TR-024860,Bakersfield,Charleston,33.28832,-116.67935,34.15334,-79.74475,2491.9,Flatbed,36741.0,2025-06-06,1.34221,2.18057,5409.89,2.170990007624704,1500+
TR-025781,Tucson,Philadelphia,30.92733,-113.23037,39.22317,-72.9671,2764.3,Dry Van,37397.0,2025-06-12,1.38361,1.94652,5408.73,1.956636399811887,1500+
TR-001245,Providence,Bakersfield,37.37287,-69.5,33.28832,-116.67935,3066.6,Dry Van,27347.0,2025-01-08,0.94981,1.78752,5408.39,1.7636437748646712,1500+
TR-038089,Boston,Reno,39.27463,-69.5,39.54838,-118.64843,2996.5,Dry Van,43199.0,2025-08-29,0.98914,2.09466,5408.24,1.8048523277156683,1500+
TR-029924,Tucson,Albany,30.92733,-113.23037,43.96975,-71.05842,2896.5,Dry Van,47500.0,2025-07-08,1.2309,2.29151,5407.07,1.8667598826169514,1500+
TR-042756,Richmond,Bakersfield,38.09122,-76.78906,33.28832,-116.67935,2578.1,Flatbed,35378.0,2025-09-28,0.75192,2.10833,5406.93,2.097253791551918,1500+
TR-033177,Fresno,New York,33.07921,-119.79528,40.00674,-73.7984,3001.0,Dry Van,36049.0,2025-07-28,0.94267,2.35746,5405.95,1.8013828723758747,1500+
TR-011499,Bakersfield,New York,33.28832,-116.67935,40.00674,-73.7984,2787.1,Flatbed,29564.0,2025-03-14,1.09477,1.96528,5405.1,1.9393276165189626,1500+
TR-018459,Richmond,Reno,38.09122,-76.78906,39.54838,-118.64843,2612.9,Flatbed,39039.0,2025-04-26,1.227,2.05794,5404.71,2.068471812928164,1500+
TR-017964,Greensboro,Milwaukee,35.98195,-82.78379,39.6218,-88.48008,480.1,Dry Van,34249.0,2025-04-23,1.34375,1.78747,5404.31,11.25663403457613,251-500
TR-003651,Boston,Phoenix,39.27463,-69.5,28.75668,-115.87725,3159.5,Dry Van,24938.0,2025-01-23,1.03336,1.72215,5403.7,1.7103022630163,1500+
TR-033486,Albany,Phoenix,43.96975,-71.05842,28.75668,-115.87725,3072.1,Dry Van,33615.0,2025-07-30,1.07226,2.36102,5403.43,1.7588717815175288,1500+
TR-006419,Providence,Las Vegas,37.37287,-69.5,33.22353,-115.24994,3015.8,Dry Van,43361.0,2025-02-10,0.93234,1.81684,5402.7,1.7914649512567145,1500+
TR-001499,Bakersfield,Hartford,33.28832,-116.67935,39.55328,-72.18051,2844.5,Reefer,27611.0,2025-01-10,0.91839,1.89263,5402.59,1.899310950957989,1500+
TR-016511,Baltimore,Phoenix,38.16908,-72.74564,28.75668,-115.87725,2966.7,Dry Van,43899.0,2025-04-14,1.05604,2.301,5402.0,1.8208784170964372,1500+
TR-042964,El Paso,Albany,33.31075,-110.3123,43.96975,-71.05842,2555.9,Reefer,37073.0,2025-09-29,0.77176,2.13136,5401.18,2.1132203920341173,1500+
TR-026847,Greensboro,San Francisco,35.98195,-82.78379,35.1967,-121.69849,2584.8,Flatbed,25670.0,2025-06-18,1.3256,2.09832,5401.02,2.089531104921077,1500+
TR-025981,New York,Las Vegas,40.00674,-73.7984,33.22353,-115.24994,2752.4,Dry Van,36662.0,2025-06-13,1.36573,1.95572,5400.96,1.9622729254468827,1500+
TR-024267,New York,Los Angeles,40.00674,-73.7984,28.56624,-116.70249,3055.0,Dry Van,28751.0,2025-06-02,1.21055,1.75382,5400.95,1.7679050736497544,1500+
TR-001757,Raleigh,Los Angeles,35.37376,-77.47605,28.56624,-116.70249,2674.6,Reefer,40927.0,2025-01-11,0.84837,2.03868,5399.08,2.0186495176848873,1500+
TR-024695,Philadelphia,Bakersfield,39.22317,-72.9671,33.28832,-116.67935,2820.3,Dry Van,37257.0,2025-06-04,1.34939,1.92152,5398.61,1.9141970712335565,1500+
TR-029268,Philadelphia,Columbia,39.22317,-72.9671,34.6357,-83.28506,759.6,Dry Van,33554.0,2025-07-03,1.36982,2.03043,5397.96,7.1063191153238545,751-1000
TR-020220,San Francisco,Raleigh,35.1967,-121.69849,35.37376,-77.47605,2837.5,Dry Van,33513.0,2025-05-07,1.40606,2.22229,5397.72,1.9022801762114538,1500+
TR-009397,Tucson,Baltimore,30.92733,-113.23037,38.16908,-72.74564,2716.0,Reefer,12720.0,2025-03-01,1.00616,2.01034,5397.2,1.9871870397643592,1500+
TR-028632,Reno,Hartford,39.54838,-118.64843,39.55328,-72.18051,2887.8,Dry Van,27784.0,2025-06-29,1.18711,1.83143,5396.81,1.8688309439711892,1500+
TR-028790,Tucson,Washington,30.92733,-113.23037,38.87577,-77.05086,2464.4,Reefer,30468.0,2025-06-30,1.1536,2.17676,5396.76,2.189888005193962,1500+
TR-036280,Reno,Richmond,39.54838,-118.64843,38.09122,-76.78906,2597.6,Reefer,43799.0,2025-08-17,0.92844,1.90193,5396.59,2.0775292577764093,1500+
TR-011843,Philadelphia,Reno,39.22317,-72.9671,39.54838,-118.64843,2731.8,Reefer,25469.0,2025-03-17,1.00419,1.95946,5396.08,1.9752836957317519,1500+
TR-039646,Hartford,Fresno,39.55328,-72.18051,33.07921,-119.79528,3152.6,Dry Van,24027.0,2025-09-08,0.8112,1.73393,5396.01,1.711606293218296,1500+
TR-041114,Hartford,Reno,39.55328,-72.18051,39.54838,-118.64843,2807.6,Reefer,20221.0,2025-09-17,0.96337,1.91178,5395.2,1.9216412594386665,1500+
TR-031876,Phoenix,Buffalo,28.75668,-115.87725,41.67681,-78.56704,2628.2,Reefer,36221.0,2025-07-20,1.09035,2.09583,5394.76,2.0526443954036986,1500+
TR-014921,Syracuse,Los Angeles,42.80915,-76.89973,28.56624,-116.70249,2843.0,Flatbed,29557.0,2025-04-04,1.18611,2.21085,5393.74,1.8972001406964474,1500+
TR-034373,Syracuse,Bakersfield,42.80915,-76.89973,33.28832,-116.67935,2633.0,Reefer,31876.0,2025-08-05,1.02572,2.36048,5393.67,2.048488416255222,1500+
TR-024916,Bakersfield,Syracuse,33.28832,-116.67935,42.80915,-76.89973,2602.4,Reefer,20185.0,2025-06-06,1.31866,2.08464,5393.42,2.072479249923148,1500+
TR-040828,San Francisco,New York,35.1967,-121.69849,40.00674,-73.7984,3041.8,Dry Van,32823.0,2025-09-15,0.83819,1.76916,5392.76,1.7728844762969294,1500+
TR-031313,San Francisco,Raleigh,35.1967,-121.69849,35.37376,-77.47605,2859.3,Dry Van,29796.0,2025-07-16,1.30408,2.22945,5392.04,1.8857902283775747,1500+
TR-036398,Richmond,Bakersfield,38.09122,-76.78906,33.28832,-116.67935,2561.7,Reefer,32845.0,2025-08-18,0.89708,1.95315,5391.98,2.1048444392395673,1500+
TR-040491,New York,Fresno,40.00674,-73.7984,33.07921,-119.79528,3033.7,Dry Van,27252.0,2025-09-13,0.83675,1.75408,5391.91,1.7773379042093813,1500+
TR-014263,Charleston,Reno,34.15334,-79.74475,39.54838,-118.64843,2495.3,Reefer,41003.0,2025-03-31,1.07006,2.15278,5391.54,2.1606780747805874,1500+
TR-037694,Baltimore,Los Angeles,38.16908,-72.74564,28.56624,-116.70249,2963.0,Dry Van,35917.0,2025-08-27,1.06232,1.88232,5390.78,1.8193655079311508,1500+
TR-015660,Phoenix,Hartford,28.75668,-115.87725,39.55328,-72.18051,2980.2,Dry Van,31415.0,2025-04-09,1.15684,2.32377,5390.58,1.8087980672438093,1500+
TR-039995,Philadelphia,Tucson,39.22317,-72.9671,30.92733,-113.23037,2678.0,Flatbed,31165.0,2025-09-10,0.96754,2.01157,5390.41,2.012849141150112,1500+
TR-018146,Los Angeles,Raleigh,28.56624,-116.70249,35.37376,-77.47605,2724.2,Flatbed,36916.0,2025-04-25,1.31428,2.16216,5389.49,1.9783753028412012,1500+
TR-028337,Richmond,Fresno,38.09122,-76.78906,33.07921,-119.79528,2762.3,Dry Van,36589.0,2025-06-27,1.34176,1.94851,5388.27,1.95064620062991,1500+
TR-029200,Fresno,Philadelphia,33.07921,-119.79528,39.22317,-72.9671,3038.4,Dry Van,23244.0,2025-07-03,1.34569,2.36153,5388.14,1.7733478146392838,1500+
TR-010806,Las Vegas,Boston,33.22353,-115.24994,39.27463,-69.5,2988.2,Flatbed,16629.0,2025-03-10,0.98762,1.8135,5387.37,1.8028813332440936,1500+
TR-026560,Harrisburg,San Francisco,39.71695,-78.12481,35.1967,-121.69849,2875.3,Dry Van,26527.0,2025-06-17,1.27658,1.87293,5386.82,1.8734810280666363,1500+
TR-025325,Boston,Tucson,39.27463,-69.5,30.92733,-113.23037,2943.9,Dry Van,27157.0,2025-06-09,1.19356,1.8302,5386.79,1.829814192058154,1500+
TR-040056,Los Angeles,Albany,28.56624,-116.70249,43.96975,-71.05842,3100.0,Dry Van,27790.0,2025-09-10,0.94331,1.72577,5383.59,1.736641935483871,1500+
TR-039902,Phoenix,Harrisburg,28.75668,-115.87725,39.71695,-78.12481,2608.8,Flatbed,32496.0,2025-09-10,0.97039,2.02853,5383.25,2.0634966268015944,1500+
TR-030874,Albany,Bakersfield,43.96975,-71.05842,33.28832,-116.67935,2963.1,Dry Van,25554.0,2025-07-13,1.13073,2.3326,5382.71,1.8165806081468732,1500+
TR-043105,Los Angeles,Buffalo,28.56624,-116.70249,41.67681,-78.56704,2663.7,Reefer,26185.0,2025-09-30,0.85554,2.01191,5382.19,2.0205691331606412,1500+
TR-025507,Philadelphia,El Paso,39.22317,-72.9671,33.31075,-110.3123,2438.1,Reefer,41596.0,2025-06-10,1.289,2.25928,5381.19,2.2071244001476558,1500+
TR-006550,Harrisburg,San Francisco,39.71695,-78.12481,35.1967,-121.69849,2721.0,Reefer,36653.0,2025-02-11,0.934,1.96993,5380.28,1.9773171628077912,1500+
TR-009784,Providence,El Paso,37.37287,-69.5,33.31075,-110.3123,2655.2,Reefer,26949.0,2025-03-04,1.03793,2.03266,5380.15,2.0262692075926485,1500+
TR-020685,Phoenix,New York,28.75668,-115.87725,40.00674,-73.7984,2869.9,Dry Van,42843.0,2025-05-10,1.24678,2.27615,5379.89,1.874591449179414,1500+
TR-041081,Raleigh,Bakersfield,35.37376,-77.47605,33.28832,-116.67935,2529.3,Reefer,34483.0,2025-09-17,0.96215,2.18359,5378.9,2.1266358280947295,1500+
TR-010518,Buffalo,San Francisco,41.67681,-78.56704,35.1967,-121.69849,2750.2,Flatbed,30258.0,2025-03-08,1.00251,1.92624,5378.7,1.9557486728237947,1500+
TR-004918,Reno,Raleigh,39.54838,-118.64843,35.37376,-77.47605,2714.1,Reefer,35765.0,2025-01-31,0.99357,2.00539,5377.5,1.9813197745108877,1500+
TR-032677,Albany,Fresno,43.96975,-71.05842,33.07921,-119.79528,3139.8,Dry Van,26511.0,2025-07-25,1.10633,2.40208,5376.87,1.7124880565641123,1500+
TR-037035,Tucson,Hartford,30.92733,-113.23037,39.55328,-72.18051,2735.6,Flatbed,31973.0,2025-08-22,1.03944,2.17406,5376.34,1.9653238777599065,1500+
TR-020256,Hartford,Salt Lake City,39.55328,-72.18051,35.03488,-113.18895,2642.7,Flatbed,29547.0,2025-05-08,1.41982,2.15729,5376.28,2.0343890717826465,1500+
TR-012615,Bakersfield,Hartford,33.28832,-116.67935,39.55328,-72.18051,2929.0,Dry Van,28677.0,2025-03-21,1.21113,1.82572,5376.09,1.8354694434960739,1500+
TR-030133,Bakersfield,Philadelphia,33.28832,-116.67935,39.22317,-72.9671,2860.5,Dry Van,38975.0,2025-07-09,1.34843,2.24582,5376.03,1.8794022024121657,1500+
TR-039869,Philadelphia,Bakersfield,39.22317,-72.9671,33.28832,-116.67935,2917.8,Dry Van,37739.0,2025-09-09,0.9038,1.84777,5375.41,1.8422818561930219,1500+
TR-042109,Albany,Tucson,43.96975,-71.05842,30.92733,-113.23037,2844.4,Dry Van,42340.0,2025-09-24,0.92224,1.89253,5375.13,1.8897236675573055,1500+
TR-013956,Albany,Fresno,43.96975,-71.05842,33.07921,-119.79528,3174.3,Dry Van,21866.0,2025-03-30,1.00078,1.68071,5374.82,1.6932300034653307,1500+
TR-010380,Buffalo,Fresno,41.67681,-78.56704,33.07921,-119.79528,2672.4,Reefer,28896.0,2025-03-07,1.1696,2.00589,5374.67,2.0111772189791948,1500+
TR-026791,Washington,San Francisco,38.87577,-77.05086,35.1967,-121.69849,2854.0,Dry Van,21847.0,2025-06-18,1.35915,1.8891,5374.26,1.8830623686054662,1500+
TR-027298,Bakersfield,Hartford,33.28832,-116.67935,39.55328,-72.18051,2857.2,Dry Van,26283.0,2025-06-21,1.29739,1.90763,5373.36,1.8806383872322554,1500+
TR-009741,Richmond,San Francisco,38.09122,-76.78906,35.1967,-121.69849,2792.4,Flatbed,31091.0,2025-03-03,0.98071,1.94056,5372.09,1.923825383182925,1500+
TR-021174,San Francisco,Buffalo,35.1967,-121.69849,41.67681,-78.56704,2747.4,Flatbed,26264.0,2025-05-14,1.45809,2.18989,5372.03,1.955314115163427,1500+
TR-037650,New York,Tucson,40.00674,-73.7984,30.92733,-113.23037,2660.2,Flatbed,41352.0,2025-08-26,0.94624,2.20649,5371.91,2.019363205774002,1500+
TR-015879,Fresno,Albany,33.07921,-119.79528,43.96975,-71.05842,3121.1,Dry Van,25838.0,2025-04-10,1.24201,2.42797,5371.66,1.7210791067251932,1500+
TR-012132,Bakersfield,Raleigh,33.28832,-116.67935,35.37376,-77.47605,2572.9,Reefer,40918.0,2025-03-18,1.05922,2.03015,5369.5,2.0869446927591433,1500+
TR-037770,Los Angeles,New York,28.56624,-116.70249,40.00674,-73.7984,2968.8,Dry Van,36557.0,2025-08-27,1.0379,1.81699,5369.04,1.8084882780921583,1500+
TR-013775,Tucson,Philadelphia,30.92733,-113.23037,39.22317,-72.9671,2696.4,Flatbed,21612.0,2025-03-29,1.07641,1.97698,5368.04,1.9908173861444889,1500+
TR-013921,Charleston,Bakersfield,34.15334,-79.74475,33.28832,-116.67935,2419.9,Flatbed,43842.0,2025-03-29,1.07223,2.21074,5368.02,2.2182817471796357,1500+
TR-003100,Bakersfield,Philadelphia,33.28832,-116.67935,39.22317,-72.9671,2883.0,Flatbed,47500.0,2025-01-20,0.9011,1.89358,5367.8,1.8618799861255637,1500+
TR-017133,Bakersfield,Washington,33.28832,-116.67935,38.87577,-77.05086,2639.3,Reefer,23928.0,2025-04-18,1.2922,2.12384,5367.61,2.0337248512863257,1500+
TR-034343,Charleston,Fresno,34.15334,-79.74475,33.07921,-119.79528,2736.0,Reefer,23796.0,2025-08-04,0.9663,1.8524,5367.45,1.9617872807017542,1500+
TR-015673,Richmond,Phoenix,38.09122,-76.78906,28.75668,-115.87725,2719.4,Flatbed,31705.0,2025-04-09,1.25262,2.13087,5362.62,1.9719864676031476,1500+
TR-024360,El Paso,Albany,33.31075,-110.3123,43.96975,-71.05842,2612.3,Reefer,31470.0,2025-06-03,1.27763,2.03512,5362.5,2.0527887302377215,1500+
TR-023521,Las Vegas,Hartford,33.22353,-115.24994,39.55328,-72.18051,2802.0,Dry Van,36467.0,2025-05-29,1.39068,2.20493,5362.25,1.913722341184868,1500+
TR-004331,Richmond,Phoenix,38.09122,-76.78906,28.75668,-115.87725,2645.6,Reefer,41861.0,2025-01-28,0.95541,2.04216,5361.37,2.026523283943151,1500+
TR-037150,Albany,Reno,43.96975,-71.05842,39.54838,-118.64843,2805.2,Reefer,31137.0,2025-08-23,0.9256,2.25168,5360.53,1.91092613717382,1500+
TR-019521,New York,Phoenix,40.00674,-73.7984,28.75668,-115.87725,2843.0,Dry Van,36746.0,2025-05-03,1.25254,2.26439,5359.39,1.8851178332747098,1500+
TR-001335,Phoenix,Albany,28.75668,-115.87725,43.96975,-71.05842,3107.1,Dry Van,26537.0,2025-01-09,1.00901,1.69983,5358.72,1.7246693057835283,1500+
TR-041105,El Paso,Hartford,33.31075,-110.3123,39.55328,-72.18051,2471.7,Reefer,41483.0,2025-09-17,0.9926,2.2038,5358.59,2.167977505360683,1500+
TR-011751,Philadelphia,Fresno,39.22317,-72.9671,33.07921,-119.79528,3002.5,Dry Van,30819.0,2025-03-16,0.99313,1.8044,5358.59,1.7847094088259785,1500+
TR-029645,Green Bay,Jacksonville,44.30296,-87.52871,31.98691,-84.48897,1008.7,Reefer,23666.0,2025-07-06,1.15901,1.92733,5358.34,5.312124516704669,1001-1500
TR-013368,Reno,Richmond,39.54838,-118.64843,38.09122,-76.78906,2581.6,Reefer,26190.0,2025-03-26,1.18078,2.06119,5358.06,2.0754803222807565,1500+
TR-027249,San Francisco,Toledo,35.1967,-121.69849,41.97663,-84.45902,2395.4,Reefer,32932.0,2025-06-21,1.23242,2.25204,5357.85,2.236724555397846,1500+
TR-012899,Syracuse,Phoenix,42.80915,-76.89973,28.75668,-115.87725,2789.8,Reefer,24351.0,2025-03-23,1.00913,1.92169,5357.49,1.9203849738332495,1500+
TR-013338,Charleston,Reno,34.15334,-79.74475,39.54838,-118.64843,2608.6,Flatbed,28896.0,2025-03-26,1.15679,2.04048,5355.62,2.05306294564134,1500+
TR-030925,Richmond,Phoenix,38.09122,-76.78906,28.75668,-115.87725,2691.1,Flatbed,28449.0,2025-07-14,1.15,2.13945,5355.59,1.990111850172792,1500+
TR-015420,Phoenix,Boston,28.75668,-115.87725,39.27463,-69.5,3226.0,Dry Van,23970.0,2025-04-07,1.04156,2.52271,5355.5,1.6601053936763794,1500+
TR-016904,Philadelphia,Tucson,39.22317,-72.9671,30.92733,-113.23037,2635.2,Flatbed,31741.0,2025-04-17,1.32766,2.08183,5355.46,2.0322783849423196,1500+
TR-003495,Providence,Los Angeles,37.37287,-69.5,28.56624,-116.70249,3207.5,Dry Van,29536.0,2025-01-23,1.03112,1.63129,5354.34,1.6693187840997663,1500+
TR-021063,Las Vegas,Syracuse,33.22353,-115.24994,42.80915,-76.89973,2504.0,Reefer,40613.0,2025-05-13,1.28,2.00534,5352.69,2.137655750798722,1500+
TR-005847,Harrisburg,Fresno,39.71695,-78.12481,33.07921,-119.79528,2707.1,Reefer,31709.0,2025-02-06,1.09384,1.94072,5352.25,1.9771157327028925,1500+
TR-015885,Albany,Tucson,43.96975,-71.05842,30.92733,-113.23037,2898.3,Dry Van,31587.0,2025-04-10,1.24958,2.28958,5351.62,1.8464686195355897,1500+
TR-032448,Reno,Albany,39.54838,-118.64843,43.96975,-71.05842,2862.0,Dry Van,35990.0,2025-07-24,1.30279,2.27111,5351.48,1.8698392732354996,1500+
TR-016774,Fresno,Hartford,33.07921,-119.79528,39.55328,-72.18051,3053.5,Dry Van,16534.0,2025-04-16,1.35166,2.41776,5350.09,1.7521172425085967,1500+
TR-025193,Fresno,Detroit,33.07921,-119.79528,43.61923,-84.04517,2462.9,Reefer,35956.0,2025-06-08,1.18173,2.16007,5349.91,2.172199439684924,1500+
TR-016908,Harrisburg,Phoenix,39.71695,-78.12481,28.75668,-115.87725,2651.4,Reefer,28847.0,2025-04-17,1.36416,2.17379,5349.63,2.017662367051369,1500+
TR-026658,Providence,El Paso,37.37287,-69.5,33.31075,-110.3123,2658.7,Dry Van,43288.0,2025-06-17,1.27907,2.03333,5349.41,2.012039718659495,1500+
TR-003371,Los Angeles,Hartford,28.56624,-116.70249,39.55328,-72.18051,3110.8,Dry Van,32558.0,2025-01-22,0.98873,1.73545,5349.17,1.7195480262311944,1500+
TR-039986,Hartford,Tucson,39.55328,-72.18051,30.92733,-113.23037,2810.7,Dry Van,43604.0,2025-09-10,0.94594,1.88748,5348.71,1.9029814636923188,1500+
TR-020730,Phoenix,Washington,28.75668,-115.87725,38.87577,-77.05086,2599.9,Reefer,34251.0,2025-05-11,1.1917,2.09245,5348.14,2.057056040616947,1500+
TR-037050,New York,Phoenix,40.00674,-73.7984,28.75668,-115.87725,2869.4,Dry Van,43084.0,2025-08-22,1.04019,1.93669,5347.7,1.863699728166167,1500+
TR-038030,Phoenix,Baltimore,28.75668,-115.87725,38.16908,-72.74564,2943.2,Dry Van,32333.0,2025-08-28,1.07309,1.7263,5347.64,1.8169475400924167,1500+
TR-006620,San Francisco,Richmond,35.1967,-121.69849,38.09122,-76.78906,2869.4,Flatbed,34978.0,2025-02-11,0.98512,1.84585,5347.08,1.863483655119537,1500+
TR-042327,Albany,Tucson,43.96975,-71.05842,30.92733,-113.23037,2786.1,Dry Van,44787.0,2025-09-25,1.00337,1.91182,5345.03,1.9184630845985426,1500+
TR-010430,Tucson,Washington,30.92733,-113.23037,38.87577,-77.05086,2554.2,Reefer,41505.0,2025-03-08,1.04651,2.11383,5344.88,2.0925847623522045,1500+
TR-015601,Providence,Los Angeles,37.37287,-69.5,28.56624,-116.70249,3201.2,Dry Van,22618.0,2025-04-08,1.08427,2.48868,5344.5,1.6695301761839312,1500+
TR-013295,New York,Fresno,40.00674,-73.7984,33.07921,-119.79528,2933.6,Dry Van,32301.0,2025-03-26,1.14545,1.83979,5344.27,1.8217446141259888,1500+
TR-043060,Albany,Phoenix,43.96975,-71.05842,28.75668,-115.87725,3129.9,Dry Van,26787.0,2025-09-30,0.84288,1.68716,5343.79,1.7073356976261223,1500+
TR-016410,Baltimore,Bakersfield,38.16908,-72.74564,33.28832,-116.67935,2894.8,Flatbed,15625.0,2025-04-14,1.04838,2.30297,5343.39,1.8458580903689374,1500+
TR-022223,San Francisco,Harrisburg,35.1967,-121.69849,39.71695,-78.12481,2756.7,Dry Van,47500.0,2025-05-21,1.36886,2.22848,5343.04,1.93820147277542,1500+
TR-037965,Hartford,Bakersfield,39.55328,-72.18051,33.28832,-116.67935,2940.7,Dry Van,25831.0,2025-08-28,1.04236,2.19962,5342.33,1.8166865032135207,1500+
TR-036906,Phoenix,Charleston,28.75668,-115.87725,34.15334,-79.74475,2548.7,Reefer,37803.0,2025-08-21,1.06489,2.19445,5342.18,2.0960411190018444,1500+
TR-031271,Bakersfield,Charleston,33.28832,-116.67935,34.15334,-79.74475,2477.4,Reefer,34653.0,2025-07-16,1.26114,1.96324,5341.61,2.1561354645999837,1500+
TR-032755,Syracuse,Phoenix,42.80915,-76.89973,28.75668,-115.87725,2759.1,Flatbed,29980.0,2025-07-26,1.04334,2.20635,5341.24,1.9358631437787683,1500+
TR-030644,Reno,Richmond,39.54838,-118.64843,38.09122,-76.78906,2610.7,Flatbed,44555.0,2025-07-12,1.22032,2.12911,5340.69,2.0456927260887885,1500+
TR-019493,Harrisburg,Fresno,39.71695,-78.12481,33.07921,-119.79528,2783.0,Dry Van,34104.0,2025-05-03,1.22595,2.27402,5340.41,1.9189399928135105,1500+
TR-026381,Las Vegas,Baltimore,33.22353,-115.24994,38.16908,-72.74564,2785.0,Dry Van,35523.0,2025-06-16,1.21576,1.91679,5338.69,1.91694434470377,1500+
TR-021819,El Paso,New York,33.31075,-110.3123,40.00674,-73.7984,2419.1,Reefer,34406.0,2025-05-18,1.20326,1.97578,5337.45,2.2063784051920137,1500+
TR-028408,Buffalo,Reno,41.67681,-78.56704,39.54838,-118.64843,2489.7,Reefer,32722.0,2025-06-28,1.20245,2.1954,5336.54,2.143447001646785,1500+
TR-024627,San Francisco,Washington,35.1967,-121.69849,38.87577,-77.05086,2795.3,Dry Van,44315.0,2025-06-04,1.35131,1.91369,5336.13,1.9089650484742244,1500+
TR-022520,Fresno,Jacksonville,33.07921,-119.79528,31.98691,-84.48897,2408.5,Reefer,41757.0,2025-05-22,1.36839,1.89157,5335.04,2.2150882291882916,1500+
TR-039156,Bakersfield,Charleston,33.28832,-116.67935,34.15334,-79.74475,2470.3,Reefer,37858.0,2025-09-05,0.96161,2.16308,5335.02,2.159664818038295,1500+
TR-022338,Los Angeles,Buffalo,28.56624,-116.70249,41.67681,-78.56704,2706.2,Reefer,27174.0,2025-05-21,1.34249,2.17802,5334.8,1.9713251053137242,1500+
TR-004905,Baltimore,Fresno,38.16908,-72.74564,33.07921,-119.79528,3032.1,Dry Van,33451.0,2025-01-31,1.03051,1.76291,5334.64,1.7593878829853897,1500+
TR-009830,Reno,Hartford,39.54838,-118.64843,39.55328,-72.18051,2828.2,Reefer,24547.0,2025-03-04,1.04902,1.87789,5333.78,1.8859274450180328,1500+
TR-026132,Hartford,Tucson,39.55328,-72.18051,30.92733,-113.23037,2694.8,Dry Van,44224.0,2025-06-14,1.20977,2.01339,5333.68,1.979248923853347,1500+
TR-016864,Charleston,Las Vegas,34.15334,-79.74475,33.22353,-115.24994,2421.0,Reefer,28789.0,2025-04-16,1.34012,1.94832,5333.46,2.202998760842627,1500+
TR-016252,Salt Lake City,Boston,35.03488,-113.18895,39.27463,-69.5,2756.9,Flatbed,31391.0,2025-04-13,1.0361,2.18121,5333.19,1.9344880118974208,1500+
TR-034366,Syracuse,Phoenix,42.80915,-76.89973,28.75668,-115.87725,2735.2,Reefer,32068.0,2025-08-04,0.9113,1.94906,5332.84,1.949707516817783,1500+
TR-040868,Bakersfield,Albany,33.28832,-116.67935,43.96975,-71.05842,3018.0,Dry Van,35991.0,2025-09-16,0.87957,1.76208,5332.73,1.766974817760106,1500+
TR-035737,Philadelphia,El Paso,39.22317,-72.9671,33.31075,-110.3123,2517.4,Reefer,43823.0,2025-08-14,1.08804,1.93011,5332.67,2.118324461746246,1500+
TR-011041,Philadelphia,Bakersfield,39.22317,-72.9671,33.28832,-116.67935,2891.8,Dry Van,34489.0,2025-03-12,1.11019,1.82427,5331.11,1.8435265232727018,1500+
TR-014214,Tucson,Albany,30.92733,-113.23037,43.96975,-71.05842,2896.3,Dry Van,41568.0,2025-03-31,1.05471,1.85027,5329.98,1.8402720712633358,1500+
TR-034504,Phoenix,Syracuse,28.75668,-115.87725,42.80915,-76.89973,2782.3,Flatbed,42709.0,2025-08-05,1.02288,2.38663,5329.83,1.9156201703626494,1500+
TR-039343,Hartford,El Paso,39.55328,-72.18051,33.31075,-110.3123,2491.7,Reefer,33833.0,2025-09-06,0.88341,2.16404,5329.38,2.1388529919332187,1500+
TR-037156,Phoenix,Hartford,28.75668,-115.87725,39.55328,-72.18051,3049.0,Dry Van,28706.0,2025-08-23,0.93394,1.81959,5328.33,1.7475664152181043,1500+
TR-002359,Los Angeles,Albany,28.56624,-116.70249,43.96975,-71.05842,3183.0,Dry Van,29773.0,2025-01-15,0.98861,1.68077,5326.83,1.6735249764373232,1500+
TR-033436,Savannah,Fresno,33.60973,-82.29994,33.07921,-119.79528,2527.1,Reefer,26164.0,2025-07-30,1.07283,2.0734,5326.07,2.1075818131455026,1500+
TR-042375,Fresno,New York,33.07921,-119.79528,40.00674,-73.7984,3025.9,Dry Van,25698.0,2025-09-25,0.96264,1.78983,5325.72,1.760044945305529,1500+
TR-021918,Los Angeles,Syracuse,28.56624,-116.70249,42.80915,-76.89973,2776.0,Reefer,32623.0,2025-05-19,1.18697,2.20667,5325.07,1.9182528818443803,1500+
TR-027710,New York,Phoenix,40.00674,-73.7984,28.75668,-115.87725,2911.4,Dry Van,17079.0,2025-06-24,1.25077,1.80799,5324.6,1.8288795768358865,1500+
TR-003973,Richmond,San Francisco,38.09122,-76.78906,35.1967,-121.69849,2800.7,Reefer,30290.0,2025-01-25,0.92812,1.88086,5323.61,1.9008140821937374,1500+
TR-025619,Los Angeles,Harrisburg,28.56624,-116.70249,39.71695,-78.12481,2696.7,Flatbed,16137.0,2025-06-11,1.36187,1.946,5322.64,1.973760522119628,1500+
TR-002781,Bakersfield,Albany,33.28832,-116.67935,43.96975,-71.05842,2940.5,Reefer,24366.0,2025-01-18,0.87066,1.77208,5322.35,1.8100153035198097,1500+
TR-010660,Hartford,Los Angeles,39.55328,-72.18051,28.56624,-116.70249,3072.3,Dry Van,41342.0,2025-03-09,0.97165,1.77137,5321.92,1.732226670572535,1500+
TR-012350,Harrisburg,Fresno,39.71695,-78.12481,33.07921,-119.79528,2739.3,Dry Van,38631.0,2025-03-20,1.2161,1.93391,5321.59,1.942682437118972,1500+
TR-020202,San Francisco,Montgomery,35.1967,-121.69849,31.37602,-86.10743,2415.6,Reefer,33129.0,2025-05-07,1.37559,1.94186,5321.09,2.2028026163272068,1500+
TR-023479,Reno,Albany,39.54838,-118.64843,43.96975,-71.05842,2855.7,Dry Van,35464.0,2025-05-28,1.38719,2.25731,5320.57,1.863140385894877,1500+
TR-004818,Providence,Reno,37.37287,-69.5,39.54838,-118.64843,3015.6,Dry Van,38159.0,2025-01-31,1.00495,1.79011,5320.21,1.7642293407613743,1500+
TR-011579,Los Angeles,Albany,28.56624,-116.70249,43.96975,-71.05842,3144.3,Dry Van,26239.0,2025-03-15,1.02946,1.71254,5320.01,1.6919536939859428,1500+
TR-023327,Fresno,Harrisburg,33.07921,-119.79528,39.71695,-78.12481,2626.2,Reefer,16079.0,2025-05-27,1.29159,2.1184,5319.56,2.0255730713578557,1500+
TR-028422,Columbia,Fresno,34.6357,-83.28506,33.07921,-119.79528,2463.7,Reefer,18334.0,2025-06-28,1.22345,2.14249,5319.55,2.159171165320453,1500+
TR-000505,Philadelphia,Bakersfield,39.22317,-72.9671,33.28832,-116.67935,2898.6,Reefer,24699.0,2025-01-04,0.88973,1.82124,5317.78,1.8346029117505003,1500+
TR-010047,Phoenix,Philadelphia,28.75668,-115.87725,39.22317,-72.9671,2930.1,Flatbed,25373.0,2025-03-05,1.13713,1.80135,5317.73,1.8148629739599331,1500+
TR-041097,Hartford,Bakersfield,39.55328,-72.18051,33.28832,-116.67935,2900.1,Dry Van,31496.0,2025-09-17,0.91998,1.85459,5317.19,1.8334505706699769,1500+
TR-021236,Tucson,New York,30.92733,-113.23037,40.00674,-73.7984,2655.4,Reefer,28670.0,2025-05-14,1.37345,2.17581,5317.11,2.0023762898245083,1500+
TR-011344,San Antonio,Columbia,29.50969,-98.40059,34.6357,-83.28506,1111.0,Dry Van,34745.0,2025-03-13,1.15734,2.03474,5316.68,4.785490549054906,1001-1500
TR-020230,Baltimore,Tucson,38.16908,-72.74564,30.92733,-113.23037,2735.7,Flatbed,31315.0,2025-05-07,1.36981,2.22406,5316.42,1.943349051431078,1500+
TR-009669,Los Angeles,New York,28.56624,-116.70249,40.00674,-73.7984,2990.1,Dry Van,46921.0,2025-03-03,0.90197,1.7952,5316.39,1.7779973913915925,1500+
TR-020735,Reno,Hartford,39.54838,-118.64843,39.55328,-72.18051,2898.2,Dry Van,40318.0,2025-05-11,1.17862,2.34151,5316.35,1.8343627078876545,1500+
TR-023535,Charleston,Phoenix,34.15334,-79.74475,28.75668,-115.87725,2498.0,Reefer,28688.0,2025-05-29,1.39533,1.99405,5316.09,2.128138510808647,1500+
TR-004288,Boston,Phoenix,39.27463,-69.5,28.75668,-115.87725,3237.4,Dry Van,31496.0,2025-01-27,0.85297,1.62532,5315.83,1.6420059306851176,1500+
TR-026386,Boston,Tucson,39.27463,-69.5,30.92733,-113.23037,2903.0,Dry Van,24983.0,2025-06-16,1.0558,1.83273,5315.51,1.8310403031346882,1500+
TR-022095,El Paso,Philadelphia,33.31075,-110.3123,39.22317,-72.9671,2449.0,Flatbed,46901.0,2025-05-20,1.2893,2.02413,5314.99,2.170269497754185,1500+
TR-021788,Los Angeles,Baltimore,28.56624,-116.70249,38.16908,-72.74564,2957.8,Dry Van,22539.0,2025-05-18,1.20594,2.33214,5314.96,1.7969301507877475,1500+
TR-018331,San Francisco,Richmond,35.1967,-121.69849,38.09122,-76.78906,2864.8,Flatbed,22791.0,2025-04-26,1.22551,2.2567,5314.53,1.8551137950293213,1500+
TR-037580,Albany,Salt Lake City,43.96975,-71.05842,35.03488,-113.18895,2678.8,Flatbed,32276.0,2025-08-26,0.96086,1.87058,5314.35,1.9838547110646558,1500+
TR-028585,Detroit,Phoenix,43.61923,-84.04517,28.75668,-115.87725,2319.9,Reefer,33626.0,2025-06-29,1.20266,2.30789,5314.22,2.29071080650028,1500+
TR-029373,El Paso,Baltimore,33.31075,-110.3123,38.16908,-72.74564,2495.5,Reefer,34022.0,2025-07-04,1.36048,2.05698,5313.86,2.129376878381086,1500+
TR-013519,Syracuse,Tucson,42.80915,-76.89973,30.92733,-113.23037,2434.4,Reefer,44417.0,2025-03-27,1.17672,2.21076,5313.47,2.182661025303976,1500+
TR-042368,Charleston,Phoenix,34.15334,-79.74475,28.75668,-115.87725,2492.5,Flatbed,29516.0,2025-09-25,1.00184,2.113,5313.02,2.131602808425276,1500+
TR-022751,Tucson,Hartford,30.92733,-113.23037,39.55328,-72.18051,2785.0,Dry Van,32747.0,2025-05-24,1.27341,2.28815,5312.88,1.9076768402154398,1500+
TR-009568,Bakersfield,Richmond,33.28832,-116.67935,38.09122,-76.78906,2600.1,Reefer,41442.0,2025-03-02,0.9292,2.0351,5312.64,2.043244490596516,1500+
TR-036066,Bakersfield,New York,33.28832,-116.67935,40.00674,-73.7984,2794.3,Reefer,17846.0,2025-08-16,0.93903,2.36044,5311.84,1.9009555165873384,1500+
TR-003906,Los Angeles,Albany,28.56624,-116.70249,43.96975,-71.05842,3118.5,Flatbed,17596.0,2025-01-25,0.94425,1.69608,5311.15,1.7031104697771364,1500+
TR-000497,Philadelphia,Phoenix,39.22317,-72.9671,28.75668,-115.87725,2940.5,Reefer,24362.0,2025-01-04,0.86158,1.82882,5311.11,1.8061928243496004,1500+
TR-015738,Phoenix,Hartford,28.75668,-115.87725,39.55328,-72.18051,3016.3,Dry Van,9518.0,2025-04-09,1.24184,2.3655,5310.05,1.7604515465968238,1500+
TR-010685,Hartford,Phoenix,39.55328,-72.18051,28.75668,-115.87725,2979.8,Dry Van,31193.0,2025-03-09,0.94321,1.76194,5309.76,1.7819182495469494,1500+
TR-023370,Amarillo,Lubbock,33.17137,-104.36789,29.87534,-99.85456,412.4,Flatbed,35494.0,2025-05-28,1.38576,1.40576,5308.96,12.873326867119303,251-500
TR-027633,Tucson,Hartford,30.92733,-113.23037,39.55328,-72.18051,2785.4,Dry Van,31097.0,2025-06-23,1.17895,1.89532,5308.68,1.9058950240539958,1500+
TR-040667,Bakersfield,Hartford,33.28832,-116.67935,39.55328,-72.18051,2882.4,Dry Van,46224.0,2025-09-14,0.80188,1.84925,5308.01,1.8415244240910353,1500+
TR-041132,Tucson,New York,30.92733,-113.23037,40.00674,-73.7984,2666.7,Flatbed,32048.0,2025-09-17,0.90864,1.99743,5307.92,1.990445119436007,1500+
TR-007284,Albany,Fresno,43.96975,-71.05842,33.07921,-119.79528,3078.4,Flatbed,9222.0,2025-02-16,0.88813,1.69704,5307.28,1.7240384615384614,1500+
TR-011122,New York,Tucson,40.00674,-73.7984,30.92733,-113.23037,2610.9,Reefer,36341.0,2025-03-12,1.165,2.02127,5307.0,2.032632425600368,1500+
TR-012692,New York,Los Angeles,40.00674,-73.7984,28.56624,-116.70249,3061.5,Dry Van,26866.0,2025-03-22,1.07657,1.74582,5306.36,1.7332549403886983,1500+
TR-033561,Raleigh,Bakersfield,35.37376,-77.47605,33.28832,-116.67935,2664.2,Reefer,24665.0,2025-07-31,1.12053,2.13549,5306.3,1.9917048269649429,1500+
TR-015415,New York,Phoenix,40.00674,-73.7984,28.75668,-115.87725,2911.0,Dry Van,36531.0,2025-04-07,1.04549,2.28221,5305.19,1.8224630711095842,1500+
TR-034524,Baltimore,Reno,38.16908,-72.74564,39.54838,-118.64843,2749.0,Reefer,19650.0,2025-08-05,1.00582,2.20663,5305.08,1.9298217533648598,1500+
TR-029283,Washington,Bakersfield,38.87577,-77.05086,33.28832,-116.67935,2642.5,Flatbed,28982.0,2025-07-03,1.37709,2.1234,5304.85,2.007511825922422,1500+
TR-019197,Fresno,Jacksonville,33.07921,-119.79528,31.98691,-84.48897,2330.9,Reefer,44382.0,2025-05-01,1.39526,1.91267,5304.13,2.2755716675962074,1500+
TR-028855,Providence,Albuquerque,37.37287,-69.5,35.39918,-109.59792,2659.3,Dry Van,37872.0,2025-07-01,1.24849,2.13601,5303.95,1.994491031474448,1500+
TR-024790,Los Angeles,Richmond,28.56624,-116.70249,38.09122,-76.78906,2785.7,Dry Van,38247.0,2025-06-05,1.37084,1.92753,5302.88,1.9036077108087734,1500+
TR-012844,Philadelphia,San Francisco,39.22317,-72.9671,35.1967,-121.69849,3024.0,Dry Van,28722.0,2025-03-23,1.02095,1.75948,5302.84,1.7535846560846562,1500+
TR-021298,Washington,Fresno,38.87577,-77.05086,33.07921,-119.79528,2736.1,Dry Van,33231.0,2025-05-15,1.45131,2.228,5300.3,1.9371733489273055,1500+
TR-013051,Bakersfield,Hartford,33.28832,-116.67935,39.55328,-72.18051,2824.6,Dry Van,41821.0,2025-03-24,1.04347,1.88718,5300.11,1.8764108192310416,1500+
TR-006389,Las Vegas,Albany,33.22353,-115.24994,43.96975,-71.05842,2963.4,Flatbed,25507.0,2025-02-10,0.89514,1.79518,5299.23,1.788226361611662,1500+
TR-016275,Syracuse,Los Angeles,42.80915,-76.89973,28.56624,-116.70249,2799.8,Reefer,23433.0,2025-04-13,1.05306,2.23154,5299.18,1.892699478534181,1500+
TR-041185,Phoenix,Richmond,28.75668,-115.87725,38.09122,-76.78906,2787.3,Dry Van,38340.0,2025-09-18,1.00282,1.89914,5298.62,1.900986617873928,1500+
TR-017382,Philadelphia,Phoenix,39.22317,-72.9671,28.75668,-115.87725,2950.3,Dry Van,29204.0,2025-04-20,1.18281,2.33455,5298.34,1.7958648273056976,1500+
TR-013646,New York,Phoenix,40.00674,-73.7984,28.75668,-115.87725,2877.9,Dry Van,28427.0,2025-03-28,1.22091,1.81263,5297.93,1.8409013516800445,1500+
TR-007587,Richmond,Phoenix,38.09122,-76.78906,28.75668,-115.87725,2651.8,Reefer,36529.0,2025-02-18,0.98886,2.02802,5297.92,1.9978580586771248,1500+
TR-035921,Los Angeles,Philadelphia,28.56624,-116.70249,39.22317,-72.9671,3005.8,Dry Van,20232.0,2025-08-15,1.05719,1.96543,5297.2,1.7623261694058152,1500+
TR-024796,Los Angeles,Richmond,28.56624,-116.70249,38.09122,-76.78906,2747.7,Dry Van,39565.0,2025-06-05,1.42318,1.95588,5296.84,1.9277359245914767,1500+
TR-035594,Phoenix,Baltimore,28.75668,-115.87725,38.16908,-72.74564,3019.4,Dry Van,14817.0,2025-08-13,1.07364,1.88977,5296.44,1.7541365834271707,1500+
TR-024039,Providence,Tucson,37.37287,-69.5,30.92733,-113.23037,2979.5,Dry Van,19170.0,2025-06-01,1.20293,1.76312,5296.08,1.7775062930021817,1500+
TR-006613,Los Angeles,Philadelphia,28.56624,-116.70249,39.22317,-72.9671,3003.3,Flatbed,20905.0,2025-02-11,0.96311,1.77209,5295.14,1.7631072486931043,1500+
TR-017917,Tucson,New York,30.92733,-113.23037,40.00674,-73.7984,2666.5,Flatbed,38461.0,2025-04-23,1.34569,2.17121,5294.65,1.9856178511156946,1500+
TR-003502,Boston,Bakersfield,39.27463,-69.5,33.28832,-116.67935,3074.9,Dry Van,24902.0,2025-01-23,0.99767,1.72403,5294.38,1.7218055871735667,1500+
TR-023812,Baltimore,Phoenix,38.16908,-72.74564,28.75668,-115.87725,2918.9,Dry Van,22423.0,2025-05-30,1.36646,2.32267,5293.24,1.8134365685703517,1500+
TR-035732,Syracuse,Phoenix,42.80915,-76.89973,28.75668,-115.87725,2694.4,Flatbed,31633.0,2025-08-14,1.09921,2.11452,5292.71,1.964337143705463,1500+
TR-040118,Tucson,Albany,30.92733,-113.23037,43.96975,-71.05842,2866.2,Dry Van,36160.0,2025-09-11,1.01773,1.81945,5292.37,1.8464761705393902,1500+
TR-038092,Los Angeles,New York,28.56624,-116.70249,40.00674,-73.7984,2926.4,Dry Van,38746.0,2025-08-29,0.99339,1.99688,5291.81,1.808300300710771,1500+
TR-017514,Phoenix,New York,28.75668,-115.87725,40.00674,-73.7984,2914.7,Dry Van,36154.0,2025-04-20,1.18716,2.37119,5290.84,1.8152262668542218,1500+
TR-040801,San Francisco,Charleston,35.1967,-121.69849,34.15334,-79.74475,2719.7,Flatbed,28794.0,2025-09-15,0.82819,1.93375,5290.27,1.9451667463323163,1500+
TR-017042,Richmond,Phoenix,38.09122,-76.78906,28.75668,-115.87725,2710.6,Dry Van,37776.0,2025-04-18,1.29001,2.13808,5290.1,1.9516343245038001,1500+
TR-032159,Reno,New York,39.54838,-118.64843,40.00674,-73.7984,2750.1,Reefer,31496.0,2025-07-22,1.1783,2.24678,5289.24,1.923290062179557,1500+
TR-018355,Albany,Los Angeles,43.96975,-71.05842,28.56624,-116.70249,3086.9,Dry Van,20202.0,2025-04-26,1.24407,2.41402,5289.02,1.7133758787132722,1500+
TR-010362,Syracuse,Las Vegas,42.80915,-76.89973,33.22353,-115.24994,2522.7,Reefer,47500.0,2025-03-07,1.12728,2.12575,5286.27,2.095481032227376,1500+
TR-036790,Fresno,Raleigh,33.07921,-119.79528,35.37376,-77.47605,2822.9,Dry Van,47500.0,2025-08-21,1.0408,2.03287,5285.51,1.8723688405540402,1500+
TR-025142,Richmond,Phoenix,38.09122,-76.78906,28.75668,-115.87725,2697.3,Flatbed,26889.0,2025-06-07,1.20819,1.98452,5285.42,1.9595224854484112,1500+
TR-020378,Philadelphia,Phoenix,39.22317,-72.9671,28.75668,-115.87725,2896.0,Dry Van,25985.0,2025-05-08,1.36146,2.27295,5284.99,1.8249274861878453,1500+
TR-023926,Tucson,Philadelphia,30.92733,-113.23037,39.22317,-72.9671,2718.4,Flatbed,21300.0,2025-05-31,1.24655,2.20222,5284.3,1.943900824014126,1500+
TR-028120,Baltimore,Albuquerque,38.16908,-72.74564,35.39918,-109.59792,2414.3,Reefer,19111.0,2025-06-26,1.33349,2.18153,5284.09,2.188663380690055,1500+
TR-030865,Reno,Baltimore,39.54838,-118.64843,38.16908,-72.74564,2829.5,Dry Van,33037.0,2025-07-13,1.10221,2.29096,5283.97,1.8674571479059905,1500+
TR-037716,Los Angeles,Charleston,28.56624,-116.70249,34.15334,-79.74475,2569.0,Reefer,43519.0,2025-08-27,1.04053,2.23382,5283.49,2.056632931101596,1500+
TR-011631,Albuquerque,Providence,35.39918,-109.59792,37.37287,-69.5,2577.0,Flatbed,33635.0,2025-03-15,1.02743,2.0716,5283.47,2.0502405898331393,1500+
TR-039972,Boston,Reno,39.27463,-69.5,39.54838,-118.64843,2964.6,Dry Van,33103.0,2025-09-10,0.96915,1.79188,5282.81,1.7819638399784121,1500+
TR-022227,Hartford,Bakersfield,39.55328,-72.18051,33.28832,-116.67935,2920.6,Dry Van,9224.0,2025-05-21,1.3529,2.41587,5281.38,1.8083202081764023,1500+
TR-031750,Tucson,Hartford,30.92733,-113.23037,39.55328,-72.18051,2783.3,Dry Van,45569.0,2025-07-19,1.16669,2.24452,5281.13,1.8974346998167642,1500+
TR-018214,Reno,Albany,39.54838,-118.64843,43.96975,-71.05842,2861.1,Dry Van,39812.0,2025-04-25,1.3024,2.23045,5281.0,1.8457935758973822,1500+
TR-029911,Reno,Albany,39.54838,-118.64843,43.96975,-71.05842,2881.9,Flatbed,12075.0,2025-07-07,1.17259,2.2913,5280.81,1.8324057045699018,1500+
TR-022474,Harrisburg,Chattanooga,39.71695,-78.12481,35.29792,-87.18651,706.3,Flatbed,31357.0,2025-05-22,1.38862,1.80194,5280.41,7.476157440181226,501-750
TR-036361,New York,Phoenix,40.00674,-73.7984,28.75668,-115.87725,2984.3,Dry Van,36297.0,2025-08-18,0.89121,2.26193,5279.47,1.7690815266561672,1500+
TR-004469,Los Angeles,Philadelphia,28.56624,-116.70249,39.22317,-72.9671,3021.6,Dry Van,25517.0,2025-01-29,1.07476,1.75005,5279.23,1.7471637543023564,1500+
TR-034075,Los Angeles,Buffalo,28.56624,-116.70249,41.67681,-78.56704,2660.8,Reefer,36818.0,2025-08-03,0.87167,2.17831,5278.88,1.9839446782922427,1500+
TR-025260,Los Angeles,New York,28.56624,-116.70249,40.00674,-73.7984,2981.4,Dry Van,25378.0,2025-06-08,1.18811,1.76054,5278.76,1.770564164486483,1500+
TR-031527,Philadelphia,Tucson,39.22317,-72.9671,30.92733,-113.23037,2677.9,Dry Van,39283.0,2025-07-18,1.33776,2.21679,5278.65,1.9711901116546546,1500+
TR-028019,Hartford,Albuquerque,39.55328,-72.18051,35.39918,-109.59792,2382.1,Reefer,29980.0,2025-06-25,1.32541,2.2278,5277.99,2.2156878384618612,1500+
TR-018992,Baltimore,Phoenix,38.16908,-72.74564,28.75668,-115.87725,2926.2,Dry Van,18395.0,2025-04-30,1.3399,2.3437,5276.84,1.8033080445629146,1500+
TR-003297,Los Angeles,Washington,28.56624,-116.70249,38.87577,-77.05086,2770.5,Flatbed,36315.0,2025-01-21,0.86666,1.9207,5276.65,1.9045840101064788,1500+
TR-019139,Syracuse,Bakersfield,42.80915,-76.89973,33.28832,-116.67935,2603.2,Flatbed,39332.0,2025-05-01,1.39653,2.16447,5275.6,2.026582667486171,1500+
TR-028533,Hartford,Reno,39.55328,-72.18051,39.54838,-118.64843,2841.7,Dry Van,35562.0,2025-06-29,1.17764,1.83872,5274.83,1.8562233874089455,1500+
TR-034913,Philadelphia,Las Vegas,39.22317,-72.9671,33.22353,-115.24994,2809.6,Dry Van,38928.0,2025-08-08,1.0558,2.03403,5274.79,1.877416714123007,1500+
TR-006540,Fresno,Baltimore,33.07921,-119.79528,38.16908,-72.74564,3033.7,Dry Van,33058.0,2025-02-11,1.00307,1.73924,5274.78,1.7387282855918516,1500+
TR-029490,Richmond,Phoenix,38.09122,-76.78906,28.75668,-115.87725,2805.7,Dry Van,30450.0,2025-07-05,1.21252,2.23964,5274.28,1.879844602060092,1500+
TR-010649,Philadelphia,Los Angeles,39.22317,-72.9671,28.56624,-116.70249,3002.2,Dry Van,38774.0,2025-03-09,0.9791,1.77471,5273.33,1.756488575044967,1500+
TR-039751,Richmond,Reno,38.09122,-76.78906,39.54838,-118.64843,2591.8,Reefer,40593.0,2025-09-09,0.8692,2.04841,5273.19,2.03456671039432,1500+
TR-025920,Tucson,Raleigh,30.92733,-113.23037,35.37376,-77.47605,2460.1,Reefer,25567.0,2025-06-13,1.33996,2.17218,5272.87,2.143355961139791,1500+
TR-008300,Philadelphia,Fresno,39.22317,-72.9671,33.07921,-119.79528,3101.6,Dry Van,25106.0,2025-02-22,1.00728,1.71251,5272.39,1.699893603301522,1500+
TR-002518,Fresno,Richmond,33.07921,-119.79528,38.09122,-76.78906,2834.0,Reefer,31378.0,2025-01-16,1.0051,1.84426,5272.33,1.8603846153846153,1500+
TR-009215,Phoenix,Syracuse,28.75668,-115.87725,42.80915,-76.89973,2804.3,Flatbed,31496.0,2025-02-28,1.05349,1.86345,5271.29,1.8797168633883676,1500+
TR-004420,San Antonio,Columbia,29.50969,-98.40059,34.6357,-83.28506,1134.3,Dry Van,28778.0,2025-01-28,0.93969,1.85769,5271.0,4.6469188045490615,1001-1500
TR-035277,Reno,Boston,39.54838,-118.64843,39.27463,-69.5,2963.8,Dry Van,35001.0,2025-08-11,0.89345,2.17735,5270.78,1.778385855995681,1500+
TR-020046,San Francisco,Richmond,35.1967,-121.69849,38.09122,-76.78906,2942.3,Dry Van,25238.0,2025-05-06,1.29021,2.38949,5270.71,1.7913571015871936,1500+
TR-013376,Columbia,Los Angeles,34.6357,-83.28506,28.56624,-116.70249,2371.2,Flatbed,37092.0,2025-03-26,1.17496,2.19927,5270.46,2.222697368421053,1500+
TR-036385,Los Angeles,Richmond,28.56624,-116.70249,38.09122,-76.78906,2747.6,Reefer,29339.0,2025-08-18,0.88804,2.26782,5270.1,1.918073955452031,1500+
TR-020501,Syracuse,Bakersfield,42.80915,-76.89973,33.28832,-116.67935,2612.8,Reefer,23328.0,2025-05-09,1.34743,2.1425,5269.96,2.0169779546846294,1500+
TR-023297,Charleston,Tucson,34.15334,-79.74475,30.92733,-113.23037,2292.4,Reefer,47500.0,2025-05-27,1.27087,1.9232,5269.36,2.298621532018845,1500+
TR-034021,San Francisco,Hartford,35.1967,-121.69849,39.55328,-72.18051,3147.5,Dry Van,14633.0,2025-08-02,0.95448,2.16752,5269.1,1.67405877680699,1500+
TR-010041,Los Angeles,New York,28.56624,-116.70249,40.00674,-73.7984,3022.4,Dry Van,28393.0,2025-03-05,1.12631,1.73904,5268.32,1.7430915828480675,1500+
TR-028740,Albany,Reno,43.96975,-71.05842,39.54838,-118.64843,2830.3,Dry Van,35362.0,2025-06-30,1.23223,1.85884,5268.03,1.861297388969367,1500+
TR-037141,San Francisco,Greensboro,35.1967,-121.69849,35.98195,-82.78379,2561.7,Reefer,27771.0,2025-08-23,0.94876,2.15436,5267.91,2.0564117578170746,1500+
TR-019697,Fresno,Buffalo,33.07921,-119.79528,41.67681,-78.56704,2706.8,Reefer,15506.0,2025-05-04,1.15489,2.19627,5267.3,1.9459509383774198,1500+
TR-025158,San Francisco,Greensboro,35.1967,-121.69849,35.98195,-82.78379,2533.4,Flatbed,23941.0,2025-06-08,1.20029,2.07823,5267.09,2.0790597615852215,1500+
TR-033107,Boston,Tucson,39.27463,-69.5,30.92733,-113.23037,2947.7,Dry Van,31930.0,2025-07-28,0.9851,2.3225,5266.95,1.7867998778708825,1500+
TR-037498,Hartford,Las Vegas,39.55328,-72.18051,33.22353,-115.24994,2839.9,Flatbed,22680.0,2025-08-25,0.9093,2.34366,5266.93,1.8546181203563505,1500+
TR-037878,Reno,Richmond,39.54838,-118.64843,38.09122,-76.78906,2613.5,Reefer,28117.0,2025-08-28,1.04405,2.25071,5266.47,2.0151023531662524,1500+
TR-009720,Philadelphia,Salt Lake City,39.22317,-72.9671,35.03488,-113.18895,2592.5,Reefer,44675.0,2025-03-03,0.97664,2.01287,5265.51,2.031054966248795,1500+
TR-018500,Los Angeles,Albany,28.56624,-116.70249,43.96975,-71.05842,3108.5,Dry Van,18560.0,2025-04-27,1.12744,2.51145,5264.43,1.6935595946598039,1500+
TR-012411,Charleston,Los Angeles,34.15334,-79.74475,28.56624,-116.70249,2540.4,Reefer,24929.0,2025-03-20,1.1982,2.0661,5264.01,2.0721185640056685,1500+
TR-016969,San Francisco,Raleigh,35.1967,-121.69849,35.37376,-77.47605,2855.0,Dry Van,26110.0,2025-04-17,1.4169,2.33449,5263.0,1.843432574430823,1500+
TR-041521,Phoenix,New York,28.75668,-115.87725,40.00674,-73.7984,2835.5,Dry Van,37683.0,2025-09-20,0.89719,1.85557,5262.91,1.8560782930700053,1500+
TR-026657,Albany,Reno,43.96975,-71.05842,39.54838,-118.64843,2884.4,Dry Van,29022.0,2025-06-17,1.28541,1.80362,5262.25,1.8243828872555816,1500+
TR-024391,Washington,San Francisco,38.87577,-77.05086,35.1967,-121.69849,2805.8,Dry Van,29229.0,2025-06-03,1.26813,1.89966,5261.64,1.8752726495117258,1500+
TR-025728,Philadelphia,Las Vegas,39.22317,-72.9671,33.22353,-115.24994,2764.5,Dry Van,37692.0,2025-06-11,1.37303,1.89824,5261.23,1.9031398082835955,1500+
TR-031846,Bakersfield,Hartford,33.28832,-116.67935,39.55328,-72.18051,2970.6,Dry Van,18258.0,2025-07-20,1.11177,2.31278,5260.81,1.7709587288763216,1500+
TR-024573,Phoenix,Richmond,28.75668,-115.87725,38.09122,-76.78906,2686.9,Dry Van,31291.0,2025-06-04,1.37521,1.97202,5259.39,1.9574193308273475,1500+
TR-020208,Montgomery,Fresno,31.37602,-86.10743,33.07921,-119.79528,2317.6,Reefer,34630.0,2025-05-07,1.36928,1.83381,5259.15,2.2692224715222644,1500+
TR-036923,Philadelphia,Bakersfield,39.22317,-72.9671,33.28832,-116.67935,2862.2,Dry Van,34615.0,2025-08-21,1.02314,1.84264,5258.82,1.837334917196562,1500+
TR-016089,Phoenix,Hartford,28.75668,-115.87725,39.55328,-72.18051,2939.2,Dry Van,27917.0,2025-04-12,1.10499,2.35825,5258.68,1.7891535111594994,1500+
TR-028882,Syracuse,Los Angeles,42.80915,-76.89973,28.56624,-116.70249,2812.6,Dry Van,38147.0,2025-07-01,1.26137,2.23372,5258.57,1.8696473014292825,1500+
TR-027044,Salt Lake City,Hartford,35.03488,-113.18895,39.55328,-72.18051,2604.9,Dry Van,39933.0,2025-06-19,1.35562,1.99286,5258.11,2.0185458174977926,1500+
TR-014803,Bakersfield,Washington,33.28832,-116.67935,38.87577,-77.05086,2648.8,Reefer,26982.0,2025-04-03,1.21822,2.09657,5257.44,1.9848384173965568,1500+
TR-015600,Washington,Fresno,38.87577,-77.05086,33.07921,-119.79528,2727.2,Flatbed,28767.0,2025-04-08,1.14872,2.23664,5257.12,1.9276620709885597,1500+
TR-027049,Albany,Reno,43.96975,-71.05842,39.54838,-118.64843,2841.1,Dry Van,38562.0,2025-06-20,1.30503,1.86084,5256.95,1.8503220583576783,1500+
TR-033698,Philadelphia,Bakersfield,39.22317,-72.9671,33.28832,-116.67935,2840.3,Dry Van,38579.0,2025-07-31,1.12108,2.30145,5256.89,1.8508220962574375,1500+
TR-004780,Greensboro,Little Rock,35.98195,-82.78379,34.27518,-92.06214,650.5,Reefer,33024.0,2025-01-31,1.01503,2.47628,5256.86,8.081260568793235,501-750
TR-007919,Bakersfield,Raleigh,33.28832,-116.67935,35.37376,-77.47605,2618.9,Reefer,24155.0,2025-02-20,1.15694,1.98116,5255.43,2.006731833976097,1500+
TR-036975,El Paso,Philadelphia,33.31075,-110.3123,39.22317,-72.9671,2416.2,Reefer,42733.0,2025-08-22,1.00156,2.01964,5255.27,2.175014485555832,1500+
TR-031842,New York,Fresno,40.00674,-73.7984,33.07921,-119.79528,2990.8,Dry Van,19254.0,2025-07-20,1.14297,2.39716,5254.97,1.7570449378092818,1500+
TR-032900,Syracuse,Los Angeles,42.80915,-76.89973,28.56624,-116.70249,2760.4,Flatbed,38937.0,2025-07-26,1.00154,2.21305,5254.63,1.903575568758151,1500+
TR-019965,Bakersfield,Philadelphia,33.28832,-116.67935,39.22317,-72.9671,2866.1,Dry Van,33036.0,2025-05-06,1.25241,2.28381,5253.87,1.833107707337497,1500+
TR-005169,Albany,Tucson,43.96975,-71.05842,30.92733,-113.23037,2815.0,Reefer,19523.0,2025-02-02,0.86307,1.85446,5253.75,1.8663410301953818,1500+
TR-008986,New York,Phoenix,40.00674,-73.7984,28.75668,-115.87725,2847.1,Flatbed,21456.0,2025-02-27,1.14826,1.88815,5253.52,1.845217941062836,1500+
TR-037555,Albany,Phoenix,43.96975,-71.05842,28.75668,-115.87725,3069.6,Dry Van,31961.0,2025-08-26,0.89648,2.17195,5253.18,1.7113565285379204,1500+
TR-033460,Charleston,Phoenix,34.15334,-79.74475,28.75668,-115.87725,2497.1,Reefer,27146.0,2025-07-30,1.09263,2.01285,5253.1,2.1036802691121705,1500+
TR-023814,Los Angeles,Columbia,28.56624,-116.70249,34.6357,-83.28506,2366.1,Reefer,47500.0,2025-05-30,1.37412,1.95391,5252.22,2.2197793837961206,1500+
TR-029203,Lexington,San Francisco,36.99152,-84.99876,35.1967,-121.69849,2384.2,Reefer,43961.0,2025-07-03,1.35077,1.95808,5251.54,2.202642395772167,1500+
TR-000221,Los Angeles,Baltimore,28.56624,-116.70249,38.16908,-72.74564,3034.8,Dry Van,39439.0,2025-01-02,1.004,1.7203,5251.53,1.730436931593515,1500+
TR-039876,Hartford,Bakersfield,39.55328,-72.18051,33.28832,-116.67935,2929.2,Dry Van,29730.0,2025-09-09,0.87534,1.80138,5250.05,1.7923153079339071,1500+
TR-036963,El Paso,Hartford,33.31075,-110.3123,39.55328,-72.18051,2519.5,Reefer,47500.0,2025-08-22,1.01116,2.20527,5249.85,2.0836872395316535,1500+
TR-029628,Bakersfield,Philadelphia,33.28832,-116.67935,39.22317,-72.9671,2833.8,Dry Van,29523.0,2025-07-06,1.16324,2.36426,5249.4,1.8524243065847976,1500+
TR-005544,Phoenix,Baltimore,28.75668,-115.87725,38.16908,-72.74564,2933.1,Dry Van,33124.0,2025-02-04,0.95709,1.77082,5248.99,1.7895707613105587,1500+
TR-024242,Raleigh,Salt Lake City,35.37376,-77.47605,35.03488,-113.18895,2430.1,Reefer,32132.0,2025-06-02,1.20866,2.18164,5248.69,2.1598658491420104,1500+
TR-019165,Syracuse,Los Angeles,42.80915,-76.89973,28.56624,-116.70249,2785.6,Dry Van,36153.0,2025-05-01,1.34106,2.23065,5247.42,1.8837665134979897,1500+
TR-002364,New York,Phoenix,40.00674,-73.7984,28.75668,-115.87725,2945.6,Dry Van,37191.0,2025-01-15,0.98132,1.77223,5246.05,1.7809784084736557,1500+
TR-003709,Fresno,Greensboro,33.07921,-119.79528,35.98195,-82.78379,2474.2,Reefer,47500.0,2025-01-24,1.00022,2.12255,5244.61,2.1197195052946407,1500+
TR-032275,San Francisco,Greensboro,35.1967,-121.69849,35.98195,-82.78379,2559.8,Flatbed,26599.0,2025-07-23,1.297,2.13073,5244.46,2.048777248222517,1500+
TR-022605,San Francisco,Harrisburg,35.1967,-121.69849,39.71695,-78.12481,2766.1,Dry Van,38767.0,2025-05-23,1.37014,2.27805,5244.43,1.895965438704313,1500+
TR-019161,New York,Los Angeles,40.00674,-73.7984,28.56624,-116.70249,2917.8,Dry Van,25417.0,2025-05-01,1.43347,2.35827,5244.16,1.7972993351154978,1500+
TR-012966,Bakersfield,Hartford,33.28832,-116.67935,39.55328,-72.18051,2962.0,Dry Van,25110.0,2025-03-24,1.04951,1.75025,5243.76,1.7703443619176233,1500+
TR-009888,Charleston,Fresno,34.15334,-79.74475,33.07921,-119.79528,2640.9,Flatbed,35016.0,2025-03-04,1.03674,1.99141,5243.09,1.9853421182172744,1500+
TR-013336,San Francisco,Mobile,35.1967,-121.69849,31.80442,-88.25195,2289.1,Reefer,39522.0,2025-03-26,1.21593,2.29118,5243.06,2.290446026822769,1500+
TR-012980,Bakersfield,Hartford,33.28832,-116.67935,39.55328,-72.18051,2872.1,Dry Van,32912.0,2025-03-24,1.00838,1.8269,5242.77,1.8254134605341041,1500+
TR-033588,Syracuse,San Francisco,42.80915,-76.89973,35.1967,-121.69849,2813.5,Dry Van,43088.0,2025-07-31,1.16971,2.25924,5242.67,1.8633979029678336,1500+
TR-040032,Bakersfield,Albany,33.28832,-116.67935,43.96975,-71.05842,2914.6,Dry Van,35135.0,2025-09-10,1.01585,1.80598,5241.8,1.798462910862554,1500+
TR-004778,San Francisco,Savannah,35.1967,-121.69849,33.60973,-82.29994,2605.0,Reefer,27033.0,2025-01-31,1.00924,1.996,5241.74,2.0121842610364684,1500+
TR-034317,El Paso,Boston,33.31075,-110.3123,39.27463,-69.5,2642.8,Flatbed,36474.0,2025-08-04,0.94183,2.11345,5239.8,1.9826698955653095,1500+
TR-000317,Los Angeles,New York,28.56624,-116.70249,40.00674,-73.7984,2989.9,Dry Van,32173.0,2025-01-03,0.94503,1.75183,5239.69,1.7524632930867252,1500+
TR-008414,Hartford,Phoenix,39.55328,-72.18051,28.75668,-115.87725,2974.9,Dry Van,35012.0,2025-02-23,0.96193,1.75196,5239.58,1.7612625634475108,1500+
TR-011967,Tucson,Hartford,30.92733,-113.23037,39.55328,-72.18051,2767.4,Dry Van,46732.0,2025-03-17,1.03515,1.9153,5239.48,1.893286116932861,1500+
TR-012216,Boston,Salt Lake City,39.27463,-69.5,35.03488,-113.18895,2893.7,Dry Van,26276.0,2025-03-19,1.1856,1.80708,5239.16,1.8105401389224869,1500+
TR-043141,Bakersfield,Buffalo,33.28832,-116.67935,41.67681,-78.56704,2471.3,Reefer,32962.0,2025-09-30,0.8751,2.11264,5237.53,2.1193420466960706,1500+
TR-029256,Fresno,Jacksonville,33.07921,-119.79528,31.98691,-84.48897,2362.4,Reefer,32726.0,2025-07-03,1.35795,1.9402,5237.17,2.2168853708093463,1500+
TR-010851,Reno,Raleigh,39.54838,-118.64843,35.37376,-77.47605,2704.3,Flatbed,32434.0,2025-03-10,0.9862,1.92715,5237.13,1.9365935731982398,1500+
TR-017853,San Francisco,Atlanta,35.1967,-121.69849,34.84933,-86.2894,2378.8,Reefer,38494.0,2025-04-23,1.37551,1.97479,5236.62,2.2013704388767446,1500+
TR-028119,Bakersfield,Richmond,33.28832,-116.67935,38.09122,-76.78906,2628.8,Dry Van,35140.0,2025-06-26,1.35752,1.97989,5236.25,1.9918784236153377,1500+
TR-011675,New York,Bakersfield,40.00674,-73.7984,33.28832,-116.67935,2826.0,Dry Van,41698.0,2025-03-16,1.0143,1.86776,5236.22,1.8528733191790518,1500+
TR-020284,Albuquerque,Hartford,35.39918,-109.59792,39.55328,-72.18051,2352.9,Reefer,34975.0,2025-05-08,1.42629,1.95598,5235.6,2.225168940456458,1500+
TR-031892,Savannah,Los Angeles,33.60973,-82.29994,28.56624,-116.70249,2390.8,Reefer,35095.0,2025-07-20,1.14236,1.9481,5235.6,2.189894595951146,1500+
TR-008014,Boston,Las Vegas,39.27463,-69.5,33.22353,-115.24994,3002.4,Dry Van,29175.0,2025-02-20,1.08725,1.6867,5235.26,1.74369171329603,1500+
TR-012629,Greensboro,Los Angeles,35.98195,-82.78379,28.56624,-116.70249,2405.6,Reefer,47500.0,2025-03-22,1.07684,2.17782,5234.9,2.176130695044895,1500+
TR-011228,Boston,Salt Lake City,39.27463,-69.5,35.03488,-113.18895,2821.6,Dry Van,31770.0,2025-03-13,1.16309,1.84906,5234.51,1.855156648709952,1500+
TR-027423,Jacksonville,Fresno,31.98691,-84.48897,33.07921,-119.79528,2355.5,Flatbed,34986.0,2025-06-22,1.19201,2.19054,5234.5,2.2222458076841436,1500+
TR-014027,Hartford,Phoenix,39.55328,-72.18051,28.75668,-115.87725,2903.8,Dry Van,27916.0,2025-03-30,1.02605,1.80979,5234.48,1.802631035195261,1500+
TR-029945,Richmond,Fresno,38.09122,-76.78906,33.07921,-119.79528,2907.5,Dry Van,15226.0,2025-07-08,1.21366,2.33007,5234.45,1.8003267411865864,1500+
TR-033498,Albany,Tucson,43.96975,-71.05842,30.92733,-113.23037,2861.1,Dry Van,40778.0,2025-07-30,1.10309,2.29711,5234.26,1.829457201775541,1500+
TR-026228,Greensboro,Bakersfield,35.98195,-82.78379,33.28832,-116.67935,2277.0,Reefer,44024.0,2025-06-15,1.19106,2.27983,5234.21,2.2987307861220905,1500+
TR-039914,Richmond,Fresno,38.09122,-76.78906,33.07921,-119.79528,2844.3,Dry Van,28786.0,2025-09-10,0.97659,1.84659,5233.94,1.840150476391379,1500+
TR-008925,Jacksonville,San Francisco,31.98691,-84.48897,35.1967,-121.69849,2464.7,Reefer,41756.0,2025-02-26,1.08501,2.10326,5233.72,2.1234714163995623,1500+
TR-038966,Los Angeles,Richmond,28.56624,-116.70249,38.09122,-76.78906,2767.7,Flatbed,22992.0,2025-09-04,1.03644,1.89161,5233.71,1.890996133974058,1500+
TR-012726,San Francisco,Syracuse,35.1967,-121.69849,42.80915,-76.89973,2810.3,Dry Van,46606.0,2025-03-22,1.06395,1.84022,5233.18,1.8621428317261501,1500+
TR-002840,Philadelphia,Bakersfield,39.22317,-72.9671,33.28832,-116.67935,2872.8,Reefer,25294.0,2025-01-18,0.92144,1.81559,5233.1,1.8216026176552493,1500+
TR-024250,Phoenix,Harrisburg,28.75668,-115.87725,39.71695,-78.12481,2594.9,Flatbed,31124.0,2025-06-02,1.21943,2.0423,5233.06,2.016671162665228,1500+
TR-023281,Fresno,Atlanta,33.07921,-119.79528,34.84933,-86.2894,2274.6,Reefer,41672.0,2025-05-27,1.28976,1.87099,5232.79,2.300531961663589,1500+
TR-011989,Los Angeles,Albany,28.56624,-116.70249,43.96975,-71.05842,3112.2,Dry Van,26410.0,2025-03-17,1.05415,1.66795,5232.69,1.6813475997686524,1500+
TR-011776,San Francisco,Albany,35.1967,-121.69849,43.96975,-71.05842,3185.4,Dry Van,17873.0,2025-03-16,0.97125,1.64552,5231.78,1.6424248132102717,1500+
TR-011657,Syracuse,Los Angeles,42.80915,-76.89973,28.56624,-116.70249,2813.3,Flatbed,28444.0,2025-03-15,1.02882,1.90224,5231.23,1.859463974691643,1500+
TR-032351,Providence,Albuquerque,37.37287,-69.5,35.39918,-109.59792,2596.0,Dry Van,42166.0,2025-07-23,1.3073,2.11831,5230.66,2.0148921417565484,1500+
TR-037985,New York,Salt Lake City,40.00674,-73.7984,35.03488,-113.18895,2561.4,Reefer,12275.0,2025-08-28,1.07404,1.925,5230.52,2.0420551261029125,1500+
TR-017388,Reno,Albany,39.54838,-118.64843,43.96975,-71.05842,2880.9,Dry Van,39866.0,2025-04-20,1.20479,2.34513,5230.39,1.815540282550592,1500+
TR-008680,Philadelphia,Phoenix,39.22317,-72.9671,28.75668,-115.87725,3037.2,Dry Van,38584.0,2025-02-25,1.02504,1.70024,5230.11,1.7220169893322796,1500+
TR-033493,San Francisco,Philadelphia,35.1967,-121.69849,39.22317,-72.9671,3095.7,Dry Van,20261.0,2025-07-30,1.10584,2.44142,5228.93,1.6890945505055401,1500+
TR-038173,Phoenix,Syracuse,28.75668,-115.87725,42.80915,-76.89973,2740.0,Reefer,30098.0,2025-08-29,0.96307,2.03944,5228.39,1.9081715328467155,1500+
TR-004948,Hartford,Reno,39.55328,-72.18051,39.54838,-118.64843,2775.5,Reefer,28507.0,2025-02-01,0.96136,1.86614,5228.01,1.883628175103585,1500+
TR-041128,Richmond,Las Vegas,38.09122,-76.78906,33.22353,-115.24994,2559.0,Flatbed,28373.0,2025-09-17,0.93074,2.06968,5227.72,2.042876123485737,1500+
TR-033951,Richmond,San Francisco,38.09122,-76.78906,35.1967,-121.69849,2944.4,Dry Van,29880.0,2025-08-02,1.00437,1.79051,5227.69,1.7754686863197933,1500+
TR-041947,Phoenix,Boston,28.75668,-115.87725,39.27463,-69.5,3077.7,Dry Van,19120.0,2025-09-22,0.79989,1.67571,5226.16,1.6980732365077817,1500+
TR-033859,Reno,Philadelphia,39.54838,-118.64843,39.22317,-72.9671,2885.9,Reefer,19373.0,2025-08-01,1.0658,1.93197,5226.07,1.8108978135070515,1500+
TR-008230,New York,Fresno,40.00674,-73.7984,33.07921,-119.79528,2919.4,Dry Van,41271.0,2025-02-22,0.93366,1.80023,5225.18,1.789812975268891,1500+
TR-000043,San Francisco,New York,35.1967,-121.69849,40.00674,-73.7984,3112.0,Dry Van,35002.0,2025-01-01,0.98359,1.66979,5224.69,1.6788849614395887,1500+
TR-002953,Bakersfield,Providence,33.28832,-116.67935,37.37287,-69.5,3176.9,Dry Van,27844.0,2025-01-19,0.82753,1.64894,5224.36,1.6444836161037488,1500+
TR-032541,Los Angeles,Richmond,28.56624,-116.70249,38.09122,-76.78906,2711.3,Dry Van,34484.0,2025-07-24,1.30876,2.21934,5224.07,1.9267768229262714,1500+
TR-041188,Phoenix,Hartford,28.75668,-115.87725,39.55328,-72.18051,2960.1,Dry Van,16816.0,2025-09-18,1.06036,1.76808,5223.67,1.7646937603459343,1500+
TR-016723,Philadelphia,El Paso,39.22317,-72.9671,33.31075,-110.3123,2505.4,Reefer,21013.0,2025-04-16,1.31932,2.03216,5222.88,2.084649157819111,1500+
TR-003905,Bakersfield,Raleigh,33.28832,-116.67935,35.37376,-77.47605,2592.3,Reefer,40626.0,2025-01-25,0.90459,1.99749,5222.88,2.0147668093970603,1500+
TR-025211,Tucson,Baltimore,30.92733,-113.23037,38.16908,-72.74564,2763.6,Dry Van,28894.0,2025-06-08,1.17236,1.91186,5222.63,1.889792299898683,1500+
TR-005059,Los Angeles,Philadelphia,28.56624,-116.70249,39.22317,-72.9671,3026.5,Dry Van,29406.0,2025-02-01,0.87188,1.75881,5221.81,1.7253626301007765,1500+
TR-032503,Salt Lake City,Providence,35.03488,-113.18895,37.37287,-69.5,2863.1,Dry Van,11418.0,2025-07-24,1.31007,2.31156,5221.67,1.8237819147078342,1500+
TR-008634,Richmond,San Francisco,38.09122,-76.78906,35.1967,-121.69849,2932.9,Dry Van,33307.0,2025-02-24,0.95693,1.76507,5221.12,1.7801902553786353,1500+
TR-004661,Richmond,Los Angeles,38.09122,-76.78906,28.56624,-116.70249,2743.1,Reefer,24992.0,2025-01-30,1.04853,1.91355,5220.45,1.9031205570340126,1500+
TR-001151,Providence,Salt Lake City,37.37287,-69.5,35.03488,-113.18895,2852.0,Dry Van,41528.0,2025-01-08,0.95888,1.83282,5220.36,1.8304207573632538,1500+
TR-009674,Harrisburg,Los Angeles,39.71695,-78.12481,28.56624,-116.70249,2649.9,Reefer,27071.0,2025-03-03,0.97552,1.97052,5220.17,1.9699498094267707,1500+
TR-011775,Tucson,Hartford,30.92733,-113.23037,39.55328,-72.18051,2793.2,Dry Van,40901.0,2025-03-16,0.97098,1.85258,5219.01,1.8684698553630248,1500+
TR-026681,Fresno,Savannah,33.07921,-119.79528,33.60973,-82.29994,2493.0,Reefer,21643.0,2025-06-17,1.2751,2.12034,5218.98,2.0934536702767748,1500+
TR-001167,Tucson,Boston,30.92733,-113.23037,39.27463,-69.5,2892.2,Flatbed,17258.0,2025-01-08,0.94802,1.82501,5218.65,1.8043876633704445,1500+
TR-030318,Tucson,Baltimore,30.92733,-113.23037,38.16908,-72.74564,2767.6,Dry Van,28992.0,2025-07-10,1.35745,2.27961,5218.42,1.8855398178927592,1500+
TR-040588,Albany,Tucson,43.96975,-71.05842,30.92733,-113.23037,2781.0,Flatbed,25657.0,2025-09-14,0.8038,1.8551,5218.28,1.8764041711614525,1500+
TR-010988,Bakersfield,Richmond,33.28832,-116.67935,38.09122,-76.78906,2590.2,Flatbed,35283.0,2025-03-11,1.05456,1.99034,5217.69,2.0143965716933057,1500+
TR-039666,Phoenix,Philadelphia,28.75668,-115.87725,39.22317,-72.9671,2983.9,Dry Van,37660.0,2025-09-08,0.84645,1.76083,5216.82,1.748322664968665,1500+
TR-030106,Tucson,Harrisburg,30.92733,-113.23037,39.71695,-78.12481,2395.9,Reefer,32975.0,2025-07-09,1.37539,1.98882,5216.09,2.1770900287991988,1500+
TR-028946,Los Angeles,Harrisburg,28.56624,-116.70249,39.71695,-78.12481,2694.5,Flatbed,25080.0,2025-07-02,1.33721,2.26441,5215.9,1.9357580256077194,1500+
TR-001927,Fresno,Richmond,33.07921,-119.79528,38.09122,-76.78906,2819.1,Reefer,27068.0,2025-01-12,0.80176,1.84511,5215.03,1.84989180944273,1500+
TR-041847,Las Vegas,New York,33.22353,-115.24994,40.00674,-73.7984,2662.5,Flatbed,27368.0,2025-09-22,0.81017,1.99573,5214.68,1.9585652582159625,1500+
TR-011336,Buffalo,San Francisco,41.67681,-78.56704,35.1967,-121.69849,2830.3,Dry Van,27303.0,2025-03-13,1.21703,1.82836,5213.9,1.842172207893156,1500+
TR-022284,Philadelphia,Las Vegas,39.22317,-72.9671,33.22353,-115.24994,2742.9,Dry Van,34975.0,2025-05-21,1.36031,2.25716,5213.79,1.9008312370119216,1500+
TR-042462,Jacksonville,Fresno,31.98691,-84.48897,33.07921,-119.79528,2357.3,Flatbed,43291.0,2025-09-26,0.87656,2.22829,5213.61,2.211687099647902,1500+
TR-029201,Washington,San Francisco,38.87577,-77.05086,35.1967,-121.69849,2834.2,Dry Van,17713.0,2025-07-03,1.36278,2.33233,5213.56,1.8395173241126246,1500+
TR-028654,El Paso,Richmond,33.31075,-110.3123,38.09122,-76.78906,2212.6,Reefer,35807.0,2025-06-29,1.22253,2.38793,5213.29,2.356182771400163,1500+
TR-027856,Syracuse,Fresno,42.80915,-76.89973,33.07921,-119.79528,2806.6,Dry Van,33852.0,2025-06-24,1.24103,1.83574,5212.39,1.8571901945414382,1500+
TR-036503,Albuquerque,Boston,35.39918,-109.59792,39.27463,-69.5,2592.1,Reefer,23610.0,2025-08-19,0.99727,1.92304,5212.13,2.010775047258979,1500+
TR-014631,Syracuse,Fresno,42.80915,-76.89973,33.07921,-119.79528,2789.3,Dry Van,47500.0,2025-04-02,1.2044,2.2864,5210.9,1.8681748108844511,1500+
TR-010093,Richmond,Reno,38.09122,-76.78906,39.54838,-118.64843,2533.6,Reefer,42858.0,2025-03-06,1.17511,2.06409,5210.71,2.056642721818756,1500+
TR-011682,Syracuse,San Francisco,42.80915,-76.89973,35.1967,-121.69849,2804.1,Flatbed,17197.0,2025-03-16,0.9849,1.85368,5210.52,1.8581790948967585,1500+
TR-030179,San Francisco,Detroit,35.1967,-121.69849,43.61923,-84.04517,2379.2,Reefer,33633.0,2025-07-09,1.30545,1.974,5210.28,2.18992938802959,1500+
TR-010309,Charleston,San Francisco,34.15334,-79.74475,35.1967,-121.69849,2798.0,Dry Van,47500.0,2025-03-07,1.10793,1.84645,5209.93,1.8620192994996427,1500+
TR-026103,Fresno,Toledo,33.07921,-119.79528,41.97663,-84.45902,2432.7,Reefer,28532.0,2025-06-14,1.22645,2.15031,5209.09,2.1412792370617013,1500+
TR-032534,Dayton,Fresno,39.87206,-85.62931,33.07921,-119.79528,2363.6,Reefer,35198.0,2025-07-24,1.33111,1.93968,5208.75,2.203735826705026,1500+
TR-037991,Providence,Salt Lake City,37.37287,-69.5,35.03488,-113.18895,2792.2,Dry Van,25719.0,2025-08-28,1.08001,2.21014,5207.45,1.864998925578397,1500+
TR-013862,Richmond,Bakersfield,38.09122,-76.78906,33.28832,-116.67935,2606.6,Flatbed,23326.0,2025-03-29,1.04765,2.00014,5206.46,1.9974142561190824,1500+
TR-020282,Savannah,Bakersfield,33.60973,-82.29994,33.28832,-116.67935,2305.4,Reefer,38163.0,2025-05-08,1.39894,1.90512,5206.38,2.2583412856771057,1500+
TR-001541,Hartford,Los Angeles,39.55328,-72.18051,28.56624,-116.70249,3082.5,Dry Van,23184.0,2025-01-10,0.97839,1.69783,5206.33,1.6889959448499594,1500+
TR-020956,Bakersfield,Richmond,33.28832,-116.67935,38.09122,-76.78906,2719.5,Dry Van,36609.0,2025-05-12,1.21788,2.25922,5206.24,1.91441073726788,1500+
TR-021675,Albany,Tucson,43.96975,-71.05842,30.92733,-113.23037,2819.7,Dry Van,42524.0,2025-05-17,1.29488,2.26878,5205.57,1.8461432067241197,1500+
TR-010648,Las Vegas,Richmond,33.22353,-115.24994,38.09122,-76.78906,2562.3,Reefer,42926.0,2025-03-09,0.98422,2.04785,5205.22,2.031463919135152,1500+
TR-034207,Buffalo,Los Angeles,41.67681,-78.56704,28.56624,-116.70249,2728.8,Flatbed,33859.0,2025-08-04,0.89121,1.98792,5205.12,1.907475813544415,1500+
TR-032190,Richmond,Las Vegas,38.09122,-76.78906,33.22353,-115.24994,2519.5,Flatbed,40916.0,2025-07-22,1.21361,2.09148,5204.97,2.0658741813851957,1500+
TR-019637,Bakersfield,Philadelphia,33.28832,-116.67935,39.22317,-72.9671,2926.5,Dry Van,28190.0,2025-05-04,1.19282,2.36695,5204.25,1.7783188108662225,1500+
TR-042600,Albany,Albuquerque,43.96975,-71.05842,35.39918,-109.59792,2412.0,Reefer,44558.0,2025-09-27,0.88987,2.12189,5204.12,2.1575953565505803,1500+
TR-031467,Syracuse,Reno,42.80915,-76.89973,39.54838,-118.64843,2494.0,Flatbed,42161.0,2025-07-17,1.32139,2.05402,5204.08,2.0866399358460304,1500+
TR-032385,Providence,Albuquerque,37.37287,-69.5,35.39918,-109.59792,2578.3,Dry Van,36210.0,2025-07-23,1.3234,2.16299,5203.78,2.018298879106388,1500+
TR-019256,Reno,Hartford,39.54838,-118.64843,39.55328,-72.18051,2773.2,Dry Van,33633.0,2025-05-01,1.37508,2.27126,5203.64,1.8764027116688304,1500+
TR-010825,Albany,Bakersfield,43.96975,-71.05842,33.28832,-116.67935,2969.2,Dry Van,30013.0,2025-03-10,0.98404,1.74787,5203.3,1.7524248955947732,1500+
TR-031256,Richmond,Los Angeles,38.09122,-76.78906,28.56624,-116.70249,2702.0,Dry Van,35909.0,2025-07-16,1.3374,2.25253,5202.28,1.925344189489267,1500+
TR-032066,Phoenix,Philadelphia,28.75668,-115.87725,39.22317,-72.9671,2855.7,Dry Van,36188.0,2025-07-21,1.13383,2.36563,5202.24,1.8217039605000527,1500+
TR-037450,San Francisco,Philadelphia,35.1967,-121.69849,39.22317,-72.9671,3102.6,Dry Van,23967.0,2025-08-25,0.87642,1.89195,5201.7,1.676561593502224,1500+
TR-009605,Charleston,Phoenix,34.15334,-79.74475,28.75668,-115.87725,2528.3,Reefer,35795.0,2025-03-03,0.96972,2.05625,5201.08,2.0571451172724755,1500+
TR-032889,San Francisco,Columbia,35.1967,-121.69849,34.6357,-83.28506,2484.4,Reefer,44626.0,2025-07-26,0.98381,2.04579,5200.47,2.093249879246498,1500+
TR-010530,Savannah,Fresno,33.60973,-82.29994,33.07921,-119.79528,2493.0,Reefer,26659.0,2025-03-08,1.00467,2.07182,5199.74,2.085736060970718,1500+
TR-001873,New York,Tucson,40.00674,-73.7984,30.92733,-113.23037,2690.4,Reefer,38565.0,2025-01-12,0.78869,1.91074,5199.59,1.9326457032411537,1500+
TR-034683,New York,Reno,40.00674,-73.7984,39.54838,-118.64843,2715.8,Flatbed,42069.0,2025-08-06,1.04364,1.99975,5199.14,1.9144045953310258,1500+
TR-022236,Charleston,Bakersfield,34.15334,-79.74475,33.28832,-116.67935,2414.1,Reefer,22195.0,2025-05-21,1.38487,2.01653,5198.57,2.153419493807216,1500+
TR-011672,Salt Lake City,New York,35.03488,-113.18895,40.00674,-73.7984,2588.5,Reefer,32554.0,2025-03-15,1.03651,2.00877,5198.07,2.008139849333591,1500+
TR-032234,Bakersfield,New York,33.28832,-116.67935,40.00674,-73.7984,2842.2,Dry Van,33016.0,2025-07-22,1.21168,2.29037,5197.75,1.8287770037295055,1500+
TR-023714,Philadelphia,Albuquerque,39.22317,-72.9671,35.39918,-109.59792,2397.5,Reefer,37572.0,2025-05-30,1.31833,2.03404,5197.51,2.1678873826903025,1500+
TR-018535,San Francisco,Jacksonville,35.1967,-121.69849,31.98691,-84.48897,2484.8,Reefer,27128.0,2025-04-27,1.15982,2.02541,5196.01,2.09111799742434,1500+
TR-042693,Reno,Harrisburg,39.54838,-118.64843,39.71695,-78.12481,2505.3,Reefer,30814.0,2025-09-27,0.87246,2.03658,5195.38,2.0737556380473396,1500+
TR-029927,Richmond,Bakersfield,38.09122,-76.78906,33.28832,-116.67935,2645.7,Dry Van,43483.0,2025-07-08,1.2336,2.20028,5195.32,1.9636844691386024,1500+
TR-004606,Los Angeles,Richmond,28.56624,-116.70249,38.09122,-76.78906,2719.4,Reefer,34651.0,2025-01-29,0.99958,1.91093,5194.16,1.910038979186585,1500+
TR-011621,Fresno,New York,33.07921,-119.79528,40.00674,-73.7984,2999.0,Dry Van,22433.0,2025-03-15,1.06097,1.74616,5193.78,1.731837279093031,1500+
TR-024078,Charleston,Phoenix,34.15334,-79.74475,28.75668,-115.87725,2503.9,Flatbed,32364.0,2025-06-01,1.26248,2.05651,5193.3,2.0740844282918647,1500+
TR-014860,Savannah,Fresno,33.60973,-82.29994,33.07921,-119.79528,2500.0,Flatbed,42070.0,2025-04-04,1.17125,2.07134,5193.29,2.077316,1500+
TR-007678,San Francisco,Columbia,35.1967,-121.69849,34.6357,-83.28506,2516.4,Reefer,41286.0,2025-02-18,0.99896,2.05849,5192.74,2.0635590526148464,1500+
TR-034424,Fresno,Syracuse,33.07921,-119.79528,42.80915,-76.89973,2836.1,Dry Van,37128.0,2025-08-05,1.00647,1.85259,5192.12,1.830725291773915,1500+
TR-023141,Las Vegas,Albany,33.22353,-115.24994,43.96975,-71.05842,2792.7,Flatbed,25312.0,2025-05-26,1.19945,2.24712,5191.95,1.8591148351058115,1500+
TR-012926,Hartford,Phoenix,39.55328,-72.18051,28.75668,-115.87725,2933.1,Dry Van,29308.0,2025-03-23,1.0143,1.76817,5191.63,1.7700146602570659,1500+
TR-001722,Las Vegas,Hartford,33.22353,-115.24994,39.55328,-72.18051,2816.7,Reefer,25986.0,2025-01-11,0.88041,1.82011,5191.49,1.843110732417368,1500+
TR-015125,Albany,Phoenix,43.96975,-71.05842,28.75668,-115.87725,3108.2,Dry Van,21421.0,2025-04-05,1.11779,2.50519,5191.24,1.670175664371662,1500+
TR-013127,Fresno,Savannah,33.07921,-119.79528,33.60973,-82.29994,2538.8,Flatbed,28146.0,2025-03-25,1.06788,2.05097,5191.15,2.04472585473452,1500+
TR-002260,Phoenix,Boston,28.75668,-115.87725,39.27463,-69.5,3200.7,Dry Van,17414.0,2025-01-15,1.01869,1.59307,5190.69,1.6217358702783766,1500+
TR-000369,Boston,Reno,39.27463,-69.5,39.54838,-118.64843,3084.7,Dry Van,31862.0,2025-01-03,0.93643,1.6968,5190.52,1.6826660615294844,1500+
TR-031456,Buffalo,Los Angeles,41.67681,-78.56704,28.56624,-116.70249,2729.1,Dry Van,32851.0,2025-07-17,1.3376,2.22484,5190.0,1.9017258436847313,1500+
TR-033149,Baltimore,Phoenix,38.16908,-72.74564,28.75668,-115.87725,2897.0,Dry Van,32570.0,2025-07-28,0.98478,2.37448,5189.0,1.7911632723507076,1500+
TR-014411,Providence,El Paso,37.37287,-69.5,33.31075,-110.3123,2728.7,Flatbed,24251.0,2025-04-01,1.11756,2.25486,5188.21,1.9013486275515814,1500+
TR-014601,Charleston,Los Angeles,34.15334,-79.74475,28.56624,-116.70249,2667.7,Flatbed,28262.0,2025-04-02,1.16193,2.22118,5186.93,1.9443453161899766,1500+
TR-023923,Reno,Baltimore,39.54838,-118.64843,38.16908,-72.74564,2829.0,Dry Van,30069.0,2025-05-31,1.27654,2.3354,5186.82,1.8334464475079533,1500+
TR-019056,Richmond,Fresno,38.09122,-76.78906,33.07921,-119.79528,2776.2,Dry Van,42760.0,2025-04-30,1.36691,2.30592,5185.99,1.8680174339024567,1500+
TR-015798,Reno,Charleston,39.54838,-118.64843,34.15334,-79.74475,2532.0,Reefer,29925.0,2025-04-10,1.2882,2.12215,5185.82,2.0481121642969984,1500+
TR-009920,Fresno,Washington,33.07921,-119.79528,38.87577,-77.05086,2772.6,Dry Van,34563.0,2025-03-05,1.14781,1.8884,5185.46,1.8702517492606219,1500+
TR-021255,Los Angeles,Richmond,28.56624,-116.70249,38.09122,-76.78906,2735.6,Dry Van,32096.0,2025-05-14,1.34398,2.26861,5184.7,1.8952697762830824,1500+
TR-014165,El Paso,Providence,33.31075,-110.3123,37.37287,-69.5,2665.1,Dry Van,35221.0,2025-03-31,1.08628,1.92163,5183.98,1.9451352669693445,1500+
TR-013938,Los Angeles,Washington,28.56624,-116.70249,38.87577,-77.05086,2743.6,Dry Van,39078.0,2025-03-29,1.08086,1.92938,5183.44,1.8892841522087767,1500+
TR-014540,Tucson,Boston,30.92733,-113.23037,39.27463,-69.5,2925.6,Dry Van,26081.0,2025-04-02,1.2199,2.4235,5182.69,1.7714964451736395,1500+
TR-005421,Fresno,Syracuse,33.07921,-119.79528,42.80915,-76.89973,2762.3,Flatbed,29509.0,2025-02-04,1.00324,1.92289,5182.0,1.8759729211164609,1500+
TR-026992,Fresno,Jacksonville,33.07921,-119.79528,31.98691,-84.48897,2383.4,Flatbed,25837.0,2025-06-19,1.3432,2.19278,5181.78,2.1741126122346226,1500+
TR-038977,Columbia,San Francisco,34.6357,-83.28506,35.1967,-121.69849,2534.0,Reefer,23546.0,2025-09-04,1.0558,2.03419,5181.47,2.044779005524862,1500+
TR-024987,Bakersfield,Syracuse,33.28832,-116.67935,42.80915,-76.89973,2553.1,Flatbed,33795.0,2025-06-06,1.37424,1.98829,5181.17,2.02936430222083,1500+
TR-031252,Albany,Tucson,43.96975,-71.05842,30.92733,-113.23037,2754.5,Dry Van,41485.0,2025-07-16,1.31796,2.32739,5180.86,1.8808713015066254,1500+
TR-009281,Bakersfield,Hartford,33.28832,-116.67935,39.55328,-72.18051,2869.3,Dry Van,42701.0,2025-03-01,1.0228,1.78148,5180.63,1.8055379360819712,1500+
TR-007717,Los Angeles,Baltimore,28.56624,-116.70249,38.16908,-72.74564,2980.8,Dry Van,26869.0,2025-02-19,1.10084,1.7553,5180.3,1.7378891572732151,1500+
TR-039813,Hartford,Albuquerque,39.55328,-72.18051,35.39918,-109.59792,2426.5,Reefer,43426.0,2025-09-09,0.89996,2.12801,5180.3,2.1348856377498455,1500+
TR-000232,Los Angeles,New York,28.56624,-116.70249,40.00674,-73.7984,2982.6,Dry Van,32891.0,2025-01-02,0.9617,1.75281,5180.03,1.73674981559713,1500+
TR-033383,Greensboro,Los Angeles,35.98195,-82.78379,28.56624,-116.70249,2376.8,Reefer,46931.0,2025-07-29,1.02083,1.99899,5179.71,2.179278862335914,1500+
TR-026407,Hartford,Las Vegas,39.55328,-72.18051,33.22353,-115.24994,2808.0,Dry Van,32906.0,2025-06-16,1.17451,1.82435,5179.58,1.844579772079772,1500+
TR-032260,Reno,Baltimore,39.54838,-118.64843,38.16908,-72.74564,2855.7,Dry Van,27885.0,2025-07-22,1.19647,2.30668,5179.03,1.8135763560598102,1500+
TR-025034,Charleston,Fresno,34.15334,-79.74475,33.07921,-119.79528,2681.8,Dry Van,30662.0,2025-06-07,1.25205,1.9222,5178.88,1.9311208889551792,1500+
TR-041355,Savannah,Fresno,33.60973,-82.29994,33.07921,-119.79528,2573.4,Flatbed,23925.0,2025-09-19,0.94589,2.0129,5178.86,2.0124582264708164,1500+
TR-042207,Tucson,Albany,30.92733,-113.23037,43.96975,-71.05842,2894.4,Dry Van,32512.0,2025-09-24,0.96348,1.76146,5177.62,1.7888405196241015,1500+
TR-009386,Harrisburg,Los Angeles,39.71695,-78.12481,28.56624,-116.70249,2699.9,Reefer,28122.0,2025-03-01,0.97755,1.87747,5176.77,1.9173932367865478,1500+
TR-034749,Richmond,Bakersfield,38.09122,-76.78906,33.28832,-116.67935,2659.6,Flatbed,19367.0,2025-08-07,1.09424,2.06312,5176.59,1.9463791547601144,1500+
TR-034272,Reno,Charleston,39.54838,-118.64843,34.15334,-79.74475,2559.4,Reefer,43993.0,2025-08-04,0.88531,2.24735,5176.26,2.022450574353364,1500+
TR-002995,Fresno,Washington,33.07921,-119.79528,38.87577,-77.05086,2855.3,Dry Van,38198.0,2025-01-19,0.79941,1.82719,5176.02,1.8127762406752355,1500+
TR-017097,Hartford,Phoenix,39.55328,-72.18051,28.75668,-115.87725,2908.3,Dry Van,23585.0,2025-04-18,1.31655,2.31471,5175.77,1.7796547811436234,1500+
TR-004246,Philadelphia,Tucson,39.22317,-72.9671,30.92733,-113.23037,2696.6,Reefer,26541.0,2025-01-27,0.89229,1.88402,5175.66,1.9193280427204629,1500+
TR-032668,El Paso,Providence,33.31075,-110.3123,37.37287,-69.5,2645.2,Flatbed,28199.0,2025-07-25,1.09071,2.18673,5174.53,1.956196128837139,1500+
TR-021893,Tucson,Raleigh,30.92733,-113.23037,35.37376,-77.47605,2419.3,Reefer,32805.0,2025-05-18,1.21456,2.00599,5173.56,2.13845327160749,1500+
TR-025858,Bakersfield,Richmond,33.28832,-116.67935,38.09122,-76.78906,2597.7,Dry Van,35763.0,2025-06-12,1.42459,2.00473,5172.84,1.991315394387343,1500+
TR-030928,Albany,Tucson,43.96975,-71.05842,30.92733,-113.23037,2957.3,Dry Van,15534.0,2025-07-14,1.09918,2.44174,5172.64,1.749108984546715,1500+
TR-032760,Buffalo,Phoenix,41.67681,-78.56704,28.75668,-115.87725,2647.0,Reefer,24452.0,2025-07-26,1.01262,2.20416,5172.5,1.9540989799773327,1500+
TR-007484,Providence,Tucson,37.37287,-69.5,30.92733,-113.23037,2935.3,Dry Van,29559.0,2025-02-17,0.93175,1.74962,5172.4,1.7621367492249511,1500+
TR-035537,Reno,Boston,39.54838,-118.64843,39.27463,-69.5,3023.4,Dry Van,20551.0,2025-08-12,0.98773,2.14307,5172.18,1.7107164119865053,1500+
TR-016188,New York,Bakersfield,40.00674,-73.7984,33.28832,-116.67935,2786.5,Flatbed,21703.0,2025-04-12,1.12024,2.31954,5170.95,1.8557150547281536,1500+
TR-010168,New York,Phoenix,40.00674,-73.7984,28.75668,-115.87725,2906.9,Dry Van,29919.0,2025-03-06,1.1684,1.76552,5170.79,1.7787987202862154,1500+
TR-028149,Montgomery,Reno,31.37602,-86.10743,39.54838,-118.64843,2219.0,Reefer,37334.0,2025-06-26,1.34759,2.33495,5170.62,2.3301577287066246,1500+
TR-024758,Richmond,Bakersfield,38.09122,-76.78906,33.28832,-116.67935,2587.7,Dry Van,45847.0,2025-06-05,1.35815,2.00466,5170.49,1.9981025621208024,1500+
TR-035564,Syracuse,Fresno,42.80915,-76.89973,33.07921,-119.79528,2787.9,Flatbed,27379.0,2025-08-13,1.09152,2.18143,5170.25,1.8545320850819613,1500+
TR-024503,El Paso,Hartford,33.31075,-110.3123,39.55328,-72.18051,2497.0,Reefer,28159.0,2025-06-03,1.26168,2.09297,5170.22,2.07057268722467,1500+
TR-022538,Fresno,Columbia,33.07921,-119.79528,34.6357,-83.28506,2410.4,Reefer,29880.0,2025-05-23,1.3255,2.01724,5170.03,2.144884666445403,1500+
TR-004803,Phoenix,Albany,28.75668,-115.87725,43.96975,-71.05842,3049.4,Dry Van,30386.0,2025-01-31,1.02193,1.68976,5169.75,1.6953335082311274,1500+
TR-036638,Hartford,Salt Lake City,39.55328,-72.18051,35.03488,-113.18895,2618.5,Reefer,23720.0,2025-08-20,1.02151,2.48667,5169.48,1.974214244796639,1500+
TR-011664,Phoenix,Philadelphia,28.75668,-115.87725,39.22317,-72.9671,2910.2,Dry Van,44601.0,2025-03-15,1.02911,1.78973,5169.2,1.7762353102879527,1500+
TR-001559,Phoenix,Albany,28.75668,-115.87725,43.96975,-71.05842,3041.5,Dry Van,28672.0,2025-01-10,0.94002,1.70299,5169.06,1.6995101101430217,1500+
TR-027867,Buffalo,Tucson,41.67681,-78.56704,30.92733,-113.23037,2424.7,Reefer,30343.0,2025-06-25,1.29536,2.12325,5168.32,2.131529673774075,1500+
TR-012401,Phoenix,New York,28.75668,-115.87725,40.00674,-73.7984,2928.4,Dry Van,22983.0,2025-03-20,1.18906,1.76017,5167.73,1.7646940308700996,1500+
TR-033571,Fresno,Charleston,33.07921,-119.79528,34.15334,-79.74475,2677.6,Dry Van,47262.0,2025-07-31,1.12137,2.30888,5167.59,1.9299335225575143,1500+
TR-027575,Las Vegas,Albany,33.22353,-115.24994,43.96975,-71.05842,2882.8,Dry Van,25789.0,2025-06-23,1.19194,1.80315,5166.91,1.7923234355487718,1500+
TR-041288,Harrisburg,San Francisco,39.71695,-78.12481,35.1967,-121.69849,2799.5,Dry Van,27889.0,2025-09-18,0.98797,1.84484,5166.2,1.8454009644579388,1500+
TR-007568,Phoenix,New York,28.75668,-115.87725,40.00674,-73.7984,2920.0,Flatbed,30173.0,2025-02-17,0.86983,1.76823,5166.07,1.7692020547945204,1500+
TR-034646,Los Angeles,Buffalo,28.56624,-116.70249,41.67681,-78.56704,2699.1,Flatbed,34923.0,2025-08-06,1.11062,1.65727,5164.83,1.9135378459486496,1500+
TR-035371,Los Angeles,Charleston,28.56624,-116.70249,34.15334,-79.74475,2513.0,Reefer,30872.0,2025-08-11,0.93236,2.06412,5164.25,2.0550139275766015,1500+
TR-006687,Los Angeles,Raleigh,28.56624,-116.70249,35.37376,-77.47605,2748.2,Flatbed,28776.0,2025-02-12,1.07718,1.8889,5163.6,1.8789025543992435,1500+
TR-018771,Boston,Albuquerque,39.27463,-69.5,35.39918,-109.59792,2485.7,Reefer,29702.0,2025-04-28,1.18823,2.08907,5161.69,2.076553888240737,1500+
TR-037176,Los Angeles,Philadelphia,28.56624,-116.70249,39.22317,-72.9671,2974.7,Dry Van,27200.0,2025-08-23,0.91414,1.77484,5160.6,1.7348304030658557,1500+
TR-006014,Hartford,Tucson,39.55328,-72.18051,30.92733,-113.23037,2725.8,Flatbed,24243.0,2025-02-07,1.04539,1.90833,5159.45,1.8928204563797781,1500+
TR-032838,El Paso,Baltimore,33.31075,-110.3123,38.16908,-72.74564,2463.3,Reefer,36650.0,2025-07-26,1.00011,2.0753,5158.76,2.0942475540941015,1500+
TR-005561,San Francisco,Albany,35.1967,-121.69849,43.96975,-71.05842,3189.2,Dry Van,23679.0,2025-02-04,0.9625,1.63898,5157.61,1.6172112128433462,1500+
TR-036142,Phoenix,Buffalo,28.75668,-115.87725,41.67681,-78.56704,2632.7,Reefer,28220.0,2025-08-16,0.95021,2.28384,5157.53,1.9590268545599574,1500+
TR-029820,Tucson,New York,30.92733,-113.23037,40.00674,-73.7984,2618.8,Flatbed,36638.0,2025-07-07,1.14872,2.16996,5157.08,1.9692530930197034,1500+
TR-004480,Bakersfield,Syracuse,33.28832,-116.67935,42.80915,-76.89973,2591.6,Flatbed,41003.0,2025-01-29,1.01847,1.9604,5156.99,1.9898865565673716,1500+
TR-002339,Richmond,Bakersfield,38.09122,-76.78906,33.28832,-116.67935,2692.0,Flatbed,36419.0,2025-01-15,0.92118,1.92552,5156.72,1.9155720653789006,1500+
TR-032584,Phoenix,Washington,28.75668,-115.87725,38.87577,-77.05086,2717.1,Dry Van,43177.0,2025-07-24,1.28801,2.22593,5154.94,1.8972213021235875,1500+
TR-033509,New York,Los Angeles,40.00674,-73.7984,28.56624,-116.70249,2877.8,Dry Van,36511.0,2025-07-30,1.07186,2.3697,5154.49,1.7911216901799984,1500+
TR-036949,Montgomery,San Francisco,31.37602,-86.10743,35.1967,-121.69849,2401.6,Reefer,47500.0,2025-08-22,1.01951,2.37629,5154.03,2.146081778814124,1500+
TR-041159,Bakersfield,Buffalo,33.28832,-116.67935,41.67681,-78.56704,2543.9,Flatbed,30289.0,2025-09-18,0.9972,2.0482,5154.0,2.0260230354966784,1500+
TR-017859,Las Vegas,Buffalo,33.22353,-115.24994,41.67681,-78.56704,2425.1,Reefer,40567.0,2025-04-23,1.34162,1.98489,5153.0,2.1248608304812175,1500+
TR-003986,Philadelphia,Los Angeles,39.22317,-72.9671,28.56624,-116.70249,3031.6,Dry Van,29380.0,2025-01-26,0.87198,1.67139,5152.31,1.699534899063201,1500+
TR-033863,Reno,Raleigh,39.54838,-118.64843,35.37376,-77.47605,2650.0,Flatbed,29939.0,2025-08-01,1.09192,1.87532,5152.02,1.9441584905660378,1500+
TR-016906,Phoenix,Detroit,28.75668,-115.87725,43.61923,-84.04517,2402.1,Reefer,34145.0,2025-04-17,1.31547,2.05218,5150.92,2.1443403688439284,1500+
TR-025854,Phoenix,Columbia,28.75668,-115.87725,34.6357,-83.28506,2313.9,Reefer,34999.0,2025-06-12,1.37687,2.17971,5150.18,2.2257573793163057,1500+
TR-037067,Raleigh,Phoenix,35.37376,-77.47605,28.75668,-115.87725,2605.2,Flatbed,38712.0,2025-08-22,1.0159,2.34248,5150.15,1.9768731767234762,1500+
TR-034527,New York,Bakersfield,40.00674,-73.7984,33.28832,-116.67935,2746.1,Flatbed,16729.0,2025-08-05,1.01739,2.02309,5148.89,1.8749827027420707,1500+
TR-013241,Tucson,Hartford,30.92733,-113.23037,39.55328,-72.18051,2799.5,Dry Van,47500.0,2025-03-25,1.1004,1.88378,5148.64,1.8391284157885337,1500+
TR-027024,Reno,Hartford,39.54838,-118.64843,39.55328,-72.18051,2832.3,Dry Van,25081.0,2025-06-19,1.38084,1.83995,5148.23,1.8176852734526707,1500+
TR-026873,Washington,Los Angeles,38.87577,-77.05086,28.56624,-116.70249,2667.4,Dry Van,43072.0,2025-06-18,1.37002,1.92015,5148.17,1.930032990927495,1500+
TR-012940,Richmond,Tucson,38.09122,-76.78906,30.92733,-113.23037,2488.7,Reefer,33757.0,2025-03-23,1.01477,2.07971,5146.65,2.0680073934182506,1500+
TR-028191,Richmond,Reno,38.09122,-76.78906,39.54838,-118.64843,2598.0,Dry Van,32529.0,2025-06-26,1.38645,1.98185,5145.91,1.9807197844495765,1500+
TR-031597,Tucson,Philadelphia,30.92733,-113.23037,39.22317,-72.9671,2625.5,Dry Van,35384.0,2025-07-18,1.28742,2.26417,5145.5,1.9598171776804418,1500+
TR-028971,Richmond,Bakersfield,38.09122,-76.78906,33.28832,-116.67935,2633.3,Dry Van,34042.0,2025-07-02,1.28885,2.22024,5145.21,1.9539019481259254,1500+
TR-023737,Bakersfield,New York,33.28832,-116.67935,40.00674,-73.7984,2698.9,Dry Van,36767.0,2025-05-30,1.35095,2.24961,5145.08,1.9063618511245322,1500+
TR-038990,Syracuse,San Francisco,42.80915,-76.89973,35.1967,-121.69849,2783.6,Dry Van,47500.0,2025-09-04,1.08003,1.82361,5144.4,1.8481103606840064,1500+
TR-030448,Bakersfield,Philadelphia,33.28832,-116.67935,39.22317,-72.9671,2872.3,Dry Van,18110.0,2025-07-11,1.26743,2.35576,5144.32,1.791010688298576,1500+
TR-025717,Fresno,Washington,33.07921,-119.79528,38.87577,-77.05086,2778.6,Dry Van,16875.0,2025-06-11,1.38092,1.82873,5143.78,1.8512128409990642,1500+
TR-033760,Richmond,Bakersfield,38.09122,-76.78906,33.28832,-116.67935,2624.9,Reefer,15333.0,2025-08-01,1.05018,2.14221,5143.64,1.959556554535411,1500+
TR-013431,San Francisco,Charleston,35.1967,-121.69849,34.15334,-79.74475,2707.1,Dry Van,33648.0,2025-03-26,1.15295,1.9006,5142.48,1.8996269070222747,1500+
TR-037276,Bakersfield,Syracuse,33.28832,-116.67935,42.80915,-76.89973,2621.4,Flatbed,43151.0,2025-08-24,0.8744,1.89914,5138.3,1.9601358052948805,1500+
TR-005738,Reno,New York,39.54838,-118.64843,40.00674,-73.7984,2814.0,Flatbed,43094.0,2025-02-05,1.07124,1.86629,5136.83,1.82545486851457,1500+
TR-036170,Reno,Charleston,39.54838,-118.64843,34.15334,-79.74475,2492.8,Reefer,47500.0,2025-08-17,0.91348,2.26128,5136.17,2.0604019576379975,1500+
TR-002853,Philadelphia,Fresno,39.22317,-72.9671,33.07921,-119.79528,3019.0,Dry Van,26444.0,2025-01-18,0.87855,1.72646,5135.33,1.7010036435905929,1500+
TR-017551,Charleston,Phoenix,34.15334,-79.74475,28.75668,-115.87725,2540.6,Flatbed,38651.0,2025-04-21,1.17191,2.11787,5134.84,2.021113122884358,1500+
TR-007482,Los Angeles,New York,28.56624,-116.70249,40.00674,-73.7984,3015.5,Dry Van,45680.0,2025-02-17,0.92397,1.71006,5134.78,1.7027955562924888,1500+
TR-020710,Reno,Raleigh,39.54838,-118.64843,35.37376,-77.47605,2657.9,Dry Van,41315.0,2025-05-11,1.27085,2.25901,5134.58,1.9318183528349449,1500+
TR-032770,Fresno,New York,33.07921,-119.79528,40.00674,-73.7984,2953.1,Dry Van,26141.0,2025-07-26,0.98706,2.41427,5134.52,1.7386881582066305,1500+
TR-009504,New York,Salt Lake City,40.00674,-73.7984,35.03488,-113.18895,2548.0,Flatbed,33685.0,2025-03-02,0.94809,2.05476,5134.46,2.015094191522763,1500+
TR-010504,New York,Bakersfield,40.00674,-73.7984,33.28832,-116.67935,2805.7,Dry Van,38077.0,2025-03-08,1.0558,1.80159,5134.39,1.8299853868909721,1500+
TR-013323,Charleston,Reno,34.15334,-79.74475,39.54838,-118.64843,2524.4,Reefer,16915.0,2025-03-26,1.14437,2.0362,5134.05,2.0337704008873394,1500+
TR-034631,Fresno,Buffalo,33.07921,-119.79528,41.67681,-78.56704,2695.7,Reefer,9363.0,2025-08-06,1.10445,1.81186,5133.07,1.9041696034425195,1500+
TR-031603,Raleigh,Tucson,35.37376,-77.47605,30.92733,-113.23037,2382.7,Reefer,35402.0,2025-07-18,1.28471,1.99384,5132.85,2.154215805598691,1500+
TR-029277,Phoenix,Charleston,28.75668,-115.87725,34.15334,-79.74475,2492.6,Reefer,24161.0,2025-07-03,1.32626,2.05589,5132.78,2.059207253470272,1500+
TR-041579,Fresno,Raleigh,33.07921,-119.79528,35.37376,-77.47605,2772.5,Dry Van,35948.0,2025-09-20,0.84477,1.83573,5132.62,1.8512605951307484,1500+
TR-017479,Richmond,Tucson,38.09122,-76.78906,30.92733,-113.23037,2383.7,Reefer,35570.0,2025-04-20,1.16412,2.05303,5132.44,2.1531400763518898,1500+
TR-036578,Tucson,Philadelphia,30.92733,-113.23037,39.22317,-72.9671,2654.4,Reefer,20846.0,2025-08-19,0.9804,2.19358,5132.34,1.9335216998191682,1500+
TR-002910,Bakersfield,Albany,33.28832,-116.67935,43.96975,-71.05842,2988.0,Dry Van,32579.0,2025-01-19,0.86529,1.7322,5131.79,1.717466532797858,1500+
TR-027028,Phoenix,Toledo,28.75668,-115.87725,41.97663,-84.45902,2303.6,Flatbed,36519.0,2025-06-19,1.36308,2.23825,5129.59,2.2267711408230597,1500+
TR-011005,Hartford,Bakersfield,39.55328,-72.18051,33.28832,-116.67935,2884.1,Dry Van,33123.0,2025-03-11,1.0378,1.81085,5128.34,1.7781422280780834,1500+
TR-018808,Reno,Albany,39.54838,-118.64843,43.96975,-71.05842,2833.2,Dry Van,30663.0,2025-04-29,1.26522,2.33352,5127.37,1.8097451644783284,1500+
TR-037406,Los Angeles,Syracuse,28.56624,-116.70249,42.80915,-76.89973,2818.5,Flatbed,30378.0,2025-08-25,0.86097,1.86548,5126.65,1.8189285080716693,1500+
TR-000858,Albany,Bakersfield,43.96975,-71.05842,33.28832,-116.67935,2841.1,Flatbed,33360.0,2025-01-06,0.85392,1.81115,5124.63,1.803748548097568,1500+
TR-012613,San Francisco,Syracuse,35.1967,-121.69849,42.80915,-76.89973,2896.3,Dry Van,27284.0,2025-03-21,1.16833,1.76681,5124.17,1.7692124434623484,1500+
TR-010712,Los Angeles,New York,28.56624,-116.70249,40.00674,-73.7984,2981.9,Dry Van,33293.0,2025-03-09,0.94786,1.71841,5123.79,1.7182970589221636,1500+
TR-017058,Richmond,Los Angeles,38.09122,-76.78906,28.56624,-116.70249,2723.3,Dry Van,33133.0,2025-04-18,1.30907,2.33171,5121.75,1.8807145742297946,1500+
TR-031582,Bakersfield,Charleston,33.28832,-116.67935,34.15334,-79.74475,2433.6,Reefer,22982.0,2025-07-18,1.29826,2.03524,5121.69,2.1045734714003945,1500+
TR-040698,Jacksonville,San Francisco,31.98691,-84.48897,35.1967,-121.69849,2503.2,Flatbed,35286.0,2025-09-14,0.78635,2.07327,5121.15,2.0458413231064236,1500+
TR-032490,Savannah,Reno,33.60973,-82.29994,39.54838,-118.64843,2403.5,Flatbed,42150.0,2025-07-24,1.32441,2.02952,5120.97,2.1306303307676306,1500+
TR-018984,Columbia,Fresno,34.6357,-83.28506,33.07921,-119.79528,2424.5,Reefer,21400.0,2025-04-30,1.28039,2.02321,5119.83,2.111705506289957,1500+
TR-026519,Charleston,Tucson,34.15334,-79.74475,30.92733,-113.23037,2254.9,Reefer,34807.0,2025-06-16,1.22932,2.21067,5118.42,2.2699099738347597,1500+
TR-025265,Buffalo,Los Angeles,41.67681,-78.56704,28.56624,-116.70249,2711.1,Dry Van,35585.0,2025-06-08,1.15862,1.89037,5117.85,1.8877392940135003,1500+
TR-042158,Phoenix,Birmingham,28.75668,-115.87725,33.45794,-86.72789,2123.5,Reefer,38174.0,2025-09-24,0.97408,2.39704,5117.77,2.4100635742877325,1500+
TR-042722,Hartford,Salt Lake City,39.55328,-72.18051,35.03488,-113.18895,2540.7,Flatbed,24261.0,2025-09-28,0.77021,2.01627,5116.14,2.013673397095289,1500+
TR-023734,Fresno,Syracuse,33.07921,-119.79528,42.80915,-76.89973,2708.8,Dry Van,31750.0,2025-05-30,1.33289,2.23617,5115.97,1.8886481098641466,1500+
TR-031877,Jacksonville,Fresno,31.98691,-84.48897,33.07921,-119.79528,2424.1,Reefer,39195.0,2025-07-20,1.10695,2.01803,5115.97,2.110461614619859,1500+
TR-021258,Baltimore,Bakersfield,38.16908,-72.74564,33.28832,-116.67935,2874.5,Dry Van,21709.0,2025-05-14,1.36162,2.40044,5115.94,1.7797669159853886,1500+
TR-022988,Tucson,Richmond,30.92733,-113.23037,38.09122,-76.78906,2464.3,Flatbed,38611.0,2025-05-25,1.18723,2.05144,5115.78,2.075956661120805,1500+
TR-030245,Fresno,Jacksonville,33.07921,-119.79528,31.98691,-84.48897,2341.9,Flatbed,40296.0,2025-07-10,1.32308,1.954,5115.5,2.184337503736282,1500+
TR-024435,Fresno,Tampa,33.07921,-119.79528,28.35765,-86.94782,2274.3,Reefer,40992.0,2025-06-03,1.28856,2.22788,5115.42,2.249228333992877,1500+
TR-013702,New York,El Paso,40.00674,-73.7984,33.31075,-110.3123,2301.9,Flatbed,35273.0,2025-03-28,1.15961,2.25211,5113.88,2.2215908597245755,1500+
TR-024681,Albany,Albuquerque,43.96975,-71.05842,35.39918,-109.59792,2484.1,Reefer,28718.0,2025-06-04,1.3928,2.09502,5113.7,2.058572521235055,1500+
TR-026445,Fresno,Buffalo,33.07921,-119.79528,41.67681,-78.56704,2760.6,Dry Van,25950.0,2025-06-16,1.21478,1.82724,5113.66,1.8523726726074041,1500+
TR-040147,Hartford,Albuquerque,39.55328,-72.18051,35.39918,-109.59792,2363.2,Reefer,35059.0,2025-09-11,0.98219,2.18728,5113.28,2.163710223425863,1500+
TR-019369,Baltimore,Albuquerque,38.16908,-72.74564,35.39918,-109.59792,2358.4,Reefer,33213.0,2025-05-02,1.31739,2.03747,5113.06,2.1680206919945726,1500+
TR-029990,Richmond,Tucson,38.09122,-76.78906,30.92733,-113.23037,2485.7,Reefer,25398.0,2025-07-08,1.26319,2.11253,5112.96,2.056949752584785,1500+
TR-029302,Tucson,Philadelphia,30.92733,-113.23037,39.22317,-72.9671,2708.8,Dry Van,29110.0,2025-07-04,1.29505,2.25863,5112.57,1.887392941523922,1500+
TR-041059,New York,El Paso,40.00674,-73.7984,33.31075,-110.3123,2353.6,Reefer,30968.0,2025-09-17,0.94702,2.15537,5112.3,2.172119306594154,1500+
TR-025693,Albany,Salt Lake City,43.96975,-71.05842,35.03488,-113.18895,2704.5,Dry Van,24532.0,2025-06-11,1.38094,1.8978,5112.14,1.8902347938620818,1500+
TR-006566,Phoenix,Albany,28.75668,-115.87725,43.96975,-71.05842,3051.2,Dry Van,21819.0,2025-02-11,0.94481,1.67277,5112.08,1.6754326166754065,1500+
TR-031820,Jacksonville,Reno,31.98691,-84.48897,39.54838,-118.64843,2317.1,Reefer,43924.0,2025-07-19,1.19217,1.96447,5111.68,2.206067929739761,1500+
TR-019851,Richmond,Phoenix,38.09122,-76.78906,28.75668,-115.87725,2735.7,Dry Van,35778.0,2025-05-05,1.21306,2.26612,5111.58,1.8684724202215157,1500+
TR-028364,Phoenix,Harrisburg,28.75668,-115.87725,39.71695,-78.12481,2610.6,Dry Van,34508.0,2025-06-28,1.26115,1.95119,5110.73,1.957684057304834,1500+
TR-037147,Reno,Richmond,39.54838,-118.64843,38.09122,-76.78906,2532.1,Reefer,33666.0,2025-08-23,0.8878,1.73246,5110.7,2.0183642036254494,1500+
TR-010975,Buffalo,Los Angeles,41.67681,-78.56704,28.56624,-116.70249,2672.2,Flatbed,30423.0,2025-03-11,1.0564,1.90414,5110.3,1.91239428186513,1500+
TR-022641,Tucson,Syracuse,30.92733,-113.23037,42.80915,-76.89973,2431.0,Reefer,39060.0,2025-05-23,1.34843,2.136,5110.1,2.102056766762649,1500+
TR-026831,Buffalo,Bakersfield,41.67681,-78.56704,33.28832,-116.67935,2487.8,Flatbed,30193.0,2025-06-18,1.3422,2.04475,5109.67,2.053890988021545,1500+
TR-021599,Bakersfield,Syracuse,33.28832,-116.67935,42.80915,-76.89973,2626.2,Flatbed,32471.0,2025-05-17,1.27825,2.23178,5109.37,1.945537278196634,1500+
TR-001640,Hartford,San Francisco,39.55328,-72.18051,35.1967,-121.69849,3123.0,Dry Van,30670.0,2025-01-11,0.85069,1.67172,5109.16,1.6359782260646814,1500+
TR-040358,Tucson,Syracuse,30.92733,-113.23037,42.80915,-76.89973,2556.1,Flatbed,34276.0,2025-09-12,0.95698,2.03282,5109.12,1.9987950393177105,1500+
TR-008529,Fresno,Charleston,33.07921,-119.79528,34.15334,-79.74475,2671.2,Flatbed,31324.0,2025-02-24,0.91315,1.9053,5108.72,1.9125187181790957,1500+
TR-018930,Salt Lake City,Baltimore,35.03488,-113.18895,38.16908,-72.74564,2688.6,Dry Van,38977.0,2025-04-29,1.27319,2.23289,5108.7,1.9001338986833296,1500+
TR-034190,Phoenix,Buffalo,28.75668,-115.87725,41.67681,-78.56704,2586.5,Flatbed,40070.0,2025-08-03,0.90337,1.69482,5108.51,1.9750666924415234,1500+
TR-030463,Los Angeles,Grand Rapids,28.56624,-116.70249,43.438,-86.29173,2356.1,Reefer,30388.0,2025-07-11,1.33979,1.96571,5108.04,2.1680064513390773,1500+
TR-021787,Fresno,Washington,33.07921,-119.79528,38.87577,-77.05086,2785.1,Dry Van,24564.0,2025-05-18,1.18955,2.31397,5107.71,1.8339413306524004,1500+
TR-026348,Harrisburg,San Francisco,39.71695,-78.12481,35.1967,-121.69849,2788.3,Dry Van,27777.0,2025-06-15,1.19023,1.81598,5107.45,1.83174335616684,1500+
TR-010017,New York,Fresno,40.00674,-73.7984,33.07921,-119.79528,2987.4,Dry Van,23356.0,2025-03-05,1.10736,1.74755,5107.32,1.7096204057039566,1500+
TR-033958,Reno,Richmond,39.54838,-118.64843,38.09122,-76.78906,2626.8,Flatbed,44951.0,2025-08-02,0.95723,1.94416,5106.99,1.944186843307446,1500+
TR-000350,Hartford,Bakersfield,39.55328,-72.18051,33.28832,-116.67935,2931.4,Dry Van,32768.0,2025-01-03,0.90696,1.76864,5106.74,1.7420822815037182,1500+
TR-013079,Los Angeles,Greensboro,28.56624,-116.70249,35.98195,-82.78379,2358.9,Reefer,33145.0,2025-03-24,1.03226,2.19233,5106.74,2.1648819364958243,1500+
TR-028199,Milwaukee,San Francisco,39.6218,-88.48008,35.1967,-121.69849,2191.6,Reefer,33011.0,2025-06-27,1.24567,2.31031,5106.6,2.3300784814747217,1500+
TR-041337,Bakersfield,Washington,33.28832,-116.67935,38.87577,-77.05086,2597.5,Reefer,14478.0,2025-09-19,0.94208,1.98224,5106.42,1.965897978825794,1500+
TR-017985,Richmond,Salt Lake City,38.09122,-76.78906,35.03488,-113.18895,2376.7,Reefer,35501.0,2025-04-23,1.35758,2.00378,5106.39,2.148521058610679,1500+
TR-011178,Tucson,Philadelphia,30.92733,-113.23037,39.22317,-72.9671,2777.5,Dry Van,34328.0,2025-03-12,1.16508,1.83982,5104.64,1.837854185418542,1500+
TR-025365,El Paso,Hartford,33.31075,-110.3123,39.55328,-72.18051,2475.9,Flatbed,34339.0,2025-06-09,1.26133,2.0506,5104.33,2.06160588068985,1500+
TR-030545,Detroit,Phoenix,43.61923,-84.04517,28.75668,-115.87725,2354.3,Reefer,40014.0,2025-07-11,1.32425,1.94407,5103.52,2.167744127766215,1500+
TR-021891,Los Angeles,Richmond,28.56624,-116.70249,38.09122,-76.78906,2748.2,Dry Van,36740.0,2025-05-18,1.22723,2.2563,5103.09,1.8568845062222548,1500+
TR-016433,El Paso,New York,33.31075,-110.3123,40.00674,-73.7984,2400.6,Reefer,47500.0,2025-04-14,1.08566,2.08082,5102.96,2.1257019078563695,1500+
TR-035819,Fresno,Raleigh,33.07921,-119.79528,35.37376,-77.47605,2749.4,Dry Van,36478.0,2025-08-14,1.1137,2.08519,5102.64,1.855910380446643,1500+
TR-022238,Fresno,Cincinnati,33.07921,-119.79528,37.15706,-86.77499,2218.0,Reefer,39217.0,2025-05-21,1.41751,1.83182,5102.26,2.3003877366997294,1500+
TR-024935,Toledo,Los Angeles,41.97663,-84.45902,28.56624,-116.70249,2305.2,Reefer,44017.0,2025-06-06,1.31409,2.19924,5102.08,2.2132916883567586,1500+
TR-019500,San Francisco,Greensboro,35.1967,-121.69849,35.98195,-82.78379,2584.7,Dry Van,47500.0,2025-05-03,1.25744,2.13518,5101.44,1.973706813169807,1500+
TR-013604,Albany,Reno,43.96975,-71.05842,39.54838,-118.64843,2875.5,Dry Van,43673.0,2025-03-27,1.21329,1.78192,5100.25,1.7736915319074944,1500+
TR-039808,Bakersfield,Washington,33.28832,-116.67935,38.87577,-77.05086,2659.9,Flatbed,24181.0,2025-09-09,0.89952,1.96727,5099.65,1.9172337305913754,1500+
TR-030217,Detroit,Fresno,43.61923,-84.04517,33.07921,-119.79528,2374.9,Reefer,36955.0,2025-07-09,1.33772,2.03718,5099.39,2.147201987452103,1500+
TR-029719,Syracuse,San Francisco,42.80915,-76.89973,35.1967,-121.69849,2868.2,Dry Van,34996.0,2025-07-06,1.15018,2.39353,5099.29,1.7778711386932573,1500+
TR-038631,Baltimore,Albuquerque,38.16908,-72.74564,35.39918,-109.59792,2419.3,Reefer,35456.0,2025-09-01,0.8791,2.11269,5099.24,2.1077336419625508,1500+
TR-010100,Boston,Tucson,39.27463,-69.5,30.92733,-113.23037,2979.0,Dry Van,24113.0,2025-03-06,1.16035,1.75306,5097.61,1.7111816045652903,1500+
TR-036216,Baltimore,Los Angeles,38.16908,-72.74564,28.56624,-116.70249,2996.5,Dry Van,29643.0,2025-08-17,0.82397,1.96766,5097.56,1.7011713665943602,1500+
TR-022248,Tucson,Richmond,30.92733,-113.23037,38.09122,-76.78906,2479.1,Flatbed,38427.0,2025-05-21,1.38046,2.09817,5097.2,2.056068734621435,1500+
TR-032267,Toledo,Los Angeles,41.97663,-84.45902,28.56624,-116.70249,2377.9,Reefer,30948.0,2025-07-22,1.20031,2.00038,5095.64,2.142916018335506,1500+
TR-028222,Reno,Atlanta,39.54838,-118.64843,34.84933,-86.2894,2164.9,Reefer,44426.0,2025-06-27,1.22884,2.37016,5095.24,2.3535682941475353,1500+
TR-001254,Boston,Albuquerque,39.27463,-69.5,35.39918,-109.59792,2505.0,Reefer,31496.0,2025-01-08,1.00239,2.04408,5094.91,2.03389620758483,1500+
TR-013934,Bakersfield,Baltimore,33.28832,-116.67935,38.16908,-72.74564,2875.2,Dry Van,10524.0,2025-03-29,1.07294,1.77516,5094.39,1.7718384808013359,1500+
TR-043050,Fresno,Hartford,33.07921,-119.79528,39.55328,-72.18051,2976.4,Dry Van,22905.0,2025-09-30,0.82683,1.69828,5093.93,1.7114399946243786,1500+
TR-032343,Charleston,Bakersfield,34.15334,-79.74475,33.28832,-116.67935,2458.8,Dry Van,44697.0,2025-07-23,1.32063,2.07284,5093.85,2.0716813079551,1500+
TR-020207,Phoenix,Richmond,28.75668,-115.87725,38.09122,-76.78906,2651.3,Dry Van,32165.0,2025-05-07,1.38496,2.17854,5093.29,1.921053822653038,1500+
TR-035193,San Francisco,Harrisburg,35.1967,-121.69849,39.71695,-78.12481,2800.1,Dry Van,42722.0,2025-08-10,0.90149,2.04341,5093.1,1.8188993250241066,1500+
TR-042255,San Francisco,Richmond,35.1967,-121.69849,38.09122,-76.78906,2929.9,Dry Van,27783.0,2025-09-24,0.90203,1.75233,5092.81,1.738219734461927,1500+
TR-004876,Richmond,Phoenix,38.09122,-76.78906,28.75668,-115.87725,2679.3,Flatbed,39677.0,2025-01-31,1.02051,1.88263,5092.71,1.9007613929011309,1500+
TR-023215,Columbia,Fresno,34.6357,-83.28506,33.07921,-119.79528,2426.5,Flatbed,30332.0,2025-05-27,1.27864,2.05655,5092.15,2.098557593241294,1500+
TR-016618,Syracuse,Reno,42.80915,-76.89973,39.54838,-118.64843,2470.6,Reefer,33909.0,2025-04-15,1.18321,2.06785,5092.11,2.0610823281793897,1500+
TR-029255,Baltimore,El Paso,38.16908,-72.74564,33.31075,-110.3123,2426.6,Flatbed,33929.0,2025-07-03,1.3918,2.08376,5091.93,2.098380450012363,1500+
TR-025758,Los Angeles,Charleston,28.56624,-116.70249,34.15334,-79.74475,2639.9,Dry Van,29766.0,2025-06-11,1.37424,1.94398,5091.32,1.9286033561877343,1500+
TR-010042,Reno,Albany,39.54838,-118.64843,43.96975,-71.05842,2861.0,Dry Van,42167.0,2025-03-05,1.15337,1.79249,5090.91,1.7794162880111848,1500+
TR-027131,Fresno,Savannah,33.07921,-119.79528,33.60973,-82.29994,2511.1,Dry Van,47424.0,2025-06-20,1.36397,2.05297,5090.7,2.0272788817649636,1500+
TR-010366,Richmond,Fresno,38.09122,-76.78906,33.07921,-119.79528,2764.9,Dry Van,33902.0,2025-03-07,1.0999,1.85372,5090.42,1.8410864769069406,1500+
TR-036770,Fresno,Richmond,33.07921,-119.79528,38.09122,-76.78906,2789.4,Dry Van,36986.0,2025-08-20,1.04205,1.971,5089.9,1.824729332472933,1500+
TR-012908,Phoenix,Richmond,28.75668,-115.87725,38.09122,-76.78906,2764.5,Dry Van,42315.0,2025-03-23,1.00544,1.88891,5089.21,1.8409151745342738,1500+
TR-030742,Baltimore,El Paso,38.16908,-72.74564,33.31075,-110.3123,2483.8,Reefer,17158.0,2025-07-12,1.22261,2.14263,5089.15,2.048937112488928,1500+
TR-017418,Hartford,Las Vegas,39.55328,-72.18051,33.22353,-115.24994,2788.9,Dry Van,39338.0,2025-04-20,1.1454,2.30866,5089.1,1.8247696224317833,1500+
TR-031780,Providence,Amarillo,37.37287,-69.5,33.17137,-104.36789,2293.6,Reefer,32055.0,2025-07-19,1.1886,1.94437,5088.98,2.2187739797697943,1500+
TR-041997,Richmond,Tucson,38.09122,-76.78906,30.92733,-113.23037,2487.2,Reefer,21397.0,2025-09-23,0.88066,2.04414,5088.19,2.045750241235124,1500+
TR-002182,Phoenix,Harrisburg,28.75668,-115.87725,39.71695,-78.12481,2623.9,Reefer,35829.0,2025-01-14,0.91842,1.95152,5086.75,1.9386218987004078,1500+
TR-023242,Reno,Hartford,39.54838,-118.64843,39.55328,-72.18051,2808.8,Dry Van,29455.0,2025-05-27,1.25647,2.33193,5086.27,1.8108338080318997,1500+
TR-013715,Buffalo,San Francisco,41.67681,-78.56704,35.1967,-121.69849,2711.5,Dry Van,24297.0,2025-03-28,1.0558,1.89486,5085.91,1.8756813571823714,1500+
TR-003153,San Francisco,Hartford,35.1967,-121.69849,39.55328,-72.18051,3163.8,Dry Van,8123.0,2025-01-20,0.84793,1.58964,5084.81,1.6071843985081231,1500+
TR-042271,Los Angeles,Richmond,28.56624,-116.70249,38.09122,-76.78906,2765.7,Dry Van,34036.0,2025-09-25,0.9146,1.81668,5084.53,1.8384242687203962,1500+
TR-039177,Fresno,Raleigh,33.07921,-119.79528,35.37376,-77.47605,2754.5,Dry Van,33570.0,2025-09-05,0.95482,1.82199,5084.27,1.8458050462878928,1500+
TR-024080,Hartford,El Paso,39.55328,-72.18051,33.31075,-110.3123,2517.8,Reefer,24650.0,2025-06-01,1.20345,2.05706,5083.62,2.0190722058940342,1500+
TR-042694,Salt Lake City,Providence,35.03488,-113.18895,37.37287,-69.5,2811.7,Dry Van,23441.0,2025-09-27,0.82414,1.80492,5082.25,1.8075363658996337,1500+
TR-021901,Philadelphia,Tucson,39.22317,-72.9671,30.92733,-113.23037,2660.8,Dry Van,39569.0,2025-05-18,1.23881,2.23361,5081.49,1.9097602224894767,1500+
TR-002420,Philadelphia,Salt Lake City,39.22317,-72.9671,35.03488,-113.18895,2599.9,Reefer,30647.0,2025-01-16,1.04155,1.96198,5079.55,1.9537482210854265,1500+
TR-040587,Las Vegas,Philadelphia,33.22353,-115.24994,39.22317,-72.9671,2806.7,Dry Van,37086.0,2025-09-14,0.81237,1.81864,5079.33,1.8097160366266434,1500+
TR-033278,Las Vegas,Hartford,33.22353,-115.24994,39.55328,-72.18051,2820.7,Dry Van,29533.0,2025-07-29,1.02787,2.37199,5078.8,1.8005459637678591,1500+
TR-026190,San Francisco,Jacksonville,35.1967,-121.69849,31.98691,-84.48897,2450.6,Reefer,21867.0,2025-06-14,1.25927,2.10804,5078.49,2.072345548029054,1500+
TR-022084,El Paso,Philadelphia,33.31075,-110.3123,39.22317,-72.9671,2539.2,Dry Van,39061.0,2025-05-20,1.31431,2.13364,5078.46,2.000023629489603,1500+
TR-018143,Reno,Philadelphia,39.54838,-118.64843,39.22317,-72.9671,2849.1,Dry Van,34923.0,2025-04-25,1.39594,2.38959,5078.28,1.7824154996314625,1500+
TR-016198,Reno,Hartford,39.54838,-118.64843,39.55328,-72.18051,2873.5,Dry Van,34430.0,2025-04-12,1.0943,2.36378,5077.95,1.7671654776405081,1500+
TR-021862,Phoenix,Syracuse,28.75668,-115.87725,42.80915,-76.89973,2764.3,Dry Van,39598.0,2025-05-18,1.23032,2.29045,5077.82,1.8369279745324312,1500+
TR-000884,New York,San Francisco,40.00674,-73.7984,35.1967,-121.69849,3057.8,Dry Van,34426.0,2025-01-06,0.86751,1.62921,5077.34,1.6604552292497874,1500+
TR-020045,Bakersfield,Harrisburg,33.28832,-116.67935,39.71695,-78.12481,2531.7,Flatbed,34624.0,2025-05-06,1.27268,2.13395,5077.27,2.0054785322115576,1500+
TR-036932,Philadelphia,Reno,39.22317,-72.9671,39.54838,-118.64843,2801.5,Dry Van,38423.0,2025-08-21,1.05917,1.90248,5076.78,1.8121649116544707,1500+
TR-001708,Hartford,Phoenix,39.55328,-72.18051,28.75668,-115.87725,2992.6,Dry Van,31586.0,2025-01-11,0.83043,1.69547,5076.23,1.6962607765822362,1500+
TR-006785,Philadelphia,Los Angeles,39.22317,-72.9671,28.56624,-116.70249,2982.7,Dry Van,22988.0,2025-02-12,1.0902,1.69637,5075.94,1.70179367686995,1500+
TR-013645,Raleigh,Phoenix,35.37376,-77.47605,28.75668,-115.87725,2671.2,Dry Van,45346.0,2025-03-28,1.18413,1.90028,5075.44,1.9000598981731056,1500+
TR-033259,Baltimore,Reno,38.16908,-72.74564,39.54838,-118.64843,2815.8,Dry Van,34722.0,2025-07-29,1.03659,2.31111,5075.37,1.8024611122949072,1500+
TR-025872,Bakersfield,Raleigh,33.28832,-116.67935,35.37376,-77.47605,2703.5,Dry Van,27315.0,2025-06-12,1.41084,1.8651,5075.32,1.8773145921953023,1500+
TR-006366,Raleigh,Bakersfield,35.37376,-77.47605,33.28832,-116.67935,2645.6,Reefer,33478.0,2025-02-10,0.90208,1.94478,5074.43,1.9180639552464471,1500+
TR-023443,Albany,Reno,43.96975,-71.05842,39.54838,-118.64843,2890.4,Dry Van,27336.0,2025-05-28,1.37633,2.41148,5073.71,1.7553660393025186,1500+
TR-006050,Los Angeles,Syracuse,28.56624,-116.70249,42.80915,-76.89973,2775.3,Reefer,27489.0,2025-02-07,1.02766,1.85765,5073.17,1.827971750801715,1500+
TR-016934,Tucson,Buffalo,30.92733,-113.23037,41.67681,-78.56704,2426.5,Flatbed,47500.0,2025-04-17,1.37214,2.07209,5072.69,2.0905378116628888,1500+
TR-032079,Charleston,Tucson,34.15334,-79.74475,30.92733,-113.23037,2300.9,Reefer,30363.0,2025-07-21,1.14469,1.93251,5072.27,2.2044721630666264,1500+
TR-031758,New York,El Paso,40.00674,-73.7984,33.31075,-110.3123,2357.5,Reefer,23075.0,2025-07-19,1.19143,1.98624,5071.98,2.1514231177094376,1500+
TR-033300,Reno,Albany,39.54838,-118.64843,43.96975,-71.05842,2885.8,Dry Van,35132.0,2025-07-29,1.03401,2.35718,5071.95,1.7575542310624435,1500+
TR-033964,Richmond,Bakersfield,38.09122,-76.78906,33.28832,-116.67935,2574.4,Reefer,19365.0,2025-08-02,0.95516,1.95339,5071.92,1.9701367308887507,1500+
TR-026260,Los Angeles,Buffalo,28.56624,-116.70249,41.67681,-78.56704,2760.0,Dry Van,39507.0,2025-06-15,1.21264,1.87315,5071.77,1.8375978260869568,1500+
TR-029855,Bakersfield,Richmond,33.28832,-116.67935,38.09122,-76.78906,2611.6,Flatbed,18380.0,2025-07-07,1.15989,2.17628,5071.42,1.941882370960331,1500+
TR-026506,Los Angeles,Charleston,28.56624,-116.70249,34.15334,-79.74475,2617.2,Dry Van,35330.0,2025-06-16,1.21734,1.9284,5071.2,1.9376432828977534,1500+
TR-041712,New York,Tucson,40.00674,-73.7984,30.92733,-113.23037,2637.4,Flatbed,22778.0,2025-09-21,0.74813,1.90683,5070.8,1.9226510957761431,1500+
TR-008287,Phoenix,New York,28.75668,-115.87725,40.00674,-73.7984,2895.5,Dry Van,35984.0,2025-02-22,0.95055,1.75499,5070.76,1.7512553963046107,1500+
TR-004676,Baltimore,Phoenix,38.16908,-72.74564,28.75668,-115.87725,2951.0,Dry Van,36763.0,2025-01-30,1.05953,1.72855,5069.27,1.717814300237208,1500+
TR-019590,Bakersfield,New York,33.28832,-116.67935,40.00674,-73.7984,2858.8,Dry Van,23608.0,2025-05-03,1.28232,2.38906,5069.27,1.7732160346998742,1500+
TR-040204,Albuquerque,Hartford,35.39918,-109.59792,39.55328,-72.18051,2419.5,Reefer,32265.0,2025-09-11,0.96824,2.10159,5069.2,2.0951436247158504,1500+
TR-030031,Fresno,Washington,33.07921,-119.79528,38.87577,-77.05086,2809.2,Dry Van,11874.0,2025-07-08,1.23559,2.33964,5068.93,1.8044033888651576,1500+
TR-012797,Providence,Albuquerque,37.37287,-69.5,35.39918,-109.59792,2642.6,Dry Van,39134.0,2025-03-23,1.0024,1.9047,5068.69,1.9180693256641186,1500+
TR-036792,Bakersfield,Richmond,33.28832,-116.67935,38.09122,-76.78906,2674.7,Dry Van,43144.0,2025-08-21,1.07066,2.53694,5067.94,1.8947695068605825,1500+
TR-034016,Bakersfield,Philadelphia,33.28832,-116.67935,39.22317,-72.9671,2821.5,Dry Van,35081.0,2025-08-02,0.96437,2.37788,5067.84,1.7961509835194047,1500+
TR-021994,Richmond,Phoenix,38.09122,-76.78906,28.75668,-115.87725,2716.9,Dry Van,28018.0,2025-05-19,1.22919,2.28393,5067.63,1.865225072693143,1500+
TR-040905,Richmond,Los Angeles,38.09122,-76.78906,28.56624,-116.70249,2791.9,Dry Van,38612.0,2025-09-16,0.86109,1.83235,5067.55,1.8150900820229952,1500+
TR-025727,Syracuse,Los Angeles,42.80915,-76.89973,28.56624,-116.70249,2883.5,Dry Van,13949.0,2025-06-11,1.33801,1.8043,5067.34,1.7573573781862322,1500+
TR-028752,Bakersfield,Richmond,33.28832,-116.67935,38.09122,-76.78906,2605.0,Dry Van,47500.0,2025-06-30,1.13571,1.95283,5066.96,1.9450902111324377,1500+
TR-005866,Bakersfield,Harrisburg,33.28832,-116.67935,39.71695,-78.12481,2534.5,Reefer,34422.0,2025-02-06,1.05765,2.00488,5066.93,1.9991832708621031,1500+
TR-028161,Tucson,Buffalo,30.92733,-113.23037,41.67681,-78.56704,2366.8,Reefer,16078.0,2025-06-26,1.35884,2.1084,5066.92,2.140831502450566,1500+
TR-022755,El Paso,Baltimore,33.31075,-110.3123,38.16908,-72.74564,2445.7,Reefer,27521.0,2025-05-24,1.28477,2.08538,5066.61,2.0716400212618065,1500+
TR-005124,Syracuse,Phoenix,42.80915,-76.89973,28.75668,-115.87725,2784.3,Reefer,23044.0,2025-02-02,0.90485,1.81596,5065.55,1.8193262220306718,1500+
TR-008635,Los Angeles,Philadelphia,28.56624,-116.70249,39.22317,-72.9671,2987.2,Dry Van,29527.0,2025-02-24,0.88328,1.71649,5064.96,1.6955543652919123,1500+
TR-023916,Fresno,Columbia,33.07921,-119.79528,34.6357,-83.28506,2443.0,Reefer,21761.0,2025-05-31,1.31988,2.10981,5064.77,2.073176422431437,1500+
TR-039497,Tucson,Hartford,30.92733,-113.23037,39.55328,-72.18051,2790.4,Dry Van,37119.0,2025-09-07,0.83338,1.80201,5064.37,1.8149261754587156,1500+
TR-020057,Syracuse,Bakersfield,42.80915,-76.89973,33.28832,-116.67935,2659.6,Flatbed,23745.0,2025-05-06,1.24846,2.31337,5063.96,1.9040306813054595,1500+
TR-024260,Albany,Tucson,43.96975,-71.05842,30.92733,-113.23037,2886.9,Dry Van,12929.0,2025-06-02,1.18485,1.72971,5063.57,1.7539817797637602,1500+
TR-042147,Philadelphia,Reno,39.22317,-72.9671,39.54838,-118.64843,2773.7,Dry Van,33039.0,2025-09-24,0.86681,1.81983,5063.42,1.8255110502217256,1500+
TR-020359,Tucson,Raleigh,30.92733,-113.23037,35.37376,-77.47605,2426.9,Flatbed,37495.0,2025-05-08,1.41755,2.06396,5063.32,2.0863323581523754,1500+
TR-013288,Los Angeles,Richmond,28.56624,-116.70249,38.09122,-76.78906,2766.2,Dry Van,32746.0,2025-03-26,1.15816,1.86671,5063.23,1.830391873328031,1500+
TR-027227,Boston,Austin,39.27463,-69.5,29.39553,-99.6978,2172.2,Reefer,35313.0,2025-06-21,1.25984,2.35794,5062.34,2.3305128441211678,1500+
TR-006564,Tucson,New York,30.92733,-113.23037,40.00674,-73.7984,2724.4,Flatbed,35700.0,2025-02-11,0.99313,1.83694,5062.33,1.8581449126413154,1500+
TR-015998,Los Angeles,Columbia,28.56624,-116.70249,34.6357,-83.28506,2341.0,Reefer,37735.0,2025-04-11,1.20832,2.00943,5062.26,2.1624348568987615,1500+
TR-006932,New York,Bakersfield,40.00674,-73.7984,33.28832,-116.67935,2778.5,Dry Van,35110.0,2025-02-13,1.09346,1.81756,5061.99,1.8218427208925678,1500+
TR-031131,Dayton,Baltimore,39.87206,-85.62931,38.16908,-72.74564,819.7,Dry Van,14146.0,2025-07-15,1.21306,2.1938,5061.61,6.174954251555446,751-1000
TR-024883,Los Angeles,Washington,28.56624,-116.70249,38.87577,-77.05086,2740.0,Dry Van,31280.0,2025-06-06,1.37319,1.82684,5061.3,1.8471897810218978,1500+
TR-032605,Washington,Bakersfield,38.87577,-77.05086,33.28832,-116.67935,2587.4,Flatbed,38392.0,2025-07-25,1.09876,2.17979,5060.6,1.9558630285228416,1500+
TR-037246,Providence,El Paso,37.37287,-69.5,33.31075,-110.3123,2682.5,Dry Van,42904.0,2025-08-24,0.85763,1.80617,5060.31,1.8864156570363468,1500+
TR-004531,Fresno,Richmond,33.07921,-119.79528,38.09122,-76.78906,2765.8,Dry Van,39422.0,2025-01-29,1.01323,1.85282,5060.26,1.8295827608648492,1500+
TR-032106,New York,Bakersfield,40.00674,-73.7984,33.28832,-116.67935,2761.5,Dry Van,25897.0,2025-07-21,1.1124,2.28158,5060.17,1.8323990584827088,1500+
TR-038735,Las Vegas,Albany,33.22353,-115.24994,43.96975,-71.05842,2806.0,Dry Van,34910.0,2025-09-02,0.91977,1.77789,5060.03,1.8032893799002137,1500+
TR-040774,Buffalo,Las Vegas,41.67681,-78.56704,33.22353,-115.24994,2434.6,Reefer,30553.0,2025-09-15,0.79943,2.10728,5059.98,2.0783619485747145,1500+
TR-039202,Syracuse,Bakersfield,42.80915,-76.89973,33.28832,-116.67935,2675.6,Flatbed,14333.0,2025-09-05,0.99992,1.85592,5059.84,1.891104798923606,1500+
TR-004507,Phoenix,Buffalo,28.75668,-115.87725,41.67681,-78.56704,2675.3,Reefer,27660.0,2025-01-29,1.06528,1.90253,5059.52,1.8911972489066646,1500+
TR-006998,Albany,Albuquerque,43.96975,-71.05842,35.39918,-109.59792,2526.2,Reefer,43350.0,2025-02-14,1.06603,1.99098,5059.27,2.002719499643734,1500+
TR-008059,Baltimore,Bakersfield,38.16908,-72.74564,33.28832,-116.67935,2766.6,Dry Van,32356.0,2025-02-21,1.1134,1.80485,5058.9,1.828562134027326,1500+
TR-008141,Hartford,Bakersfield,39.55328,-72.18051,33.28832,-116.67935,2926.5,Dry Van,23707.0,2025-02-21,1.06728,1.7259,5058.68,1.7285767982231335,1500+
TR-037698,Bakersfield,Hartford,33.28832,-116.67935,39.55328,-72.18051,2874.7,Dry Van,22867.0,2025-08-27,1.00025,2.22226,5058.01,1.7594914251921943,1500+
TR-003872,Philadelphia,Los Angeles,39.22317,-72.9671,28.56624,-116.70249,2993.0,Dry Van,31423.0,2025-01-25,0.91089,1.70479,5057.8,1.689876378215837,1500+
TR-030185,Harrisburg,Fresno,39.71695,-78.12481,33.07921,-119.79528,2733.7,Dry Van,24636.0,2025-07-09,1.31109,2.37439,5057.59,1.8500896221238616,1500+
TR-039711,Fresno,Columbia,33.07921,-119.79528,34.6357,-83.28506,2440.4,Reefer,31496.0,2025-09-08,0.84305,2.08895,5057.26,2.0723078183904278,1500+
TR-000559,Tucson,Boston,30.92733,-113.23037,39.27463,-69.5,2917.7,Dry Van,29553.0,2025-01-04,0.85525,1.72437,5057.11,1.7332522192137643,1500+
TR-000333,Reno,Hartford,39.54838,-118.64843,39.55328,-72.18051,2912.9,Dry Van,36344.0,2025-01-03,0.92494,1.74864,5056.87,1.7360259535171134,1500+
TR-016739,Philadelphia,El Paso,39.22317,-72.9671,33.31075,-110.3123,2407.9,Reefer,23495.0,2025-04-16,1.0558,2.121,5056.41,2.0999252460650357,1500+
TR-026084,Columbia,Los Angeles,34.6357,-83.28506,28.56624,-116.70249,2289.0,Reefer,26898.0,2025-06-14,1.25249,2.19232,5056.08,2.2088597640891217,1500+
TR-036596,Reno,Boston,39.54838,-118.64843,39.27463,-69.5,2978.9,Dry Van,16901.0,2025-08-19,0.97997,2.05596,5055.89,1.6972338782772165,1500+
TR-013049,Las Vegas,Philadelphia,33.22353,-115.24994,39.22317,-72.9671,2786.7,Dry Van,27280.0,2025-03-24,0.97958,1.81786,5055.81,1.814264183442782,1500+
TR-022024,Harrisburg,Los Angeles,39.71695,-78.12481,28.56624,-116.70249,2733.3,Dry Van,47500.0,2025-05-19,1.1973,2.30643,5055.7,1.8496688984011997,1500+
TR-028464,Tampa,Reno,28.35765,-86.94782,39.54838,-118.64843,2308.5,Reefer,28483.0,2025-06-28,1.18148,2.19413,5054.59,2.1895559887372755,1500+
TR-019604,Raleigh,Los Angeles,35.37376,-77.47605,28.56624,-116.70249,2688.5,Dry Van,32091.0,2025-05-03,1.25979,2.2545,5054.28,1.8799628045378463,1500+
TR-027245,Fresno,Richmond,33.07921,-119.79528,38.09122,-76.78906,2844.0,Dry Van,18873.0,2025-06-21,1.233,1.77401,5054.18,1.7771378340365682,1500+
TR-016579,New York,Salt Lake City,40.00674,-73.7984,35.03488,-113.18895,2551.1,Flatbed,32631.0,2025-04-15,1.15181,2.17548,5052.94,1.9806906824507076,1500+
TR-040785,Jacksonville,Reno,31.98691,-84.48897,39.54838,-118.64843,2317.4,Reefer,41418.0,2025-09-15,0.80954,2.19896,5052.62,2.180296884439458,1500+
TR-031050,Fresno,Cincinnati,33.07921,-119.79528,37.15706,-86.77499,2256.7,Reefer,36047.0,2025-07-14,1.17052,1.90427,5052.56,2.2389152302033946,1500+
TR-016107,Los Angeles,Richmond,28.56624,-116.70249,38.09122,-76.78906,2786.1,Dry Van,41375.0,2025-04-12,1.09602,2.34343,5051.62,1.813150999605183,1500+
TR-006807,Hartford,Reno,39.55328,-72.18051,39.54838,-118.64843,2876.8,Flatbed,21932.0,2025-02-12,1.03999,1.76305,5050.04,1.7554365962180198,1500+
TR-026936,Richmond,Reno,38.09122,-76.78906,39.54838,-118.64843,2661.1,Dry Van,28646.0,2025-06-19,1.42594,1.8991,5049.99,1.8977077148547592,1500+
TR-012678,Amarillo,Boston,33.17137,-104.36789,39.27463,-69.5,2292.8,Reefer,31496.0,2025-03-22,1.09256,2.22141,5049.31,2.202246161898116,1500+
TR-006786,Raleigh,Fresno,35.37376,-77.47605,33.07921,-119.79528,2767.9,Dry Van,31468.0,2025-02-12,1.08113,1.85254,5049.0,1.8241265941688645,1500+
TR-026251,Tucson,Raleigh,30.92733,-113.23037,35.37376,-77.47605,2437.7,Reefer,21945.0,2025-06-15,1.20998,2.10626,5048.98,2.071206465110555,1500+
TR-004490,Dayton,Harrisburg,39.87206,-85.62931,39.71695,-78.12481,476.7,Dry Van,44942.0,2025-01-29,1.00745,2.18594,5048.45,10.590413257814138,251-500
TR-032924,Tucson,Baltimore,30.92733,-113.23037,38.16908,-72.74564,2728.3,Dry Van,31032.0,2025-07-26,1.00735,2.32757,5048.44,1.8503976835392,1500+
TR-023910,Fresno,Washington,33.07921,-119.79528,38.87577,-77.05086,2745.0,Dry Van,29959.0,2025-05-31,1.25667,2.29439,5048.42,1.8391329690346083,1500+
TR-006867,Los Angeles,Greensboro,28.56624,-116.70249,35.98195,-82.78379,2444.4,Reefer,33639.0,2025-02-13,1.1142,2.11761,5048.39,2.065288005236459,1500+
TR-025225,Reno,Albany,39.54838,-118.64843,43.96975,-71.05842,2863.0,Dry Van,29752.0,2025-06-08,1.20836,1.73973,5048.03,1.7631959483059727,1500+
TR-017319,Phoenix,Philadelphia,28.75668,-115.87725,39.22317,-72.9671,2941.7,Dry Van,22773.0,2025-04-19,1.24664,2.40906,5047.93,1.7159907536458512,1500+
TR-018593,Los Angeles,Charleston,28.56624,-116.70249,34.15334,-79.74475,2583.5,Flatbed,24306.0,2025-04-27,1.24014,2.15625,5047.16,1.9536133152699826,1500+
TR-014369,Hartford,El Paso,39.55328,-72.18051,33.31075,-110.3123,2486.0,Reefer,27893.0,2025-04-01,1.16232,2.109,5046.88,2.0301206757843926,1500+
TR-043055,Phoenix,Columbia,28.75668,-115.87725,34.6357,-83.28506,2255.0,Reefer,36483.0,2025-09-30,0.84945,2.2749,5046.46,2.23789800443459,1500+
TR-010085,Las Vegas,Albany,33.22353,-115.24994,43.96975,-71.05842,2882.2,Dry Van,25832.0,2025-03-06,1.1826,1.73302,5046.14,1.750794531954757,1500+
TR-020739,Syracuse,Tucson,42.80915,-76.89973,30.92733,-113.23037,2494.0,Reefer,31693.0,2025-05-11,1.15502,2.1604,5045.73,2.0231475541299115,1500+
TR-001957,Bakersfield,Boston,33.28832,-116.67935,39.27463,-69.5,3054.1,Dry Van,29661.0,2025-01-13,0.84836,1.66729,5044.87,1.6518352378769523,1500+
TR-023423,El Paso,Albany,33.31075,-110.3123,43.96975,-71.05842,2591.8,Flatbed,24130.0,2025-05-28,1.3585,2.16907,5044.76,1.9464310517786865,1500+
TR-020182,Washington,Phoenix,38.87577,-77.05086,28.75668,-115.87725,2664.5,Dry Van,40368.0,2025-05-07,1.35728,2.22001,5044.6,1.893263276412085,1500+
TR-013101,San Francisco,New York,35.1967,-121.69849,40.00674,-73.7984,2979.4,Dry Van,14275.0,2025-03-24,1.0129,1.70094,5044.58,1.693152983822246,1500+
TR-037007,Jacksonville,Fresno,31.98691,-84.48897,33.07921,-119.79528,2370.2,Reefer,32804.0,2025-08-22,1.01567,2.00131,5043.72,2.1279723230107166,1500+
TR-042999,Albuquerque,Providence,35.39918,-109.59792,37.37287,-69.5,2653.8,Dry Van,38984.0,2025-09-30,0.86031,1.9112,5043.62,1.9005275454065866,1500+
TR-000502,New York,Fresno,40.00674,-73.7984,33.07921,-119.79528,3017.0,Dry Van,37695.0,2025-01-04,0.85236,1.66987,5043.58,1.6717202519058667,1500+
TR-016965,Tucson,Syracuse,30.92733,-113.23037,42.80915,-76.89973,2530.4,Reefer,23359.0,2025-04-17,1.34598,2.14426,5043.51,1.993167088207398,1500+
TR-008161,Providence,Salt Lake City,37.37287,-69.5,35.03488,-113.18895,2784.5,Dry Van,34289.0,2025-02-21,1.06507,1.82164,5043.12,1.811140240617705,1500+
TR-022355,New York,Bakersfield,40.00674,-73.7984,33.28832,-116.67935,2808.6,Dry Van,23891.0,2025-05-21,1.35892,2.36769,5042.07,1.7952253791924802,1500+
TR-029442,Hartford,El Paso,39.55328,-72.18051,33.31075,-110.3123,2525.6,Flatbed,17444.0,2025-07-04,1.36133,2.12691,5041.51,1.9961632879315807,1500+
TR-029580,Buffalo,Los Angeles,41.67681,-78.56704,28.56624,-116.70249,2689.3,Dry Van,38554.0,2025-07-05,1.18161,2.23457,5041.32,1.8745844643587548,1500+
TR-002264,San Francisco,Charleston,35.1967,-121.69849,34.15334,-79.74475,2759.7,Dry Van,40406.0,2025-01-15,0.99915,1.81955,5041.15,1.8267021777729464,1500+
TR-038667,Bakersfield,Albany,33.28832,-116.67935,43.96975,-71.05842,2902.1,Dry Van,30720.0,2025-09-02,0.96079,1.74175,5041.13,1.7370628165810966,1500+
TR-034033,Reno,Baltimore,39.54838,-118.64843,38.16908,-72.74564,2855.9,Dry Van,28804.0,2025-08-03,0.89581,2.23954,5041.03,1.7651283308239083,1500+
TR-014850,Richmond,El Paso,38.09122,-76.78906,33.31075,-110.3123,2258.5,Reefer,47500.0,2025-04-04,1.21844,1.91416,5040.44,2.2317644454283814,1500+
TR-016902,Greensboro,Fresno,35.98195,-82.78379,33.07921,-119.79528,2455.7,Flatbed,37989.0,2025-04-17,1.34137,2.10803,5039.83,2.0522987335586595,1500+
TR-025184,Harrisburg,Fresno,39.71695,-78.12481,33.07921,-119.79528,2711.6,Dry Van,29180.0,2025-06-08,1.22104,1.82402,5039.38,1.8584525741259774,1500+
TR-007033,Fresno,Savannah,33.07921,-119.79528,33.60973,-82.29994,2512.8,Reefer,33649.0,2025-02-14,1.07011,1.99122,5039.28,2.005444126074498,1500+
TR-013642,Richmond,El Paso,38.09122,-76.78906,33.31075,-110.3123,2236.2,Reefer,36205.0,2025-03-28,1.18259,2.23632,5038.94,2.2533494320722656,1500+
TR-004326,Greensboro,San Francisco,35.98195,-82.78379,35.1967,-121.69849,2531.8,Reefer,28138.0,2025-01-28,0.92639,1.97447,5038.62,1.9901335018563866,1500+
TR-023375,El Paso,Richmond,33.31075,-110.3123,38.09122,-76.78906,2196.2,Reefer,43029.0,2025-05-28,1.40782,1.86313,5038.21,2.2940579182223844,1500+
TR-021083,Hartford,Phoenix,39.55328,-72.18051,28.75668,-115.87725,2902.1,Dry Van,11776.0,2025-05-13,1.21933,2.37858,5037.99,1.7359808414596327,1500+
TR-039084,Bakersfield,Baltimore,33.28832,-116.67935,38.16908,-72.74564,2725.0,Dry Van,34837.0,2025-09-04,1.0215,1.88526,5037.89,1.8487669724770643,1500+
TR-042919,Savannah,Bakersfield,33.60973,-82.29994,33.28832,-116.67935,2346.3,Flatbed,30709.0,2025-09-29,0.79355,2.12325,5037.89,2.147163619315518,1500+
TR-038027,Los Angeles,Washington,28.56624,-116.70249,38.87577,-77.05086,2733.9,Dry Van,37667.0,2025-08-28,1.01942,1.88444,5037.8,1.8427155345842936,1500+
TR-018957,Fresno,Atlanta,33.07921,-119.79528,34.84933,-86.2894,2221.9,Reefer,47306.0,2025-04-29,1.2708,1.89447,5037.73,2.2673072595526347,1500+
TR-025243,Raleigh,Phoenix,35.37376,-77.47605,28.75668,-115.87725,2668.8,Dry Van,31581.0,2025-06-08,1.1956,1.84183,5037.45,1.8875337230215825,1500+
TR-001635,Los Angeles,Harrisburg,28.56624,-116.70249,39.71695,-78.12481,2660.6,Reefer,33330.0,2025-01-11,0.85498,1.90123,5037.03,1.8931932646771406,1500+
TR-028784,Charleston,Los Angeles,34.15334,-79.74475,28.56624,-116.70249,2615.3,Dry Van,36946.0,2025-06-30,1.17668,1.91333,5036.1,1.9256299468512217,1500+
TR-006972,Bakersfield,Hartford,33.28832,-116.67935,39.55328,-72.18051,2818.7,Dry Van,30402.0,2025-02-13,1.09942,1.8114,5035.62,1.7865044169297903,1500+
TR-022741,Buffalo,Fresno,41.67681,-78.56704,33.07921,-119.79528,2669.2,Dry Van,41442.0,2025-05-24,1.23537,2.2676,5035.19,1.88640416604226,1500+
TR-035811,Baltimore,Reno,38.16908,-72.74564,39.54838,-118.64843,2861.5,Dry Van,32988.0,2025-08-14,1.06931,1.8624,5034.02,1.759224183120741,1500+
TR-042032,Grand Rapids,Fresno,43.438,-86.29173,33.07921,-119.79528,2321.3,Flatbed,42788.0,2025-09-23,0.83506,2.18361,5033.39,2.1683496316719078,1500+
TR-022887,Richmond,Los Angeles,38.09122,-76.78906,28.56624,-116.70249,2734.8,Dry Van,41275.0,2025-05-25,1.1707,2.33225,5032.86,1.8403027643703376,1500+
TR-040380,Reno,New York,39.54838,-118.64843,40.00674,-73.7984,2688.4,Reefer,18830.0,2025-09-13,0.8436,1.89654,5032.44,1.8719089421217079,1500+
TR-029481,Tucson,Buffalo,30.92733,-113.23037,41.67681,-78.56704,2395.6,Reefer,32253.0,2025-07-05,1.20978,2.00646,5032.11,2.1005635331440975,1500+
TR-034999,Fresno,Charleston,33.07921,-119.79528,34.15334,-79.74475,2730.2,Dry Van,32748.0,2025-08-09,0.95544,2.47076,5031.67,1.8429675481649697,1500+
TR-004546,San Francisco,Harrisburg,35.1967,-121.69849,39.71695,-78.12481,2812.2,Dry Van,30606.0,2025-01-29,1.02855,1.76748,5031.55,1.7891864021051136,1500+
TR-040437,San Francisco,Syracuse,35.1967,-121.69849,42.80915,-76.89973,2833.7,Dry Van,32254.0,2025-09-13,0.88235,1.79997,5031.51,1.7755972756466811,1500+
TR-001519,Syracuse,Bakersfield,42.80915,-76.89973,33.28832,-116.67935,2675.8,Reefer,28935.0,2025-01-10,0.97172,1.89057,5030.29,1.8799200239180804,1500+
TR-038418,Reno,Hartford,39.54838,-118.64843,39.55328,-72.18051,2849.5,Dry Van,34255.0,2025-08-31,0.83707,2.05878,5030.28,1.7653202316195824,1500+
TR-009167,Reno,Hartford,39.54838,-118.64843,39.55328,-72.18051,2868.8,Dry Van,26414.0,2025-02-28,1.0571,1.74333,5030.17,1.7534056051310651,1500+
TR-029588,Detroit,Phoenix,43.61923,-84.04517,28.75668,-115.87725,2403.8,Reefer,27989.0,2025-07-05,1.2319,2.09831,5030.16,2.092586737665363,1500+
TR-016762,Chattanooga,Fresno,35.29792,-87.18651,33.07921,-119.79528,2209.3,Reefer,40654.0,2025-04-16,1.34878,1.88346,5029.77,2.2766351333001404,1500+
TR-008946,Reno,Hartford,39.54838,-118.64843,39.55328,-72.18051,2868.6,Dry Van,30381.0,2025-02-26,1.14513,1.73621,5029.67,1.7533535522554557,1500+
TR-016961,Albuquerque,Philadelphia,35.39918,-109.59792,39.22317,-72.9671,2300.7,Reefer,32698.0,2025-04-17,1.35512,1.88547,5029.35,2.186008606076412,1500+
TR-014266,Salt Lake City,Boston,35.03488,-113.18895,39.27463,-69.5,2765.0,Dry Van,36547.0,2025-03-31,1.02426,1.79494,5029.09,1.8188390596745028,1500+
TR-026182,Phoenix,Savannah,28.75668,-115.87725,33.60973,-82.29994,2326.2,Flatbed,39253.0,2025-06-14,1.22454,2.14404,5028.99,2.161890637090534,1500+
TR-027623,Tucson,Philadelphia,30.92733,-113.23037,39.22317,-72.9671,2688.4,Dry Van,27366.0,2025-06-23,1.19249,1.89022,5028.88,1.8705847344145217,1500+
TR-036587,Albany,Salt Lake City,43.96975,-71.05842,35.03488,-113.18895,2659.2,Flatbed,30638.0,2025-08-19,0.96433,1.87597,5028.79,1.8910913056558365,1500+
TR-029015,Las Vegas,Harrisburg,33.22353,-115.24994,39.71695,-78.12481,2440.2,Reefer,26435.0,2025-07-02,1.32567,2.08348,5028.75,2.0607941971969512,1500+
TR-040267,Amarillo,Albany,33.17137,-104.36789,43.96975,-71.05842,2276.1,Reefer,37568.0,2025-09-12,0.98766,2.20202,5028.04,2.209059355915821,1500+
TR-028679,Richmond,Bakersfield,38.09122,-76.78906,33.28832,-116.67935,2603.3,Dry Van,33158.0,2025-06-30,1.14845,1.92274,5027.97,1.9313832443437176,1500+
TR-015524,Fresno,Greensboro,33.07921,-119.79528,35.98195,-82.78379,2534.2,Reefer,25003.0,2025-04-08,1.13083,2.14789,5027.86,1.9840028411332966,1500+
TR-039116,Bakersfield,Albany,33.28832,-116.67935,43.96975,-71.05842,2941.7,Dry Van,18025.0,2025-09-05,0.99987,1.71516,5027.1,1.7089098140530987,1500+
TR-021296,Baltimore,Tucson,38.16908,-72.74564,30.92733,-113.23037,2759.6,Dry Van,29689.0,2025-05-15,1.3931,2.37228,5025.99,1.8212748224380344,1500+
TR-002925,Bakersfield,Albany,33.28832,-116.67935,43.96975,-71.05842,2938.7,Dry Van,47500.0,2025-01-19,0.84726,1.71447,5025.35,1.7100588695681767,1500+
TR-019846,Bakersfield,Buffalo,33.28832,-116.67935,41.67681,-78.56704,2503.8,Reefer,19762.0,2025-05-05,1.2335,2.10579,5025.27,2.0070572729451235,1500+
TR-028264,San Francisco,Indianapolis,35.1967,-121.69849,38.52567,-88.85948,2138.2,Reefer,47500.0,2025-06-27,1.31803,2.33822,5024.86,2.350042091478814,1500+
TR-040383,Washington,San Francisco,38.87577,-77.05086,35.1967,-121.69849,2923.1,Dry Van,26762.0,2025-09-13,0.85199,1.75151,5024.42,1.7188669563135028,1500+
TR-016593,Lexington,San Francisco,36.99152,-84.99876,35.1967,-121.69849,2417.1,Reefer,36105.0,2025-04-15,1.13834,2.07843,5022.49,2.0778991353274585,1500+
TR-012478,Richmond,Bakersfield,38.09122,-76.78906,33.28832,-116.67935,2646.4,Dry Van,31921.0,2025-03-20,1.17993,1.92436,5022.38,1.8978159008464328,1500+
TR-002957,New York,Phoenix,40.00674,-73.7984,28.75668,-115.87725,2957.3,Dry Van,38141.0,2025-01-19,0.78174,1.67126,5021.95,1.698153721299834,1500+
TR-020834,Los Angeles,Columbia,28.56624,-116.70249,34.6357,-83.28506,2365.9,Reefer,36488.0,2025-05-11,1.25485,2.01218,5021.66,2.1225157445369627,1500+
TR-034862,Buffalo,Fresno,41.67681,-78.56704,33.07921,-119.79528,2661.2,Flatbed,39265.0,2025-08-08,1.05278,2.22284,5020.53,1.8865662107320007,1500+
TR-021559,Bakersfield,Washington,33.28832,-116.67935,38.87577,-77.05086,2577.9,Dry Van,42546.0,2025-05-16,1.303,2.16626,5020.1,1.9473602544706932,1500+
TR-002517,Phoenix,Hartford,28.75668,-115.87725,39.55328,-72.18051,2922.1,Dry Van,33315.0,2025-01-16,1.02525,1.71943,5019.69,1.7178364874576502,1500+
TR-016364,Savannah,Los Angeles,33.60973,-82.29994,28.56624,-116.70249,2390.8,Reefer,34843.0,2025-04-13,1.06321,2.06166,5019.1,2.099339133344487,1500+
TR-028022,Richmond,Los Angeles,38.09122,-76.78906,28.56624,-116.70249,2772.7,Dry Van,12827.0,2025-06-25,1.3384,1.79533,5019.04,1.8101633786561837,1500+
TR-008736,Buffalo,Phoenix,41.67681,-78.56704,28.75668,-115.87725,2664.3,Flatbed,30683.0,2025-02-25,1.04575,1.86511,5018.9,1.8837593364110645,1500+
TR-039356,Tucson,Washington,30.92733,-113.23037,38.87577,-77.05086,2491.8,Flatbed,41566.0,2025-09-06,0.89678,1.96661,5018.5,2.0140059394814993,1500+
TR-031296,Bakersfield,Syracuse,33.28832,-116.67935,42.80915,-76.89973,2652.0,Dry Van,30807.0,2025-07-16,1.29511,2.24631,5018.11,1.8921983408748113,1500+
TR-012306,Albany,Tucson,43.96975,-71.05842,30.92733,-113.23037,2881.1,Dry Van,29882.0,2025-03-19,1.18261,1.73652,5017.74,1.741605636735969,1500+
TR-019072,El Paso,Hartford,33.31075,-110.3123,39.55328,-72.18051,2472.3,Flatbed,31911.0,2025-04-30,1.36708,2.11618,5016.92,2.0292521134166566,1500+
TR-036606,Buffalo,Tucson,41.67681,-78.56704,30.92733,-113.23037,2446.4,Reefer,35996.0,2025-08-19,0.94351,2.16582,5016.26,2.050465990843689,1500+
TR-023593,Richmond,Bakersfield,38.09122,-76.78906,33.28832,-116.67935,2577.8,Dry Van,32926.0,2025-05-29,1.40416,2.21306,5015.85,1.9457871052835751,1500+
TR-030233,Salt Lake City,Philadelphia,35.03488,-113.18895,39.22317,-72.9671,2597.9,Dry Van,33405.0,2025-07-09,1.30404,2.20499,5015.01,1.930409176642673,1500+
TR-018510,Richmond,San Francisco,38.09122,-76.78906,35.1967,-121.69849,2847.2,Dry Van,9199.0,2025-04-27,1.1954,2.3746,5014.3,1.761133745434111,1500+
TR-036151,Bakersfield,New York,33.28832,-116.67935,40.00674,-73.7984,2847.3,Dry Van,28098.0,2025-08-16,0.94718,1.92806,5013.5,1.7607909247357145,1500+
TR-021920,Providence,El Paso,37.37287,-69.5,33.31075,-110.3123,2669.6,Dry Van,28581.0,2025-05-19,1.2323,2.25367,5012.61,1.8776633203476176,1500+
TR-020247,New York,El Paso,40.00674,-73.7984,33.31075,-110.3123,2442.3,Reefer,21081.0,2025-05-08,1.37947,2.1053,5012.29,2.0522826843549113,1500+
TR-038335,Baltimore,Tucson,38.16908,-72.74564,30.92733,-113.23037,2734.3,Flatbed,31775.0,2025-08-31,0.81461,1.95327,5012.22,1.8330907362030502,1500+
TR-017404,Reno,Philadelphia,39.54838,-118.64843,39.22317,-72.9671,2816.1,Dry Van,32208.0,2025-04-20,1.1774,2.37806,5012.14,1.7798160576684068,1500+
TR-027788,Los Angeles,Tampa,28.56624,-116.70249,28.35765,-86.94782,2086.7,Reefer,46673.0,2025-06-24,1.31076,2.43591,5011.86,2.401811472660181,1500+
TR-004255,Las Vegas,Baltimore,33.22353,-115.24994,38.16908,-72.74564,2778.1,Flatbed,25976.0,2025-01-27,0.87053,1.83251,5011.78,1.8040315323422482,1500+
TR-020144,Albuquerque,Philadelphia,35.39918,-109.59792,39.22317,-72.9671,2368.8,Reefer,29450.0,2025-05-07,1.34475,2.02725,5011.23,2.115514184397163,1500+
TR-031893,Detroit,San Francisco,43.61923,-84.04517,35.1967,-121.69849,2465.5,Reefer,30212.0,2025-07-20,1.12894,2.12778,5010.93,2.0324193875481646,1500+
TR-035757,Richmond,Phoenix,38.09122,-76.78906,28.75668,-115.87725,2719.6,Dry Van,32858.0,2025-08-14,1.08218,2.12036,5010.88,1.842506250919253,1500+
TR-020703,Tucson,Syracuse,30.92733,-113.23037,42.80915,-76.89973,2480.3,Reefer,29072.0,2025-05-11,1.18839,2.14697,5010.34,2.0200540257226947,1500+
TR-023363,Tampa,Fresno,28.35765,-86.94782,33.07921,-119.79528,2328.2,Flatbed,44642.0,2025-05-28,1.38857,2.04411,5009.42,2.151627867021734,1500+
TR-000889,Los Angeles,Richmond,28.56624,-116.70249,38.09122,-76.78906,2713.5,Reefer,29485.0,2025-01-06,0.78286,1.84041,5008.66,1.8458301087156808,1500+
TR-004938,Bakersfield,Harrisburg,33.28832,-116.67935,39.71695,-78.12481,2530.9,Reefer,29429.0,2025-02-01,0.94181,1.97338,5008.33,1.978873128136236,1500+
TR-020945,Los Angeles,Savannah,28.56624,-116.70249,33.60973,-82.29994,2401.1,Reefer,34960.0,2025-05-12,1.19039,2.04143,5008.1,2.0857523635000628,1500+
TR-037936,Fresno,Harrisburg,33.07921,-119.79528,39.71695,-78.12481,2734.6,Dry Van,39352.0,2025-08-28,1.04774,2.10651,5008.04,1.8313610765742705,1500+
TR-038100,Hartford,El Paso,39.55328,-72.18051,33.31075,-110.3123,2544.7,Flatbed,25307.0,2025-08-29,0.97855,1.4636,5007.73,1.9679058435179,1500+
TR-039647,Phoenix,Syracuse,28.75668,-115.87725,42.80915,-76.89973,2786.7,Dry Van,42290.0,2025-09-08,0.7901,1.7524,5007.64,1.796978505041806,1500+
TR-027771,Richmond,Salt Lake City,38.09122,-76.78906,35.03488,-113.18895,2351.3,Flatbed,26924.0,2025-06-24,1.28241,2.12531,5007.48,2.1296644409475607,1500+
TR-036497,El Paso,Philadelphia,33.31075,-110.3123,39.22317,-72.9671,2493.0,Reefer,24737.0,2025-08-19,0.93969,1.93435,5007.09,2.0084596871239473,1500+
TR-012433,Albany,Salt Lake City,43.96975,-71.05842,35.03488,-113.18895,2654.5,Dry Van,47500.0,2025-03-20,1.20189,1.84302,5006.34,1.8859822942173667,1500+
TR-017860,Buffalo,Los Angeles,41.67681,-78.56704,28.56624,-116.70249,2705.8,Dry Van,31789.0,2025-04-23,1.34296,2.29185,5006.3,1.8502106585852611,1500+
TR-001690,Reno,Albany,39.54838,-118.64843,43.96975,-71.05842,2842.2,Flatbed,29698.0,2025-01-11,0.84843,1.74717,5005.92,1.7612835127717967,1500+
TR-038029,Richmond,Fresno,38.09122,-76.78906,33.07921,-119.79528,2774.7,Dry Van,36867.0,2025-08-28,1.01178,1.98414,5004.85,1.8037445489602482,1500+
TR-028252,El Paso,Hartford,33.31075,-110.3123,39.55328,-72.18051,2529.8,Dry Van,33365.0,2025-06-27,1.33744,1.97829,5004.61,1.978263103802672,1500+
TR-035821,Tucson,Hartford,30.92733,-113.23037,39.55328,-72.18051,2802.4,Dry Van,25646.0,2025-08-14,1.09926,2.3295,5004.21,1.785687268055952,1500+
TR-010664,Hartford,Las Vegas,39.55328,-72.18051,33.22353,-115.24994,2810.5,Flatbed,23794.0,2025-03-09,0.95597,1.72736,5003.73,1.780370040917986,1500+
TR-027103,San Francisco,Grand Rapids,35.1967,-121.69849,43.438,-86.29173,2283.4,Flatbed,36654.0,2025-06-20,1.32534,2.234,5003.49,2.1912455110799685,1500+
TR-026607,Columbia,San Francisco,34.6357,-83.28506,35.1967,-121.69849,2493.2,Dry Van,37654.0,2025-06-17,1.32406,1.95918,5002.82,2.0065859136852238,1500+
TR-037175,Los Angeles,Detroit,28.56624,-116.70249,43.61923,-84.04517,2409.1,Reefer,34207.0,2025-08-23,0.92268,1.9441,5002.47,2.07648914532398,1500+
TR-019773,Charleston,Fresno,34.15334,-79.74475,33.07921,-119.79528,2675.3,Dry Van,32025.0,2025-05-05,1.21474,2.24194,5002.38,1.869838896572347,1500+
TR-009736,El Paso,Boston,33.31075,-110.3123,39.27463,-69.5,2621.4,Reefer,28129.0,2025-03-03,0.92955,1.91874,5002.23,1.9082284275577932,1500+
TR-024258,Phoenix,Charleston,28.75668,-115.87725,34.15334,-79.74475,2526.3,Flatbed,26890.0,2025-06-02,1.2501,1.95004,5001.5,1.9797727902466056,1500+
TR-020204,Raleigh,Los Angeles,35.37376,-77.47605,28.56624,-116.70249,2684.3,Dry Van,47500.0,2025-05-07,1.32959,2.29261,5000.66,1.8629288827627313,1500+
TR-011772,Hartford,Albuquerque,39.55328,-72.18051,35.39918,-109.59792,2407.4,Reefer,32496.0,2025-03-16,0.99458,2.05002,5000.42,2.0771039295505522,1500+
