load_id,pickup,delivery,distance,equipment,weight,date,market_index,quote_signal,posted_rate,predicted_rate,absolute_error,error,distance_group
TR-043148,Phoenix,Dayton,2211.8,Dry Van,27536.0,2025-10-01,0.89734,2.37047,4001.45,4080.2223977022013,78.77239770220149,-78.77239770220149,1500+
TR-043149,Nashville,Albany,1244.7,Dry Van,36248.0,2025-10-01,0.91049,2.13372,2466.25,2580.3586498936816,114.10864989368156,-114.10864989368156,1001-1500
TR-043150,Baton Rouge,Toledo,1083.9,Reefer,41497.0,2025-10-01,0.95292,1.79117,2526.28,2562.177460064252,35.897460064251845,-35.897460064251845,1001-1500
TR-043151,Houston,Nashville,605.5,Reefer,26869.0,2025-10-01,0.94184,1.64727,1518.22,1494.047321048785,24.172678951214948,24.172678951214948,501-750
TR-043152,Tulsa,Albany,1663.3,Dry Van,5000.0,2025-10-01,0.92167,2.35686,2999.76,3135.5068392110384,135.74683921103815,-135.74683921103815,1500+
TR-043153,Nashville,Corpus Christi,780.4,Dry Van,30828.0,2025-10-01,0.95885,1.95835,1704.26,1682.7795242432842,21.480475756715805,21.480475756715805,751-1000
TR-043154,Lexington,Chattanooga,216.5,Reefer,30612.0,2025-10-01,0.88503,1.32675,605.83,602.3211900724273,3.50880992757277,3.50880992757277,0-250
TR-043155,Grand Rapids,Louisville,520.5,Dry Van,45376.0,2025-10-01,0.92118,1.87455,1176.88,1153.3636586383943,23.516341361605782,23.516341361605782,501-750
TR-043156,Mobile,Grand Rapids,987.8,Dry Van,24167.0,2025-10-01,0.88702,2.22843,1900.8,1941.762953205394,40.962953205394115,-40.962953205394115,751-1000
TR-043157,Atlanta,Philadelphia,945.3,Dry Van,29375.0,2025-10-01,0.92532,2.12378,1914.59,1867.2494715410294,47.34052845897054,47.34052845897054,751-1000
TR-043158,Greensboro,Fort Wayne,479.1,Reefer,33823.0,2025-10-01,0.93187,1.61969,1223.46,1202.1964647858085,21.263535214191506,21.263535214191506,251-500
TR-043159,Shreveport,Fort Wayne,857.4,Flatbed,31404.0,2025-10-01,0.9112,1.84032,1941.22,1965.7489009706323,24.52890097063232,-24.52890097063232,751-1000
TR-043160,Dayton,Baton Rouge,917.8,Reefer,40760.0,2025-10-01,0.928,1.78045,2156.97,2134.656108487398,22.313891512601913,22.313891512601913,751-1000
TR-043161,Jacksonville,Los Angeles,2203.9,Dry Van,47500.0,2025-10-01,0.9212,2.26767,4262.62,4289.06358265663,26.443582656630497,-26.443582656630497,1500+
TR-043162,Amarillo,Tucson,639.4,Dry Van,36200.0,2025-10-01,0.96079,1.87949,1430.05,1422.5671019322967,7.482898067703218,7.482898067703218,501-750
TR-043163,Fresno,Buffalo,2754.3,Dry Van,28815.0,2025-10-01,0.91453,2.44012,4744.55,4860.2038160799275,115.65381607992731,-115.65381607992731,1500+
TR-043164,San Antonio,Kansas City,931.0,Dry Van,34497.0,2025-10-01,0.9489,1.98098,2022.34,1997.9654986804599,24.37450131954006,24.37450131954006,751-1000
TR-043165,St. Louis,El Paso,1373.6,Flatbed,38469.0,2025-10-01,0.91194,1.92715,2990.31,3013.984045144941,23.67404514494092,-23.67404514494092,1001-1500
TR-043166,Kansas City,Fort Wayne,399.8,Reefer,26626.0,2025-10-01,0.95337,1.68664,982.16,958.8115856789677,23.348414321032237,23.348414321032237,251-500
TR-043167,Fort Wayne,Buffalo,415.8,Reefer,36116.0,2025-10-01,0.90471,1.70774,1023.56,1053.477170684643,29.917170684642997,-29.917170684642997,251-500
TR-043168,Shreveport,Syracuse,1278.8,Reefer,40445.0,2025-10-01,0.90742,1.94368,2873.9,2865.273257589176,8.626742410824136,8.626742410824136,1001-1500
TR-043169,Albuquerque,Buffalo,2049.6,Flatbed,43072.0,2025-10-01,0.92599,2.16641,4042.16,4205.646688905227,163.4866889052273,-163.4866889052273,1500+
TR-043170,Indianapolis,Dayton,246.4,Reefer,39932.0,2025-10-01,0.97449,1.26425,712.29,687.283813418353,25.006186581646944,25.006186581646944,0-250
TR-043171,Grand Rapids,Philadelphia,884.2,Dry Van,44533.0,2025-10-01,0.94306,2.17027,1794.49,1811.9610342847675,17.471034284767484,-17.471034284767484,751-1000
TR-043172,Reno,Boston,3014.7,Flatbed,24898.0,2025-10-01,0.92547,2.25686,5589.34,5593.052466334028,3.7124663340282495,-3.7124663340282495,1500+
TR-043173,Hartford,Atlanta,998.5,Flatbed,26527.0,2025-10-01,0.92643,2.05124,2086.11,2151.8146056079436,65.70460560794345,-65.70460560794345,751-1000
TR-043174,Raleigh,Richmond,242.5,Dry Van,24719.0,2025-10-01,0.91634,1.71151,579.08,584.4023500671514,5.322350067151319,-5.322350067151319,0-250
TR-043175,Toledo,Harrisburg,449.7,Dry Van,37069.0,2025-10-01,0.90976,2.0004,974.24,996.3971182772344,22.157118277234417,-22.157118277234417,251-500
TR-043176,Columbia,Chattanooga,282.2,Flatbed,41187.0,2025-10-01,0.93982,1.49287,755.24,763.6120957658792,8.37209576587918,-8.37209576587918,251-500
TR-043177,Dayton,Baton Rouge,884.8,Flatbed,37448.0,2025-10-01,0.94791,1.92869,2004.9,2019.8420736722871,14.942073672287052,-14.942073672287052,751-1000
TR-043178,Nashville,Baltimore,1022.5,Dry Van,25107.0,2025-10-01,0.92925,2.15102,2015.6,2001.9774246075722,13.622575392427734,13.622575392427734,1001-1500
TR-043179,Jacksonville,Charleston,378.6,Flatbed,23637.0,2025-10-01,0.91421,1.76292,906.83,894.3212900498243,12.508709950175785,12.508709950175785,251-500
TR-043180,Richmond,Salt Lake City,2336.6,Flatbed,32396.0,2025-10-01,0.93289,2.16873,4627.89,4814.468871483424,186.57887148342343,-186.57887148342343,1500+
TR-043181,Philadelphia,Detroit,777.6,Dry Van,19703.0,2025-10-01,0.97803,2.1958,1500.39,1549.4626056750387,49.07260567503863,-49.07260567503863,751-1000
TR-043182,Madison,Green Bay,277.8,Dry Van,24115.0,2025-10-01,0.91406,1.88312,628.71,639.2597090984174,10.549709098417338,-10.549709098417338,251-500
TR-043183,Green Bay,Greensboro,764.2,Reefer,31784.0,2025-10-01,0.90463,1.79948,1789.15,1782.725609023426,6.424390976574159,6.424390976574159,751-1000
TR-043184,Richmond,Fort Wayne,589.6,Dry Van,26718.0,2025-10-01,0.94393,2.10943,1184.39,1218.974984250806,34.584984250805974,-34.584984250805974,501-750
TR-043185,Fort Wayne,Atlanta,548.4,Reefer,26544.0,2025-10-01,0.94021,1.76816,6477.13,1300.3000417867697,5176.82995821323,5176.82995821323,501-750
TR-043186,Syracuse,Greensboro,684.8,Flatbed,43639.0,2025-10-01,0.87384,1.97295,1498.58,1552.940006965275,54.36000696527503,-54.36000696527503,501-750
TR-043187,Oklahoma City,Austin,244.7,Reefer,40290.0,2025-10-01,0.94006,1.01065,757.75,729.4120813451974,28.337918654802593,28.337918654802593,0-250
TR-043188,Memphis,Syracuse,993.2,Dry Van,32962.0,2025-10-01,0.99137,2.10365,2022.07,2041.3909970784796,19.32099707847965,-19.32099707847965,751-1000
TR-043189,Milwaukee,Mobile,650.6,Dry Van,22459.0,2025-10-01,0.96254,2.05289,1372.49,1324.729141989445,47.76085801055501,47.76085801055501,501-750
TR-043190,Baton Rouge,Montgomery,461.0,Dry Van,24343.0,2025-10-01,0.91213,1.94432,1000.3,1045.764283852409,45.46428385240915,-45.46428385240915,251-500
TR-043191,Tulsa,Atlanta,562.0,Dry Van,23040.0,2025-10-01,0.92229,2.01727,1206.96,1191.9546873613658,15.005312638634223,15.005312638634223,501-750
TR-043192,Lubbock,Tulsa,470.7,Dry Van,32546.0,2025-10-01,0.95908,1.74904,1133.3,1139.0474350068064,5.747435006806427,-5.747435006806427,251-500
TR-043193,Reno,Columbia,2273.8,Flatbed,19245.0,2025-10-01,0.97777,2.27185,4333.35,4483.581824674906,150.2318246749055,-150.2318246749055,1500+
TR-043194,Los Angeles,San Antonio,1273.2,Dry Van,38296.0,2025-10-01,0.93332,2.0944,2647.58,2636.702430319746,10.877569680254055,10.877569680254055,1001-1500
TR-043195,Kansas City,Atlanta,495.9,Dry Van,26104.0,2025-10-01,0.95722,1.94693,1100.57,1082.091629475046,18.478370524954016,18.478370524954016,251-500
TR-043196,Fort Wayne,Jacksonville,758.8,Flatbed,39430.0,2025-10-01,0.97014,1.89086,1733.31,1749.5676393175595,16.25763931755955,-16.25763931755955,751-1000
TR-043197,Los Angeles,Milwaukee,2051.9,Reefer,41133.0,2025-10-01,0.90426,2.01799,4360.08,4374.184938558477,14.104938558477443,-14.104938558477443,1500+
TR-043198,Mobile,Corpus Christi,597.4,Dry Van,25697.0,2025-10-01,0.90941,1.93705,1310.24,1325.1560087457565,14.916008745756471,-14.916008745756471,501-750
TR-043199,Baltimore,Los Angeles,3035.7,Dry Van,33063.0,2025-10-01,0.91931,2.35194,5448.66,5507.593450004212,58.93345000421232,-58.93345000421232,1500+
TR-043200,Oklahoma City,San Antonio,210.1,Dry Van,35587.0,2025-10-01,0.9355,1.42143,572.62,580.5936565689417,7.973656568941692,-7.973656568941692,0-250
TR-043201,Harrisburg,Oklahoma City,1471.5,Dry Van,25723.0,2025-10-01,0.91538,2.26221,2839.21,2828.9264557161328,10.283544283867286,10.283544283867286,1001-1500
TR-043202,Nashville,Tulsa,463.4,Dry Van,20883.0,2025-10-01,0.89675,1.9198,1033.26,1049.4703495437689,16.21034954376887,-16.21034954376887,251-500
TR-043203,Mobile,Green Bay,1010.9,Dry Van,24986.0,2025-10-01,0.94888,2.16724,1986.82,2017.2470922020061,30.42709220200618,-30.42709220200618,1001-1500
TR-043204,Shreveport,Richmond,1124.8,Reefer,22602.0,2025-10-01,0.94677,2.0606,2400.85,2460.9958536114896,60.145853611489656,-60.145853611489656,1001-1500
TR-043205,Kansas City,Tampa,951.8,Dry Van,43986.0,2025-10-01,0.90774,2.06046,1936.07,2012.5804067018385,76.51040670183852,-76.51040670183852,751-1000
TR-043206,Lexington,Providence,988.0,Dry Van,28775.0,2025-10-01,0.90873,2.24577,1929.23,1955.9922716314704,26.762271631470412,-26.762271631470412,751-1000
TR-043207,Fresno,El Paso,647.7,Reefer,24066.0,2025-10-01,0.94299,1.85385,1483.98,1499.463541857741,15.483541857740875,-15.483541857740875,501-750
TR-043208,Green Bay,Fresno,2216.0,Dry Van,24384.0,2025-10-01,0.90228,2.39387,3829.84,3922.224505247786,92.38450524778591,-92.38450524778591,1500+
TR-043209,Toledo,Columbia,605.9,Dry Van,27898.0,2025-10-01,0.95495,2.1447,1217.54,1291.7121207542386,74.17212075423868,-74.17212075423868,501-750
TR-043210,Shreveport,Buffalo,1159.0,Dry Van,39760.0,2025-10-01,0.91431,2.12689,2360.65,2422.0860551173946,61.43605511739452,-61.43605511739452,1001-1500
TR-043211,Philadelphia,Cincinnati,922.4,Reefer,35327.0,2025-10-01,0.96607,1.86562,2088.6,2124.9009577376323,36.300957737632416,-36.300957737632416,751-1000
TR-043212,Washington,San Francisco,2784.9,Dry Van,27614.0,2025-10-01,0.92192,2.4201,4778.86,4879.684179225075,100.82417922507557,-100.82417922507557,1500+
TR-043213,Indianapolis,Raleigh,803.1,Flatbed,22362.0,2025-10-01,0.90136,1.97681,1722.03,1728.822739319483,6.792739319482962,-6.792739319482962,751-1000
TR-043214,Dayton,Raleigh,637.7,Flatbed,24901.0,2025-10-01,0.96179,1.93856,1412.16,1401.263799923167,10.89620007683311,10.89620007683311,501-750
TR-043215,El Paso,Richmond,2179.4,Reefer,21759.0,2025-10-01,0.93656,2.08298,4500.92,4361.670624365025,139.24937563497497,139.24937563497497,1500+
TR-043216,Shreveport,Boston,1553.5,Dry Van,47500.0,2025-10-01,0.9728,2.07968,3181.84,3167.721871918644,14.11812808135619,14.11812808135619,1500+
TR-043217,Bakersfield,Austin,1203.3,Dry Van,42577.0,2025-10-01,0.92708,2.08771,2498.9,2554.591663182485,55.69166318248472,-55.69166318248472,1001-1500
TR-043218,Phoenix,Baton Rouge,1635.8,Dry Van,36575.0,2025-10-01,0.93001,2.2081,3208.55,3311.2624056595528,102.71240565955259,-102.71240565955259,1500+
TR-043219,Boston,El Paso,2628.8,Dry Van,43841.0,2025-10-01,0.90459,2.2857,4900.51,5052.087406083506,151.5774060835056,-151.5774060835056,1500+
TR-043220,El Paso,Mobile,1507.7,Dry Van,39046.0,2025-10-01,0.92703,2.13682,3028.96,3075.52562088333,46.56562088332976,-46.56562088332976,1500+
TR-043221,Mobile,Cincinnati,458.5,Dry Van,26528.0,2025-10-01,0.88825,1.99187,1008.48,1025.0914072383396,16.611407238339552,-16.611407238339552,251-500
TR-043222,Tucson,Albuquerque,451.9,Reefer,44563.0,2025-10-01,0.91446,1.58949,1170.12,1171.4382450134922,1.3182450134922874,-1.3182450134922874,251-500
TR-043223,Amarillo,Memphis,1005.8,Reefer,47500.0,2025-10-01,0.96913,1.60466,2521.43,2426.3055374030296,95.12446259697026,95.12446259697026,1001-1500
TR-043224,Grand Rapids,Milwaukee,358.0,Dry Van,42637.0,2025-10-01,0.92698,1.7789,835.03,841.6175612626371,6.587561262637109,-6.587561262637109,251-500
TR-043225,Phoenix,Syracuse,2633.9,Flatbed,23274.0,2025-10-01,0.92561,2.36637,4810.57,5049.453356146835,238.88335614683547,-238.88335614683547,1500+
TR-043226,Grand Rapids,Syracuse,562.6,Reefer,5739.0,2025-10-01,0.94232,1.92407,1244.63,1251.798508277276,7.168508277275805,-7.168508277275805,501-750
TR-043227,Chattanooga,Grand Rapids,678.9,Dry Van,28436.0,2025-10-01,0.93238,2.01181,1446.38,1384.8453184504776,61.534681549522475,61.534681549522475,501-750
TR-043228,Dayton,Indianapolis,244.1,Dry Van,18130.0,2025-10-01,0.88948,1.81449,563.96,588.2074915331277,24.247491533127686,-24.247491533127686,0-250
TR-043229,Albuquerque,Tucson,447.2,Dry Van,31876.0,2025-10-01,0.95956,1.88069,1023.4,1024.336177232441,0.9361772324410822,-0.9361772324410822,251-500
TR-043230,Cincinnati,Harrisburg,607.5,Flatbed,35518.0,2025-10-01,0.94627,1.80961,1421.17,1433.7180568136648,12.548056813664743,-12.548056813664743,501-750
TR-043231,Baltimore,Greensboro,685.5,Dry Van,27719.0,2025-10-01,0.91328,2.13163,1397.01,1421.528615959858,24.518615959857925,-24.518615959857925,501-750
TR-043232,Montgomery,Amarillo,1253.7,Dry Van,30966.0,2025-10-01,0.92729,2.20408,2477.14,2616.174538477773,139.0345384777729,-139.0345384777729,1001-1500
TR-043233,Charleston,New York,632.4,Reefer,23134.0,2025-10-01,0.97127,1.75776,1490.25,1477.4250479916843,12.824952008315677,12.824952008315677,501-750
TR-043234,Tucson,Tulsa,1283.2,Dry Van,25966.0,2025-10-01,0.91819,2.26598,2459.43,2554.0496268675256,94.61962686752577,-94.61962686752577,1001-1500
TR-043235,Raleigh,Greensboro,359.6,Dry Van,24538.0,2025-10-01,0.93111,1.97769,789.03,802.7981707195987,13.768170719598743,-13.768170719598743,251-500
TR-043236,Greensboro,Mobile,509.2,Dry Van,37495.0,2025-10-01,0.95134,1.84267,1164.68,1148.2032318178365,16.476768182163596,16.476768182163596,501-750
TR-043237,Fresno,Harrisburg,2731.3,Reefer,28295.0,2025-10-01,0.91138,2.20715,5555.29,5370.057978437772,185.2320215622276,185.2320215622276,1500+
TR-043238,Tucson,Atlanta,1875.4,Dry Van,26096.0,2025-10-01,0.96833,2.25537,3533.64,3632.212422259434,98.572422259434,-98.572422259434,1500+
TR-043239,Indianapolis,Dayton,256.8,Dry Van,36158.0,2025-10-01,0.90325,1.56835,648.29,650.3914393594948,2.1014393594948615,-2.1014393594948615,251-500
TR-043240,New Orleans,Hartford,1435.0,Dry Van,41394.0,2025-10-01,0.97375,2.15817,2853.94,2882.8290244652026,28.88902446520251,-28.88902446520251,1001-1500
TR-043241,Fresno,Lubbock,1431.7,Dry Van,24891.0,2025-10-01,0.91478,2.15409,2817.95,2795.157608816335,22.792391183664677,22.792391183664677,1001-1500
TR-043242,Nashville,Kansas City,412.3,Flatbed,25831.0,2025-10-01,0.92812,1.74285,1002.17,1004.5707547935223,2.40075479352231,-2.40075479352231,251-500
TR-043243,Columbia,Amarillo,1434.7,Dry Van,37857.0,2025-10-01,0.94716,2.04357,2898.42,2966.807539624041,68.38753962404098,-68.38753962404098,1001-1500
TR-043244,Buffalo,Jacksonville,862.0,Reefer,35602.0,2025-10-01,0.89428,1.86893,1968.55,2001.7730605464512,33.22306054645128,-33.22306054645128,751-1000
TR-043245,Montgomery,Tulsa,624.8,Dry Van,33757.0,2025-10-01,0.91908,1.89207,1398.29,1418.194579936232,19.90457993623204,-19.90457993623204,501-750
TR-043246,Detroit,Raleigh,790.4,Dry Van,38671.0,2025-10-01,0.91521,2.15277,1614.53,1618.241757229331,3.711757229330942,-3.711757229330942,751-1000
TR-043247,Mobile,Lubbock,833.4,Dry Van,29664.0,2025-10-01,0.89737,1.9963,1793.3,1806.608222819294,13.308222819294087,-13.308222819294087,751-1000
TR-043248,Phoenix,Charleston,2442.1,Dry Van,28440.0,2025-10-01,0.93595,2.27865,4537.86,4503.116282643607,34.74371735639306,34.74371735639306,1500+
TR-043249,Richmond,Memphis,824.1,Dry Van,20292.0,2025-10-01,0.91753,2.11213,1641.95,1653.4998482828053,11.549848282805215,-11.549848282805215,751-1000
TR-043250,Shreveport,Syracuse,1259.6,Flatbed,21423.0,2025-10-01,0.92237,2.19049,2505.88,2593.50751737491,87.62751737490998,-87.62751737490998,1001-1500
TR-043251,Corpus Christi,Harrisburg,1519.1,Dry Van,29301.0,2025-10-01,0.91959,2.21522,2902.34,3028.158944919741,125.81894491974072,-125.81894491974072,1500+
TR-043252,Toledo,Fort Wayne,104.7,Reefer,47500.0,2025-10-01,0.95103,1.15563,311.26,331.10254494194197,19.84254494194198,-19.84254494194198,0-250
TR-043253,Phoenix,Detroit,2267.7,Dry Van,30233.0,2025-10-01,0.9605,2.29836,4200.14,4341.283479595146,141.14347959514544,-141.14347959514544,1500+
TR-043254,Baton Rouge,Shreveport,176.0,Dry Van,46893.0,2025-10-01,0.95413,1.24262,517.66,485.13112587856955,32.52887412143042,32.52887412143042,0-250
TR-043255,Salt Lake City,Fort Wayne,1837.0,Reefer,30272.0,2025-10-01,0.91965,2.06652,3773.93,3894.307765081216,120.37776508121624,-120.37776508121624,1500+
TR-043256,Atlanta,San Antonio,933.6,Reefer,30160.0,2025-10-01,0.93224,1.79268,2219.91,2228.382269662981,8.472269662981034,-8.472269662981034,751-1000
TR-043257,Lubbock,Baton Rouge,538.3,Dry Van,32252.0,2025-10-01,0.93052,1.75945,1283.16,1250.121431926453,33.03856807354714,33.03856807354714,501-750
TR-043258,Syracuse,Houston,1522.5,Dry Van,25068.0,2025-10-01,0.92469,2.21719,2877.77,2971.7710070405137,94.00100704051374,-94.00100704051374,1500+
TR-043259,Tulsa,Boston,1726.6,Dry Van,38038.0,2025-10-01,0.9164,2.23139,3332.2,3510.96655815578,178.76655815578033,-178.76655815578033,1500+
TR-043260,New York,Tucson,2615.5,Reefer,25949.0,2025-10-01,0.93069,2.16776,5124.5,5355.5640270830245,231.06402708302448,-231.06402708302448,1500+
TR-043261,Green Bay,Bakersfield,2004.8,Reefer,27169.0,2025-10-01,0.95142,2.16832,4070.24,4196.1661676951635,125.92616769516371,-125.92616769516371,1500+
TR-043262,Memphis,Philadelphia,1123.5,Reefer,23306.0,2025-10-01,0.89805,1.9382,2458.0,2438.0506345134036,19.949365486596434,19.949365486596434,1001-1500
TR-043263,Philadelphia,Nashville,1039.6,Dry Van,29476.0,2025-10-01,0.92915,2.25155,2010.76,2098.4018837319136,87.6418837319136,-87.6418837319136,1001-1500
TR-043264,Lexington,Phoenix,2254.2,Dry Van,36593.0,2025-10-01,0.95503,2.30796,4221.49,4270.9595496660195,49.4695496660197,-49.4695496660197,1500+
TR-043265,Shreveport,Grand Rapids,959.6,Reefer,22879.0,2025-10-01,0.91159,1.89854,2113.04,2111.800994822725,1.2390051772749757,1.2390051772749757,751-1000
TR-043266,Indianapolis,San Francisco,2164.4,Flatbed,39863.0,2025-10-01,0.90011,2.12275,4464.73,4425.1000489658845,39.62995103411504,39.62995103411504,1500+
TR-043267,Lexington,San Francisco,2291.1,Dry Van,32262.0,2025-10-01,0.96267,2.27185,4310.7,4323.985183953049,13.285183953049454,-13.285183953049454,1500+
TR-043268,Green Bay,Bakersfield,2012.0,Reefer,45324.0,2025-10-01,0.95315,2.05857,4298.29,4375.237866012304,76.94786601230408,-76.94786601230408,1500+
TR-043269,Charleston,Milwaukee,734.0,Dry Van,28420.0,2025-10-01,0.93799,2.16162,1487.21,1493.3820665582227,6.172066558222696,-6.172066558222696,501-750
TR-043270,Tucson,Phoenix,275.2,Dry Van,29606.0,2025-10-01,0.91558,1.78903,650.49,677.1803454756187,26.690345475618642,-26.690345475618642,251-500
TR-043271,Amarillo,Phoenix,875.0,Dry Van,16374.0,2025-10-01,0.93916,2.19266,1730.09,1793.0019440509407,62.91194405094075,-62.91194405094075,751-1000
TR-043272,Lexington,Fort Wayne,371.4,Dry Van,26829.0,2025-10-01,0.90458,1.87336,841.42,805.8017658451508,35.61823415484912,35.61823415484912,251-500
TR-043273,Jacksonville,Los Angeles,2261.5,Dry Van,38330.0,2025-10-01,0.92154,2.21434,4384.26,4306.819610615553,77.44038938444737,77.44038938444737,1500+
TR-043274,Indianapolis,Mobile,561.1,Dry Van,38066.0,2025-10-01,0.94286,1.88244,1274.28,1244.1956519171001,30.08434808289985,30.08434808289985,501-750
TR-043275,San Antonio,Memphis,791.9,Dry Van,32338.0,2025-10-01,0.9353,1.99454,1749.18,1711.579126345911,37.60087365408913,37.60087365408913,751-1000
TR-043276,El Paso,Louisville,1577.7,Dry Van,41225.0,2025-10-01,0.9126,2.11022,3134.93,3162.23704009325,27.30704009325018,-27.30704009325018,1500+
TR-043277,Montgomery,Oklahoma City,855.9,Dry Van,35842.0,2025-10-01,0.89807,2.01844,1791.66,1902.4728311671925,110.81283116719237,-110.81283116719237,751-1000
TR-043278,Greensboro,Harrisburg,442.4,Reefer,47500.0,2025-10-01,0.89151,1.63535,1098.12,1122.0602334679686,23.94023346796871,-23.94023346796871,251-500
TR-043279,Charleston,Atlanta,445.9,Dry Van,24307.0,2025-10-01,0.93061,1.96958,977.98,984.0099344704671,6.029934470467083,-6.029934470467083,251-500
TR-043280,Nashville,Houston,583.0,Flatbed,30914.0,2025-10-01,0.97482,1.75582,1398.37,1416.7164082041734,18.346408204173486,-18.346408204173486,501-750
TR-043281,San Antonio,Albuquerque,912.2,Dry Van,33514.0,2025-10-01,0.9327,1.96782,1927.67,1922.5285043783094,5.141495621690638,5.141495621690638,751-1000
TR-043282,Providence,Milwaukee,1227.5,Dry Van,37320.0,2025-10-01,0.89347,2.23115,2331.68,2487.5598518817856,155.87985188178573,-155.87985188178573,1001-1500
TR-043283,Fort Wayne,Amarillo,1396.3,Dry Van,42207.0,2025-10-01,1.0558,2.13926,2846.07,2903.741374206459,57.67137420645895,-57.67137420645895,1001-1500
TR-043284,Dayton,Charleston,629.3,Reefer,25310.0,2025-10-01,0.94414,1.88681,1458.78,1442.9383865641075,15.841613435892441,15.841613435892441,501-750
TR-043285,Richmond,Boston,489.6,Reefer,27756.0,2025-10-01,0.90536,1.8399,1157.74,1176.2853247873188,18.545324787318805,-18.545324787318805,251-500
TR-043286,Milwaukee,Jacksonville,660.7,Dry Van,39401.0,2025-10-01,0.92683,1.94467,1443.07,1376.582162424773,66.48783757522688,66.48783757522688,501-750
TR-043287,Cincinnati,Louisville,70.0,Dry Van,26853.0,2025-10-01,0.92808,1.34613,194.26,237.37932499286302,43.11932499286303,-43.11932499286303,0-250
TR-043288,Boston,Amarillo,2337.0,Reefer,41008.0,2025-10-01,0.93688,1.92078,5076.68,5119.240386072358,42.56038607235769,-42.56038607235769,1500+
TR-043289,Toledo,Richmond,565.0,Dry Van,20368.0,2025-10-01,0.94021,2.09841,1140.24,1152.487580372077,12.247580372076982,-12.247580372076982,501-750
TR-043290,Charleston,Syracuse,733.9,Reefer,25509.0,2025-10-01,0.94133,1.94838,1645.12,1618.7495799737576,26.3704200262423,26.3704200262423,501-750
TR-043291,Charleston,Lexington,407.9,Dry Van,26756.0,2025-10-01,0.92009,1.88086,921.92,937.9471186515705,16.027118651570504,-16.027118651570504,251-500
TR-043292,Atlanta,Grand Rapids,699.1,Dry Van,36044.0,2025-10-01,0.95818,1.98133,1498.47,1469.0993484176884,29.370651582311666,29.370651582311666,501-750
TR-043293,Shreveport,Lubbock,594.4,Reefer,19599.0,2025-10-01,0.93875,1.73159,1456.25,1472.0994961934512,15.84949619345116,-15.84949619345116,501-750
TR-043294,New York,Grand Rapids,801.6,Flatbed,26720.0,2025-10-01,0.96393,2.03271,1717.39,1707.0078700461354,10.382129953864705,10.382129953864705,751-1000
TR-043295,Kansas City,Bakersfield,1732.8,Dry Van,32451.0,2025-10-01,0.97215,2.24337,3374.09,3497.6762443713887,123.5862443713886,-123.5862443713886,1500+
TR-043296,Charleston,Toledo,735.6,Dry Van,35437.0,2025-10-01,0.89536,2.1213,1509.89,1523.347350357094,13.457350357093901,-13.457350357093901,501-750
TR-043297,Hartford,Philadelphia,70.0,Dry Van,41400.0,2025-10-01,0.96595,1.21592,203.0,234.1160262633307,31.116026263330696,-31.116026263330696,0-250
TR-043298,Tulsa,San Antonio,414.8,Dry Van,31811.0,2025-10-01,0.92166,1.7045,1013.72,1012.0028159699089,1.7171840300911754,1.7171840300911754,251-500
TR-043299,Lubbock,Syracuse,1869.1,Flatbed,38731.0,2025-10-01,0.94689,2.12214,3856.36,3909.370221072641,53.01022107264089,-53.01022107264089,1500+
TR-043300,Savannah,Atlanta,320.9,Dry Van,29026.0,2025-10-01,0.94406,1.75786,767.51,772.5072493137192,4.9972493137191805,-4.9972493137191805,251-500
TR-043301,Amarillo,Fresno,1056.2,Reefer,35009.0,2025-10-01,0.92546,1.81518,2447.96,2577.0573765596882,129.0973765596882,-129.0973765596882,1001-1500
TR-043302,Atlanta,Chattanooga,84.4,Reefer,29124.0,2025-10-01,0.95071,0.80326,280.13,277.45235066058,2.677649339419986,2.677649339419986,0-250
TR-043303,Atlanta,Phoenix,2083.1,Reefer,40335.0,2025-10-01,0.9074,1.94613,13894.55,4460.8167242261225,9433.733275773877,9433.733275773877,1500+
TR-043304,Atlanta,Richmond,684.6,Dry Van,36871.0,2025-10-01,0.91089,2.02593,1456.68,1458.4632078127502,1.7832078127501063,-1.7832078127501063,501-750
TR-043305,San Francisco,Amarillo,1194.6,Dry Van,30382.0,2025-10-01,0.9153,2.15589,2368.1,2465.566200774144,97.466200774144,-97.466200774144,1001-1500
TR-043306,Baton Rouge,Detroit,1212.8,Dry Van,25756.0,2025-10-01,0.88825,2.26441,2279.69,2363.680327143277,83.99032714327677,-83.99032714327677,1001-1500
TR-043307,Albany,Tucson,2824.9,Dry Van,27302.0,2025-10-01,0.96164,2.38517,4949.49,5161.937032809659,212.4470328096595,-212.4470328096595,1500+
TR-043308,Bakersfield,New York,2801.8,Reefer,30399.0,2025-10-01,0.88411,2.14923,5510.91,5578.1289828868885,67.21898288688863,-67.21898288688863,1500+
TR-043309,Mobile,Birmingham,159.3,Dry Van,26626.0,2025-10-01,1.0558,1.44924,432.91,413.1611442503473,19.748855749652705,19.748855749652705,0-250
TR-043310,Dayton,Baton Rouge,914.5,Reefer,43228.0,2025-10-02,0.98465,1.75692,2142.88,2126.82707977656,16.052920223440196,16.052920223440196,751-1000
TR-043311,Baton Rouge,Tampa,444.9,Reefer,29855.0,2025-10-02,0.97099,1.49806,1200.45,1160.8754040736414,39.5745959263586,39.5745959263586,251-500
TR-043312,Chattanooga,Albuquerque,1468.5,Dry Van,41848.0,2025-10-02,0.97147,2.12499,2968.11,3029.0325454719373,60.922545471937156,-60.922545471937156,1001-1500
TR-043313,Tucson,Columbia,2027.3,Dry Van,33496.0,2025-10-02,0.93912,2.1848,3842.4,3926.914917128762,84.51491712876214,-84.51491712876214,1500+
TR-043314,Toledo,Montgomery,862.8,Flatbed,24062.0,2025-10-02,0.94907,2.02479,1843.79,1869.2716013484492,25.481601348449203,-25.481601348449203,751-1000
TR-043315,Phoenix,Cincinnati,2060.5,Dry Van,30456.0,2025-10-02,0.94498,2.34285,3792.71,3869.0938552876473,76.3838552876473,-76.3838552876473,1500+
TR-043316,San Antonio,Richmond,1622.8,Reefer,19328.0,2025-10-02,1.0558,2.09975,3421.97,3494.015427976215,72.04542797621525,-72.04542797621525,1500+
TR-043317,Fort Wayne,Charleston,689.3,Dry Van,35351.0,2025-10-02,0.93296,1.99465,1467.83,1457.9085509339177,9.921449066082232,9.921449066082232,501-750
TR-043318,Shreveport,Cincinnati,562.4,Dry Van,31315.0,2025-10-02,0.96834,1.92877,1236.69,1241.333521058207,4.643521058206943,-4.643521058206943,501-750
TR-043319,Chattanooga,Tucson,1776.6,Dry Van,36173.0,2025-10-02,0.98367,2.28205,3405.12,3628.919035947035,223.799035947035,-223.799035947035,1500+
TR-043320,Montgomery,Charleston,507.6,Dry Van,47500.0,2025-10-02,0.94116,1.87042,1143.93,1159.0078707506414,15.077870750641296,-15.077870750641296,501-750
TR-043321,Syracuse,Greensboro,664.9,Dry Van,39672.0,2025-10-02,0.99311,2.03592,1378.93,1416.8558541421296,37.92585414212954,-37.92585414212954,501-750
TR-043322,Fresno,Raleigh,2803.5,Dry Van,30727.0,2025-10-02,0.93251,2.31957,5012.79,5047.790163161472,35.0001631614723,-35.0001631614723,1500+
TR-043323,Corpus Christi,Cincinnati,937.3,Reefer,32688.0,2025-10-02,0.95304,1.80582,2169.46,2223.1260897252337,53.66608972523363,-53.66608972523363,751-1000
TR-043324,El Paso,Hartford,2554.1,Reefer,23325.0,2025-10-02,0.97024,2.26885,5024.96,5211.081555513846,186.12155551384603,-186.12155551384603,1500+
TR-043325,Tucson,Oklahoma City,1005.7,Reefer,47500.0,2025-10-02,0.96832,1.63795,2467.62,2458.7951788389646,8.824821161035288,8.824821161035288,1001-1500
TR-043326,Buffalo,San Francisco,2738.2,Dry Van,27007.0,2025-10-02,0.99385,2.30244,4932.23,4844.169567515456,88.06043248454353,88.06043248454353,1500+
TR-043327,Baton Rouge,Harrisburg,1210.0,Dry Van,34145.0,2025-10-02,0.9397,2.19709,2347.61,2452.0743148712395,104.46431487123937,-104.46431487123937,1001-1500
TR-043328,Bakersfield,Richmond,2586.0,Flatbed,30925.0,2025-10-02,0.98134,2.20193,4970.96,5193.083406401846,222.1234064018463,-222.1234064018463,1500+
TR-043329,Austin,Toledo,1440.3,Dry Van,30427.0,2025-10-02,0.93135,2.19974,2770.73,2786.504099014483,15.774099014483,-15.774099014483,1001-1500
TR-043330,Mobile,Albany,1430.6,Dry Van,33971.0,2025-10-02,0.95239,2.18704,2802.12,2859.7679702811633,57.64797028116345,-57.64797028116345,1001-1500
TR-043331,Boston,Mobile,1337.8,Dry Van,35036.0,2025-10-02,0.95747,2.10365,2727.55,2654.454361284188,73.09563871581213,73.09563871581213,1001-1500
TR-043332,Columbia,El Paso,1754.5,Flatbed,24571.0,2025-10-02,0.98927,2.11837,3588.13,3685.4217976968866,97.29179769688653,-97.29179769688653,1500+
TR-043333,Phoenix,Oklahoma City,1214.9,Dry Van,30987.0,2025-10-02,0.94745,2.13103,2414.96,2465.0555351083754,50.095535108375316,-50.095535108375316,1001-1500
TR-043334,Nashville,El Paso,1487.4,Reefer,22023.0,2025-10-02,0.97213,2.04946,3168.66,3202.5268649042923,33.86686490429247,-33.86686490429247,1001-1500
TR-043335,Fort Wayne,Toledo,92.6,Reefer,27702.0,2025-10-02,0.94899,1.19344,274.24,310.6572118427613,36.417211842761276,-36.417211842761276,0-250
TR-043336,Madison,Greensboro,648.8,Flatbed,28661.0,2025-10-02,0.9374,1.88033,1429.94,1411.8009227097396,18.139077290260502,18.139077290260502,501-750
TR-043337,Lexington,Baton Rouge,762.7,Dry Van,38763.0,2025-10-02,0.98745,1.87964,1729.78,1702.4558841113044,27.324115888695587,27.324115888695587,751-1000
TR-043338,Harrisburg,New York,281.2,Reefer,47500.0,2025-10-02,0.95206,1.55604,745.43,751.7696921084894,6.33969210848943,-6.33969210848943,251-500
TR-043339,Buffalo,San Francisco,2831.4,Reefer,22845.0,2025-10-02,1.0558,2.2013,5505.02,5442.056368769428,62.96363123057199,62.96363123057199,1500+
TR-043340,Atlanta,New Orleans,458.5,Flatbed,42072.0,2025-10-02,0.95044,1.66385,1142.27,1163.7010345912695,21.43103459126951,-21.43103459126951,251-500
TR-043341,Chattanooga,Lexington,225.6,Reefer,24212.0,2025-10-02,0.92864,1.36104,624.99,601.509710312551,23.480289687449044,23.480289687449044,0-250
TR-043342,Philadelphia,Memphis,1114.2,Flatbed,30196.0,2025-10-02,0.92236,2.07069,2301.92,2422.8369488514877,120.91694885148763,-120.91694885148763,1001-1500
TR-043343,Salt Lake City,Reno,532.7,Flatbed,26267.0,2025-10-02,0.9619,1.92644,1175.29,1253.0833749827757,77.79337498277573,-77.79337498277573,501-750
TR-043344,Shreveport,Richmond,1122.3,Dry Van,26343.0,2025-10-02,0.97034,2.1725,2214.59,2255.909148482194,41.31914848219367,-41.31914848219367,1001-1500
TR-043345,Austin,Madison,1213.2,Dry Van,44576.0,2025-10-02,0.96718,2.02477,2592.64,2511.5101630171325,81.12983698286735,81.12983698286735,1001-1500
TR-043346,Milwaukee,Amarillo,1152.6,Dry Van,16768.0,2025-10-02,0.9434,2.14105,2287.12,2385.960250680818,98.84025068081792,-98.84025068081792,1001-1500
TR-043347,Syracuse,Salt Lake City,2391.8,Reefer,42945.0,2025-10-02,0.9904,2.18707,4754.03,5219.685140320835,465.655140320835,-465.655140320835,1500+
TR-043348,Montgomery,Charleston,497.1,Dry Van,36857.0,2025-10-02,0.98155,1.88267,1140.26,1157.608463767913,17.348463767913017,-17.348463767913017,251-500
TR-043349,Dayton,Hartford,842.1,Dry Van,33157.0,2025-10-02,0.97686,2.13088,1672.88,1747.332021367459,74.45202136745888,-74.45202136745888,751-1000
TR-043350,Philadelphia,Shreveport,1356.3,Flatbed,20949.0,2025-10-02,0.91849,2.12697,2718.68,2788.239990311632,69.55999031163219,-69.55999031163219,1001-1500
TR-043351,Oklahoma City,Austin,233.9,Dry Van,26277.0,2025-10-02,0.98012,1.56136,611.62,590.853554978387,20.76644502161298,20.76644502161298,0-250
TR-043352,Fresno,Lubbock,1391.0,Flatbed,40890.0,2025-10-02,0.92607,1.89452,3094.08,3108.4399492133366,14.359949213336677,-14.359949213336677,1001-1500
TR-043353,Greensboro,Amarillo,1475.3,Dry Van,28433.0,2025-10-02,0.94338,2.24297,2843.33,2939.358619603699,96.0286196036991,-96.0286196036991,1001-1500
TR-043354,Grand Rapids,Boston,1096.9,Flatbed,32334.0,2025-10-02,0.98291,2.11075,2265.33,2403.2886483399325,137.95864833993255,-137.95864833993255,1001-1500
TR-043355,Baton Rouge,Green Bay,1140.1,Dry Van,36056.0,2025-10-02,0.9245,2.04655,2393.81,2389.4463451545726,4.363654845427391,4.363654845427391,1001-1500
TR-043356,Memphis,Savannah,525.3,Dry Van,23647.0,2025-10-02,0.96868,1.86406,1174.22,1114.083339419246,60.136660580754096,60.136660580754096,501-750
TR-043357,Austin,Salt Lake City,1030.0,Dry Van,47500.0,2025-10-02,0.94476,2.02907,2169.9,2237.821257706137,67.92125770613711,-67.92125770613711,1001-1500
TR-043358,Raleigh,New Orleans,1039.7,Dry Van,34202.0,2025-10-02,0.9593,2.03115,2168.46,2163.1472913670714,5.312708632928661,5.312708632928661,1001-1500
TR-043359,El Paso,Fort Wayne,1697.5,Flatbed,36529.0,2025-10-02,0.97926,2.08242,3535.11,3763.4350464969298,228.32504649692964,-228.32504649692964,1500+
TR-043360,Los Angeles,Austin,1211.5,Dry Van,34986.0,2025-10-02,0.95316,2.07533,2482.49,2515.5632858331214,33.073285833121645,-33.073285833121645,1001-1500
TR-043361,Syracuse,Tampa,1323.2,Dry Van,36681.0,2025-10-02,0.97432,2.20739,2530.95,2625.7550671249446,94.8050671249448,-94.8050671249448,1001-1500
TR-043362,Washington,Milwaukee,732.4,Dry Van,14243.0,2025-10-02,0.95084,2.11301,1481.8,1451.9008816503715,29.899118349628452,29.899118349628452,501-750
TR-043363,Dallas,Oklahoma City,291.3,Reefer,27149.0,2025-10-02,0.98274,1.28297,836.03,797.2838811257868,38.74611887421315,38.74611887421315,251-500
TR-043364,Mobile,Oklahoma City,721.1,Flatbed,32193.0,2025-10-02,0.96782,1.74452,1721.74,1729.7751385534111,8.035138553411116,-8.035138553411116,501-750
TR-043365,Tampa,Syracuse,1329.0,Dry Van,31669.0,2025-10-02,0.95275,2.25062,2529.85,2606.335082875936,76.48508287593631,-76.48508287593631,1001-1500
TR-043366,Fresno,Jacksonville,2414.8,Dry Van,38106.0,2025-10-02,0.9353,2.23738,4621.92,4615.811158932378,6.108841067622052,6.108841067622052,1500+
TR-043367,Cincinnati,Lexington,128.1,Reefer,33354.0,2025-10-02,0.95115,1.15076,386.18,383.48265308798216,2.6973469120178493,2.6973469120178493,0-250
TR-043368,Greensboro,Albuquerque,1750.6,Flatbed,29386.0,2025-10-02,0.95386,2.09276,3633.54,3731.734580472057,98.19458047205717,-98.19458047205717,1500+
TR-043369,Baltimore,El Paso,2445.4,Dry Van,16452.0,2025-10-02,0.96506,2.37918,4333.71,4443.426659913242,109.71665991324153,-109.71665991324153,1500+
TR-043370,Nashville,Hartford,1100.8,Dry Van,16974.0,2025-10-02,0.95025,2.33088,2038.03,2194.4428207099945,156.41282070999455,-156.41282070999455,1001-1500
TR-043371,Phoenix,Tulsa,1509.4,Dry Van,27056.0,2025-10-02,0.93539,2.28937,2825.29,3018.3980066765516,193.10800667655167,-193.10800667655167,1500+
TR-043372,San Francisco,Bakersfield,389.0,Flatbed,32906.0,2025-10-02,0.93887,1.66844,974.77,984.2393551243682,9.469355124368235,-9.469355124368235,251-500
TR-043373,Shreveport,Lubbock,585.9,Reefer,39614.0,2025-10-02,0.94827,1.50317,1557.11,1536.6043309471297,20.50566905287019,20.50566905287019,501-750
TR-043374,Detroit,Raleigh,769.4,Flatbed,34959.0,2025-10-02,0.96041,1.95253,1673.46,1700.5935603067962,27.1335603067962,-27.1335603067962,751-1000
TR-043375,Grand Rapids,Detroit,137.9,Flatbed,33611.0,2025-10-02,0.95819,1.34985,378.74,396.7761116687353,18.036111668735316,-18.036111668735316,0-250
TR-043376,Lexington,Providence,1018.0,Dry Van,41082.0,2025-10-02,0.9846,2.10907,2084.23,2106.2164268475476,21.98642684754759,-21.98642684754759,1001-1500
TR-043377,Lexington,Fort Wayne,354.1,Reefer,27073.0,2025-10-02,0.96814,1.58181,901.41,895.2700412544998,6.1399587455001665,6.1399587455001665,251-500
TR-043378,Albuquerque,Chattanooga,1471.9,Flatbed,28123.0,2025-10-02,0.96131,2.03408,3087.75,3125.381608021355,37.63160802135508,-37.63160802135508,1001-1500
TR-043379,Atlanta,Toledo,605.0,Dry Van,24036.0,2025-10-02,0.94656,2.11987,1262.04,1239.8096548650844,22.230345134915524,22.230345134915524,501-750
TR-043380,St. Louis,Charleston,764.0,Reefer,25418.0,2025-10-02,0.96265,1.83741,1740.07,1751.493425437084,11.423425437084006,-11.423425437084006,751-1000
TR-043381,Buffalo,Bakersfield,2545.4,Dry Van,26407.0,2025-10-02,0.98407,2.42258,4425.69,4618.030657423301,192.3406574233013,-192.3406574233013,1500+
TR-043382,Charleston,Albany,956.5,Dry Van,47500.0,2025-10-02,0.93222,2.11429,1948.49,1979.281758826316,30.791758826316027,-30.791758826316027,751-1000
TR-043383,Kansas City,San Antonio,920.3,Dry Van,47500.0,2025-10-02,0.94548,1.99207,1985.82,1969.5705455275056,16.249454472494335,16.249454472494335,751-1000
TR-043384,Providence,Dallas,1735.4,Dry Van,26749.0,2025-10-02,0.96191,2.27263,3312.03,3380.648005243403,68.61800524340288,-68.61800524340288,1500+
TR-043385,Lexington,Lubbock,1187.0,Dry Van,25359.0,2025-10-02,0.95849,2.17408,11696.44,2423.52688984309,9272.913110156911,9272.913110156911,1001-1500
TR-043386,Baton Rouge,New Orleans,180.2,Dry Van,32618.0,2025-10-02,0.9506,1.50849,487.55,514.7523677796432,27.202367779643225,-27.202367779643225,0-250
TR-043387,Green Bay,Grand Rapids,119.5,Dry Van,44076.0,2025-10-02,0.96017,1.46102,321.82,334.94188841156404,13.121888411564044,-13.121888411564044,0-250
TR-043388,Cincinnati,Greensboro,307.1,Reefer,20683.0,2025-10-02,0.98239,1.56806,779.12,800.9559445213416,21.835944521341617,-21.835944521341617,251-500
TR-043389,Green Bay,Milwaukee,423.5,Dry Van,32921.0,2025-10-02,0.96437,1.94756,946.74,955.6714727503032,8.931472750303215,-8.931472750303215,251-500
TR-043390,Nashville,Mobile,293.5,Reefer,37348.0,2025-10-02,0.92487,1.27909,825.3,827.6994284008374,2.3994284008374507,-2.3994284008374507,251-500
TR-043391,Las Vegas,Richmond,2559.4,Flatbed,31548.0,2025-10-02,0.91207,2.20993,4936.62,5166.560002430888,229.94000243088794,-229.94000243088794,1500+
TR-043392,New York,Shreveport,1366.8,Dry Van,34165.0,2025-10-02,0.93956,2.18964,2706.68,2706.518389410342,0.16161058965781194,0.16161058965781194,1001-1500
TR-043393,Greensboro,Fort Wayne,467.1,Flatbed,31290.0,2025-10-02,0.9852,1.74513,1096.8,1125.2357466294316,28.435746629431605,-28.435746629431605,251-500
TR-043394,Providence,Amarillo,2294.0,Dry Van,32594.0,2025-10-02,0.92887,2.21637,4472.5,4406.7363298843175,65.76367011568254,65.76367011568254,1500+
TR-043395,Bakersfield,Albany,2976.3,Dry Van,21669.0,2025-10-02,0.98846,2.45292,4946.27,5119.083275079774,172.81327507977312,-172.81327507977312,1500+
TR-043396,Toledo,Green Bay,286.6,Dry Van,34860.0,2025-10-02,0.9712,1.83248,667.99,686.8860435972184,18.89604359721841,-18.89604359721841,251-500
TR-043397,Montgomery,Shreveport,443.7,Dry Van,30159.0,2025-10-02,0.95977,1.89063,1024.78,1038.2804317466953,13.500431746695313,-13.500431746695313,251-500
TR-043398,Albuquerque,Philadelphia,2317.3,Flatbed,37340.0,2025-10-02,0.97037,2.0822,4743.82,4801.534412004484,57.714412004484075,-57.714412004484075,1500+
TR-043399,Albuquerque,Grand Rapids,1572.5,Dry Van,25276.0,2025-10-02,0.91773,2.27239,2930.65,2936.718620938662,6.068620938661752,-6.068620938661752,1500+
TR-043400,Harrisburg,Fresno,2661.4,Dry Van,43595.0,2025-10-02,0.92945,2.23741,4983.92,4997.874092981073,13.95409298107279,-13.95409298107279,1500+
TR-043401,Buffalo,Boston,593.6,Dry Van,39329.0,2025-10-02,0.93933,2.11125,1229.98,1299.4356355426007,69.4556355426007,-69.4556355426007,501-750
TR-043402,Syracuse,Philadelphia,396.8,Flatbed,22332.0,2025-10-02,0.95485,1.94463,890.15,914.4502164222104,24.300216422210383,-24.300216422210383,251-500
TR-043403,Lexington,Lubbock,1170.4,Dry Van,27764.0,2025-10-02,0.97694,2.11832,2371.63,2453.1188981417204,81.48889814172026,-81.48889814172026,1001-1500
TR-043404,Kansas City,Tampa,943.7,Dry Van,29489.0,2025-10-02,0.92242,2.10747,1904.66,1907.3775849169115,2.7175849169113917,-2.7175849169113917,751-1000
TR-043405,Chattanooga,Corpus Christi,807.2,Dry Van,20561.0,2025-10-02,0.97073,2.03682,1706.76,1685.9091534984375,20.8508465015625,20.8508465015625,751-1000
TR-043406,Baton Rouge,Boston,1671.0,Dry Van,26918.0,2025-10-02,0.97529,2.25725,3242.19,3250.3518293722595,8.16182937225949,-8.16182937225949,1500+
TR-043407,El Paso,Hartford,2499.4,Reefer,34903.0,2025-10-02,0.96134,2.09111,5196.65,5279.041313924139,82.39131392413947,-82.39131392413947,1500+
TR-043408,Dallas,Green Bay,1118.4,Dry Van,35002.0,2025-10-02,0.98302,2.16969,2278.96,2417.3931569980423,138.43315699804225,-138.43315699804225,1001-1500
TR-043409,Columbia,Baltimore,735.0,Dry Van,26187.0,2025-10-02,0.96812,2.08604,1485.65,1482.103802107937,3.5461978920629917,3.5461978920629917,501-750
TR-043410,Nashville,Harrisburg,736.5,Dry Van,32841.0,2025-10-02,0.92723,2.03478,1545.59,1537.7444677582807,7.845532241719184,7.845532241719184,501-750
TR-043411,Los Angeles,Lexington,2148.9,Flatbed,29937.0,2025-10-02,0.98043,2.29375,4135.86,4412.833264759172,276.9732647591727,-276.9732647591727,1500+
TR-043412,Richmond,Albany,600.3,Flatbed,37374.0,2025-10-02,0.98809,1.84861,1399.65,1419.7822280356174,20.132228035617345,-20.132228035617345,501-750
TR-043413,Bakersfield,Lexington,2114.8,Dry Van,22241.0,2025-10-02,0.94125,2.38834,3762.94,3844.9128441893336,81.9728441893335,-81.9728441893335,1500+
TR-043414,Washington,Amarillo,1847.0,Reefer,34630.0,2025-10-02,0.95326,2.07779,3797.45,4031.4568329790172,234.00683297901742,-234.00683297901742,1500+
TR-043415,Buffalo,Jacksonville,879.1,Reefer,19992.0,2025-10-02,0.94804,2.03328,1869.49,1903.2131729894184,33.723172989418345,-33.723172989418345,751-1000
TR-043416,Mobile,El Paso,1519.2,Flatbed,34940.0,2025-10-02,0.93689,2.01873,3241.54,3457.62718065588,216.08718065587982,-216.08718065587982,1500+
TR-043417,Austin,Houston,366.1,Dry Van,37395.0,2025-10-02,0.92463,1.68953,912.12,893.5577786348584,18.562221365141568,18.562221365141568,251-500
TR-043418,Lexington,Albany,1016.7,Reefer,34953.0,2025-10-02,1.01383,1.88769,2326.48,2349.953601394137,23.47360139413695,-23.47360139413695,1001-1500
TR-043419,Richmond,Dayton,611.1,Flatbed,37270.0,2025-10-02,0.95993,1.83736,1397.82,1428.1059558418929,30.285955841892928,-30.285955841892928,501-750
TR-043420,Philadelphia,Lubbock,1989.3,Dry Van,36952.0,2025-10-02,0.92947,2.26208,3790.2,3970.6852069027727,180.48520690277292,-180.48520690277292,1500+
TR-043421,Los Angeles,Salt Lake City,590.5,Dry Van,24943.0,2025-10-02,0.95664,2.10061,1211.06,1262.5423450453786,51.48234504537868,-51.48234504537868,501-750
TR-043422,Savannah,Indianapolis,588.5,Dry Van,21507.0,2025-10-02,0.99282,2.03341,1251.72,1249.93470244058,1.785297559420087,1.785297559420087,501-750
TR-043423,Columbia,Phoenix,2269.9,Dry Van,37862.0,2025-10-02,0.95031,2.23633,4337.3,4390.565908064641,53.265908064640826,-53.265908064640826,1500+
TR-043424,Tampa,Nashville,579.8,Reefer,41917.0,2025-10-02,0.95523,1.63979,1470.73,1498.3876079454315,27.657607945431437,-27.657607945431437,501-750
TR-043425,Dayton,Charleston,592.0,Reefer,26356.0,2025-10-02,0.93012,1.76423,1414.03,1394.0596946549406,19.970305345059387,19.970305345059387,501-750
TR-043426,Tampa,Lexington,739.0,Dry Van,32921.0,2025-10-02,1.0558,2.01326,1606.91,1600.992865554126,5.917134445874126,5.917134445874126,501-750
TR-043427,Cincinnati,Oklahoma City,906.6,Reefer,35198.0,2025-10-02,0.96529,1.66998,2215.28,2156.2742143123,59.005785687700154,59.005785687700154,751-1000
TR-043428,Chattanooga,Charleston,535.1,Dry Van,20107.0,2025-10-02,0.97008,2.01002,1135.72,1139.4827475697298,3.762747569729754,-3.762747569729754,501-750
TR-043429,Memphis,Richmond,881.8,Flatbed,34817.0,2025-10-02,0.94919,1.81182,2038.06,1970.6619924517686,67.39800754823136,67.39800754823136,751-1000
TR-043430,Dayton,El Paso,1680.4,Reefer,21914.0,2025-10-02,0.94889,2.13344,3407.25,3586.9187619901936,179.66876199019362,-179.66876199019362,1500+
TR-043431,Charleston,Los Angeles,2645.4,Reefer,22073.0,2025-10-02,0.97811,2.18954,5158.13,5223.318858617089,65.18885861708895,-65.18885861708895,1500+
TR-043432,Memphis,Harrisburg,808.4,Dry Van,27159.0,2025-10-02,0.95255,2.21066,1608.58,1629.8828393530614,21.302839353061472,-21.302839353061472,751-1000
TR-043433,Phoenix,Lexington,2147.8,Dry Van,25812.0,2025-10-02,0.97908,2.29389,3888.18,3909.488204212745,21.308204212745295,-21.308204212745295,1500+
TR-043434,Lexington,Columbia,224.7,Flatbed,36095.0,2025-10-02,0.95813,1.40536,614.52,614.1470674027443,0.37293259725572625,0.37293259725572625,0-250
TR-043435,New York,Detroit,704.9,Dry Van,42448.0,2025-10-02,0.93671,2.12987,574.1,1452.5499797095208,878.4499797095208,-878.4499797095208,501-750
TR-043436,Amarillo,Baton Rouge,843.1,Dry Van,40713.0,2025-10-02,0.9953,1.93235,1888.11,1863.3317252651204,24.77827473487946,24.77827473487946,751-1000
TR-043437,San Francisco,Tucson,690.9,Reefer,31496.0,2025-10-02,0.90428,1.83688,1595.86,1670.405811400235,74.54581140023515,-74.54581140023515,501-750
TR-043438,Austin,Jacksonville,1099.9,Dry Van,38245.0,2025-10-02,0.9804,2.05539,2339.89,2319.6182653176866,20.27173468231331,20.27173468231331,1001-1500
TR-043439,Austin,Boston,2131.9,Reefer,34568.0,2025-10-02,0.91822,1.99669,4530.09,4528.5025678861775,1.587432113822615,1.587432113822615,1500+
TR-043440,Lexington,Memphis,341.7,Dry Van,32136.0,2025-10-02,0.92142,1.77734,822.57,811.5447764674985,11.025223532501514,11.025223532501514,251-500
TR-043441,Lexington,Los Angeles,2261.5,Flatbed,26682.0,2025-10-02,1.0558,2.15824,4517.4,4388.890622288224,128.50937771177541,128.50937771177541,1500+
TR-043442,Tampa,Milwaukee,930.4,Flatbed,24089.0,2025-10-02,0.96395,2.03817,1992.02,2039.1943910394084,47.17439103940842,-47.17439103940842,751-1000
TR-043443,Grand Rapids,Atlanta,714.0,Dry Van,22169.0,2025-10-02,0.9484,2.15253,1401.38,1450.7622729224452,49.382272922445054,-49.382272922445054,501-750
TR-043444,New Orleans,Harrisburg,1084.2,Dry Van,18653.0,2025-10-02,0.94386,2.20355,2099.72,2143.6732970110893,43.95329701108949,-43.95329701108949,1001-1500
TR-043445,Cincinnati,Raleigh,645.0,Dry Van,24847.0,2025-10-02,0.96837,2.11543,1326.06,1317.440158365327,8.619841634672866,8.619841634672866,501-750
TR-043446,Phoenix,New York,2969.9,Dry Van,31281.0,2025-10-02,0.93536,2.35703,5179.39,5279.9020102813565,100.5120102813562,-100.5120102813562,1500+
TR-043447,Little Rock,El Paso,1235.0,Dry Van,30761.0,2025-10-02,0.95543,2.14756,2440.48,2573.3860941743587,132.9060941743587,-132.9060941743587,1001-1500
TR-043448,El Paso,Providence,2702.1,Flatbed,34671.0,2025-10-02,0.97638,2.20176,5393.16,5497.686861257266,104.52686125726632,-104.52686125726632,1500+
TR-043449,Baltimore,Baton Rouge,1434.7,Dry Van,45682.0,2025-10-02,0.97058,2.09148,2941.66,2899.6457791906028,42.0142208093971,42.0142208093971,1001-1500
TR-043450,Columbia,Louisville,379.8,Dry Van,45939.0,2025-10-02,0.92947,1.71978,907.34,915.3168741732953,7.9768741732953,-7.9768741732953,251-500
TR-043451,Little Rock,Montgomery,469.0,Dry Van,41351.0,2025-10-02,0.99314,1.75097,1115.99,1114.5783797153347,1.4116202846653323,1.4116202846653323,251-500
TR-043452,San Antonio,Nashville,858.8,Reefer,28731.0,2025-10-02,0.95279,1.71468,2066.62,2075.8811885107684,9.261188510768534,-9.261188510768534,751-1000
TR-043453,Oklahoma City,Nashville,773.0,Reefer,43494.0,2025-10-02,0.96788,1.73036,1850.9,1922.4508489913965,71.55084899139638,-71.55084899139638,751-1000
TR-043454,Cincinnati,Atlanta,204.9,Dry Van,30436.0,2025-10-02,0.95767,1.50673,544.03,540.7631461191319,3.266853880868098,3.266853880868098,0-250
TR-043455,Toledo,Albuquerque,1638.1,Reefer,31668.0,2025-10-02,1.00574,2.01851,3455.38,3649.9787196976954,194.5987196976953,-194.5987196976953,1500+
TR-043456,Milwaukee,El Paso,1503.5,Reefer,32225.0,2025-10-02,0.95277,1.99434,3247.42,3389.0072474486597,141.58724744865958,-141.58724744865958,1500+
TR-043457,Milwaukee,Houston,853.8,Reefer,33360.0,2025-10-02,0.93708,1.69466,2055.14,2047.980459212461,7.159540787538845,7.159540787538845,751-1000
TR-043458,Philadelphia,Boston,232.6,Dry Van,29253.0,2025-10-02,0.98624,1.74073,561.81,546.6503003385587,15.15969966144121,15.15969966144121,0-250
TR-043459,Fort Wayne,Savannah,645.9,Reefer,34863.0,2025-10-02,0.94563,1.7894,1530.92,1518.4140333388814,12.505966661118691,12.505966661118691,501-750
TR-043460,Corpus Christi,Bakersfield,1489.8,Reefer,31193.0,2025-10-02,0.92101,1.89203,3338.08,3335.1846114760247,2.895388523975271,2.895388523975271,1001-1500
TR-043461,Hartford,Oklahoma City,1782.6,Reefer,40555.0,2025-10-02,0.95642,1.98702,3912.89,4001.0438639616327,88.15386396163285,-88.15386396163285,1500+
TR-043462,Syracuse,San Francisco,2867.3,Dry Van,33414.0,2025-10-02,0.96498,2.42131,5059.84,5154.56469381184,94.72469381183964,-94.72469381183964,1500+
TR-043463,Cincinnati,Reno,1980.6,Dry Van,36830.0,2025-10-02,0.95456,2.28354,3626.2,3968.6227487409565,342.42274874095665,-342.42274874095665,1500+
TR-043464,Montgomery,Lubbock,973.8,Flatbed,27956.0,2025-10-03,1.00451,1.88449,2208.66,2219.607533800319,10.947533800318979,-10.947533800318979,751-1000
TR-043465,Detroit,Charleston,819.4,Reefer,34287.0,2025-10-03,1.0427,1.86784,1870.73,1908.934255403312,38.20425540331189,-38.20425540331189,751-1000
TR-043466,Albany,Hartford,379.9,Flatbed,22834.0,2025-10-03,0.99706,1.82694,884.41,887.8245502779332,3.4145502779332446,-3.4145502779332446,251-500
TR-043467,Harrisburg,Little Rock,978.6,Flatbed,28538.0,2025-10-03,1.02328,1.80141,2283.48,2142.005069197104,141.47493080289587,141.47493080289587,751-1000
TR-043468,Indianapolis,Green Bay,494.7,Flatbed,30107.0,2025-10-03,1.05486,1.84642,1149.7,1145.2504114015524,4.44958859844769,4.44958859844769,251-500
TR-043469,Atlanta,Albany,1197.0,Dry Van,42431.0,2025-10-03,1.00495,2.14194,2383.72,2448.3378058158964,64.61780581589665,-64.61780581589665,1001-1500
TR-043470,Hartford,Albuquerque,2353.8,Dry Van,37816.0,2025-10-03,1.0558,2.19314,4527.45,4664.135448432101,136.6854484321011,-136.6854484321011,1500+
TR-043471,Phoenix,El Paso,532.0,Flatbed,27654.0,2025-10-03,1.02331,1.78652,1279.64,1273.4404181142943,6.199581885705811,6.199581885705811,501-750
TR-043472,Shreveport,Jacksonville,563.1,Dry Van,23925.0,2025-10-03,1.03798,2.05747,1207.78,1199.547853442781,8.232146557219039,8.232146557219039,501-750
TR-043473,Hartford,Albuquerque,2360.4,Dry Van,44978.0,2025-10-03,1.03721,2.19497,4573.2,4678.425827910111,105.22582791011155,-105.22582791011155,1500+
TR-043474,Milwaukee,Reno,1835.9,Reefer,34116.0,2025-10-03,1.03555,1.95728,3926.18,3984.3744596830998,58.19445968309992,-58.19445968309992,1500+
TR-043475,San Antonio,Tampa,819.9,Reefer,41289.0,2025-10-03,1.06461,1.55578,2107.89,2047.6427300179794,60.2472699820205,60.2472699820205,751-1000
TR-043476,Nashville,Philadelphia,1015.3,Dry Van,29183.0,2025-10-03,1.06251,2.08804,2069.38,2015.0333181939013,54.346681806098786,54.346681806098786,1001-1500
TR-043477,New Orleans,Bakersfield,1635.3,Flatbed,46429.0,2025-10-03,1.02474,1.96013,3639.69,3593.538837793533,46.151162206467234,46.151162206467234,1500+
TR-043478,Bakersfield,Lexington,2079.3,Flatbed,27583.0,2025-10-03,1.04255,2.05269,4325.53,4189.948925378751,135.58107462124917,135.58107462124917,1500+
TR-043479,Birmingham,Montgomery,199.2,Dry Van,46564.0,2025-10-03,0.99908,1.40766,541.62,547.6814385907383,6.061438590738248,-6.061438590738248,0-250
TR-043480,Hartford,Albany,381.6,Dry Van,36523.0,2025-10-03,1.00227,1.93998,864.05,869.247511703725,5.197511703725013,-5.197511703725013,251-500
TR-043481,Tampa,Mobile,307.7,Dry Van,38420.0,2025-10-03,1.04221,1.55747,789.67,802.8495567429824,13.179556742982413,-13.179556742982413,251-500
TR-043482,Memphis,Bakersfield,1858.7,Dry Van,33380.0,2025-10-03,1.0496,2.23385,3694.25,3676.8740569308493,17.375943069150708,17.375943069150708,1500+
TR-043483,Toledo,Albuquerque,1653.9,Dry Van,28439.0,2025-10-03,1.04396,2.30535,3102.58,3255.5902042276593,153.01020422765941,-153.01020422765941,1500+
TR-043484,Dayton,San Antonio,1200.6,Reefer,39490.0,2025-10-03,1.02643,1.78737,2760.6,2790.262953119028,29.662953119028316,-29.662953119028316,1001-1500
TR-043485,Washington,Fort Wayne,568.2,Reefer,31300.0,2025-10-03,1.09614,1.78715,1347.45,1344.6514069060772,2.7985930939228183,2.7985930939228183,501-750
TR-043486,Jacksonville,Toledo,843.9,Dry Van,26490.0,2025-10-03,1.02474,2.1449,1703.91,1695.2114702923886,8.698529707611442,8.698529707611442,751-1000
TR-043487,Milwaukee,Buffalo,636.2,Dry Van,38032.0,2025-10-03,1.02104,2.05003,1365.42,1354.4287140316208,10.991285968379316,10.991285968379316,501-750
TR-043488,El Paso,Baton Rouge,1227.9,Dry Van,44189.0,2025-10-03,1.02755,1.99459,2648.98,2579.472719778236,69.50728022176418,69.50728022176418,1001-1500
TR-043489,Savannah,Boston,955.3,Flatbed,33172.0,2025-10-03,1.0558,1.90793,2110.12,2171.063179483289,60.943179483288986,-60.943179483288986,751-1000
TR-043490,Memphis,Grand Rapids,686.8,Reefer,15578.0,2025-10-03,1.01779,1.93334,1536.64,1556.1411568171732,19.50115681717307,-19.50115681717307,501-750
TR-043491,Columbia,Indianapolis,494.1,Dry Van,36319.0,2025-10-03,1.03321,1.89244,1116.63,1107.986859956395,8.643140043605172,8.643140043605172,251-500
TR-043492,Tucson,Tampa,1880.5,Dry Van,31496.0,2025-10-03,1.04954,2.12207,3806.59,3722.6437992912033,83.94620070879682,83.94620070879682,1500+
TR-043493,San Antonio,Atlanta,958.2,Dry Van,39121.0,2025-10-03,1.02748,1.95287,2122.53,2063.7710367875125,58.75896321248774,58.75896321248774,751-1000
TR-043494,Charleston,Milwaukee,717.3,Dry Van,29496.0,2025-10-03,1.0146,2.03362,1531.3,1494.7734385698063,36.526561430193624,36.526561430193624,501-750
TR-043495,Kansas City,Providence,1363.9,Dry Van,36130.0,2025-10-03,1.02457,2.1221,2744.43,2716.895397397549,27.534602602450832,27.534602602450832,1001-1500
TR-043496,Charleston,Reno,2512.7,Dry Van,25011.0,2025-10-03,1.0637,2.3662,4490.45,4544.269713867125,53.81971386712485,-53.81971386712485,1500+
TR-043497,Hartford,Raleigh,497.6,Flatbed,21469.0,2025-10-03,1.02562,1.89576,1104.16,1146.869036310648,42.70903631064789,-42.70903631064789,251-500
TR-043498,Montgomery,Houston,608.4,Flatbed,30000.0,2025-10-03,1.05123,1.81806,1433.36,1499.3581401257522,65.99814012575234,-65.99814012575234,501-750
TR-043499,Columbia,Philadelphia,776.9,Dry Van,40932.0,2025-10-03,1.05632,2.00632,1645.35,1648.8115962273832,3.4615962273833247,-3.4615962273833247,751-1000
TR-043500,Lubbock,Los Angeles,1192.5,Reefer,18368.0,2025-10-03,1.05072,1.88677,2662.01,2664.320667818943,2.310667818942875,-2.310667818942875,1001-1500
TR-043501,San Antonio,Grand Rapids,1374.7,Flatbed,31496.0,2025-10-03,1.03423,2.05242,2864.16,2921.744391050455,57.584391050455,-57.584391050455,1001-1500
TR-043502,Grand Rapids,Milwaukee,352.4,Dry Van,28834.0,2025-10-03,1.0283,1.79129,815.37,808.1108399015096,7.2591600984903835,7.2591600984903835,251-500
TR-043503,Baton Rouge,Providence,1701.7,Flatbed,23216.0,2025-10-03,1.01043,2.05586,3618.39,3622.9791642842483,4.589164284248454,-4.589164284248454,1500+
TR-043504,Dallas,Greensboro,853.4,Dry Van,21436.0,2025-10-03,1.04801,2.14179,1740.91,1761.75767766359,20.84767766358982,-20.84767766358982,751-1000
TR-043505,Little Rock,Grand Rapids,842.0,Reefer,23531.0,2025-10-03,1.05592,1.8217,1969.27,1886.3916307017384,82.87836929826153,82.87836929826153,751-1000
TR-043506,Nashville,Philadelphia,1038.6,Dry Van,33634.0,2025-10-03,1.03325,2.04959,2147.08,2124.1606123690417,22.919387630958227,22.919387630958227,1001-1500
TR-043507,Bakersfield,Memphis,1731.6,Flatbed,34751.0,2025-10-03,1.03054,1.9704,3819.43,3796.4491399958097,22.980860004190163,22.980860004190163,1500+
TR-043508,Amarillo,Syracuse,1910.1,Reefer,46203.0,2025-10-03,1.08281,1.93439,4201.07,4242.450592099778,41.38059209977837,-41.38059209977837,1500+
TR-043509,Kansas City,Reno,1678.9,Reefer,28980.0,2025-10-03,1.02435,2.02094,3590.52,3687.7486073959753,97.22860739597536,-97.22860739597536,1500+
TR-043510,Lexington,Lubbock,1160.4,Dry Van,22295.0,2025-10-03,1.01891,2.0776,2398.53,2412.717660373111,14.187660373110702,-14.187660373110702,1001-1500
TR-043511,Columbia,Syracuse,764.2,Reefer,23028.0,2025-10-03,1.06995,1.93389,1711.77,1722.9270184115135,11.15701841151349,-11.15701841151349,751-1000
TR-043512,Atlanta,Montgomery,305.5,Dry Van,38197.0,2025-10-03,0.9965,1.61568,774.59,775.7259275588963,1.1359275588962419,-1.1359275588962419,251-500
TR-043513,Fresno,Syracuse,2766.0,Reefer,22459.0,2025-10-03,1.012,2.1584,5521.8,5416.592547622375,105.20745237762549,105.20745237762549,1500+
TR-043514,Albuquerque,Greensboro,1771.2,Reefer,18507.0,2025-10-03,1.0558,2.13931,3646.15,3749.945936867423,103.79593686742282,-103.79593686742282,1500+
TR-043515,Richmond,Memphis,868.3,Reefer,37276.0,2025-10-03,1.02278,1.71532,2132.15,2061.831826018223,70.31817398177691,70.31817398177691,751-1000
TR-043516,Philadelphia,Albuquerque,2312.2,Flatbed,36485.0,2025-10-03,1.01109,2.07055,4849.98,4833.147303457535,16.832696542464873,16.832696542464873,1500+
TR-043517,Austin,Oklahoma City,240.5,Dry Van,17838.0,2025-10-03,1.01925,1.55068,620.43,629.5216680451056,9.09166804510562,-9.09166804510562,0-250
TR-043518,Chattanooga,Milwaukee,365.5,Reefer,37167.0,2025-10-03,0.9825,1.38012,1011.24,948.563742081561,62.67625791843898,62.67625791843898,251-500
TR-043519,Philadelphia,Lexington,808.0,Dry Van,15878.0,2025-10-03,1.05678,2.13721,1629.83,1607.873358148037,21.956641851963013,21.956641851963013,751-1000
TR-043520,Jacksonville,San Francisco,2505.2,Dry Van,27928.0,2025-10-03,1.00551,2.28078,4652.93,4625.385476482397,27.54452351760301,27.54452351760301,1500+
TR-043521,Memphis,Toledo,615.0,Dry Van,37730.0,2025-10-03,1.03757,1.87919,1385.93,1352.9117473620795,33.01825263792057,33.01825263792057,501-750
TR-043522,Madison,Baltimore,1104.3,Dry Van,29099.0,2025-10-03,0.99521,2.15513,2201.44,2183.28212534023,18.157874659770187,18.157874659770187,1001-1500
TR-043523,Cincinnati,Bakersfield,1955.1,Flatbed,31574.0,2025-10-03,1.08371,2.10453,4040.38,4203.321562830669,162.94156283066877,-162.94156283066877,1500+
TR-043524,Baton Rouge,Nashville,507.9,Dry Van,28526.0,2025-10-03,0.99816,1.76001,1176.24,1138.024413074393,38.21558692560711,38.21558692560711,501-750
TR-043525,Las Vegas,Bakersfield,111.7,Dry Van,47500.0,2025-10-03,1.00714,1.1955,323.69,302.26643139220005,21.42356860779995,21.42356860779995,0-250
TR-043526,Phoenix,Boston,3147.1,Dry Van,21344.0,2025-10-03,1.04028,2.39877,5465.63,5362.938140266801,102.69185973319873,102.69185973319873,1500+
TR-043527,San Antonio,New York,1804.0,Dry Van,40084.0,2025-10-03,1.02607,2.16967,3633.88,3629.344836198067,4.535163801933322,4.535163801933322,1500+
TR-043528,Albuquerque,Hartford,2291.5,Dry Van,27359.0,2025-10-03,0.98367,2.37346,4131.55,4271.680808391213,140.13080839121267,-140.13080839121267,1500+
TR-043529,Greensboro,Tulsa,860.4,Dry Van,36057.0,2025-10-03,1.05851,1.94626,1913.02,1893.2562132626533,19.763786737346663,19.763786737346663,751-1000
TR-043530,Cincinnati,Fresno,2242.9,Dry Van,37961.0,2025-10-03,1.07334,2.25615,4305.39,4352.448935287732,47.0589352877314,-47.0589352877314,1500+
TR-043531,Detroit,Montgomery,1000.5,Dry Van,40457.0,2025-10-03,1.0425,2.12202,2020.28,2077.928638339625,57.64863833962522,-57.64863833962522,1001-1500
TR-043532,Nashville,Shreveport,359.6,Dry Van,34136.0,2025-10-03,1.00957,1.60465,920.36,875.8895244701924,44.47047552980757,44.47047552980757,251-500
TR-043533,Columbia,Bakersfield,2260.6,Reefer,39851.0,2025-10-03,1.0643,1.94528,4962.26,4765.970856973586,196.28914302641442,196.28914302641442,1500+
TR-043534,Lexington,Fresno,2291.3,Dry Van,36716.0,2025-10-03,1.03964,2.23904,4484.17,4470.8341370183,13.335862981700302,13.335862981700302,1500+
TR-043535,New York,Montgomery,1085.2,Dry Van,42845.0,2025-10-03,1.02694,2.02773,2279.97,2249.3117580141607,30.65824198583914,30.65824198583914,1001-1500
TR-043536,Greensboro,Lubbock,1276.7,Dry Van,32070.0,2025-10-03,1.10631,2.0645,2676.0,2642.0806252692437,33.91937473075632,33.91937473075632,1001-1500
TR-043537,Hartford,Baton Rouge,1561.9,Flatbed,18518.0,2025-10-03,1.03049,2.1145,3216.36,3233.702287781225,17.342287781224968,-17.342287781224968,1500+
TR-043538,Tulsa,Hartford,1537.0,Dry Van,12766.0,2025-10-03,1.05645,2.27639,2925.73,3005.3372411045857,79.60724110458568,-79.60724110458568,1500+
TR-043539,Phoenix,Toledo,2303.4,Reefer,38370.0,2025-10-03,1.04346,1.86005,5231.69,4921.386230643013,310.3037693569868,310.3037693569868,1500+
TR-043540,Milwaukee,Bakersfield,1893.0,Dry Van,30760.0,2025-10-03,1.08079,2.22972,17514.11,3741.7096572664846,13772.400342733516,13772.400342733516,1500+
TR-043541,Oklahoma City,Dayton,1066.7,Dry Van,24309.0,2025-10-03,1.06066,2.15605,2131.74,2162.951718102418,31.211718102418217,-31.211718102418217,1001-1500
TR-043542,Albuquerque,Reno,676.7,Dry Van,26674.0,2025-10-03,1.04766,2.05073,1419.12,1410.1722150423147,8.947784957685144,8.947784957685144,501-750
TR-043543,New York,Columbia,760.2,Dry Van,33155.0,2025-10-03,1.00591,2.05002,1590.91,1622.2643301386108,31.35433013861075,-31.35433013861075,751-1000
TR-043544,San Antonio,El Paso,885.6,Reefer,30576.0,2025-10-03,1.04185,1.78796,2135.05,2133.0695182047293,1.9804817952708618,1.9804817952708618,751-1000
TR-043545,Fort Wayne,Tucson,1995.2,Dry Van,33980.0,2025-10-03,1.04351,2.25254,3795.8,3922.723474229767,126.92347422976673,-126.92347422976673,1500+
TR-043546,Mobile,Memphis,325.7,Dry Van,37856.0,2025-10-03,1.05863,1.58622,841.39,838.3204905017054,3.0695094982945648,3.0695094982945648,251-500
TR-043547,Amarillo,Baton Rouge,863.5,Dry Van,32915.0,2025-10-03,1.02527,1.99773,1881.14,1895.1619412412092,14.021941241209106,-14.021941241209106,751-1000
TR-043548,Kansas City,Albany,1274.1,Dry Van,39573.0,2025-10-03,1.0266,2.15256,2584.5,2526.487031941138,58.01296805886204,58.01296805886204,1001-1500
TR-043549,Phoenix,Tampa,2111.2,Dry Van,22378.0,2025-10-03,0.99656,2.31216,3867.37,3839.096033032005,28.273966967994966,28.273966967994966,1500+
TR-043550,Dallas,Dayton,868.7,Flatbed,30321.0,2025-10-03,1.02583,1.85036,1992.33,1971.0779484102354,21.252051589764505,21.252051589764505,751-1000
TR-043551,New York,Houston,1510.0,Dry Van,17306.0,2025-10-03,1.00195,2.18241,2854.85,2910.077086850539,55.22708685053931,-55.22708685053931,1500+
TR-043552,Atlanta,Memphis,257.5,Dry Van,19911.0,2025-10-03,1.02768,1.66877,634.0,634.8287235890386,0.8287235890386455,-0.8287235890386455,251-500
TR-043553,Shreveport,San Francisco,1985.3,Reefer,27129.0,2025-10-03,1.02416,1.94154,4305.52,4284.5329430002475,20.987056999752895,20.987056999752895,1500+
TR-043554,Kansas City,Cincinnati,343.0,Flatbed,42813.0,2025-10-03,1.01224,1.53323,896.64,885.005321526191,11.634678473809004,11.634678473809004,251-500
TR-043555,Richmond,Buffalo,339.5,Dry Van,22519.0,2025-10-03,1.02529,1.99026,750.47,747.9909665109097,2.479033489090284,2.479033489090284,251-500
TR-043556,Green Bay,Houston,1204.9,Dry Van,26246.0,2025-10-03,1.04179,2.12313,2426.3,2399.8602487167914,26.439751283208807,26.439751283208807,1001-1500
TR-043557,Toledo,Bakersfield,2173.9,Dry Van,24981.0,2025-10-03,0.99874,2.37792,3888.25,3940.612343534529,52.36234353452892,-52.36234353452892,1500+
TR-043558,Baltimore,Cincinnati,922.6,Dry Van,47500.0,2025-10-03,1.00779,1.97646,2007.17,1920.3145870088902,86.85541299110992,86.85541299110992,751-1000
TR-043559,Reno,Louisville,1992.9,Dry Van,38208.0,2025-10-03,1.02881,2.13704,3858.38,3884.864759890246,26.484759890246096,-26.484759890246096,1500+
TR-043560,Jacksonville,Savannah,218.0,Dry Van,42707.0,2025-10-03,1.06169,1.30647,620.2,579.092785577321,41.10721442267902,41.10721442267902,0-250
TR-043561,Albany,Los Angeles,3296.4,Dry Van,34144.0,2025-10-03,1.01847,2.35677,5909.05,5745.527387804653,163.5226121953474,163.5226121953474,1500+
TR-043562,Baltimore,Tucson,2736.2,Dry Van,19753.0,2025-10-03,1.06036,2.38756,4774.43,4954.513487478554,180.08348747855416,-180.08348747855416,1500+
TR-043563,Buffalo,Indianapolis,686.0,Reefer,39519.0,2025-10-03,1.03356,1.68703,1693.26,1631.0343487528066,62.225651247193355,62.225651247193355,501-750
TR-043564,Lubbock,Louisville,1019.9,Dry Van,22759.0,2025-10-03,1.03386,2.15641,2056.32,2062.4214062987176,6.101406298717393,-6.101406298717393,1001-1500
TR-043565,Fresno,Bakersfield,228.3,Dry Van,34961.0,2025-10-03,1.04365,1.5122,602.77,575.4430467163428,27.32695328365719,27.32695328365719,0-250
TR-043566,Tampa,Montgomery,267.3,Dry Van,25730.0,2025-10-03,1.04814,1.74361,649.32,658.8501473283982,9.53014732839813,-9.53014732839813,251-500
TR-043567,Birmingham,San Francisco,2253.6,Flatbed,26366.0,2025-10-03,0.99565,2.05062,4603.49,4454.649477049772,148.84052295022775,148.84052295022775,1500+
TR-043568,Jacksonville,Oklahoma City,970.5,Dry Van,37887.0,2025-10-03,1.02496,2.01327,2092.92,2187.81532275629,94.89532275628972,-94.89532275628972,751-1000
TR-043569,Houston,Montgomery,622.8,Reefer,29195.0,2025-10-03,1.03378,1.59593,1619.31,1542.5188516639685,76.79114833603148,76.79114833603148,501-750
TR-043570,Mobile,Fort Wayne,813.8,Reefer,34172.0,2025-10-03,0.98193,1.69632,1988.15,1917.0962362657958,71.05376373420427,71.05376373420427,751-1000
TR-043571,Kansas City,Columbia,638.3,Dry Van,37278.0,2025-10-03,1.03087,1.961,1403.26,1391.0039605081624,12.256039491837555,12.256039491837555,501-750
TR-043572,Raleigh,Tampa,864.1,Dry Van,20428.0,2025-10-03,1.0236,2.18729,1748.97,1769.7650693087091,20.795069308709117,-20.795069308709117,751-1000
TR-043573,Mobile,Indianapolis,542.4,Flatbed,24107.0,2025-10-03,1.02066,1.83805,1277.48,1289.8669852483438,12.386985248343763,-12.386985248343763,501-750
TR-043574,Nashville,Lexington,274.3,Dry Van,25788.0,2025-10-03,1.0344,1.62973,678.25,658.6939559072109,19.55604409278908,19.55604409278908,251-500
TR-043575,Toledo,Mobile,835.5,Dry Van,31908.0,2025-10-03,1.01712,2.11165,1704.81,1727.535266470055,22.725266470054976,-22.725266470054976,751-1000
TR-043576,Milwaukee,Savannah,644.1,Flatbed,29562.0,2025-10-03,1.04538,1.83159,1501.24,1455.515808097728,45.72419190227197,45.72419190227197,501-750
TR-043577,Tulsa,Bakersfield,1497.0,Flatbed,31496.0,2025-10-03,1.01851,1.98277,3245.38,3252.6120899230928,7.232089923092644,-7.232089923092644,1001-1500
TR-043578,Reno,Little Rock,1783.4,Flatbed,47500.0,2025-10-03,1.04048,1.9391,3858.97,3817.6579066361624,41.31209336383745,41.31209336383745,1500+
TR-043579,Fresno,Tulsa,1675.9,Dry Van,16375.0,2025-10-03,0.98126,2.25066,3163.93,3282.637391219016,118.70739121901624,-118.70739121901624,1500+
TR-043580,El Paso,Greensboro,1815.5,Reefer,47500.0,2025-10-03,1.00891,1.8758,4077.19,4070.805373271883,6.3846267281169276,6.3846267281169276,1500+
TR-043581,Grand Rapids,Hartford,907.8,Reefer,35629.0,2025-10-03,1.02697,1.87308,2037.82,2093.186373051431,55.36637305143108,-55.36637305143108,751-1000
TR-043582,Reno,San Antonio,1604.3,Reefer,43049.0,2025-10-03,1.04168,1.92176,3653.22,3685.81640105159,32.59640105159042,-32.59640105159042,1500+
TR-043583,Mobile,Los Angeles,2013.9,Reefer,23126.0,2025-10-03,1.04574,2.06476,4179.42,4253.653274691076,74.23327469107608,-74.23327469107608,1500+
TR-043584,Nashville,Fresno,2118.1,Dry Van,37793.0,2025-10-03,1.05392,2.17711,4155.33,4111.012946630866,44.317053369133646,44.317053369133646,1500+
TR-043585,Toledo,Greensboro,484.7,Reefer,21523.0,2025-10-03,1.05271,1.78359,1141.76,1153.4549601514036,11.69496015140362,-11.69496015140362,251-500
TR-043586,Columbia,Cincinnati,313.5,Dry Van,22242.0,2025-10-03,1.02783,1.83943,729.41,730.2520774773171,0.8420774773171615,-0.8420774773171615,251-500
TR-043587,Hartford,Atlanta,1010.5,Dry Van,39437.0,2025-10-03,1.01623,2.08505,2059.41,2079.8094059739,20.39940597390023,-20.39940597390023,1001-1500
TR-043588,Jacksonville,Kansas City,757.1,Dry Van,20639.0,2025-10-03,1.02508,2.10948,1550.98,1547.4158708769817,3.564129123018347,3.564129123018347,751-1000
TR-043589,Louisville,Kansas City,314.3,Reefer,21914.0,2025-10-03,1.03167,1.47409,846.72,812.0552127726193,34.66478722738077,34.66478722738077,251-500
TR-043590,Bakersfield,Greensboro,2231.9,Dry Van,47500.0,2025-10-03,1.08916,2.19235,4391.59,4304.346112350269,87.24388764973082,87.24388764973082,1500+
TR-043591,San Francisco,Raleigh,2900.8,Reefer,32143.0,2025-10-03,1.08279,2.0617,6011.56,5675.411606417913,336.148393582087,336.148393582087,1500+
TR-043592,Indianapolis,Louisville,127.8,Dry Van,30145.0,2025-10-03,1.02241,1.33828,360.5,335.76897597032723,24.731024029672767,24.731024029672767,0-250
TR-043593,Tucson,Dayton,1952.6,Dry Van,33990.0,2025-10-03,0.97767,2.2775,3719.42,3840.3790047372736,120.95900473727352,-120.95900473727352,1500+
TR-043594,Raleigh,Lexington,533.1,Dry Van,16040.0,2025-10-03,1.05292,2.02483,1138.44,1134.671614599356,3.7683854006440924,3.7683854006440924,501-750
TR-043595,Lexington,Houston,826.3,Dry Van,41977.0,2025-10-03,1.01754,1.97567,1815.62,1802.9657585293235,12.654241470676425,12.654241470676425,751-1000
TR-043596,Shreveport,Los Angeles,1714.7,Dry Van,37347.0,2025-10-03,1.04057,2.14108,3392.57,3597.9711805313036,205.40118053130345,-205.40118053130345,1500+
TR-043597,El Paso,Lubbock,814.1,Flatbed,46216.0,2025-10-03,1.01701,1.64837,2040.58,1925.880897802438,114.69910219756184,114.69910219756184,751-1000
TR-043598,San Antonio,Savannah,1129.1,Dry Van,35282.0,2025-10-03,1.09031,2.0787,2373.1,2415.219249314527,42.119249314527224,-42.119249314527224,1001-1500
TR-043599,Atlanta,Phoenix,2040.6,Dry Van,29731.0,2025-10-03,1.03923,2.23844,3871.02,3919.260347540084,48.2403475400838,-48.2403475400838,1500+
TR-043600,Nashville,Green Bay,740.1,Reefer,47500.0,2025-10-03,1.01655,1.71683,1782.45,1764.1599367208328,18.29006327916727,18.29006327916727,501-750
TR-043601,Salt Lake City,Columbia,2025.3,Dry Van,31020.0,2025-10-03,1.00557,2.16554,4020.29,3870.2873556858235,150.00264431417645,150.00264431417645,1500+
TR-043602,Harrisburg,Grand Rapids,592.0,Flatbed,32737.0,2025-10-03,1.02576,1.9509,1312.03,1376.1596566209073,64.12965662090733,-64.12965662090733,501-750
TR-043603,Baton Rouge,Raleigh,1105.1,Dry Van,36915.0,2025-10-03,1.05891,2.02561,2342.27,2312.113664120445,30.156335879555172,30.156335879555172,1001-1500
TR-043604,Tucson,Kansas City,1565.9,Dry Van,41548.0,2025-10-03,1.00894,2.05183,3220.84,3161.092145480179,59.747854519820976,59.747854519820976,1500+
TR-043605,Austin,Bakersfield,1213.8,Flatbed,31496.0,2025-10-03,1.02799,1.91417,2734.86,2698.2701377860017,36.58986221399846,36.58986221399846,1001-1500
TR-043606,Salt Lake City,Syracuse,2292.4,Dry Van,45259.0,2025-10-03,0.97731,2.25517,4300.69,4378.75203354432,78.06203354432,-78.06203354432,1500+
TR-043607,Indianapolis,Phoenix,1921.8,Reefer,46291.0,2025-10-03,1.06042,1.92295,4309.19,4411.810843896774,102.6208438967742,-102.6208438967742,1500+
TR-043608,Lubbock,Lexington,1176.4,Reefer,32901.0,2025-10-03,1.0504,1.76952,2768.84,2753.335536924852,15.504463075148124,15.504463075148124,1001-1500
TR-043609,Providence,Reno,3096.5,Dry Van,13195.0,2025-10-03,1.04497,2.41687,5421.97,5144.851636683452,277.1183633165483,277.1183633165483,1500+
TR-043610,Chattanooga,Phoenix,2071.7,Dry Van,36096.0,2025-10-03,1.0392,2.21139,4008.9,4025.497193075288,16.597193075288033,-16.597193075288033,1500+
TR-043611,Fort Wayne,Memphis,534.0,Dry Van,27828.0,2025-10-03,1.04492,1.93168,1170.72,1164.2514328836967,6.468567116303348,6.468567116303348,501-750
TR-043612,Philadelphia,Tucson,2696.2,Flatbed,27227.0,2025-10-03,1.04465,2.24391,5165.38,5340.536827365405,175.15682736540475,-175.15682736540475,1500+
TR-043613,Tucson,Bakersfield,321.3,Reefer,40694.0,2025-10-03,0.99948,1.31615,903.02,893.4869135828268,9.533086417173195,9.533086417173195,251-500
TR-043614,Oklahoma City,Nashville,784.4,Dry Van,20052.0,2025-10-03,1.05727,2.0653,1652.81,1656.493731691213,3.6837316912130973,-3.6837316912130973,751-1000
TR-043615,Los Angeles,Fresno,439.7,Dry Van,21432.0,2025-10-03,1.00564,1.94533,953.94,965.582443680937,11.642443680936935,-11.642443680936935,251-500
TR-043616,Columbia,Hartford,826.0,Flatbed,33619.0,2025-10-03,1.04069,1.91789,1842.01,1854.3977737649748,12.387773764974781,-12.387773764974781,751-1000
TR-043617,Shreveport,Oklahoma City,448.4,Dry Van,25390.0,2025-10-03,1.01391,1.84225,1055.81,1028.2623257127955,27.547674287204472,27.547674287204472,251-500
TR-043618,Chattanooga,Albany,1234.9,Dry Van,30196.0,2025-10-03,1.06045,2.10385,2471.27,2447.9923085940763,23.277691405923633,23.277691405923633,1001-1500
TR-043619,Grand Rapids,Baton Rouge,1123.5,Reefer,33335.0,2025-10-03,1.02427,1.71599,2713.34,2638.512564829926,74.8274351700743,74.8274351700743,1001-1500
TR-043620,Lexington,Tulsa,728.8,Dry Van,41886.0,2025-10-03,1.05743,1.86761,1681.52,1601.5424995252527,79.97750047474733,79.97750047474733,501-750
TR-043621,San Francisco,Lubbock,1562.4,Dry Van,28619.0,2025-10-03,1.05195,2.16346,3102.36,3100.9750773435894,1.3849226564107084,1.3849226564107084,1500+
TR-043622,Grand Rapids,Jacksonville,953.6,Dry Van,42675.0,2025-10-03,0.99619,2.08126,1954.35,1977.2075191269616,22.857519126961733,-22.857519126961733,751-1000
TR-043623,Boston,Fort Wayne,988.9,Dry Van,39043.0,2025-10-03,0.9969,2.03688,2099.59,2048.63338572859,50.95661427141022,50.95661427141022,751-1000
TR-043624,Hartford,Tucson,2866.1,Reefer,39931.0,2025-10-03,1.05795,1.94542,6260.64,5981.73081742565,278.9091825743508,278.9091825743508,1500+
TR-043625,San Antonio,Bakersfield,1306.6,Dry Van,24962.0,2025-10-03,1.04615,2.21374,2574.34,2601.328001745987,26.98800174598682,-26.98800174598682,1001-1500
TR-043626,Jacksonville,Hartford,1047.1,Dry Van,42137.0,2025-10-03,0.99851,2.05504,2164.69,2248.7313168742457,84.0413168742457,-84.0413168742457,1001-1500
TR-043627,Fort Wayne,Lexington,355.5,Flatbed,39069.0,2025-10-03,1.07118,1.5779,920.52,901.8824054022233,18.637594597776683,18.637594597776683,251-500
TR-043628,New York,Cincinnati,855.6,Reefer,22358.0,2025-10-03,0.99229,1.91737,1923.65,1901.3098938097692,22.340106190230927,22.340106190230927,751-1000
TR-043629,Toledo,Montgomery,872.7,Flatbed,39424.0,2025-10-03,1.0239,1.85675,1990.73,1973.0867882552845,17.643211744715472,17.643211744715472,751-1000
TR-043630,Dayton,Montgomery,709.9,Flatbed,27384.0,2025-10-03,1.04331,1.84821,1664.69,1564.5895924852089,100.10040751479119,100.10040751479119,501-750
TR-043631,Nashville,Tulsa,488.3,Dry Van,30770.0,2025-10-03,1.01941,1.80147,1137.99,1114.2479822797156,23.742017720284366,23.742017720284366,251-500
TR-043632,Milwaukee,Savannah,645.1,Flatbed,31866.0,2025-10-03,1.05228,1.86591,1504.21,1472.2139390663638,31.996060933636272,31.996060933636272,501-750
TR-043633,Amarillo,Tucson,656.0,Dry Van,38431.0,2025-10-03,1.03028,1.94268,1469.29,1427.0988695819824,42.191130418017565,42.191130418017565,501-750
TR-043634,Milwaukee,Little Rock,505.5,Dry Van,31650.0,2025-10-03,1.03549,1.84431,1151.86,1136.9115589864991,14.94844101350077,14.94844101350077,501-750
TR-043635,Atlanta,Dallas,629.3,Dry Van,30650.0,2025-10-03,0.98382,1.91008,1411.05,1373.0786857225369,37.97131427746308,37.97131427746308,501-750
TR-043636,Baton Rouge,Baltimore,1424.8,Dry Van,26811.0,2025-10-03,1.01791,2.23125,2798.24,2798.012589827581,0.2274101724187858,0.2274101724187858,1001-1500
TR-043637,El Paso,Richmond,2232.1,Dry Van,34769.0,2025-10-03,1.04215,2.1697,4336.33,4257.725876990771,78.60412300922872,78.60412300922872,1500+
TR-043638,Albany,Salt Lake City,2653.0,Dry Van,30718.0,2025-10-03,0.9838,2.38531,4743.68,4986.0755563633975,242.3955563633972,-242.3955563633972,1500+
TR-043639,Philadelphia,Amarillo,2114.2,Dry Van,27027.0,2025-10-03,1.06622,2.27042,3959.56,3943.4667737811587,16.09322621884121,16.09322621884121,1500+
TR-043640,Oklahoma City,Little Rock,509.0,Reefer,30157.0,2025-10-03,1.04835,1.46794,1369.01,1308.6934570251522,60.316542974847835,60.316542974847835,501-750
TR-043641,Lubbock,Buffalo,1629.0,Dry Van,29805.0,2025-10-04,0.92265,2.19749,3116.04,3177.546512191621,61.506512191620914,-61.506512191620914,1500+
TR-043642,Amarillo,Hartford,2173.0,Reefer,30059.0,2025-10-04,0.92964,2.02244,4712.14,4531.061515182143,181.07848481785732,181.07848481785732,1500+
TR-043643,Milwaukee,Baltimore,985.2,Dry Van,16150.0,2025-10-04,0.93795,2.21345,8236.26,1897.3936187935292,6338.8663812064715,6338.8663812064715,751-1000
TR-043644,Raleigh,Kansas City,937.3,Flatbed,38432.0,2025-10-04,0.91235,1.9018,2107.24,2076.0460105810103,31.19398941898953,31.19398941898953,751-1000
TR-043645,Richmond,Grand Rapids,723.3,Reefer,29585.0,2025-10-04,0.96722,1.85781,1636.11,1640.9393546564459,4.8293546564459575,-4.8293546564459575,501-750
TR-043646,Lexington,Bakersfield,2077.2,Reefer,32504.0,2025-10-04,0.9617,1.94883,4496.97,4353.888477397086,143.08152260291445,143.08152260291445,1500+
TR-043647,Amarillo,Shreveport,829.0,Dry Van,23460.0,2025-10-04,0.95213,2.08294,1760.84,1734.4724943951808,26.367505604819144,26.367505604819144,751-1000
TR-043648,Jacksonville,Atlanta,283.1,Dry Van,38421.0,2025-10-04,0.96841,1.64004,714.11,717.8345378866688,3.724537886668827,-3.724537886668827,251-500
TR-043649,St. Louis,Tucson,1705.1,Reefer,35420.0,2025-10-04,0.94226,1.99202,3624.75,3914.718603115457,289.968603115457,-289.968603115457,1500+
TR-043650,Phoenix,Columbia,2303.3,Reefer,28793.0,2025-10-04,0.92644,2.09689,4847.61,4765.7663687105105,81.84363128948917,81.84363128948917,1500+
TR-043651,Kansas City,Cincinnati,351.9,Dry Van,26265.0,2025-10-04,0.93117,1.81425,820.92,804.8344436335253,16.085556366474634,16.085556366474634,251-500
TR-043652,Cincinnati,Madison,428.0,Flatbed,14511.0,2025-10-04,0.95316,1.8453,993.82,996.1111023551857,2.2911023551856715,-2.2911023551856715,251-500
TR-043653,Green Bay,Bakersfield,2008.5,Dry Van,32984.0,2025-10-04,0.94274,2.33025,3708.06,3826.518961100378,118.45896110037802,-118.45896110037802,1500+
TR-043654,Baton Rouge,Green Bay,1140.5,Dry Van,41663.0,2025-10-04,0.944,2.02281,2419.17,2388.3100414595174,30.859958540482694,30.859958540482694,1001-1500
TR-043655,Cincinnati,Los Angeles,2044.1,Flatbed,25170.0,2025-10-04,0.96391,2.15432,4046.09,4057.1727257641887,11.08272576418858,-11.08272576418858,1500+
TR-043656,San Francisco,Syracuse,2883.7,Dry Van,26214.0,2025-10-04,0.94287,2.47232,4938.57,4871.267598479316,67.30240152068382,67.30240152068382,1500+
TR-043657,Reno,Mobile,2037.8,Flatbed,32518.0,2025-10-04,0.95489,2.16853,4076.29,4175.156968330121,98.86696833012138,-98.86696833012138,1500+
TR-043658,Oklahoma City,Grand Rapids,1248.7,Reefer,31870.0,2025-10-04,0.99037,1.94471,2792.04,2814.2321697098114,22.192169709811424,-22.192169709811424,1001-1500
TR-043659,Las Vegas,Lexington,2073.0,Dry Van,41993.0,2025-10-04,0.92896,2.18524,4024.07,3951.484506331721,72.58549366827901,72.58549366827901,1500+
TR-043660,Corpus Christi,Syracuse,1669.4,Dry Van,41048.0,2025-10-04,0.96225,2.08946,3412.66,3372.264490379214,40.395509620786015,40.395509620786015,1500+
TR-043661,Mobile,Dayton,684.3,Dry Van,28649.0,2025-10-04,0.96989,1.98307,1506.16,1437.9841677224142,68.17583227758587,68.17583227758587,501-750
TR-043662,Montgomery,Albany,1397.7,Dry Van,40040.0,2025-10-04,0.94985,2.12119,2798.93,2801.259728945203,2.3297289452029872,-2.3297289452029872,1001-1500
TR-043663,Reno,Mobile,1993.5,Flatbed,31801.0,2025-10-04,0.9569,2.12229,4036.53,4138.629861679553,102.09986167955276,-102.09986167955276,1500+
TR-043664,Albany,Dayton,940.6,Dry Van,29313.0,2025-10-04,0.94237,2.1306,1861.61,1839.5187306446728,22.091269355327086,22.091269355327086,751-1000
TR-043665,Grand Rapids,Chattanooga,662.7,Dry Van,28146.0,2025-10-04,0.96385,2.03425,1419.09,1331.1734480717957,87.91655192820417,87.91655192820417,501-750
TR-043666,Lexington,Richmond,560.8,Flatbed,34769.0,2025-10-04,0.93671,1.78367,1329.77,1295.8495809601022,33.92041903989775,33.92041903989775,501-750
TR-043667,Grand Rapids,Philadelphia,886.2,Dry Van,31413.0,2025-10-04,0.93809,2.15304,1776.12,1781.0875296792742,4.967529679274321,-4.967529679274321,751-1000
TR-043668,Raleigh,Montgomery,694.1,Flatbed,30808.0,2025-10-04,0.95652,1.8477,1577.96,1579.6996315559381,1.7396315559381037,-1.7396315559381037,501-750
TR-043669,Albuquerque,Harrisburg,2046.0,Reefer,47500.0,2025-10-04,0.88376,2.0284,4340.8,4337.229764143775,3.5702358562248264,3.5702358562248264,1500+
TR-043670,Austin,Buffalo,1686.4,Reefer,35837.0,2025-10-04,0.95106,1.88497,3787.11,3758.2654073647345,28.8445926352656,28.8445926352656,1500+
TR-043671,Houston,Reno,1708.9,Dry Van,29446.0,2025-10-04,0.91831,2.25216,3276.76,3399.7474397790256,122.98743977902541,-122.98743977902541,1500+
TR-043672,Baton Rouge,Reno,1789.5,Dry Van,38510.0,2025-10-04,0.94947,2.20729,3482.73,3547.167576799207,64.43757679920691,-64.43757679920691,1500+
TR-043673,Fort Wayne,Providence,1061.1,Flatbed,28628.0,2025-10-04,0.95932,2.05815,2257.75,2316.9018537277166,59.15185372771657,-59.15185372771657,1001-1500
TR-043674,Milwaukee,Los Angeles,2071.4,Flatbed,44838.0,2025-10-04,0.90021,1.99833,1274.95,4236.508175764074,2961.558175764074,-2961.558175764074,1500+
TR-043675,Charleston,Green Bay,936.6,Flatbed,32626.0,2025-10-04,0.99699,1.96959,2050.65,2055.7963992205264,5.146399220526291,-5.146399220526291,751-1000
TR-043676,Grand Rapids,Green Bay,122.1,Dry Van,36364.0,2025-10-04,0.97737,1.42117,328.91,331.75379319247514,2.8437931924751183,-2.8437931924751183,0-250
TR-043677,Raleigh,Reno,2712.1,Flatbed,25682.0,2025-10-04,0.93596,2.23515,5235.99,5049.000694890518,186.9893051094814,186.9893051094814,1500+
TR-043678,Grand Rapids,Hartford,890.2,Dry Van,23613.0,2025-10-04,0.94934,2.25679,1666.27,1750.6884265866431,84.41842658664314,-84.41842658664314,751-1000
TR-043679,Madison,Grand Rapids,269.9,Dry Van,31738.0,2025-10-04,0.97851,1.86789,620.95,643.1858508964244,22.23585089642438,-22.23585089642438,251-500
TR-043680,Savannah,Houston,893.4,Reefer,43026.0,2025-10-04,0.92807,1.64485,2192.5,2148.844527400903,43.65547259909681,43.65547259909681,751-1000
TR-043681,Memphis,Dallas,468.7,Reefer,15061.0,2025-10-04,0.9605,1.5438,1227.83,1162.3435370109644,65.48646298903554,65.48646298903554,251-500
TR-043682,Mobile,Madison,807.3,Flatbed,45024.0,2025-10-04,0.97979,1.86641,1880.52,1886.1473733762175,5.62737337621752,-5.62737337621752,751-1000
TR-043683,Charleston,Amarillo,1624.9,Dry Van,36278.0,2025-10-04,0.91048,2.06914,3260.47,3348.9345574470594,88.46455744705963,-88.46455744705963,1500+
TR-043684,Indianapolis,Savannah,596.5,Dry Van,47152.0,2025-10-04,0.93649,1.90053,1327.19,1328.0479506966228,0.8579506966227655,-0.8579506966227655,501-750
TR-043685,Dallas,Syracuse,1445.5,Reefer,42490.0,2025-10-04,0.93797,1.84475,3302.07,3238.4800877477805,63.58991225221962,63.58991225221962,1001-1500
TR-043686,Nashville,Little Rock,290.1,Reefer,28977.0,2025-10-04,0.93037,1.32141,823.97,776.9231866258441,47.04681337415593,47.04681337415593,251-500
TR-043687,San Antonio,Fresno,1491.4,Dry Van,34883.0,2025-10-04,0.91143,2.10516,3109.53,3004.1904312773677,105.33956872263252,105.33956872263252,1001-1500
TR-043688,Atlanta,Nashville,153.4,Flatbed,33072.0,2025-10-04,0.93591,1.11466,459.09,448.4165844235946,10.673415576405375,10.673415576405375,0-250
TR-043689,Bakersfield,Dallas,1515.7,Dry Van,15659.0,2025-10-04,0.96398,2.20124,2945.56,3007.640373516584,62.08037351658413,-62.08037351658413,1500+
TR-043690,New Orleans,San Antonio,507.9,Flatbed,45951.0,2025-10-04,0.89533,1.53856,1314.59,1273.0160303133182,41.57396968668172,41.57396968668172,501-750
TR-043691,New York,Greensboro,693.1,Flatbed,23068.0,2025-10-04,0.93519,1.99175,548.16,1492.5026808213224,944.3426808213225,-944.3426808213225,501-750
TR-043692,Austin,San Antonio,114.4,Flatbed,32560.0,2025-10-04,0.96673,0.9586,367.01,365.88290246451623,1.127097535483756,1.127097535483756,0-250
TR-043693,Philadelphia,Memphis,1108.6,Reefer,43097.0,2025-10-04,0.94629,1.87649,2476.11,2569.39425902153,93.28425902153003,-93.28425902153003,1001-1500
TR-043694,Toledo,Atlanta,587.1,Dry Van,46236.0,2025-10-04,0.9877,1.97727,1283.4,1306.926801176577,23.52680117657701,-23.52680117657701,501-750
TR-043695,Albany,San Antonio,2123.6,Flatbed,27283.0,2025-10-04,0.90134,2.13249,4203.77,4259.315318446382,55.545318446381316,-55.545318446381316,1500+
TR-043696,Fresno,El Paso,665.6,Dry Van,38942.0,2025-10-04,0.95537,1.96949,1475.54,1447.0882965665787,28.451703433421244,28.451703433421244,501-750
TR-043697,Indianapolis,Toledo,397.0,Reefer,34079.0,2025-10-04,0.91195,1.56314,1033.03,996.3284600431109,36.701539956889064,36.701539956889064,251-500
TR-043698,Nashville,Oklahoma City,748.7,Dry Van,30345.0,2025-10-04,0.97989,1.90646,1697.51,1624.2281198494927,73.28188015050728,73.28188015050728,501-750
TR-043699,Jacksonville,Baton Rouge,585.1,Dry Van,25629.0,2025-10-04,0.99748,1.88118,1321.52,1307.7263694258645,13.793630574135477,13.793630574135477,501-750
TR-043700,Grand Rapids,Memphis,650.5,Reefer,21089.0,2025-10-04,0.95287,1.83957,1474.42,1461.5947876053262,12.825212394673827,12.825212394673827,501-750
TR-043701,Milwaukee,Oklahoma City,889.0,Dry Van,21975.0,2025-10-04,0.93221,2.10768,1832.33,1796.7534054164755,35.57659458352441,35.57659458352441,751-1000
TR-043702,Charleston,Memphis,661.2,Reefer,25641.0,2025-10-04,0.91658,1.69846,1604.25,1502.3741261835507,101.87587381644926,101.87587381644926,501-750
TR-043703,St. Louis,Tulsa,519.4,Dry Van,30295.0,2025-10-04,0.90888,1.83679,1206.42,1158.3808470585504,48.03915294144963,48.03915294144963,501-750
TR-043704,Austin,Lubbock,70.0,Flatbed,31909.0,2025-10-04,0.91077,0.7816,236.92,264.2038189957924,27.283818995792416,-27.283818995792416,0-250
TR-043705,New York,Austin,1943.2,Reefer,37091.0,2025-10-04,0.92669,1.95753,785.33,4313.41809587179,3528.08809587179,-3528.08809587179,1500+
TR-043706,Jacksonville,Lexington,436.6,Dry Van,39209.0,2025-10-04,0.94271,1.82294,1021.77,1040.3804920488758,18.610492048875813,-18.610492048875813,251-500
TR-043707,San Antonio,Charleston,1398.2,Dry Van,26984.0,2025-10-04,0.91247,2.16857,2768.1,2733.1572078855384,34.942792114461554,34.942792114461554,1001-1500
TR-043708,Boston,Richmond,496.5,Flatbed,34406.0,2025-10-04,0.99039,1.73977,1208.93,1191.5703675077523,17.359632492247783,17.359632492247783,251-500
TR-043709,Philadelphia,Tucson,2641.3,Flatbed,30299.0,2025-10-04,0.96375,2.15642,5280.63,5234.879026899811,45.750973100189185,45.750973100189185,1500+
TR-043710,San Antonio,Indianapolis,985.1,Dry Van,45134.0,2025-10-04,0.97888,1.97154,2130.66,2093.365506115094,37.29449388490593,37.29449388490593,751-1000
TR-043711,Toledo,Atlanta,599.7,Dry Van,20469.0,2025-10-04,0.95998,2.14186,1231.13,1253.5255372676957,22.395537267695545,-22.395537267695545,501-750
TR-043712,Baton Rouge,Phoenix,1650.6,Reefer,47500.0,2025-10-04,0.91633,1.80282,3788.94,3765.719314591683,23.220685408316967,23.220685408316967,1500+
TR-043713,Nashville,Grand Rapids,661.9,Flatbed,41039.0,2025-10-04,0.91818,1.83318,1530.87,1475.4079834437784,55.46201655622144,55.46201655622144,501-750
TR-043714,Oklahoma City,Grand Rapids,1202.8,Flatbed,36412.0,2025-10-04,0.96941,1.89318,2663.29,2656.6981997579082,6.591800242091722,6.591800242091722,1001-1500
TR-043715,Houston,Richmond,1354.6,Dry Van,23220.0,2025-10-04,0.93197,2.24493,2579.7,2579.106701902768,0.5932980972320365,0.5932980972320365,1001-1500
TR-043716,Atlanta,Fort Wayne,540.1,Reefer,27561.0,2025-10-04,0.98464,1.70225,1324.87,1293.313616577558,31.556383422441968,31.556383422441968,501-750
TR-043717,Los Angeles,Dallas,1540.0,Reefer,22372.0,2025-10-04,0.94048,2.02672,3270.72,3345.4650738077203,74.74507380772047,-74.74507380772047,1500+
TR-043718,Providence,Phoenix,3143.8,Reefer,47500.0,2025-10-04,0.90176,2.06356,6619.87,6362.760931045845,257.1090689541552,257.1090689541552,1500+
TR-043719,Jacksonville,Atlanta,264.1,Dry Van,23454.0,2025-10-04,0.9092,1.64675,659.64,647.932792754679,11.707207245321001,11.707207245321001,251-500
TR-043720,Fresno,Columbia,2425.1,Reefer,37753.0,2025-10-04,0.94025,2.02279,5192.29,5076.06142418945,116.22857581054996,116.22857581054996,1500+
TR-043721,Tulsa,Washington,1231.7,Reefer,33286.0,2025-10-04,0.94395,1.90362,2769.33,2741.906596586903,27.42340341309682,27.42340341309682,1001-1500
TR-043722,San Antonio,Tucson,1052.4,Dry Van,43063.0,2025-10-04,0.91765,1.90395,2299.67,2285.3831041776025,14.286895822397582,14.286895822397582,1001-1500
TR-043723,Tucson,Las Vegas,254.3,Dry Van,33996.0,2025-10-04,0.95524,1.63818,628.7,650.7009200264539,22.000920026453855,-22.000920026453855,251-500
TR-043724,Shreveport,Cincinnati,529.6,Dry Van,37726.0,2025-10-04,0.96397,1.80315,1229.26,1216.4934308126226,12.7665691873774,12.7665691873774,501-750
TR-043725,El Paso,Hartford,2578.6,Reefer,36329.0,2025-10-04,0.9292,2.00811,5479.97,5463.515224163542,16.454775836457884,16.454775836457884,1500+
TR-043726,Madison,Los Angeles,2031.1,Dry Van,32987.0,2025-10-04,0.95742,2.25835,3853.49,3892.125516617415,38.635516617415306,-38.635516617415306,1500+
TR-043727,Reno,Toledo,2117.6,Dry Van,25124.0,2025-10-04,0.94851,2.37759,8592.93,3748.8326023027416,4844.097397697258,4844.097397697258,1500+
TR-043728,Nashville,Fort Wayne,516.9,Flatbed,32006.0,2025-10-04,0.95128,1.73787,1252.52,1208.8886123328618,43.63138766713814,43.63138766713814,501-750
TR-043729,Baton Rouge,Tulsa,298.9,Flatbed,39152.0,2025-10-04,0.96483,1.22597,878.24,844.0113671724571,34.228632827542924,34.228632827542924,251-500
TR-043730,Shreveport,Nashville,385.6,Dry Van,40284.0,2025-10-04,0.99181,1.57613,1000.57,938.7727615310849,61.79723846891511,61.79723846891511,251-500
TR-043731,Raleigh,Lexington,525.2,Dry Van,36164.0,2025-10-04,0.9117,1.89683,1173.39,1153.2587995625154,20.131200437484722,20.131200437484722,501-750
TR-043732,San Francisco,Providence,3228.2,Dry Van,22551.0,2025-10-04,0.94725,2.45816,5555.83,5307.914396350195,247.91560364980523,247.91560364980523,1500+
TR-043733,Washington,Mobile,935.5,Dry Van,34312.0,2025-10-04,0.89363,2.12148,1938.54,1930.5770872633682,7.962912736631779,7.962912736631779,751-1000
TR-043734,Baltimore,Washington,296.7,Dry Van,33734.0,2025-10-04,0.98104,1.63872,729.62,702.6783981480131,26.94160185198689,26.94160185198689,251-500
TR-043735,Bakersfield,Cincinnati,1977.2,Dry Van,40698.0,2025-10-04,0.92884,2.22935,3909.68,3890.863582987834,18.816417012165857,18.816417012165857,1500+
TR-043736,Cincinnati,Nashville,189.0,Flatbed,37010.0,2025-10-04,0.96758,1.22795,544.04,568.0957998158708,24.05579981587084,-24.05579981587084,0-250
TR-043737,Austin,San Antonio,111.0,Dry Van,24033.0,2025-10-04,0.95297,1.28497,311.38,283.94813340181344,27.43186659818656,27.43186659818656,0-250
TR-043738,Boston,Montgomery,1306.2,Dry Van,20550.0,2025-10-04,0.94061,2.19682,2523.73,2468.086116137575,55.6438838624249,55.6438838624249,1001-1500
TR-043739,Hartford,Reno,2899.8,Reefer,23167.0,2025-10-04,0.97024,2.23886,5601.89,5476.759534501716,125.13046549828414,125.13046549828414,1500+
TR-043740,Baltimore,Boston,245.7,Dry Van,23832.0,2025-10-04,0.95859,1.76889,584.56,579.2474114788259,5.312588521174007,5.312588521174007,0-250
TR-043741,Lexington,Baltimore,826.0,Reefer,33217.0,2025-10-04,0.98823,1.77349,1977.98,1942.9340939176652,35.045906082334795,35.045906082334795,751-1000
TR-043742,Mobile,Fort Wayne,815.0,Dry Van,34246.0,2025-10-04,0.94491,2.00013,1708.09,1693.974684978578,14.11531502142202,14.11531502142202,751-1000
TR-043743,Boston,Jacksonville,1166.9,Reefer,37265.0,2025-10-04,0.91361,1.81407,2682.14,2694.556595475845,12.416595475845043,-12.416595475845043,1001-1500
TR-043744,Mobile,Baton Rouge,332.8,Dry Van,29671.0,2025-10-04,0.95764,1.53015,850.3,831.0921336358731,19.207866364126858,19.207866364126858,251-500
TR-043745,Lubbock,Shreveport,559.0,Dry Van,19610.0,2025-10-04,0.95637,1.85676,1297.39,1208.9860614580386,88.40393854196145,88.40393854196145,501-750
TR-043746,New York,Bakersfield,2748.5,Dry Van,19620.0,2025-10-04,0.96599,2.3795,4845.69,4975.334932073293,129.6449320732936,-129.6449320732936,1500+
TR-043747,Dallas,Hartford,1603.8,Reefer,32443.0,2025-10-04,0.92302,1.96569,3598.91,3604.003872775728,5.093872775727959,-5.093872775727959,1500+
TR-043748,New York,El Paso,2405.0,Dry Van,25287.0,2025-10-04,0.95155,2.32374,4429.13,4483.745485741463,54.61548574146309,-54.61548574146309,1500+
TR-043749,Cincinnati,Nashville,201.0,Dry Van,34276.0,2025-10-04,0.92505,1.47022,533.64,551.71912928499,18.079129284990017,-18.079129284990017,0-250
TR-043750,Houston,Providence,1800.5,Reefer,18393.0,2025-10-04,0.93008,1.99285,3891.84,3784.80999828847,107.03000171153008,107.03000171153008,1500+
TR-043751,Fort Wayne,Baton Rouge,1026.7,Reefer,23664.0,2025-10-04,0.90865,1.87056,2290.3,2306.080286288165,15.780286288164916,-15.780286288164916,1001-1500
TR-043752,Chattanooga,Memphis,166.0,Flatbed,24412.0,2025-10-04,0.95931,1.3142,475.85,476.27050606791823,0.4205060679182111,-0.4205060679182111,0-250
TR-043753,Phoenix,Chattanooga,1970.2,Dry Van,36816.0,2025-10-04,0.94557,2.24461,3865.88,3868.3189078449454,2.4389078449453336,-2.4389078449453336,1500+
TR-043754,Savannah,Boston,956.6,Flatbed,33771.0,2025-10-04,0.92103,1.99623,2070.69,2156.553647215525,85.8636472155249,-85.8636472155249,751-1000
TR-043755,Montgomery,Fort Wayne,803.2,Dry Van,34183.0,2025-10-04,0.92826,1.95722,1756.9,1687.7894731289105,69.11052687108963,69.11052687108963,751-1000
TR-043756,Fresno,Tampa,2317.4,Dry Van,40462.0,2025-10-04,0.97561,2.10847,4610.23,4464.288405514327,145.9415944856728,145.9415944856728,1500+
TR-043757,Mobile,Tucson,1749.8,Dry Van,22818.0,2025-10-04,0.94908,2.27793,3297.05,3391.2817807879896,94.23178078798946,-94.23178078798946,1500+
TR-043758,Albany,Houston,1932.5,Dry Van,34043.0,2025-10-04,0.94934,2.19838,3828.19,3834.4256798356123,6.235679835612245,-6.235679835612245,1500+
TR-043759,Memphis,Nashville,114.5,Reefer,35060.0,2025-10-04,0.96874,0.86406,382.8,384.6771281882674,1.8771281882673634,-1.8771281882673634,0-250
TR-043760,El Paso,Harrisburg,2108.4,Dry Van,30013.0,2025-10-04,0.92808,2.33425,3873.89,3874.4357005987285,0.545700598728672,-0.545700598728672,1500+
TR-043761,Syracuse,Hartford,393.7,Reefer,35450.0,2025-10-04,0.93631,1.65735,966.85,992.4058855562428,25.555885556242742,-25.555885556242742,251-500
TR-043762,Raleigh,Chattanooga,660.5,Dry Van,35710.0,2025-10-04,0.93609,1.87139,1479.39,1391.3123781734544,88.07762182654574,88.07762182654574,501-750
TR-043763,Syracuse,Raleigh,612.3,Dry Van,35836.0,2025-10-04,0.95317,2.01513,1312.59,1329.9525671592553,17.362567159255377,-17.362567159255377,501-750
TR-043764,Cincinnati,Savannah,418.6,Reefer,26681.0,2025-10-04,0.93464,1.60661,1058.82,1042.2149154995157,16.60508450048428,16.60508450048428,251-500
TR-043765,Albany,Amarillo,2256.1,Flatbed,34461.0,2025-10-04,0.95364,2.1343,4554.3,4675.538553636498,121.23855363649818,-121.23855363649818,1500+
TR-043766,Chattanooga,Los Angeles,2090.0,Dry Van,27363.0,2025-10-04,0.91881,2.28618,3893.45,3807.1390313243905,86.31096867560927,86.31096867560927,1500+
TR-043767,Buffalo,Baton Rouge,1260.3,Reefer,33014.0,2025-10-04,0.9566,1.90415,2911.9,2838.8034733598547,73.09652664014538,73.09652664014538,1001-1500
TR-043768,Atlanta,Memphis,238.1,Flatbed,34182.0,2025-10-04,0.98703,1.40405,666.14,637.738502694225,28.401497305775024,28.401497305775024,0-250
TR-043769,Corpus Christi,Salt Lake City,1296.3,Dry Van,36146.0,2025-10-04,0.93713,2.11054,2671.78,2697.6075536966873,25.82755369668712,-25.82755369668712,1001-1500
TR-043770,Raleigh,Oklahoma City,1416.4,Flatbed,40377.0,2025-10-04,0.92974,1.87032,3207.15,3121.081496190558,86.06850380944206,86.06850380944206,1001-1500
TR-043771,Albany,Mobile,1511.2,Reefer,45329.0,2025-10-04,0.97009,1.94487,3377.25,3362.5613076268833,14.688692373116737,14.688692373116737,1500+
TR-043772,New York,Corpus Christi,1746.9,Reefer,39683.0,2025-10-04,0.95937,1.94187,3892.47,4051.2737428753867,158.8037428753869,-158.8037428753869,1500+
TR-043773,Harrisburg,Fresno,2757.0,Dry Van,34353.0,2025-10-04,0.92663,2.28661,5122.83,5015.6603665898765,107.16963341012342,107.16963341012342,1500+
TR-043774,Indianapolis,Richmond,769.2,Dry Van,19974.0,2025-10-04,0.95935,2.18291,1527.39,1545.1507553210126,17.76075532101254,-17.76075532101254,751-1000
TR-043775,St. Louis,Richmond,865.0,Dry Van,32370.0,2025-10-04,0.95627,2.07072,1810.92,1793.6815884716718,17.238411528328243,17.238411528328243,751-1000
TR-043776,Shreveport,Lexington,603.7,Dry Van,27449.0,2025-10-04,0.92486,1.9368,1358.72,1303.5504838253687,55.169516174631326,55.169516174631326,501-750
TR-043777,Louisville,Baton Rouge,670.1,Dry Van,28574.0,2025-10-04,0.92593,1.97595,1445.2,1425.664018131422,19.53598186857812,19.53598186857812,501-750
TR-043778,Corpus Christi,Phoenix,1428.4,Dry Van,31003.0,2025-10-04,0.96285,2.14786,2882.24,2862.90854540983,19.33145459016987,19.33145459016987,1001-1500
TR-043779,Greensboro,San Francisco,2514.7,Reefer,38744.0,2025-10-04,0.99782,1.97826,5443.87,5377.246088365106,66.62391163489428,66.62391163489428,1500+
TR-043780,Columbia,Houston,880.6,Dry Van,28931.0,2025-10-04,0.94423,2.07107,1859.45,1843.9660256213874,15.48397437861263,15.48397437861263,751-1000
TR-043781,Philadelphia,Cincinnati,906.1,Flatbed,36149.0,2025-10-04,0.94643,1.88578,2008.07,1983.3247553771082,24.745244622891732,24.745244622891732,751-1000
TR-043782,Washington,Las Vegas,2568.1,Dry Van,29502.0,2025-10-04,0.93836,2.31967,4695.78,4727.814425785109,32.034425785109306,-32.034425785109306,1500+
TR-043783,Harrisburg,Reno,2499.3,Dry Van,26872.0,2025-10-04,0.94937,2.4394,4291.14,4336.433050468149,45.29305046814898,-45.29305046814898,1500+
TR-043784,Salt Lake City,Amarillo,596.0,Dry Van,29404.0,2025-10-04,0.94677,1.91017,1321.48,1317.4296376426953,4.050362357304721,4.050362357304721,501-750
TR-043785,Harrisburg,Kansas City,806.7,Flatbed,34633.0,2025-10-04,0.92097,1.93681,1832.78,1794.2500990335695,38.52990096643043,38.52990096643043,751-1000
TR-043786,Houston,Harrisburg,1307.4,Reefer,34225.0,2025-10-04,0.93812,1.959,2841.05,2910.5555192357515,69.50551923575131,-69.50551923575131,1001-1500
TR-043787,Richmond,Columbia,517.0,Dry Van,38952.0,2025-10-04,0.93148,1.90145,1171.18,1146.0901884427326,25.089811557267467,25.089811557267467,501-750
TR-043788,Salt Lake City,Lexington,1822.1,Flatbed,33969.0,2025-10-04,0.96038,2.04913,3781.63,3889.3091706997934,107.6791706997933,-107.6791706997933,1500+
TR-043789,San Antonio,Oklahoma City,202.7,Flatbed,23356.0,2025-10-04,0.91409,1.23925,589.08,584.5871550392571,4.4928449607429,4.4928449607429,0-250
TR-043790,Albuquerque,Little Rock,1168.8,Dry Van,37513.0,2025-10-04,0.95697,2.01843,2476.4,2504.173478547118,27.773478547117975,-27.773478547117975,1001-1500
TR-043791,Kansas City,Milwaukee,169.3,Dry Van,40675.0,2025-10-04,0.91977,1.42924,454.21,453.81456153391474,0.39543846608523836,0.39543846608523836,0-250
TR-043792,Columbia,Lexington,231.2,Dry Van,29932.0,2025-10-04,0.96565,1.57431,608.66,572.6526100609971,36.007389939002906,36.007389939002906,0-250
TR-043793,Greensboro,Shreveport,704.5,Dry Van,39804.0,2025-10-04,0.95713,1.91832,1589.78,1519.4469137147112,70.3330862852888,70.3330862852888,501-750
TR-043794,Cincinnati,Lexington,137.7,Dry Van,28815.0,2025-10-05,0.84907,1.52052,362.84,366.1410774020208,3.3010774020208373,-3.3010774020208373,0-250
TR-043795,San Antonio,El Paso,886.5,Reefer,34331.0,2025-10-05,0.89468,1.66538,2190.49,2144.9574256852493,45.53257431475049,45.53257431475049,751-1000
TR-043796,Little Rock,Albany,1490.2,Dry Van,39403.0,2025-10-05,0.8044,2.18328,2930.08,2927.027958459311,3.0520415406890606,3.0520415406890606,1001-1500
TR-043797,Fresno,Lexington,2278.4,Reefer,33416.0,2025-10-05,0.91058,2.01383,4821.17,4783.8058310957385,37.36416890426153,37.36416890426153,1500+
TR-043798,Hartford,El Paso,2513.2,Dry Van,15319.0,2025-10-05,0.80155,2.4108,4297.75,4581.368301459823,283.61830145982276,-283.61830145982276,1500+
TR-043799,San Antonio,Madison,1137.7,Dry Van,22398.0,2025-10-05,0.86694,2.18518,2227.95,2255.90878209129,27.95878209129023,-27.95878209129023,1001-1500
TR-043800,San Antonio,Kansas City,957.8,Flatbed,32120.0,2025-10-05,0.87854,1.88076,2175.85,2176.375258519112,0.5252585191119579,-0.5252585191119579,751-1000
TR-043801,Phoenix,St. Louis,1933.0,Flatbed,17471.0,2025-10-05,0.83167,2.22839,3724.48,3917.8013752683646,193.3213752683646,-193.3213752683646,1500+
TR-043802,Lubbock,Nashville,886.1,Flatbed,29679.0,2025-10-05,0.89968,1.85339,2032.14,2012.3738850337202,19.76611496627993,19.76611496627993,751-1000
TR-043803,Syracuse,Cincinnati,781.8,Dry Van,28580.0,2025-10-05,0.85524,2.20304,1539.19,1567.9037100975581,28.713710097558078,-28.713710097558078,751-1000
TR-043804,Indianapolis,Phoenix,1887.5,Reefer,43269.0,2025-10-05,0.86818,1.93533,4145.69,4267.712213308422,122.02221330842258,-122.02221330842258,1500+
TR-043805,Memphis,Providence,1329.6,Reefer,39434.0,2025-10-05,0.87627,1.82238,3099.4,2950.5285697770883,148.87143022291184,148.87143022291184,1001-1500
TR-043806,Lubbock,Lexington,1143.4,Flatbed,22063.0,2025-10-05,0.89791,2.03165,2437.21,2443.3657049375524,6.1557049375524,-6.1557049375524,1001-1500
TR-043807,Philadelphia,Tucson,2703.5,Reefer,37318.0,2025-10-05,0.90917,2.0978,5540.6,5670.119604526044,129.51960452604362,-129.51960452604362,1500+
TR-043808,Oklahoma City,Richmond,1513.4,Reefer,23143.0,2025-10-05,0.87962,1.97342,3262.76,3293.293305724135,30.533305724134607,-30.533305724134607,1500+
TR-043809,Greensboro,Indianapolis,459.1,Flatbed,34954.0,2025-10-05,0.88369,1.71731,1125.42,1108.5997135172731,16.820286482726942,16.820286482726942,251-500
TR-043810,Milwaukee,Las Vegas,1858.0,Reefer,22098.0,2025-10-05,0.90047,2.12154,3858.91,3791.8918454774744,67.01815452252549,67.01815452252549,1500+
TR-043811,Nashville,Atlanta,159.5,Flatbed,21626.0,2025-10-05,0.90522,1.4422,439.04,429.80977807532344,9.230221924676584,9.230221924676584,0-250
TR-043812,Bakersfield,Lexington,2077.1,Dry Van,36087.0,2025-10-05,0.94304,2.1476,4057.63,3948.775278175043,108.85472182495732,108.85472182495732,1500+
TR-043813,Oklahoma City,Fort Wayne,1142.1,Dry Van,29588.0,2025-10-05,0.91015,2.10051,2331.03,2290.8095845219564,40.22041547804383,40.22041547804383,1001-1500
TR-043814,Milwaukee,Boston,1167.6,Dry Van,41265.0,2025-10-05,0.90055,2.14856,2384.15,2391.0904392416433,6.940439241643162,-6.940439241643162,1001-1500
TR-043815,Hartford,Buffalo,455.2,Reefer,40289.0,2025-10-05,0.84278,1.69356,1122.82,1113.6282421651824,9.191757834817508,9.191757834817508,251-500
TR-043816,Philadelphia,Grand Rapids,883.1,Dry Van,21517.0,2025-10-05,0.87879,2.19497,1729.91,1707.0437986116735,22.866201388326544,22.866201388326544,751-1000
TR-043817,Harrisburg,Charleston,479.2,Reefer,25214.0,2025-10-05,0.85852,1.85607,1118.16,1156.450657404551,38.290657404550984,-38.290657404550984,251-500
TR-043818,Mobile,Chattanooga,314.3,Reefer,32569.0,2025-10-05,0.88105,1.39673,868.53,859.222808066607,9.307191933393028,9.307191933393028,251-500
TR-043819,Chattanooga,Nashville,80.8,Flatbed,36890.0,2025-10-05,0.90218,0.89448,263.56,269.01174899376133,5.451748993761328,-5.451748993761328,0-250
TR-043820,Kansas City,Houston,751.0,Dry Van,32136.0,2025-10-05,0.87051,1.98315,1633.97,1611.5092310842758,22.460768915724202,22.460768915724202,751-1000
TR-043821,San Francisco,Indianapolis,2093.1,Flatbed,34122.0,2025-10-05,0.8728,2.10269,4178.31,4151.079921443797,27.230078556203807,27.230078556203807,1500+
TR-043822,Oklahoma City,El Paso,816.3,Reefer,47500.0,2025-10-05,0.90532,1.5933,2094.64,2015.8402714419647,78.79972855803521,78.79972855803521,751-1000
TR-043823,Fresno,Toledo,2363.0,Dry Van,25669.0,2025-10-05,0.86011,2.39605,4177.17,4298.873400691197,121.7034006911972,-121.7034006911972,1500+
TR-043824,Atlanta,Columbia,225.0,Flatbed,39325.0,2025-10-05,0.91272,1.29462,646.74,613.2884820118343,33.45151798816573,33.45151798816573,0-250
TR-043825,Richmond,Raleigh,230.3,Flatbed,37523.0,2025-10-05,0.87891,1.40419,632.92,616.8576640517928,16.062335948207192,16.062335948207192,0-250
TR-043826,Philadelphia,Greensboro,703.2,Reefer,35614.0,2025-10-05,0.87438,1.76196,1652.34,1645.3715105923234,6.968489407676543,6.968489407676543,501-750
TR-043827,Bakersfield,Hartford,2922.8,Dry Van,23262.0,2025-10-05,0.85575,2.40353,5079.21,4974.582928455115,104.62707154488544,104.62707154488544,1500+
TR-043828,Fresno,Providence,3310.6,Flatbed,10062.0,2025-10-05,0.86764,2.24252,6152.73,5728.462949068091,424.26705093190867,424.26705093190867,1500+
TR-043829,Dallas,Syracuse,1389.2,Dry Van,36565.0,2025-10-05,0.88301,2.21788,2785.51,2764.810691428489,20.69930857151121,20.69930857151121,1001-1500
TR-043830,Tampa,Fresno,2275.0,Flatbed,24193.0,2025-10-05,0.86517,2.20605,4402.88,4493.03013734127,90.15013734127024,-90.15013734127024,1500+
TR-043831,Los Angeles,Raleigh,2794.3,Flatbed,37502.0,2025-10-05,0.83972,2.18647,5433.87,5503.829628646467,69.95962864646754,-69.95962864646754,1500+
TR-043832,Grand Rapids,Greensboro,663.6,Dry Van,47500.0,2025-10-05,0.91925,1.98052,1429.58,1357.562465995275,72.0175340047249,72.0175340047249,501-750
TR-043833,St. Louis,Las Vegas,1734.3,Dry Van,28980.0,2025-10-05,0.87076,2.26079,3352.17,3379.7598880440755,27.58988804407545,-27.58988804407545,1500+
TR-043834,Lubbock,Raleigh,1572.4,Dry Van,24925.0,2025-10-05,0.91163,2.16812,3063.16,2984.053729494693,79.10627050530684,79.10627050530684,1500+
TR-043835,Charleston,Kansas City,822.5,Dry Van,20232.0,2025-10-05,0.85497,2.20038,1606.06,1637.9204029413359,31.860402941335906,-31.860402941335906,751-1000
TR-043836,Oklahoma City,Lubbock,209.4,Dry Van,34526.0,2025-10-05,0.86937,1.3478,584.99,576.3740915470172,8.615908452982808,8.615908452982808,0-250
TR-043837,Greensboro,Atlanta,265.0,Dry Van,28669.0,2025-10-05,0.87831,1.66223,651.87,641.565312061237,10.304687938762982,10.304687938762982,251-500
TR-043838,Savannah,Dayton,574.2,Flatbed,41917.0,2025-10-05,0.86706,1.81708,1355.11,1356.3583358985575,1.2483358985575705,-1.2483358985575705,501-750
TR-043839,El Paso,Savannah,1849.4,Dry Van,28879.0,2025-10-05,0.86036,2.29045,3490.4,3516.363233676462,25.963233676462096,-25.963233676462096,1500+
TR-043840,Charleston,New York,624.3,Dry Van,13208.0,2025-10-05,0.87931,2.17492,1243.66,1288.8291664118503,45.169166411850256,-45.169166411850256,501-750
TR-043841,Fort Wayne,Philadelphia,767.8,Flatbed,24871.0,2025-10-05,0.88393,1.97642,1688.78,1643.8089714976607,44.97102850233932,44.97102850233932,751-1000
TR-043842,Madison,Atlanta,610.4,Reefer,41586.0,2025-10-05,0.88794,1.67066,1502.59,1496.7917682402756,5.798231759724331,5.798231759724331,501-750
TR-043843,Albany,Columbia,1065.9,Dry Van,37720.0,2025-10-05,0.88003,2.1726,2109.69,2177.4088924936864,67.71889249368633,-67.71889249368633,1001-1500
TR-043844,Little Rock,Indianapolis,411.8,Dry Van,29009.0,2025-10-05,0.90578,1.79557,955.05,952.147348443271,2.9026515567289835,2.9026515567289835,251-500
TR-043845,Savannah,New York,749.7,Dry Van,35772.0,2025-10-05,0.91545,2.06804,1574.04,1586.1326589257185,12.092658925718524,-12.092658925718524,501-750
TR-043846,Birmingham,Harrisburg,788.2,Dry Van,31186.0,2025-10-05,0.89495,2.05491,1652.68,1615.6471881380285,37.032811861971595,37.032811861971595,751-1000
TR-043847,Nashville,Atlanta,143.6,Dry Van,43753.0,2025-10-05,0.86566,1.32485,409.03,422.23457024120034,13.204570241200372,-13.204570241200372,0-250
TR-043848,Montgomery,Grand Rapids,980.8,Dry Van,37509.0,2025-10-05,0.84898,2.0935,2029.81,2024.1842721640255,5.6257278359744305,5.6257278359744305,751-1000
TR-043849,Columbia,Tampa,573.7,Dry Van,37571.0,2025-10-05,0.88856,1.90314,1291.36,1300.4841811669155,9.124181166915605,-9.124181166915605,501-750
TR-043850,Houston,Baton Rouge,173.7,Dry Van,22581.0,2025-10-05,0.87188,1.51991,462.62,457.56911068209774,5.050889317902261,5.050889317902261,0-250
TR-043851,Salt Lake City,Austin,1005.4,Reefer,41033.0,2025-10-05,0.83018,1.70931,2438.43,2414.0353704218924,24.39462957810747,24.39462957810747,1001-1500
TR-043852,Cincinnati,Montgomery,461.1,Dry Van,41773.0,2025-10-05,0.87458,1.77969,1094.31,1077.2125886443546,17.097411355645363,17.097411355645363,251-500
TR-043853,New York,Boston,285.5,Dry Van,41606.0,2025-10-05,0.88642,1.77415,688.95,676.2092550820429,12.740744917957159,12.740744917957159,251-500
TR-043854,Shreveport,Nashville,385.3,Reefer,30306.0,2025-10-05,0.89952,1.35327,1055.69,1004.4101680735421,51.27983192645797,51.27983192645797,251-500
TR-043855,Houston,Los Angeles,1554.5,Reefer,31496.0,2025-10-05,0.90083,1.95744,3402.93,3495.4945225525094,92.56452255250952,-92.56452255250952,1500+
TR-043856,Montgomery,Tucson,1849.6,Reefer,16466.0,2025-10-05,0.85235,2.09709,3850.45,3841.4755154826603,8.974484517339533,8.974484517339533,1500+
TR-043857,Lubbock,Hartford,1986.9,Dry Van,21730.0,2025-10-05,0.86475,2.26602,3761.16,3701.102861285285,60.05713871471471,60.05713871471471,1500+
TR-043858,Montgomery,Phoenix,2046.2,Dry Van,40936.0,2025-10-05,0.89761,2.2296,4124.94,4028.072984272349,96.8670157276506,96.8670157276506,1500+
TR-043859,Lubbock,Shreveport,576.4,Flatbed,26632.0,2025-10-05,0.90623,1.65371,1464.25,1374.0076659906485,90.24233400935145,90.24233400935145,501-750
TR-043860,Boston,Nashville,1282.2,Dry Van,40722.0,2025-10-05,0.85322,2.18032,2569.74,2585.544868595557,15.80486859555731,-15.80486859555731,1001-1500
TR-043861,Harrisburg,Bakersfield,2475.6,Dry Van,31572.0,2025-10-05,0.83598,2.35519,4474.48,4493.745492509224,19.265492509224714,-19.265492509224714,1500+
TR-043862,Las Vegas,Tucson,250.4,Flatbed,32724.0,2025-10-05,0.93396,1.43566,679.73,692.7271465054725,12.997146505472529,-12.997146505472529,251-500
TR-043863,Oklahoma City,St. Louis,786.8,Dry Van,28035.0,2025-10-05,0.8953,2.01698,1641.35,1652.1367985327875,10.786798532787543,-10.786798532787543,751-1000
TR-043864,Baltimore,Los Angeles,3053.3,Flatbed,31496.0,2025-10-05,0.8756,2.23311,5800.91,5884.242601021721,83.33260102172153,-83.33260102172153,1500+
TR-043865,El Paso,Tucson,275.8,Flatbed,39105.0,2025-10-05,0.90705,1.38462,766.17,761.6251813252695,4.544818674730436,4.544818674730436,251-500
TR-043866,Shreveport,Oklahoma City,462.5,Flatbed,47500.0,2025-10-05,0.87026,1.45908,1232.04,1196.282620643399,35.75737935660095,35.75737935660095,251-500
TR-043867,Phoenix,Charleston,2447.7,Dry Van,29417.0,2025-10-05,0.88741,2.35191,4487.22,4505.182935574405,17.962935574404582,-17.962935574404582,1500+
TR-043868,Toledo,Reno,2099.1,Reefer,30792.0,2025-10-05,0.93699,2.08427,4287.3,4299.887615714504,12.587615714503954,-12.587615714503954,1500+
TR-043869,Raleigh,Reno,2616.3,Dry Van,25765.0,2025-10-05,0.86496,2.32042,4614.15,4545.122980307676,69.02701969232385,69.02701969232385,1500+
TR-043870,Houston,Bakersfield,1516.7,Reefer,42584.0,2025-10-05,0.90003,1.90017,3454.75,3564.331142241132,109.58114224113206,-109.58114224113206,1500+
TR-043871,Las Vegas,Tampa,2004.8,Dry Van,33988.0,2025-10-05,0.90517,2.16091,3896.22,3844.913526335579,51.30647366442099,51.30647366442099,1500+
TR-043872,Philadelphia,Richmond,288.1,Reefer,24780.0,2025-10-05,0.82758,1.62885,737.2,715.7864813223968,21.413518677603292,21.413518677603292,251-500
TR-043873,Memphis,Fort Wayne,540.3,Reefer,21358.0,2025-10-05,0.87092,1.72112,1295.99,1270.9241762193876,25.06582378061239,25.06582378061239,501-750
TR-043874,Jacksonville,Richmond,725.1,Dry Van,37782.0,2025-10-05,0.87628,2.08571,1462.8,1545.6528874126914,82.85288741269142,-82.85288741269142,501-750
TR-043875,Las Vegas,Milwaukee,1806.8,Dry Van,28785.0,2025-10-05,0.88007,2.2754,3359.38,3412.3625635548688,52.98256355486865,-52.98256355486865,1500+
TR-043876,Atlanta,Reno,2098.5,Flatbed,31813.0,2025-10-05,0.86259,2.18211,4200.54,4197.5115927079305,3.02840729206946,3.02840729206946,1500+
TR-043877,Baton Rouge,Lexington,765.8,Reefer,30609.0,2025-10-05,0.86445,1.83367,1814.57,1827.145964899569,12.575964899569044,-12.575964899569044,751-1000
TR-043878,Memphis,Atlanta,243.1,Dry Van,20179.0,2025-10-05,0.9095,1.73188,593.84,592.8804956323172,0.9595043676828254,0.9595043676828254,0-250
TR-043879,Jacksonville,Madison,855.4,Dry Van,38103.0,2025-10-05,0.87663,2.08796,1804.12,1817.7479188831583,13.627918883158372,-13.627918883158372,751-1000
TR-043880,Amarillo,Toledo,1477.3,Dry Van,38971.0,2025-10-05,0.85514,2.12868,2935.08,2929.8407301804486,5.239269819551282,5.239269819551282,1001-1500
TR-043881,Baton Rouge,Jacksonville,606.6,Reefer,31215.0,2025-10-05,0.89841,1.64543,1530.9,1518.9272743158117,11.97272568418839,11.97272568418839,501-750
TR-043882,Albuquerque,Hartford,2366.1,Dry Van,19485.0,2025-10-05,0.86026,2.34748,4209.75,4350.612740169683,140.8627401696831,-140.8627401696831,1500+
TR-043883,Houston,Austin,388.2,Dry Van,32045.0,2025-10-05,0.88701,1.69501,957.06,939.4651719300206,17.59482806997937,17.59482806997937,251-500
TR-043884,Albuquerque,Lexington,1559.8,Dry Van,29973.0,2025-10-05,0.91474,2.23236,2958.24,3033.22734530324,74.98734530324009,-74.98734530324009,1500+
TR-043885,Baton Rouge,Toledo,1057.5,Reefer,47500.0,2025-10-05,0.90119,1.80765,2491.41,2497.2517684724426,5.841768472442709,-5.841768472442709,1001-1500
TR-043886,Dayton,Montgomery,680.7,Reefer,31632.0,2025-10-05,0.88274,1.66125,1643.22,1580.1907912292857,63.029208770714376,63.029208770714376,501-750
TR-043887,Shreveport,Baltimore,1348.4,Reefer,25462.0,2025-10-05,0.86034,1.90892,11052.72,2882.2058835796074,8170.514116420392,8170.514116420392,1001-1500
TR-043888,Nashville,Bakersfield,1851.9,Reefer,19021.0,2025-10-05,0.87378,2.16155,3737.91,3843.0461382344715,105.13613823447167,-105.13613823447167,1500+
TR-043889,Columbia,Philadelphia,766.8,Flatbed,45489.0,2025-10-05,0.93442,1.83179,1765.8,1754.0219909485854,11.778009051414529,11.778009051414529,751-1000
TR-043890,Richmond,Mobile,931.4,Dry Van,25871.0,2025-10-05,0.8565,2.11828,1911.29,1855.5521607130754,55.737839286924554,55.737839286924554,751-1000
TR-043891,Cincinnati,Kansas City,324.4,Dry Van,32933.0,2025-10-05,0.87655,1.74404,779.31,779.9559011320475,0.6459011320475838,-0.6459011320475838,251-500
TR-043892,Phoenix,Madison,2023.7,Reefer,33108.0,2025-10-05,0.90974,1.98842,4284.86,4311.256522188221,26.396522188221752,-26.396522188221752,1500+
TR-043893,Hartford,Tulsa,1517.0,Reefer,39207.0,2025-10-05,0.88588,1.91065,3396.71,3465.3000125232893,68.59001252328926,-68.59001252328926,1500+
TR-043894,Chattanooga,Atlanta,82.9,Reefer,37082.0,2025-10-05,0.84868,0.73028,279.76,290.1260964429361,10.366096442936112,-10.366096442936112,0-250
TR-043895,Lexington,Grand Rapids,532.9,Dry Van,35010.0,2025-10-05,0.8655,1.98584,1160.12,1165.3401784598907,5.220178459890803,-5.220178459890803,501-750
TR-043896,Oklahoma City,Charleston,1294.8,Reefer,24436.0,2025-10-05,0.84704,1.9411,2848.75,2814.847106605363,33.902893394636976,33.902893394636976,1001-1500
TR-043897,Madison,Chattanooga,556.0,Dry Van,12888.0,2025-10-05,0.91897,2.05314,1167.81,1160.4342675119883,7.375732488011636,7.375732488011636,501-750
TR-043898,Savannah,Jacksonville,203.2,Dry Van,25736.0,2025-10-05,0.85378,1.67145,507.62,527.8697317761553,20.249731776155272,-20.249731776155272,0-250
TR-043899,Charleston,Buffalo,625.4,Reefer,29344.0,2025-10-05,0.90369,1.79924,1472.72,1480.9460126182707,8.226012618270715,-8.226012618270715,501-750
TR-043900,Atlanta,Raleigh,592.6,Flatbed,45595.0,2025-10-05,0.88719,1.78757,1393.73,1419.2753043049872,25.545304304987212,-25.545304304987212,501-750
TR-043901,Albuquerque,Fresno,713.0,Flatbed,27730.0,2025-10-05,0.92728,1.92378,1607.33,1648.799354903771,41.46935490377109,-41.46935490377109,501-750
TR-043902,Bakersfield,Baton Rouge,1654.9,Dry Van,32385.0,2025-10-05,0.84087,2.22346,3247.32,3309.6202131462774,62.3002131462772,-62.3002131462772,1500+
TR-043903,Montgomery,Corpus Christi,720.5,Flatbed,26152.0,2025-10-05,0.89288,1.777,1689.73,1676.1228930267444,13.607106973255668,13.607106973255668,501-750
TR-043904,Harrisburg,Nashville,731.4,Dry Van,32588.0,2025-10-05,0.90152,2.06571,1531.51,1512.1787443846665,19.331255615333475,19.331255615333475,501-750
TR-043905,Hartford,Columbia,823.0,Flatbed,35982.0,2025-10-05,0.88835,1.9513,1830.18,1859.540859649461,29.360859649460963,-29.360859649460963,751-1000
TR-043906,Tulsa,Los Angeles,1547.6,Dry Van,22089.0,2025-10-05,0.90862,2.25645,3017.98,3001.6523328037074,16.327667196292623,16.327667196292623,1500+
TR-043907,Milwaukee,Grand Rapids,345.5,Dry Van,31805.0,2025-10-05,0.87631,1.84246,809.89,779.6747859687343,30.215214031265646,30.215214031265646,251-500
TR-043908,Memphis,San Antonio,762.3,Dry Van,37915.0,2025-10-05,0.88664,1.93389,1697.73,1723.2956643981527,25.56566439815265,-25.56566439815265,751-1000
TR-043909,San Antonio,Richmond,1649.8,Dry Van,33755.0,2025-10-05,0.85983,2.19343,3194.09,3299.901848351701,105.81184835170097,-105.81184835170097,1500+
TR-043910,Baltimore,Harrisburg,374.8,Dry Van,30963.0,2025-10-05,0.86535,1.81558,875.46,818.1300255324757,57.32997446752438,57.32997446752438,251-500
TR-043911,Dayton,Richmond,595.1,Flatbed,29360.0,2025-10-05,0.90326,1.96868,1330.8,1343.2192453017567,12.419245301756746,-12.419245301756746,501-750
TR-043912,New York,Bakersfield,2781.5,Dry Van,25269.0,2025-10-05,0.89018,2.35934,4904.69,5032.290114988545,127.6001149885451,-127.6001149885451,1500+
TR-043913,Grand Rapids,Madison,283.6,Reefer,47500.0,2025-10-05,0.88643,1.32073,811.04,755.2920780411008,55.747921958899155,55.747921958899155,251-500
TR-043914,Philadelphia,Fort Wayne,805.2,Reefer,38544.0,2025-10-05,0.8929,1.83862,1843.84,1860.4434638394491,16.603463839449205,-16.603463839449205,751-1000
TR-043915,Nashville,Montgomery,358.9,Reefer,28029.0,2025-10-05,0.90566,1.52987,953.32,921.1630098108553,32.15699018914472,32.15699018914472,251-500
TR-043916,Bakersfield,Tucson,335.3,Dry Van,34057.0,2025-10-05,0.85893,1.7415,808.69,811.180569341909,2.490569341908895,-2.490569341908895,251-500
TR-043917,Nashville,Dayton,424.2,Dry Van,25622.0,2025-10-05,0.891,1.86875,4646.65,924.8234759527128,3721.826524047287,3721.826524047287,251-500
TR-043918,Mobile,Nashville,293.0,Dry Van,22685.0,2025-10-05,0.87429,1.69541,698.11,711.6898356511231,13.579835651123062,-13.579835651123062,251-500
TR-043919,Albany,Buffalo,492.7,Dry Van,31708.0,2025-10-05,0.87929,2.08414,1017.32,1043.3642322204257,26.04423222042567,-26.04423222042567,251-500
TR-043920,Greensboro,Tucson,1989.6,Dry Van,23494.0,2025-10-05,0.86331,2.32318,3621.78,3719.983994164226,98.2039941642256,-98.2039941642256,1500+
TR-043921,Syracuse,Lubbock,1798.7,Flatbed,23409.0,2025-10-05,0.89475,2.18021,3572.79,3671.5330865985866,98.74308659858661,-98.74308659858661,1500+
TR-043922,Hartford,Amarillo,2127.4,Flatbed,30979.0,2025-10-05,0.84292,2.09173,4471.7,4247.598651780669,224.10134821933116,224.10134821933116,1500+
TR-043923,Toledo,Lexington,421.3,Dry Van,28697.0,2025-10-05,0.88422,1.90094,960.58,927.6419434521418,32.938056547858196,32.938056547858196,251-500
TR-043924,Mobile,Tampa,305.9,Dry Van,29747.0,2025-10-05,0.90049,1.73799,742.04,775.3565669915008,33.31656699150085,-33.31656699150085,251-500
TR-043925,Oklahoma City,Greensboro,1122.7,Dry Van,24178.0,2025-10-05,0.88117,2.09681,2256.96,2255.3016404937334,1.6583595062666063,1.6583595062666063,1001-1500
TR-043926,Toledo,Grand Rapids,176.1,Dry Van,25333.0,2025-10-05,0.87143,1.62809,442.63,416.3896956110758,26.240304388924187,26.240304388924187,0-250
TR-043927,Amarillo,Fresno,1073.6,Flatbed,23764.0,2025-10-05,0.90768,1.98381,2343.92,2404.9191673225905,60.99916732259044,-60.99916732259044,1001-1500
TR-043928,Raleigh,New York,446.7,Dry Van,32546.0,2025-10-05,0.85407,2.02026,963.41,991.0704017249365,27.66040172493649,-27.66040172493649,251-500
TR-043929,Shreveport,Lubbock,586.9,Dry Van,34097.0,2025-10-05,0.89494,1.86998,1354.82,1361.5379834581017,6.7179834581017985,-6.7179834581017985,501-750
TR-043930,Amarillo,Phoenix,891.6,Dry Van,32439.0,2025-10-05,0.88173,2.01032,1881.9,1891.8250962807695,9.925096280769367,-9.925096280769367,751-1000
TR-043931,Oklahoma City,Cincinnati,919.6,Flatbed,29615.0,2025-10-05,0.88365,1.97638,2080.68,2015.755060194222,64.92493980577774,64.92493980577774,751-1000
TR-043932,Indianapolis,Buffalo,685.1,Dry Van,39138.0,2025-10-05,0.80898,2.04523,1426.28,1444.5292693188837,18.249269318883762,-18.249269318883762,501-750
TR-043933,Lubbock,Dayton,1214.4,Dry Van,36685.0,2025-10-05,0.89478,2.07416,2509.73,2465.739682346763,43.99031765323707,43.99031765323707,1001-1500
TR-043934,Grand Rapids,Fort Wayne,206.3,Reefer,45481.0,2025-10-05,0.87428,1.3336,579.38,593.815657381481,14.43565738148095,-14.43565738148095,0-250
TR-043935,Tulsa,Baton Rouge,293.4,Flatbed,41155.0,2025-10-05,0.88229,1.26442,829.88,815.7765578089222,14.103442191077761,14.103442191077761,251-500
TR-043936,Fresno,Tampa,2279.4,Reefer,17269.0,2025-10-05,0.83797,2.08743,4697.97,4514.966882744913,183.0031172550871,183.0031172550871,1500+
TR-043937,Syracuse,Dallas,1444.5,Dry Van,36448.0,2025-10-05,0.9019,2.17688,2865.78,2826.230445400576,39.54955459942403,39.54955459942403,1001-1500
TR-043938,San Antonio,Tucson,1028.1,Dry Van,39837.0,2025-10-05,0.86312,2.01581,2220.22,2207.6057286463306,12.61427135366921,12.61427135366921,1001-1500
TR-043939,Corpus Christi,Nashville,763.2,Reefer,34281.0,2025-10-05,0.87967,1.58936,1922.64,1898.3997509944916,24.24024900550853,24.24024900550853,751-1000
TR-043940,Indianapolis,Tucson,1738.9,Flatbed,21273.0,2025-10-05,0.90347,2.27343,3299.32,3578.4304868262116,279.1104868262114,-279.1104868262114,1500+
TR-043941,Fort Wayne,Phoenix,2201.7,Reefer,27654.0,2025-10-06,0.87207,2.11004,4468.77,4486.491106043204,17.72110604320369,-17.72110604320369,1500+
TR-043942,Nashville,Philadelphia,1023.1,Dry Van,31250.0,2025-10-06,0.84868,2.16352,2034.14,2039.4317480380535,5.291748038053356,-5.291748038053356,1001-1500
TR-043943,Tucson,Memphis,1657.9,Dry Van,22741.0,2025-10-06,0.87753,2.25283,3118.92,3195.6801305166427,76.76013051664268,-76.76013051664268,1500+
TR-043944,Kansas City,Lexington,452.9,Dry Van,28909.0,2025-10-06,0.85266,1.84334,1020.65,983.1332884116184,37.516711588381554,37.516711588381554,251-500
TR-043945,San Antonio,Boston,2087.0,Dry Van,38114.0,2025-10-06,0.90825,2.15041,4138.77,4001.205817711568,137.56418228843222,137.56418228843222,1500+
TR-043946,Los Angeles,Chattanooga,2091.5,Dry Van,45353.0,2025-10-06,0.8528,2.26694,4043.62,4005.889502790275,37.730497209724945,37.730497209724945,1500+
TR-043947,Montgomery,Kansas City,729.3,Dry Van,37843.0,2025-10-06,0.87304,2.04223,1573.69,1569.2990223274792,4.390977672520876,4.390977672520876,501-750
TR-043948,Fort Wayne,Lubbock,1298.2,Dry Van,41142.0,2025-10-06,0.87472,2.20376,2537.6,2705.975588400598,168.3755884005982,-168.3755884005982,1001-1500
TR-043949,Amarillo,San Antonio,507.0,Reefer,34544.0,2025-10-06,0.90993,1.46738,1354.69,1299.7320499639284,54.95795003607168,54.95795003607168,501-750
TR-043950,New York,Columbia,775.6,Flatbed,35843.0,2025-10-06,0.92057,1.83829,1810.66,1743.9094564674542,66.75054353254586,66.75054353254586,751-1000
TR-043951,Bakersfield,Buffalo,2555.8,Reefer,28525.0,2025-10-06,0.91723,2.16542,5246.48,5211.414340044988,35.06565995501114,35.06565995501114,1500+
TR-043952,Atlanta,Fresno,2231.8,Dry Van,27328.0,2025-10-06,0.85888,2.39404,3971.46,4101.274738461917,129.81473846191693,-129.81473846191693,1500+
TR-043953,Grand Rapids,Richmond,741.8,Dry Van,39323.0,2025-10-06,0.87145,2.02645,1552.77,1531.604392682648,21.16560731735194,21.16560731735194,501-750
TR-043954,Cincinnati,Milwaukee,235.9,Dry Van,45415.0,2025-10-06,0.89431,1.50096,624.15,586.6662477859956,37.483752214004426,37.483752214004426,0-250
TR-043955,Oklahoma City,Corpus Christi,337.7,Dry Van,31701.0,2025-10-06,0.90364,1.58428,858.03,845.125615025442,12.904384974557956,12.904384974557956,251-500
TR-043956,Jacksonville,Indianapolis,639.6,Reefer,22171.0,2025-10-06,0.92708,1.87235,1486.69,1483.175134838705,3.51486516129512,3.51486516129512,501-750
TR-043957,Richmond,Tulsa,1273.2,Reefer,18979.0,2025-10-06,0.90356,1.95901,2718.63,2699.7654511531987,18.864548846801426,18.864548846801426,1001-1500
TR-043958,Providence,Memphis,1310.6,Dry Van,18286.0,2025-10-06,0.89813,2.25923,2460.16,2519.7635051786287,59.60350517862889,-59.60350517862889,1001-1500
TR-043959,Los Angeles,Bakersfield,410.2,Dry Van,47500.0,2025-10-06,0.9357,1.83892,947.3,988.5763421715533,41.276342171553324,-41.276342171553324,251-500
TR-043960,Milwaukee,Fort Wayne,260.4,Dry Van,25938.0,2025-10-06,0.90505,1.81262,618.64,606.4843746738939,12.155625326106133,12.155625326106133,251-500
TR-043961,Phoenix,Albany,3183.4,Reefer,23942.0,2025-10-06,0.84504,2.17815,6161.01,5904.891377188045,256.118622811955,256.118622811955,1500+
TR-043962,Milwaukee,Chattanooga,376.7,Flatbed,31939.0,2025-10-06,0.86485,1.65344,946.19,905.6022629778888,40.58773702211124,40.58773702211124,251-500
TR-043963,Los Angeles,Savannah,2423.6,Reefer,29123.0,2025-10-06,0.87156,2.18318,4912.37,4966.218386837144,53.84838683714406,-53.84838683714406,1500+
TR-043964,Tucson,Phoenix,273.2,Reefer,34705.0,2025-10-06,0.9127,1.39659,747.96,771.9451070446696,23.985107044669576,-23.985107044669576,251-500
TR-043965,Phoenix,Louisville,2012.4,Dry Van,27841.0,2025-10-06,0.85228,2.32009,3624.9,3809.380654843596,184.48065484359586,-184.48065484359586,1500+
TR-043966,Fort Wayne,Albany,901.0,Reefer,41028.0,2025-10-06,0.87895,1.85648,2061.34,2149.73235789851,88.39235789851,-88.39235789851,751-1000
TR-043967,Milwaukee,Houston,830.5,Dry Van,32312.0,2025-10-06,0.85836,2.03228,1761.62,1768.7455467963819,7.125546796381968,-7.125546796381968,751-1000
TR-043968,Fort Wayne,Atlanta,554.1,Flatbed,26628.0,2025-10-06,0.87976,1.7854,1293.64,1261.5222459454703,32.11775405452977,32.11775405452977,501-750
TR-043969,Reno,Bakersfield,517.6,Reefer,37536.0,2025-10-06,0.88287,1.62348,1318.59,1268.5282732108853,50.06172678911457,50.06172678911457,501-750
TR-043970,San Antonio,San Francisco,1658.3,Dry Van,22860.0,2025-10-06,0.90996,2.1857,3182.58,3193.361488534608,10.781488534607888,-10.781488534607888,1500+
TR-043971,Philadelphia,Charleston,588.9,Reefer,28892.0,2025-10-06,0.86345,1.69393,1408.96,1406.7811008798703,2.1788991201296994,2.1788991201296994,501-750
TR-043972,Los Angeles,Oklahoma City,1304.0,Dry Van,47500.0,2025-10-06,0.88011,2.1195,2653.8,2707.9349130810274,54.13491308102721,-54.13491308102721,1001-1500
TR-043973,Raleigh,Reno,2554.5,Dry Van,27226.0,2025-10-06,0.89903,2.33609,4564.71,4609.249697199711,44.539697199710645,-44.539697199710645,1500+
TR-043974,Hartford,Houston,1673.7,Dry Van,24911.0,2025-10-06,0.94524,2.22047,3230.92,3198.342492001366,32.577507998634246,32.577507998634246,1500+
TR-043975,Greensboro,Houston,935.1,Dry Van,20302.0,2025-10-06,0.89543,2.12771,1890.03,1897.4811576339534,7.451157633953471,-7.451157633953471,751-1000
TR-043976,Milwaukee,Nashville,373.7,Dry Van,45372.0,2025-10-06,0.89436,1.72497,903.04,865.0142596514379,38.02574034856207,38.02574034856207,251-500
TR-043977,Phoenix,Tulsa,1525.8,Reefer,27737.0,2025-10-06,0.88453,1.95457,3330.57,3412.1497860461623,81.5797860461621,-81.5797860461621,1500+
TR-043978,Cincinnati,Harrisburg,606.9,Flatbed,14045.0,2025-10-06,0.8312,1.9955,1290.78,1351.9707813086643,61.19078130866433,-61.19078130866433,501-750
TR-043979,Fresno,Phoenix,463.2,Flatbed,34098.0,2025-10-06,0.88338,1.64849,1136.45,1149.5506025297943,13.100602529794287,-13.100602529794287,251-500
TR-043980,Columbia,Cincinnati,331.3,Reefer,25127.0,2025-10-06,0.89527,1.54916,863.94,858.38095543977,5.559044560230063,5.559044560230063,251-500
TR-043981,Oklahoma City,Phoenix,1251.2,Dry Van,39169.0,2025-10-06,0.86349,2.06034,2609.34,2617.2149182924195,7.874918292419352,-7.874918292419352,1001-1500
TR-043982,Madison,Lexington,494.1,Dry Van,29055.0,2025-10-06,0.88253,1.99948,1061.3,1051.7571169691232,9.542883030876737,9.542883030876737,251-500
TR-043983,Savannah,Boston,968.7,Reefer,32787.0,2025-10-06,0.91791,1.91541,2172.14,2258.2171844455256,86.07718444552575,-86.07718444552575,751-1000
TR-043984,Nashville,Atlanta,130.2,Dry Van,44755.0,2025-10-06,0.85714,1.36123,363.74,390.04584800948896,26.305848009488955,-26.305848009488955,0-250
TR-043985,Tulsa,Bakersfield,1479.7,Reefer,11780.0,2025-10-06,0.84662,1.97319,3195.86,3210.3930333526228,14.533033352622624,-14.533033352622624,1001-1500
TR-043986,Fort Wayne,Albany,898.3,Reefer,36286.0,2025-10-06,0.88532,1.97241,1974.12,2141.57126157694,167.45126157693994,-167.45126157693994,751-1000
TR-043987,Columbia,Amarillo,1454.0,Reefer,23756.0,2025-10-06,0.88349,1.99195,3107.72,3156.1315478296424,48.411547829642586,-48.411547829642586,1001-1500
TR-043988,Hartford,Baltimore,134.5,Flatbed,28293.0,2025-10-06,0.8717,1.46447,363.14,372.32064696474697,9.180646964746984,-9.180646964746984,0-250
TR-043989,Philadelphia,Montgomery,1103.6,Reefer,36661.0,2025-10-06,0.94261,1.78612,2586.91,2521.4739252242593,65.43607477574051,65.43607477574051,1001-1500
TR-043990,Hartford,St. Louis,1103.3,Dry Van,47500.0,2025-10-06,0.91205,1.97172,2332.39,2264.554645786445,67.83535421355509,67.83535421355509,1001-1500
TR-043991,Memphis,Corpus Christi,721.1,Reefer,31237.0,2025-10-06,0.89937,1.59619,1795.1,1761.5890602945217,33.51093970547822,33.51093970547822,501-750
TR-043992,Kansas City,Savannah,737.8,Dry Van,30476.0,2025-10-06,0.87429,2.01194,1546.97,1524.2158706792156,22.754129320784386,22.754129320784386,501-750
TR-043993,Albany,Raleigh,806.3,Reefer,30653.0,2025-10-06,0.92183,1.94842,1796.04,1810.7425743810197,14.702574381019758,-14.702574381019758,751-1000
TR-043994,Atlanta,Dayton,427.0,Reefer,16630.0,2025-10-06,0.8813,1.6501,1058.89,1025.4173949807953,33.47260501920482,33.47260501920482,251-500
TR-043995,Shreveport,Tucson,1472.1,Reefer,18576.0,2025-10-06,0.92777,2.05181,3165.13,3197.446312052926,32.316312052925696,-32.316312052925696,1001-1500
TR-043996,Louisville,Savannah,457.3,Dry Van,30257.0,2025-10-06,0.89906,1.8725,1067.6,1033.35857436331,34.24142563668988,34.24142563668988,251-500
TR-043997,Green Bay,Phoenix,2187.0,Flatbed,39238.0,2025-10-06,0.88419,2.16305,4472.27,4487.039783682386,14.769783682385423,-14.769783682385423,1500+
TR-043998,Kansas City,Tucson,1604.2,Reefer,38291.0,2025-10-06,0.90982,1.91682,3579.44,3647.1271475925323,67.68714759253226,-67.68714759253226,1500+
TR-043999,Hartford,Columbia,834.0,Dry Van,26144.0,2025-10-06,0.89765,2.19544,1662.93,1682.8458027955414,19.915802795541367,-19.915802795541367,751-1000
TR-044000,Philadelphia,Fresno,3059.4,Dry Van,38919.0,2025-10-06,0.93966,2.1903,5836.48,5584.259718718863,252.22028128113652,252.22028128113652,1500+
TR-044001,Richmond,Oklahoma City,1515.1,Reefer,15504.0,2025-10-06,0.92354,2.0875,3215.63,3291.595139799557,75.96513979955671,-75.96513979955671,1500+
TR-044002,Mobile,San Francisco,2234.6,Dry Van,35941.0,2025-10-06,0.92042,2.17063,4373.47,4292.599652895442,80.87034710455828,80.87034710455828,1500+
TR-044003,Mobile,Milwaukee,642.8,Dry Van,23142.0,2025-10-06,0.84381,2.064,1363.25,1338.9253365741051,24.32466342589487,24.32466342589487,501-750
TR-044004,Tucson,Greensboro,2097.2,Dry Van,33616.0,2025-10-06,0.89411,2.24493,3980.77,3943.266201408115,37.50379859188479,37.50379859188479,1500+
TR-044005,Milwaukee,Hartford,1023.5,Dry Van,42411.0,2025-10-06,0.8719,2.16721,2030.02,2086.3713043107123,56.351304310712294,-56.351304310712294,1001-1500
TR-044006,Phoenix,Indianapolis,2009.4,Flatbed,15584.0,2025-10-06,0.92037,2.238,3811.81,4000.9614936072408,189.1514936072408,-189.1514936072408,1500+
TR-044007,Columbia,Nashville,345.5,Dry Van,28024.0,2025-10-06,0.88521,1.82788,807.11,796.1163942860596,10.993605713940383,10.993605713940383,251-500
TR-044008,Houston,Little Rock,360.6,Dry Van,34623.0,2025-10-06,0.88699,1.61559,905.93,882.3494134805684,23.580586519431563,23.580586519431563,251-500
TR-044009,Baton Rouge,Grand Rapids,1155.1,Reefer,30492.0,2025-10-06,0.86622,2.00067,2506.97,2654.8749081880933,147.9049081880935,-147.9049081880935,1001-1500
TR-044010,Fort Wayne,Toledo,92.7,Reefer,36959.0,2025-10-06,0.83659,1.02461,291.93,326.45003641762645,34.52003641762644,-34.52003641762644,0-250
TR-044011,Jacksonville,Salt Lake City,1890.8,Flatbed,33245.0,2025-10-06,0.89474,2.11766,3918.02,4123.774444973183,205.75444497318267,-205.75444497318267,1500+
TR-044012,Bakersfield,Philadelphia,2796.2,Reefer,32658.0,2025-10-06,0.88083,2.23285,5501.66,5696.446264554273,194.78626455427275,-194.78626455427275,1500+
TR-044013,Chattanooga,St. Louis,318.3,Reefer,40851.0,2025-10-06,0.85426,1.4184,875.47,861.1619052979052,14.308094702094877,14.308094702094877,251-500
TR-044014,Tulsa,El Paso,1052.9,Flatbed,23038.0,2025-10-06,0.85257,1.98487,2275.74,2356.49268969564,80.75268969564013,-80.75268969564013,1001-1500
TR-044015,Atlanta,Richmond,663.0,Dry Van,25537.0,2025-10-06,0.90089,2.08144,337.89,1306.4849005686076,968.5949005686076,-968.5949005686076,501-750
TR-044016,Fort Wayne,Cincinnati,374.0,Reefer,41120.0,2025-10-06,0.87341,1.62537,956.77,946.7620701852068,10.007929814793215,10.007929814793215,251-500
TR-044017,Raleigh,Austin,1592.3,Dry Van,35041.0,2025-10-06,0.8906,2.13088,3218.43,3171.683968247234,46.7460317527657,46.7460317527657,1500+
TR-044018,El Paso,San Antonio,872.5,Dry Van,34145.0,2025-10-06,0.83607,1.94727,1879.08,1904.3355396080633,25.255539608063373,-25.255539608063373,751-1000
TR-044019,Houston,Reno,1711.4,Dry Van,34030.0,2025-10-06,0.86119,2.23808,3286.71,3487.8925327472402,201.1825327472402,-201.1825327472402,1500+
TR-044020,Richmond,Nashville,786.3,Dry Van,37253.0,2025-10-06,0.90736,2.04671,1656.21,1668.631131601783,12.421131601782918,-12.421131601782918,751-1000
TR-044021,Columbia,Amarillo,1429.1,Flatbed,15000.0,2025-10-06,0.87601,2.10613,2929.0,2971.8363581983403,42.83635819834035,-42.83635819834035,1001-1500
TR-044022,Boston,Oklahoma City,1961.5,Flatbed,40570.0,2025-10-06,0.90558,2.03115,4098.02,4214.961513491278,116.94151349127787,-116.94151349127787,1500+
TR-044023,Lexington,Dallas,767.0,Flatbed,20899.0,2025-10-06,0.90168,1.93063,1687.81,1720.841862500881,33.03186250088106,-33.03186250088106,751-1000
TR-044024,Fort Wayne,Memphis,559.7,Dry Van,34513.0,2025-10-06,0.87541,1.91173,1235.98,1222.7719789890718,13.208021010928178,13.208021010928178,501-750
TR-044025,Tulsa,Jacksonville,703.8,Dry Van,27341.0,2025-10-06,0.93572,2.01002,1504.38,1461.4338597854746,42.946140214525485,42.946140214525485,501-750
TR-044026,Atlanta,Tampa,537.4,Dry Van,29383.0,2025-10-06,0.88559,1.94435,1204.0,1206.177957544075,2.1779575440750705,-2.1779575440750705,501-750
TR-044027,Indianapolis,Little Rock,412.3,Flatbed,27263.0,2025-10-06,0.9147,1.62528,1044.13,1038.758923873596,5.371076126404205,5.371076126404205,251-500
TR-044028,Albuquerque,San Francisco,819.4,Dry Van,42394.0,2025-10-06,0.88068,2.01618,1759.53,1778.1092003984793,18.579200398479315,-18.579200398479315,751-1000
TR-044029,Bakersfield,Oklahoma City,1212.8,Flatbed,38216.0,2025-10-06,0.90842,1.9294,2734.73,2738.594975467412,3.864975467412023,-3.864975467412023,1001-1500
TR-044030,Tampa,Kansas City,984.1,Reefer,24158.0,2025-10-06,0.93292,1.87282,2246.92,2196.915263873801,50.00473612619908,50.00473612619908,751-1000
TR-044031,Buffalo,Albany,518.2,Flatbed,44146.0,2025-10-06,0.88961,1.89865,1171.5,1215.5994832134431,44.099483213443136,-44.099483213443136,501-750
TR-044032,Lubbock,Montgomery,940.5,Dry Van,27573.0,2025-10-06,1.0558,2.0009,1942.68,1947.407533813924,4.727533813923856,-4.727533813923856,751-1000
TR-044033,Montgomery,Savannah,318.6,Dry Van,41044.0,2025-10-06,0.88863,1.62653,811.41,794.3194355424325,17.09056445756744,17.09056445756744,251-500
TR-044034,Richmond,Mobile,920.7,Dry Van,33360.0,2025-10-06,0.9182,2.00149,1954.55,1870.3590034925642,84.19099650743578,84.19099650743578,751-1000
TR-044035,Memphis,Lexington,333.9,Dry Van,35563.0,2025-10-06,0.90518,1.61339,848.67,807.3758589096602,41.294141090339735,41.294141090339735,251-500
TR-044036,New York,Los Angeles,3028.4,Reefer,25043.0,2025-10-06,0.89558,2.22573,5870.7,5781.469206703892,89.23079329610755,89.23079329610755,1500+
TR-044037,San Antonio,Los Angeles,1255.0,Dry Van,39414.0,2025-10-06,0.87389,2.11436,2574.17,2624.8397133523868,50.66971335238668,-50.66971335238668,1001-1500
TR-044038,Nashville,Amarillo,1113.4,Dry Van,35094.0,2025-10-06,0.89301,2.05315,2346.53,2394.55376436122,48.023764361219946,-48.023764361219946,1001-1500
TR-044039,Milwaukee,Albany,1102.7,Reefer,41863.0,2025-10-06,0.90819,1.87716,2491.67,2493.739719961474,2.0697199614737656,-2.0697199614737656,1001-1500
TR-044040,Cincinnati,Bakersfield,1992.9,Dry Van,33360.0,2025-10-06,0.92835,2.23194,3773.44,3913.4154716512235,139.97547165122342,-139.97547165122342,1500+
TR-044041,Fort Wayne,Tulsa,893.1,Dry Van,41272.0,2025-10-06,0.89544,2.06314,1856.42,1900.5195289109201,44.09952891092007,-44.09952891092007,751-1000
TR-044042,Fort Wayne,Philadelphia,768.7,Dry Van,25035.0,2025-10-06,0.88272,2.19394,1532.18,1544.607232578223,12.427232578222856,-12.427232578222856,751-1000
TR-044043,Nashville,Memphis,114.4,Reefer,23803.0,2025-10-06,0.90408,1.12354,350.78,369.4714304510521,18.6914304510521,-18.6914304510521,0-250
TR-044044,Albany,Shreveport,1584.8,Reefer,36619.0,2025-10-06,0.90621,1.928,3533.81,3471.5674890116916,62.24251098830837,62.24251098830837,1500+
TR-044045,Phoenix,Chattanooga,2047.2,Dry Van,29081.0,2025-10-06,0.86616,2.26205,3900.6,3822.2009164969077,78.39908350309224,78.39908350309224,1500+
TR-044046,Boston,Lexington,1030.7,Reefer,36691.0,2025-10-06,0.87948,1.88976,2340.45,2372.469857803223,32.0198578032232,-32.0198578032232,1001-1500
TR-044047,Chattanooga,Birmingham,172.1,Dry Van,31157.0,2025-10-06,0.89644,1.42342,474.64,454.8156161625876,19.82438383741237,19.82438383741237,0-250
TR-044048,Boston,Las Vegas,2960.9,Dry Van,40689.0,2025-10-06,0.91056,2.25091,5573.55,5511.559998812635,61.990001187365124,61.990001187365124,1500+
TR-044049,Fort Wayne,Lexington,360.6,Dry Van,37179.0,2025-10-06,0.875,1.75697,864.11,837.0853015255716,27.02469847442842,27.02469847442842,251-500
TR-044050,Memphis,Hartford,1144.7,Dry Van,47500.0,2025-10-06,0.91685,2.0325,2352.33,2370.802331776668,18.472331776667943,-18.472331776667943,1001-1500
TR-044051,Kansas City,Savannah,744.4,Dry Van,39094.0,2025-10-06,0.87778,1.91644,1676.58,1572.9529216248727,103.62707837512721,103.62707837512721,501-750
TR-044052,Mobile,Tampa,324.7,Dry Van,31035.0,2025-10-06,0.88485,1.75958,784.02,813.9562389907138,29.936238990713832,-29.936238990713832,251-500
TR-044053,Oklahoma City,Dallas,318.2,Reefer,26122.0,2025-10-06,0.87788,1.32931,891.23,853.8533489947248,37.37665100527522,37.37665100527522,251-500
TR-044054,New York,Richmond,249.5,Flatbed,17372.0,2025-10-06,0.86073,1.69996,610.58,616.4217054132234,5.841705413223394,-5.841705413223394,0-250
TR-044055,Albany,San Antonio,2107.1,Flatbed,26841.0,2025-10-06,0.91556,2.27167,4116.8,4234.298166783901,117.49816678390107,-117.49816678390107,1500+
TR-044056,Little Rock,Lexington,530.7,Reefer,29044.0,2025-10-06,0.86385,1.67667,1320.52,1292.1510574756655,28.368942524334443,28.368942524334443,501-750
TR-044057,Montgomery,Fort Wayne,824.7,Reefer,28499.0,2025-10-06,0.90777,1.8603,1877.91,1893.4309439178035,15.520943917803379,-15.520943917803379,751-1000
TR-044058,Kansas City,El Paso,1372.5,Dry Van,35915.0,2025-10-06,0.83284,2.0711,2863.58,2782.1764325055174,81.40356749448256,81.40356749448256,1001-1500
TR-044059,Philadelphia,Indianapolis,1009.0,Flatbed,32413.0,2025-10-06,0.89301,1.9781,2169.35,2198.8563691722006,29.50636917220072,-29.50636917220072,1001-1500
TR-044060,Grand Rapids,Mobile,953.5,Dry Van,29740.0,2025-10-06,0.8729,2.13658,1929.48,1933.4997070169907,4.019707016990651,-4.019707016990651,751-1000
TR-044061,Cincinnati,Harrisburg,591.0,Dry Van,30000.0,2025-10-06,0.84399,2.06528,1203.53,1254.14893417529,50.61893417528995,-50.61893417528995,501-750
TR-044062,Amarillo,Green Bay,1361.8,Dry Van,16833.0,2025-10-06,0.89044,2.26497,2541.47,2634.2946160865695,92.82461608656968,-92.82461608656968,1001-1500
TR-044063,Oklahoma City,Austin,233.1,Dry Van,33013.0,2025-10-06,0.89547,1.46034,626.22,610.5270645024957,15.692935497504322,15.692935497504322,0-250
TR-044064,Savannah,Hartford,827.8,Flatbed,25825.0,2025-10-06,0.90311,1.95274,1779.27,1775.8473254729015,3.4226745270984793,3.4226745270984793,751-1000
TR-044065,Raleigh,Greensboro,360.7,Flatbed,19060.0,2025-10-06,0.87129,1.7196,882.45,863.6997684988012,18.75023150119887,18.75023150119887,251-500
TR-044066,El Paso,Baton Rouge,1230.0,Reefer,34583.0,2025-10-06,0.89603,1.81231,2885.04,2871.719977680101,13.32002231989918,13.32002231989918,1001-1500
TR-044067,Charleston,St. Louis,779.4,Dry Van,39374.0,2025-10-06,0.93502,1.97706,1687.5,1656.8207279691733,30.679272030826723,30.679272030826723,751-1000
TR-044068,Baton Rouge,Hartford,1561.0,Dry Van,37171.0,2025-10-06,0.9035,2.13265,3118.32,3141.714931380809,23.394931380808885,-23.394931380808885,1500+
TR-044069,Lubbock,Los Angeles,1211.0,Dry Van,26232.0,2025-10-06,0.90356,2.18886,2401.07,2414.3464157419126,13.276415741912388,-13.276415741912388,1001-1500
TR-044070,Dayton,Atlanta,429.3,Dry Van,33752.0,2025-10-06,0.87649,1.89723,969.91,987.5733436604243,17.66334366042429,-17.66334366042429,251-500
TR-044071,El Paso,Tampa,1675.0,Flatbed,41386.0,2025-10-06,0.91932,2.06164,3518.03,3718.2004541130937,200.17045411309346,-200.17045411309346,1500+
TR-044072,Milwaukee,Montgomery,673.3,Flatbed,42911.0,2025-10-06,0.87088,1.68474,1636.43,1553.7157928920792,82.71420710792086,82.71420710792086,501-750
TR-044073,Buffalo,Los Angeles,2631.3,Dry Van,30328.0,2025-10-06,0.92569,2.35639,4831.89,4759.708782023636,72.18121797636468,72.18121797636468,1500+
TR-044074,Lexington,Bakersfield,2148.6,Dry Van,35166.0,2025-10-06,0.89982,2.23167,4100.88,4094.3455593985555,6.534440601444658,6.534440601444658,1500+
TR-044075,Greensboro,Reno,2276.9,Dry Van,46114.0,2025-10-06,0.88773,2.24586,4337.77,4299.455944562384,38.314055437616844,38.314055437616844,1500+
TR-044076,Atlanta,Hartford,995.4,Dry Van,12686.0,2025-10-06,0.86415,2.27733,1872.82,1965.8646384795582,93.04463847955822,-93.04463847955822,751-1000
TR-044077,Hartford,Montgomery,1131.3,Reefer,32044.0,2025-10-06,0.87178,1.99454,2474.26,2561.3236218926063,87.06362189260608,-87.06362189260608,1001-1500
TR-044078,Cincinnati,Kansas City,369.0,Dry Van,33165.0,2025-10-06,0.8673,1.77336,867.2,845.6477151889022,21.55228481109782,21.55228481109782,251-500
TR-044079,Atlanta,Columbia,217.4,Dry Van,29288.0,2025-10-06,0.91065,1.57873,561.58,538.993731787012,22.58626821298799,22.58626821298799,0-250
TR-044080,Nashville,Greensboro,363.9,Dry Van,35413.0,2025-10-06,0.89356,1.68712,880.74,845.8975654168877,34.84243458311232,34.84243458311232,251-500
TR-044081,Washington,Chattanooga,712.2,Flatbed,41235.0,2025-10-06,0.89646,1.89215,1607.56,1622.954812255798,15.394812255798115,-15.394812255798115,501-750
TR-044082,Shreveport,Tulsa,202.9,Flatbed,15674.0,2025-10-06,0.89651,1.35395,568.52,592.0128251162156,23.492825116215613,-23.492825116215613,0-250
TR-044083,Boston,Philadelphia,236.3,Dry Van,34313.0,2025-10-06,0.8776,1.58067,595.93,552.9738949728916,42.95610502710838,42.95610502710838,0-250
TR-044084,Richmond,Atlanta,692.0,Reefer,22082.0,2025-10-06,0.91263,1.8158,1612.8,1572.7306085260075,40.06939147399248,40.06939147399248,501-750
TR-044085,Las Vegas,Bakersfield,117.1,Dry Van,22190.0,2025-10-06,0.88472,1.5277,309.64,318.33678605848263,8.696786058482644,-8.696786058482644,0-250
TR-044086,Albuquerque,Chattanooga,1465.9,Reefer,33121.0,2025-10-06,0.89715,1.82659,3379.8,3291.207748395722,88.59225160427832,88.59225160427832,1001-1500
TR-044087,Corpus Christi,Baltimore,1778.3,Flatbed,24942.0,2025-10-06,0.9017,2.11178,3604.59,3721.4223733085832,116.8323733085831,-116.8323733085831,1500+
TR-044088,Oklahoma City,Providence,1922.2,Dry Van,20373.0,2025-10-06,0.88038,2.20517,3621.3,3698.296054964534,76.99605496453387,-76.99605496453387,1500+
TR-044089,Tucson,Dayton,1862.5,Dry Van,32805.0,2025-10-06,0.88662,2.25128,3520.84,3585.778421683746,64.93842168374567,-64.93842168374567,1500+
TR-044090,Grand Rapids,Hartford,910.8,Flatbed,23595.0,2025-10-06,0.94617,2.09306,1865.44,1894.1175359123201,28.67753591232008,-28.67753591232008,751-1000
TR-044091,Nashville,Fresno,2087.3,Dry Van,23125.0,2025-10-06,0.90165,2.33073,3796.72,3756.0479532260565,40.67204677394329,40.67204677394329,1500+
TR-044092,Lubbock,Syracuse,1780.3,Dry Van,40224.0,2025-10-06,0.9004,2.24569,3400.27,3556.855388302236,156.58538830223597,-156.58538830223597,1500+
TR-044093,Cincinnati,Milwaukee,242.1,Dry Van,40375.0,2025-10-06,0.93645,1.493,641.14,625.2817832988858,15.858216701114202,15.858216701114202,0-250
TR-044094,Los Angeles,Memphis,1898.8,Dry Van,21996.0,2025-10-07,0.99723,2.29307,3521.79,3656.496309216082,134.706309216082,-134.706309216082,1500+
TR-044095,Fresno,Tucson,481.3,Dry Van,20196.0,2025-10-07,0.97633,1.8976,1081.64,1047.9000345779446,33.73996542205555,33.73996542205555,251-500
TR-044096,Lexington,Las Vegas,2019.8,Dry Van,40074.0,2025-10-07,0.99635,2.1663,4002.03,4012.191218043258,10.161218043257577,-10.161218043257577,1500+
TR-044097,Buffalo,Lubbock,1691.0,Reefer,21353.0,2025-10-07,0.95379,1.9892,3613.18,3676.357160443568,63.17716044356803,-63.17716044356803,1500+
TR-044098,Birmingham,Shreveport,406.6,Reefer,45982.0,2025-10-07,0.95059,1.36684,1129.78,1095.769024230998,34.010975769002016,34.010975769002016,251-500
TR-044099,Atlanta,Lexington,195.7,Dry Van,43107.0,2025-10-07,1.00052,1.39314,543.25,539.207218025864,4.042781974136005,4.042781974136005,0-250
TR-044100,San Antonio,Amarillo,512.9,Dry Van,33117.0,2025-10-07,0.97686,1.82584,1191.94,1179.353790368488,12.58620963151202,12.58620963151202,501-750
TR-044101,Lexington,Richmond,528.9,Flatbed,30984.0,2025-10-07,0.93789,1.8658,1221.71,1236.6663684847724,14.956368484772383,-14.956368484772383,501-750
TR-044102,Nashville,Shreveport,379.6,Dry Van,39776.0,2025-10-07,0.94419,1.64167,941.96,939.5270521418836,2.4329478581164494,2.4329478581164494,251-500
TR-044103,Little Rock,Baton Rouge,310.3,Dry Van,43991.0,2025-10-07,0.97985,1.46012,810.34,811.9636616122349,1.623661612234855,-1.623661612234855,251-500
TR-044104,Los Angeles,Providence,3185.8,Dry Van,20056.0,2025-10-07,0.94464,2.27632,5766.93,5394.2241010098405,372.70589899015977,372.70589899015977,1500+
TR-044105,Hartford,Oklahoma City,1913.4,Reefer,37816.0,2025-10-07,0.97237,1.97049,4281.85,4269.390879243833,12.459120756167067,12.459120756167067,1500+
TR-044106,Syracuse,Buffalo,164.7,Dry Van,47500.0,2025-10-07,1.01122,1.58956,417.09,441.10717674752436,24.01717674752439,-24.01717674752439,0-250
TR-044107,Baton Rouge,Chattanooga,556.5,Dry Van,30685.0,2025-10-07,0.96165,1.94243,1254.51,1247.5481101192897,6.96188988071026,6.96188988071026,501-750
TR-044108,Greensboro,Columbia,135.8,Dry Van,20042.0,2025-10-07,0.93432,1.58092,347.21,361.18689412501607,13.976894125016088,-13.976894125016088,0-250
TR-044109,Nashville,Amarillo,1093.9,Reefer,33569.0,2025-10-07,0.97429,1.75987,2628.55,2653.8350061086867,25.285006108686503,-25.285006108686503,1001-1500
TR-044110,Montgomery,Los Angeles,2202.0,Dry Van,17532.0,2025-10-07,0.94905,2.38043,4005.12,4063.401487311446,58.2814873114462,-58.2814873114462,1500+
TR-044111,Salt Lake City,Savannah,2021.5,Reefer,39978.0,2025-10-07,0.96338,1.90881,4566.62,4404.058501881483,162.5614981185172,162.5614981185172,1500+
TR-044112,Hartford,Baltimore,137.8,Dry Van,45285.0,2025-10-07,0.95871,1.38066,378.59,361.84443959570746,16.74556040429252,16.74556040429252,0-250
TR-044113,Tulsa,Toledo,970.7,Reefer,29430.0,2025-10-07,0.93368,1.91897,2202.48,2184.3406668935263,18.139333106473714,18.139333106473714,751-1000
TR-044114,Memphis,Chattanooga,180.7,Dry Van,17477.0,2025-10-07,0.95984,1.53774,467.61,472.7900820507816,5.180082050781607,-5.180082050781607,0-250
TR-044115,Bakersfield,Reno,525.1,Reefer,28251.0,2025-10-07,0.98452,1.72123,1276.25,1245.684736853945,30.56526314605503,30.56526314605503,501-750
TR-044116,Louisville,Richmond,721.4,Dry Van,23515.0,2025-10-07,1.00522,2.12134,1459.87,1472.5533527803068,12.683352780306905,-12.683352780306905,501-750
TR-044117,Phoenix,Toledo,2267.3,Flatbed,31282.0,2025-10-07,0.9707,2.08116,4654.5,4630.622693140204,23.87730685979568,23.87730685979568,1500+
TR-044118,Greensboro,Hartford,755.2,Dry Van,21865.0,2025-10-07,0.96308,2.23007,1495.33,1509.6649795054257,14.334979505425736,-14.334979505425736,751-1000
TR-044119,Amarillo,Milwaukee,1149.8,Flatbed,32613.0,2025-10-07,0.94915,1.923,2550.13,2635.153966986696,85.023966986696,-85.023966986696,1001-1500
TR-044120,Los Angeles,Albany,3162.1,Dry Van,7120.0,2025-10-07,0.96154,2.50508,5368.81,5282.074064256308,86.73593574369261,86.73593574369261,1500+
TR-044121,Milwaukee,Toledo,309.7,Flatbed,22243.0,2025-10-07,0.9729,1.66324,764.04,760.4986861968601,3.541313803139815,3.541313803139815,251-500
TR-044122,Lexington,Phoenix,2221.3,Reefer,26321.0,2025-10-07,0.97034,2.05804,4560.49,4503.159758979986,57.330241020014,57.330241020014,1500+
TR-044123,Lexington,Oklahoma City,1003.3,Reefer,31366.0,2025-10-07,1.01742,1.67071,2492.07,2405.3165785774395,86.75342142256068,86.75342142256068,1001-1500
TR-044124,Phoenix,Mobile,1927.0,Dry Van,47500.0,2025-10-07,0.94599,2.13127,3882.76,3919.841274904758,37.08127490475772,-37.08127490475772,1500+
TR-044125,Philadelphia,Charleston,609.2,Dry Van,35292.0,2025-10-07,0.9732,2.02692,1329.78,1351.6320236485885,21.852023648588556,-21.852023648588556,501-750
TR-044126,Los Angeles,Little Rock,1780.3,Reefer,28588.0,2025-10-07,0.97159,1.9441,3987.15,3865.220884815412,121.92911518458823,121.92911518458823,1500+
TR-044127,Oklahoma City,Dayton,1031.1,Dry Van,39896.0,2025-10-07,0.9612,2.00842,2199.94,2191.7877400081165,8.152259991883511,8.152259991883511,1001-1500
TR-044128,Richmond,Los Angeles,2803.0,Flatbed,22389.0,2025-10-07,0.95973,2.29769,5209.11,5266.541524538914,57.431524538914346,-57.431524538914346,1500+
TR-044129,Toledo,Amarillo,1429.7,Reefer,14300.0,2025-10-07,0.97567,2.02246,3013.41,3034.5753850343813,21.165385034381416,-21.165385034381416,1001-1500
TR-044130,Fresno,Louisville,2148.6,Dry Van,23129.0,2025-10-07,0.95433,2.31853,3930.32,3884.824564133739,45.49543586626123,45.49543586626123,1500+
TR-044131,Grand Rapids,Kansas City,466.3,Dry Van,47500.0,2025-10-07,0.94308,1.82391,1076.93,1070.6090186476654,6.320981352334684,6.320981352334684,251-500
TR-044132,San Antonio,Greensboro,1206.8,Dry Van,31950.0,2025-10-07,0.96124,2.11401,2481.63,2466.339959328133,15.290040671867246,15.290040671867246,1001-1500
TR-044133,Lubbock,Los Angeles,1197.8,Dry Van,40959.0,2025-10-07,0.96351,2.04666,2596.05,2536.230998425082,59.819001574918275,59.819001574918275,1001-1500
TR-044134,Montgomery,Lexington,483.1,Reefer,26231.0,2025-10-07,0.97451,1.65474,1188.47,1199.7385933887128,11.268593388712816,-11.268593388712816,251-500
TR-044135,Indianapolis,Fort Wayne,334.0,Reefer,28294.0,2025-10-07,0.94892,1.54004,872.03,848.5930249540784,23.4369750459216,23.4369750459216,251-500
TR-044136,Oklahoma City,Milwaukee,909.8,Flatbed,39179.0,2025-10-07,0.9547,1.78193,2120.59,2077.6826772587237,42.9073227412764,42.9073227412764,751-1000
TR-044137,Tampa,Tucson,1838.4,Dry Van,29167.0,2025-10-07,0.97067,2.23651,3521.73,3561.3047160573537,39.574716057353726,-39.574716057353726,1500+
TR-044138,Fort Wayne,Corpus Christi,1221.6,Dry Van,23259.0,2025-10-07,0.93286,2.17385,2442.27,2415.134289558536,27.135710441464198,27.135710441464198,1001-1500
TR-044139,Charleston,Albuquerque,1990.5,Dry Van,24572.0,2025-10-07,0.9767,2.25314,3713.4,3752.7863490629857,39.38634906298557,-39.38634906298557,1500+
TR-044140,Hartford,Baltimore,143.8,Dry Van,33665.0,2025-10-07,0.95988,1.46686,383.5,381.6129463282849,1.8870536717150799,1.8870536717150799,0-250
TR-044141,San Antonio,Buffalo,1601.8,Dry Van,30074.0,2025-10-07,0.9762,2.15299,3098.51,3057.1908392510963,41.31916074890387,41.31916074890387,1500+
TR-044142,Cincinnati,Baltimore,925.0,Flatbed,27711.0,2025-10-07,0.92025,1.94017,1996.97,2008.5664303785074,11.59643037850742,-11.59643037850742,751-1000
TR-044143,Milwaukee,Tucson,1764.6,Dry Van,36922.0,2025-10-07,1.0558,2.20442,3494.0,3566.9999905372742,72.99999053727424,-72.99999053727424,1500+
TR-044144,Harrisburg,Hartford,395.6,Flatbed,32187.0,2025-10-07,1.01442,1.69705,950.43,959.5752978400163,9.145297840016383,-9.145297840016383,251-500
TR-044145,Boston,Montgomery,1290.6,Dry Van,31375.0,2025-10-07,0.91546,2.23513,2486.75,2536.7108938374054,49.960893837405365,-49.960893837405365,1001-1500
TR-044146,Salt Lake City,Philadelphia,2526.2,Flatbed,18183.0,2025-10-07,0.98456,2.2413,4845.95,4982.522916206145,136.57291620614524,-136.57291620614524,1500+
TR-044147,Jacksonville,Reno,2336.4,Reefer,44191.0,2025-10-07,0.98307,1.96964,5058.57,5037.996267457459,20.57373254254071,20.57373254254071,1500+
TR-044148,Phoenix,Hartford,2943.1,Dry Van,33774.0,2025-10-07,0.99032,2.3303,5346.93,5376.2773452414895,29.347345241489165,-29.347345241489165,1500+
TR-044149,San Antonio,Buffalo,1562.1,Reefer,38651.0,2025-10-07,0.95947,1.84723,3549.06,3511.548352998565,37.511647001434994,37.511647001434994,1500+
TR-044150,Lubbock,Las Vegas,1072.7,Dry Van,35779.0,2025-10-07,0.94535,1.99955,2303.95,2332.4731699587783,28.523169958778453,-28.523169958778453,1001-1500
TR-044151,Providence,Montgomery,1231.0,Reefer,39980.0,2025-10-07,0.91959,1.73353,2964.61,2840.5443664823424,124.06563351765772,124.06563351765772,1001-1500
TR-044152,Salt Lake City,Green Bay,1778.0,Dry Van,26934.0,2025-10-07,0.94797,2.27691,3303.47,3348.1085563188153,44.63855631881552,-44.63855631881552,1500+
TR-044153,Cincinnati,Fort Wayne,380.5,Dry Van,47500.0,2025-10-07,0.95424,1.78593,910.55,892.7418896041788,17.80811039582113,17.80811039582113,251-500
TR-044154,Oklahoma City,Kansas City,796.6,Dry Van,31662.0,2025-10-07,0.96619,2.0198,1743.43,1699.9697823871359,43.4602176128642,43.4602176128642,751-1000
TR-044155,Greensboro,Milwaukee,485.3,Dry Van,36889.0,2025-10-07,0.94888,1.86892,1101.55,1093.0157383027383,8.534261697261627,8.534261697261627,251-500
TR-044156,Tulsa,Milwaukee,650.3,Dry Van,38716.0,2025-10-07,0.97662,1.78652,1525.43,1416.786787781619,108.643212218381,108.643212218381,501-750
TR-044157,Indianapolis,Buffalo,711.8,Flatbed,19177.0,2025-10-07,0.95731,1.93584,1554.33,1524.3973612724626,29.932638727537324,29.932638727537324,501-750
TR-044158,Oklahoma City,Phoenix,1189.0,Dry Van,33044.0,2025-10-07,0.96242,2.14143,2448.67,2508.556312796522,59.886312796521906,-59.886312796521906,1001-1500
TR-044159,Tucson,Fort Wayne,2010.4,Dry Van,21588.0,2025-10-07,0.92984,2.39837,3635.27,3687.453113473973,52.18311347397321,-52.18311347397321,1500+
TR-044160,Jacksonville,Amarillo,1363.3,Flatbed,43138.0,2025-10-07,0.99715,1.81474,3181.62,3079.2406814242477,102.37931857575222,102.37931857575222,1001-1500
TR-044161,Milwaukee,Baton Rouge,806.2,Dry Van,36381.0,2025-10-07,0.94238,2.00131,1778.31,1744.4581416952992,33.85185830470073,33.85185830470073,751-1000
TR-044162,Baton Rouge,Detroit,1189.2,Flatbed,31603.0,2025-10-07,0.95007,2.02274,8425.34,2587.2002777877615,5838.139722212239,5838.139722212239,1001-1500
TR-044163,Little Rock,Tucson,1461.7,Dry Van,44692.0,2025-10-07,0.94466,2.13446,2928.06,3049.1562145320895,121.09621453208956,-121.09621453208956,1001-1500
TR-044164,Fresno,Baltimore,3071.7,Dry Van,35093.0,2025-10-07,0.91287,2.27607,5768.57,5575.021242245168,193.54875775483197,193.54875775483197,1500+
TR-044165,Lubbock,Richmond,1674.0,Dry Van,27638.0,2025-10-07,0.9505,2.185,3282.71,3258.9642395035576,23.745760496442472,23.745760496442472,1500+
TR-044166,Hartford,San Antonio,1858.7,Dry Van,34414.0,2025-10-07,0.95674,2.19553,3603.1,3647.948322482758,44.84832248275825,-44.84832248275825,1500+
TR-044167,El Paso,Cincinnati,1576.8,Dry Van,25792.0,2025-10-07,0.94443,2.25143,3028.7,3017.360509421394,11.339490578605819,11.339490578605819,1500+
TR-044168,Albany,Corpus Christi,2002.6,Reefer,27852.0,2025-10-07,0.97102,2.02371,4204.74,4323.0416017006855,118.30160170068575,-118.30160170068575,1500+
TR-044169,Amarillo,Washington,1864.5,Reefer,40643.0,2025-10-07,1.0022,1.82343,4287.51,4053.070132095116,234.43986790488407,234.43986790488407,1500+
TR-044170,Austin,El Paso,829.8,Reefer,36533.0,2025-10-07,0.97298,1.61304,2085.87,2066.1984346958047,19.671565304195155,19.671565304195155,751-1000
TR-044171,New York,Madison,969.1,Dry Van,38068.0,2025-10-07,0.95998,2.06606,2005.58,1980.1403913476297,25.439608652370225,25.439608652370225,751-1000
TR-044172,Philadelphia,Nashville,1032.3,Flatbed,21547.0,2025-10-07,0.97294,2.05781,2142.38,2216.451198664594,74.0711986645938,-74.0711986645938,1001-1500
TR-044173,Washington,Providence,507.7,Reefer,35255.0,2025-10-07,0.97521,1.59303,1277.52,1249.4852300603802,28.034769939619764,28.034769939619764,501-750
TR-044174,Harrisburg,Kansas City,841.7,Dry Van,39992.0,2025-10-07,0.95187,2.12083,1734.56,1758.1692272784576,23.609227278457638,-23.609227278457638,751-1000
TR-044175,Fresno,Toledo,2362.6,Reefer,31371.0,2025-10-07,0.92001,2.07809,4817.58,4971.773370142622,154.19337014262237,-154.19337014262237,1500+
TR-044176,Raleigh,Milwaukee,796.6,Flatbed,29959.0,2025-10-07,0.96635,2.00347,463.05,1755.3096705727214,1292.2596705727215,-1292.2596705727215,751-1000
TR-044177,Houston,Greensboro,925.2,Reefer,40697.0,2025-10-07,0.97995,1.64199,2293.83,2197.063435460186,96.76656453981377,96.76656453981377,751-1000
TR-044178,Albany,San Antonio,2101.9,Flatbed,35181.0,2025-10-07,0.98342,2.0622,4489.14,4393.838574914643,95.30142508535755,95.30142508535755,1500+
TR-044179,Chattanooga,Mobile,285.5,Dry Van,20081.0,2025-10-07,0.98664,1.674,713.84,679.7783508286566,34.06164917134345,34.06164917134345,251-500
TR-044180,Houston,Chattanooga,647.2,Reefer,41247.0,2025-10-07,0.98301,1.60181,1671.84,1610.4515300764133,61.38846992358663,61.38846992358663,501-750
TR-044181,Boston,Green Bay,1160.7,Dry Van,33233.0,2025-10-07,0.96422,2.26861,2193.1,2419.294775376001,226.19477537600096,-226.19477537600096,1001-1500
TR-044182,San Antonio,Lexington,1072.1,Reefer,31152.0,2025-10-07,0.96578,1.78993,2518.87,2530.9266837576884,12.056683757688461,-12.056683757688461,1001-1500
TR-044183,Columbia,Dayton,467.6,Reefer,28485.0,2025-10-07,0.94264,1.73634,1147.73,1147.7312218440502,0.0012218440501783334,-0.0012218440501783334,251-500
TR-044184,Hartford,Chattanooga,1030.0,Flatbed,32798.0,2025-10-07,0.93335,2.04287,2193.67,2279.8903067681545,86.22030676815439,-86.22030676815439,1001-1500
TR-044185,Baton Rouge,Tulsa,312.4,Dry Van,27278.0,2025-10-07,1.0101,1.66128,777.68,776.3987560677009,1.2812439322990485,1.2812439322990485,251-500
TR-044186,Richmond,Corpus Christi,1510.6,Dry Van,22790.0,2025-10-07,0.96103,2.23164,2903.55,2930.535212841263,26.985212841262637,-26.985212841262637,1500+
TR-044187,Kansas City,Toledo,468.8,Dry Van,27461.0,2025-10-07,0.96034,1.9553,1013.2,1019.7845186648838,6.584518664883717,-6.584518664883717,251-500
TR-044188,Richmond,Louisville,696.1,Flatbed,27195.0,2025-10-07,0.97735,1.85461,1561.6,1551.1826198055046,10.417380194495308,10.417380194495308,501-750
TR-044189,Columbia,Phoenix,2278.1,Reefer,27246.0,2025-10-07,0.97195,2.12562,4752.22,4715.33267808052,36.8873219194802,36.8873219194802,1500+
TR-044190,Madison,Nashville,530.4,Flatbed,25579.0,2025-10-07,0.96241,1.78988,1234.37,1232.685622616,1.6843773839998448,1.6843773839998448,501-750
TR-044191,New York,Fort Wayne,742.6,Dry Van,22957.0,2025-10-07,0.98505,2.235,1460.12,1465.9856401737043,5.865640173704378,-5.865640173704378,501-750
TR-044192,Lubbock,Indianapolis,986.1,Dry Van,29874.0,2025-10-07,0.97089,2.04475,2074.22,2033.0353554594876,41.18464454051218,41.18464454051218,751-1000
TR-044193,Baltimore,Lubbock,1910.9,Dry Van,44922.0,2025-10-07,0.91871,2.14159,3829.1,3893.404671995214,64.304671995214,-64.304671995214,1500+
TR-044194,Mobile,Atlanta,296.0,Dry Van,31398.0,2025-10-07,0.96923,1.54736,760.31,737.3452090557599,22.964790944240008,22.964790944240008,251-500
TR-044195,Little Rock,Greensboro,644.8,Dry Van,37274.0,2025-10-07,0.92623,1.94694,1451.78,1396.078575703254,55.70142429674593,55.70142429674593,501-750
TR-044196,Boston,Richmond,490.9,Dry Van,29942.0,2025-10-07,0.92913,1.91622,1086.79,1048.434136153179,38.35586384682097,38.35586384682097,251-500
TR-044197,Providence,Baton Rouge,1621.3,Reefer,24668.0,2025-10-07,0.98732,1.93097,3527.99,3546.7119667106585,18.721966710658762,-18.721966710658762,1500+
TR-044198,Philadelphia,Raleigh,439.4,Flatbed,47500.0,2025-10-07,0.94089,1.63776,1109.09,1085.555792122408,23.534207877591825,23.534207877591825,251-500
TR-044199,Houston,Tulsa,217.4,Dry Van,30419.0,2025-10-07,0.95935,1.38059,600.81,573.9697569307476,26.840243069252324,26.840243069252324,0-250
TR-044200,Amarillo,Chattanooga,1128.4,Dry Van,36125.0,2025-10-07,0.98049,2.07579,2342.36,2416.6584644317904,74.29846443179031,-74.29846443179031,1001-1500
TR-044201,Columbia,Fresno,2452.9,Reefer,39314.0,2025-10-07,0.97078,1.98818,5264.82,5152.699030493876,112.1209695061234,112.1209695061234,1500+
TR-044202,Charleston,Jacksonville,388.5,Dry Van,37104.0,2025-10-07,0.97453,1.72564,934.61,930.0133307801804,4.59666921981966,4.59666921981966,251-500
TR-044203,Syracuse,Lubbock,1812.5,Dry Van,42122.0,2025-10-07,0.97102,2.14315,3669.51,3663.927689968187,5.582310031812995,5.582310031812995,1500+
TR-044204,Detroit,Columbia,730.7,Dry Van,36449.0,2025-10-07,0.95464,2.0458,1561.47,1512.728992225398,48.74100777460194,48.74100777460194,501-750
TR-044205,St. Louis,Kansas City,107.4,Reefer,35200.0,2025-10-07,0.99448,0.96361,343.65,335.58580021616274,8.064199783837239,8.064199783837239,0-250
TR-044206,Baton Rouge,Oklahoma City,422.7,Dry Van,37229.0,2025-10-07,0.9518,1.64063,1050.79,1023.5426969648374,27.24730303516253,27.24730303516253,251-500
TR-044207,Chattanooga,Buffalo,764.8,Reefer,39696.0,2025-10-07,0.96352,1.69526,1843.82,1825.6459933836131,18.174006616386805,18.174006616386805,751-1000
TR-044208,St. Louis,Memphis,254.9,Dry Van,32769.0,2025-10-07,0.95154,1.62286,646.5,639.6721760458267,6.827823954173255,6.827823954173255,251-500
TR-044209,Philadelphia,Reno,2819.1,Flatbed,42631.0,2025-10-07,0.97873,2.12478,5552.48,5631.943152749137,79.46315274913741,-79.46315274913741,1500+
TR-044210,Fort Wayne,Jacksonville,772.2,Reefer,33559.0,2025-10-07,0.95475,1.86541,1769.05,1809.8561985378437,40.806198537843784,-40.806198537843784,751-1000
TR-044211,Montgomery,Austin,946.5,Reefer,21771.0,2025-10-07,1.00806,1.86752,2209.39,2182.715637072104,26.6743629278958,26.6743629278958,751-1000
TR-044212,Columbia,Harrisburg,545.6,Flatbed,19866.0,2025-10-07,0.9906,1.93141,1246.09,1242.442492937408,3.6475070625920125,3.6475070625920125,501-750
TR-044213,New Orleans,San Antonio,488.3,Dry Van,31346.0,2025-10-07,0.94682,1.79726,1148.19,1146.0614324372414,2.1285675627586897,2.1285675627586897,251-500
TR-044214,Jacksonville,Boston,1199.2,Flatbed,23703.0,2025-10-07,1.00246,2.13185,2411.14,2544.846287443818,133.70628744381793,-133.70628744381793,1001-1500
TR-044215,Nashville,Tucson,1770.0,Dry Van,27030.0,2025-10-07,0.96364,2.20342,725.75,3466.8290826563916,2741.0790826563916,-2741.0790826563916,1500+
TR-044216,Philadelphia,Lexington,780.2,Dry Van,22852.0,2025-10-07,0.95885,2.1097,1548.72,1555.9418888167463,7.2218888167462865,-7.2218888167462865,751-1000
TR-044217,Albany,Kansas City,1263.9,Dry Van,32320.0,2025-10-07,0.96845,2.18165,2462.56,2488.4021375572956,25.8421375572957,-25.8421375572957,1001-1500
TR-044218,Harrisburg,Lexington,502.8,Flatbed,29532.0,2025-10-07,0.91685,1.90466,1145.57,1162.055801694419,16.485801694419024,-16.485801694419024,501-750
TR-044219,Albuquerque,Tucson,444.6,Dry Van,41018.0,2025-10-07,0.93596,1.73758,1054.4,1046.1717522557985,8.228247744201553,8.228247744201553,251-500
TR-044220,Phoenix,Baton Rouge,1659.3,Dry Van,22143.0,2025-10-07,0.96653,2.23358,3137.27,3210.9232091632284,73.65320916322844,-73.65320916322844,1500+
TR-044221,Tulsa,Syracuse,1383.6,Flatbed,29174.0,2025-10-07,0.95246,2.00656,2978.41,2856.9749152371883,121.43508476281158,121.43508476281158,1001-1500
TR-044222,Lubbock,Charleston,1414.1,Reefer,28508.0,2025-10-07,0.97351,2.02086,3087.54,3145.591507929885,58.05150792988525,-58.05150792988525,1001-1500
TR-044223,Atlanta,Bakersfield,2036.2,Flatbed,32973.0,2025-10-07,0.93991,2.07462,4294.78,4258.310252924453,36.469747075546366,36.469747075546366,1500+
TR-044224,Chattanooga,Phoenix,2032.0,Dry Van,29840.0,2025-10-07,0.94981,2.29738,3853.42,3871.7115525662125,18.29155256621243,-18.29155256621243,1500+
TR-044225,Grand Rapids,Syracuse,564.5,Dry Van,47500.0,2025-10-07,0.92428,2.04125,1195.74,1214.4390689552138,18.69906895521376,-18.69906895521376,501-750
TR-044226,El Paso,Tulsa,1046.8,Dry Van,22263.0,2025-10-07,0.95849,2.14942,2100.06,2171.0556951977405,70.99569519774059,-70.99569519774059,1001-1500
TR-044227,Corpus Christi,Greensboro,1063.1,Reefer,23199.0,2025-10-07,0.95966,1.90853,2338.11,2404.662519391606,66.55251939160598,-66.55251939160598,1001-1500
TR-044228,Milwaukee,Atlanta,412.4,Flatbed,9902.0,2025-10-07,0.95202,1.80948,981.78,1002.6052827103664,20.825282710366423,-20.825282710366423,251-500
TR-044229,Greensboro,Raleigh,377.7,Reefer,28203.0,2025-10-07,0.94734,1.61354,979.31,920.8533384064011,58.456661593598824,58.456661593598824,251-500
TR-044230,Nashville,Buffalo,804.4,Dry Van,30943.0,2025-10-07,0.95505,2.11665,1628.75,1650.3247966401782,21.574796640178192,-21.574796640178192,751-1000
TR-044231,Atlanta,Providence,1109.9,Reefer,36297.0,2025-10-07,0.92936,1.92113,2527.69,2602.3670462747673,74.67704627476724,-74.67704627476724,1001-1500
TR-044232,Detroit,Austin,1542.6,Dry Van,21688.0,2025-10-07,0.99676,2.15503,2997.84,3019.491778490322,21.651778490321703,-21.651778490321703,1500+
TR-044233,Boston,Tampa,1456.7,Reefer,15295.0,2025-10-07,0.96434,2.15292,2996.55,3088.438606364626,91.88860636462596,-91.88860636462596,1001-1500
TR-044234,Madison,Mobile,810.3,Flatbed,18821.0,2025-10-07,0.94884,1.97175,1751.13,1760.0700405258087,8.940040525808627,-8.940040525808627,751-1000
TR-044235,Nashville,Richmond,806.6,Dry Van,42352.0,2025-10-07,0.94767,2.03801,1697.88,1707.2633772820852,9.383377282085121,-9.383377282085121,751-1000
TR-044236,San Antonio,Nashville,850.4,Reefer,35314.0,2025-10-07,1.01033,1.64676,2134.87,2083.1848157421405,51.68518425785942,51.68518425785942,751-1000
TR-044237,Detroit,Lubbock,1466.4,Dry Van,28965.0,2025-10-07,0.95105,2.24307,2838.8,2930.2563721536017,91.45637215360148,-91.45637215360148,1001-1500
TR-044238,El Paso,Fresno,655.9,Dry Van,35664.0,2025-10-07,1.00749,1.94263,1458.81,1409.6275855037231,49.182414496276806,49.182414496276806,501-750
TR-044239,Houston,Oklahoma City,294.4,Dry Van,39066.0,2025-10-07,0.98428,1.42357,798.7,772.9853533373301,25.714646662669907,25.714646662669907,251-500
TR-044240,Buffalo,Baton Rouge,1320.6,Reefer,24450.0,2025-10-07,0.96376,1.89892,2936.32,2809.615712576859,126.70428742314107,126.70428742314107,1001-1500
TR-044241,Bakersfield,Phoenix,387.5,Dry Van,28636.0,2025-10-07,0.96375,1.7989,896.02,890.5171037642621,5.502896235737921,5.502896235737921,251-500
TR-044242,Milwaukee,Baton Rouge,801.2,Flatbed,23526.0,2025-10-07,0.93864,1.89129,1807.79,1787.8527063165939,19.937293683406097,19.937293683406097,751-1000
TR-044243,New York,Atlanta,911.5,Dry Van,39500.0,2025-10-07,0.99947,2.04494,1912.19,1858.327557424245,53.86244257575504,53.86244257575504,751-1000
TR-044244,Greensboro,Bakersfield,2259.0,Reefer,33931.0,2025-10-07,0.99106,1.96782,4914.48,4740.507911202049,173.97208879795016,173.97208879795016,1500+
TR-044245,Lubbock,Baton Rouge,530.4,Flatbed,25360.0,2025-10-07,0.91972,1.56859,1341.93,1280.137444090798,61.792555909202065,61.792555909202065,501-750
TR-044246,Greensboro,Fresno,2427.0,Dry Van,30896.0,2025-10-07,0.98,2.25999,4578.11,4561.690777882275,16.41922211772453,16.41922211772453,1500+
TR-044247,Philadelphia,Grand Rapids,894.7,Flatbed,29949.0,2025-10-07,0.98703,1.98752,1934.91,1920.4689391330428,14.441060866957287,14.441060866957287,751-1000
TR-044248,New York,Amarillo,2058.0,Flatbed,29654.0,2025-10-07,0.99854,2.11305,4255.76,4240.545610333584,15.214389666416537,15.214389666416537,1500+
TR-044249,Hartford,Reno,2896.8,Dry Van,26130.0,2025-10-07,1.02249,2.35456,5055.75,4952.3671469955725,103.38285300442749,103.38285300442749,1500+
TR-044250,Lexington,El Paso,1706.7,Dry Van,22893.0,2025-10-07,0.95392,2.2535,3200.14,3348.301595070319,148.16159507031898,-148.16159507031898,1500+
TR-044251,San Antonio,Phoenix,1231.4,Reefer,32767.0,2025-10-07,1.04577,1.91443,2812.67,2903.1712298984935,90.50122989849342,-90.50122989849342,1001-1500
TR-044252,Austin,Amarillo,469.9,Dry Van,32048.0,2025-10-07,0.9498,1.75796,1139.45,1108.3571828491806,31.092817150819428,31.092817150819428,251-500
TR-044253,Fresno,Syracuse,2754.5,Dry Van,26100.0,2025-10-07,1.01679,2.32491,4886.24,4864.171122306917,22.068877693082868,22.068877693082868,1500+
TR-044254,Syracuse,Providence,651.9,Dry Van,29992.0,2025-10-07,0.99021,2.09873,1369.5,1347.0010093293797,22.498990670620287,22.498990670620287,501-750
TR-044255,Baton Rouge,Richmond,1197.9,Dry Van,30222.0,2025-10-07,0.9305,2.13376,2443.14,2417.6219849930776,25.51801500692227,25.51801500692227,1001-1500
TR-044256,Little Rock,Phoenix,1761.5,Dry Van,28346.0,2025-10-07,0.91846,2.26398,3332.67,3470.3484802250227,137.67848022502267,-137.67848022502267,1500+
TR-044257,Reno,San Antonio,1578.1,Reefer,25689.0,2025-10-07,0.97493,1.97933,3461.27,3345.7893540221403,115.4806459778597,115.4806459778597,1500+
TR-044258,Oklahoma City,Richmond,1504.1,Dry Van,39483.0,2025-10-07,1.03257,2.15052,3016.26,3096.143918939497,79.88391893949665,-79.88391893949665,1500+
TR-044259,Salt Lake City,Houston,1300.1,Dry Van,31632.0,2025-10-07,1.0558,2.04707,2714.39,2668.4138850757545,45.976114924245394,45.976114924245394,1001-1500
TR-044260,Harrisburg,Bakersfield,2558.4,Reefer,29241.0,2025-10-08,1.02748,2.10309,5189.95,5250.78697453232,60.8369745323198,-60.8369745323198,1500+
TR-044261,Albany,Bakersfield,3008.3,Reefer,28408.0,2025-10-08,1.01554,2.13817,6037.04,6090.25162799278,53.21162799278045,-53.21162799278045,1500+
TR-044262,Amarillo,Toledo,1484.5,Reefer,17604.0,2025-10-08,1.03047,2.05245,3142.74,3098.0650460699526,44.674953930047195,44.674953930047195,1001-1500
TR-044263,New Orleans,Mobile,297.7,Reefer,22363.0,2025-10-08,1.02589,1.2814,855.24,805.5548607704209,49.685139229579136,49.685139229579136,251-500
TR-044264,Atlanta,Little Rock,406.1,Dry Van,29834.0,2025-10-08,1.05572,1.84181,950.68,956.9869868025588,6.306986802558868,-6.306986802558868,251-500
TR-044265,San Antonio,Tulsa,429.3,Dry Van,41204.0,2025-10-08,1.00504,1.64037,1071.43,1064.0874963272863,7.342503672713747,7.342503672713747,251-500
TR-044266,Nashville,Green Bay,741.1,Dry Van,32377.0,2025-10-08,1.02535,2.00182,1578.75,1550.1808659865555,28.569134013444454,28.569134013444454,501-750
TR-044267,Buffalo,Indianapolis,686.6,Dry Van,39235.0,2025-10-08,1.06244,2.06068,1441.53,1454.7929232144031,13.262923214403145,-13.262923214403145,501-750
TR-044268,Albany,Albuquerque,2492.6,Dry Van,25513.0,2025-10-08,1.0559,2.38846,14425.42,4627.2971800678915,9798.122819932109,9798.122819932109,1500+
TR-044269,Harrisburg,Milwaukee,651.6,Dry Van,37526.0,2025-10-08,1.05609,1.94142,1423.7,1379.797732171412,43.90226782858804,43.90226782858804,501-750
TR-044270,El Paso,Baton Rouge,1263.1,Reefer,38385.0,2025-10-08,1.06085,1.72319,3015.04,2961.322046726411,53.717953273589046,53.717953273589046,1001-1500
TR-044271,Columbia,Kansas City,652.1,Reefer,21645.0,2025-10-08,1.02988,1.78127,313.15,1484.582520767172,1171.4325207671718,-1171.4325207671718,501-750
TR-044272,Oklahoma City,Charleston,1293.6,Reefer,43436.0,2025-10-08,1.10496,1.70274,3157.99,3050.2853149886673,107.70468501133246,107.70468501133246,1001-1500
TR-044273,Tucson,Syracuse,2470.5,Dry Van,20766.0,2025-10-08,1.04178,2.45188,4227.08,4402.575007112718,175.49500711271776,-175.49500711271776,1500+
TR-044274,Los Angeles,Phoenix,74.7,Dry Van,26826.0,2025-10-08,1.03948,1.16799,222.72,227.89559154749907,5.175591547499067,-5.175591547499067,0-250
TR-044275,St. Louis,Tulsa,531.5,Dry Van,27153.0,2025-10-08,1.03493,1.89796,1222.99,1186.30986992249,36.68013007751006,36.68013007751006,501-750
TR-044276,Atlanta,Boston,1119.0,Dry Van,25799.0,2025-10-08,0.98217,2.20263,2211.67,2228.4283038575268,16.7583038575267,-16.7583038575267,1001-1500
TR-044277,Atlanta,Indianapolis,345.2,Reefer,23455.0,2025-10-08,1.03837,1.55665,895.44,865.9499590428397,29.490040957160318,29.490040957160318,251-500
TR-044278,Dayton,Fort Wayne,127.0,Flatbed,39736.0,2025-10-08,1.07986,1.24246,372.9,364.1256351794521,8.774364820547873,8.774364820547873,0-250
TR-044279,Nashville,Montgomery,359.1,Flatbed,22233.0,2025-10-08,1.06452,1.72296,882.73,891.6757186664136,8.94571866641354,-8.94571866641354,251-500
TR-044280,Baltimore,Oklahoma City,1837.1,Flatbed,23494.0,2025-10-08,1.00398,2.06775,3785.69,3771.8170703584906,13.872929641509472,13.872929641509472,1500+
TR-044281,Corpus Christi,Philadelphia,1723.3,Dry Van,25678.0,2025-10-08,1.05823,2.24156,3332.32,3389.3148613942226,56.994861394222426,-56.994861394222426,1500+
TR-044282,Grand Rapids,Buffalo,492.3,Flatbed,38665.0,2025-10-08,1.01854,1.7451,1186.99,1156.8407099951303,30.149290004869727,30.149290004869727,251-500
TR-044283,Cincinnati,Buffalo,647.8,Dry Van,24930.0,2025-10-08,1.05849,2.05397,1331.38,1308.5108758220085,22.86912417799158,22.86912417799158,501-750
TR-044284,New York,Albuquerque,2310.5,Reefer,37622.0,2025-10-08,1.03763,1.95139,5018.12,5099.148773677997,81.02877367799738,-81.02877367799738,1500+
TR-044285,Las Vegas,Columbia,2142.2,Dry Van,21471.0,2025-10-08,1.02364,2.28724,3965.18,3877.216401524621,87.96359847537906,87.96359847537906,1500+
TR-044286,Fort Wayne,Cincinnati,363.8,Dry Van,24832.0,2025-10-08,1.03497,1.92397,820.16,810.0834866100906,10.076513389909337,10.076513389909337,251-500
TR-044287,Mobile,Richmond,944.9,Dry Van,37887.0,2025-10-08,1.03164,1.99996,4729.66,1979.5341300818982,2750.1258699181017,2750.1258699181017,751-1000
TR-044288,Syracuse,Shreveport,1251.6,Flatbed,21108.0,2025-10-08,1.07268,2.02704,2571.46,2623.470331228738,52.01033122873787,-52.01033122873787,1001-1500
TR-044289,Milwaukee,Buffalo,646.7,Dry Van,31496.0,2025-10-08,1.03499,2.0696,1318.04,1335.1318850421592,17.09188504215922,-17.09188504215922,501-750
TR-044290,Kansas City,Washington,878.1,Dry Van,31822.0,2025-10-08,1.07697,2.13761,1802.45,1803.1356442068425,0.6856442068424258,-0.6856442068424258,751-1000
TR-044291,Syracuse,Charleston,701.8,Flatbed,37432.0,2025-10-08,1.01678,1.95765,1551.27,1590.5952100820048,39.32521008200479,-39.32521008200479,501-750
TR-044292,Nashville,Los Angeles,2002.2,Reefer,28252.0,2025-10-08,1.05012,2.02985,4277.65,4325.984405153371,48.334405153371335,-48.334405153371335,1500+
TR-044293,Columbia,Baton Rouge,730.2,Reefer,44549.0,2025-10-08,1.05126,1.47052,1950.32,1809.6276736978718,140.6923263021281,140.6923263021281,501-750
TR-044294,Mobile,Memphis,328.7,Reefer,29674.0,2025-10-08,1.04082,1.34906,917.6,905.3829253188882,12.217074681111853,12.217074681111853,251-500
TR-044295,Nashville,Memphis,108.8,Dry Van,24356.0,2025-10-08,1.01684,1.42696,302.65,285.50807448861804,17.14192551138194,17.14192551138194,0-250
TR-044296,Louisville,Washington,683.0,Flatbed,22769.0,2025-10-08,1.05976,1.96675,1548.61,1526.0649108365046,22.545089163495277,22.545089163495277,501-750
TR-044297,Phoenix,Albany,3148.3,Reefer,24743.0,2025-10-08,1.02281,2.1797,6263.27,5961.758726554765,301.511273445235,301.511273445235,1500+
TR-044298,Indianapolis,Lexington,292.9,Reefer,32180.0,2025-10-08,1.04961,1.33185,837.86,796.8395603525889,41.02043964741108,41.02043964741108,251-500
TR-044299,Shreveport,Nashville,357.1,Dry Van,40076.0,2025-10-08,1.02083,1.5792,906.63,887.87741293531,18.752587064690033,18.752587064690033,251-500
TR-044300,Madison,Albuquerque,1351.5,Flatbed,37523.0,2025-10-08,0.99925,1.90005,2996.39,2992.827376239497,3.562623760502902,3.562623760502902,1001-1500
TR-044301,Atlanta,Montgomery,310.5,Flatbed,33694.0,2025-10-08,1.01305,1.49252,825.14,829.5143030513858,4.374303051385823,-4.374303051385823,251-500
TR-044302,Mobile,St. Louis,557.1,Dry Van,36018.0,2025-10-08,1.02336,1.76444,1315.64,1269.8963242103619,45.743675789638246,45.743675789638246,501-750
TR-044303,Baton Rouge,Oklahoma City,459.2,Dry Van,30131.0,2025-10-08,1.05239,1.71199,1103.62,1080.4392343237857,23.18076567621415,23.18076567621415,251-500
TR-044304,Bakersfield,Cincinnati,1995.2,Dry Van,29441.0,2025-10-08,1.05025,2.29095,3801.19,3847.6809736005853,46.49097360058522,-46.49097360058522,1500+
TR-044305,Lexington,Charleston,435.3,Dry Van,24691.0,2025-10-08,1.06357,1.96071,981.87,984.2175860855249,2.347586085524881,-2.347586085524881,251-500
TR-044306,Jacksonville,Richmond,736.2,Reefer,23176.0,2025-10-08,1.03323,1.87362,1659.84,1646.1310256711627,13.708974328837257,13.708974328837257,501-750
TR-044307,Lexington,Milwaukee,328.0,Dry Van,32374.0,2025-10-08,1.01656,1.72921,812.96,795.594086315197,17.36591368480299,17.36591368480299,251-500
TR-044308,Fort Wayne,Raleigh,716.6,Reefer,42359.0,2025-10-08,1.02381,1.71861,1719.38,1702.7069485447012,16.673051455298946,16.673051455298946,501-750
TR-044309,Atlanta,Los Angeles,2108.9,Flatbed,22048.0,2025-10-08,0.97968,2.06199,4330.69,4139.719522831436,190.97047716856378,190.97047716856378,1500+
TR-044310,Tucson,Memphis,1665.9,Dry Van,24949.0,2025-10-08,1.00816,2.22348,3208.13,3261.2956294608725,53.165629460872424,-53.165629460872424,1500+
TR-044311,Phoenix,Albany,3166.1,Dry Van,35256.0,2025-10-08,1.04157,2.37271,5697.12,5673.275835289297,23.8441647107029,23.8441647107029,1500+
TR-044312,Mobile,Houston,478.4,Dry Van,22177.0,2025-10-08,1.02633,1.88619,411.17,1106.937215890448,695.7672158904479,-695.7672158904479,251-500
TR-044313,Lubbock,Raleigh,1580.7,Dry Van,44310.0,2025-10-08,1.01593,2.08159,3197.76,3185.3757574969063,12.384242503093901,12.384242503093901,1500+
TR-044314,Corpus Christi,Mobile,618.7,Dry Van,30134.0,2025-10-08,1.04842,1.93974,1387.71,1399.3869793468286,11.676979346828603,-11.676979346828603,501-750
TR-044315,Atlanta,San Antonio,945.8,Dry Van,36161.0,2025-10-08,1.08019,1.96894,2051.57,2060.7282434931985,9.15824349319837,-9.15824349319837,751-1000
TR-044316,Lubbock,Amarillo,434.0,Dry Van,32436.0,2025-10-08,1.01472,1.70156,1066.71,1063.942041186897,2.7679588131029504,2.7679588131029504,251-500
TR-044317,Milwaukee,Lubbock,1085.5,Reefer,28069.0,2025-10-08,1.04707,1.85168,2517.8,2526.046871829322,8.246871829321663,-8.246871829321663,1001-1500
TR-044318,New York,St. Louis,1034.4,Dry Van,39273.0,2025-10-08,1.0526,2.06466,2121.19,2114.2829402421216,6.9070597578784145,6.9070597578784145,1001-1500
TR-044319,Madison,Bakersfield,1826.8,Dry Van,26045.0,2025-10-08,1.0632,2.34128,3384.59,3467.381734733492,82.79173473349192,-82.79173473349192,1500+
TR-044320,Raleigh,Philadelphia,427.9,Dry Van,36109.0,2025-10-08,1.05556,1.88237,988.67,978.9958920105204,9.67410798947958,9.67410798947958,251-500
TR-044321,Milwaukee,Fort Wayne,261.7,Dry Van,21216.0,2025-10-08,1.07457,1.74464,626.31,608.5040092104642,17.805990789535713,17.805990789535713,251-500
TR-044322,San Antonio,Hartford,1896.7,Reefer,10935.0,2025-10-08,1.00567,2.12768,3896.37,4044.428721365061,148.05872136506105,-148.05872136506105,1500+
TR-044323,Nashville,Milwaukee,366.1,Flatbed,31774.0,2025-10-08,1.08259,1.6282,923.77,908.9802343122216,14.789765687778413,14.789765687778413,251-500
TR-044324,Columbia,Raleigh,417.8,Flatbed,29283.0,2025-10-08,1.03731,1.67095,1025.83,1031.725878843613,5.895878843612991,-5.895878843612991,251-500
TR-044325,Houston,Richmond,1315.9,Reefer,10071.0,2025-10-08,1.02745,1.94544,2880.8,2794.8125618354716,85.98743816452861,85.98743816452861,1001-1500
TR-044326,Greensboro,San Antonio,1182.0,Dry Van,47500.0,2025-10-08,1.05705,2.07364,2475.13,2551.976924481033,76.84692448103306,-76.84692448103306,1001-1500
TR-044327,Las Vegas,Fresno,339.6,Dry Van,16671.0,2025-10-08,1.0261,1.92125,779.8,781.2038815554378,1.4038815554378061,-1.4038815554378061,251-500
TR-044328,Chattanooga,Jacksonville,339.8,Flatbed,46083.0,2025-10-08,1.06207,1.45568,919.26,891.5993470920997,27.66065290790027,27.66065290790027,251-500
TR-044329,Salt Lake City,Memphis,1593.0,Flatbed,19669.0,2025-10-08,1.02341,2.18153,3104.79,3261.7253560774116,156.9353560774116,-156.9353560774116,1500+
TR-044330,Kansas City,Fort Wayne,391.6,Flatbed,28479.0,2025-10-08,1.03764,1.63052,977.05,934.2529490563683,42.79705094363169,42.79705094363169,251-500
TR-044331,Boston,Philadelphia,236.0,Dry Van,28523.0,2025-10-08,1.04702,1.71086,578.45,539.0453329055007,39.40466709449936,39.40466709449936,0-250
TR-044332,Memphis,Amarillo,1045.9,Reefer,21714.0,2025-10-08,1.01615,1.76463,2499.24,2440.5801610018298,58.65983899817002,58.65983899817002,1001-1500
TR-044333,Buffalo,Lexington,565.0,Dry Van,27648.0,2025-10-08,1.02962,2.04724,1188.73,1189.841078969073,1.111078969072878,-1.111078969072878,501-750
TR-044334,Grand Rapids,Savannah,844.2,Dry Van,29891.0,2025-10-08,1.05432,2.08947,1778.52,1720.7291463927095,57.7908536072905,57.7908536072905,751-1000
TR-044335,Boston,Fresno,3288.9,Dry Van,27512.0,2025-10-08,1.02021,2.3564,5920.59,5563.391726755156,357.19827324484413,357.19827324484413,1500+
TR-044336,Houston,Greensboro,927.0,Reefer,27564.0,2025-10-08,1.04854,1.83459,2154.76,2126.08986795701,28.67013204299019,28.67013204299019,751-1000
TR-044337,Syracuse,Richmond,398.6,Dry Van,29337.0,2025-10-08,1.04016,1.9199,895.22,870.5017830549565,24.718216945043537,24.718216945043537,251-500
TR-044338,El Paso,Cincinnati,1591.5,Dry Van,27900.0,2025-10-08,1.06071,2.16634,3124.21,3083.1794464472005,41.030553552799574,41.030553552799574,1500+
TR-044339,El Paso,Kansas City,1344.8,Dry Van,40549.0,2025-10-08,1.06081,2.0442,2842.65,2800.3555314462906,42.29446855370952,42.29446855370952,1001-1500
TR-044340,Lexington,Raleigh,523.1,Flatbed,31106.0,2025-10-08,1.0134,1.73417,1249.95,1228.1204601465322,21.82953985346785,21.82953985346785,501-750
TR-044341,Hartford,San Francisco,3155.7,Flatbed,39533.0,2025-10-08,1.04746,2.02629,6512.76,6166.084495896746,346.67550410325384,346.67550410325384,1500+
TR-044342,Chattanooga,Las Vegas,1902.4,Flatbed,29626.0,2025-10-08,1.06485,2.10405,3955.44,4096.207852997169,140.76785299716857,-140.76785299716857,1500+
TR-044343,Atlanta,Fort Wayne,533.1,Dry Van,33092.0,2025-10-08,1.07538,1.8696,1216.74,1175.3892968227156,41.35070317728446,41.35070317728446,501-750
TR-044344,St. Louis,Amarillo,1014.6,Dry Van,25052.0,2025-10-08,1.05419,2.05848,2089.49,2076.6494261172693,12.840573882730496,12.840573882730496,1001-1500
TR-044345,Lexington,Albany,1040.0,Dry Van,36569.0,2025-10-08,1.04012,2.05845,10566.25,2160.9276280372947,8405.322371962706,8405.322371962706,1001-1500
TR-044346,Bakersfield,Harrisburg,2480.9,Dry Van,38927.0,2025-10-08,1.0278,2.26742,4668.25,4743.55479899835,75.30479899834972,-75.30479899834972,1500+
TR-044347,Raleigh,Jacksonville,547.5,Reefer,22665.0,2025-10-08,1.04753,1.6858,1334.51,1319.6161276165328,14.89387238346717,14.89387238346717,501-750
TR-044348,Corpus Christi,Oklahoma City,339.8,Reefer,22854.0,2025-10-08,1.04609,1.3319,972.88,897.2382490388372,75.64175096116276,75.64175096116276,251-500
TR-044349,Shreveport,Providence,1528.0,Dry Van,44243.0,2025-10-08,1.0362,2.0605,3174.36,3203.7082945219604,29.34829452196027,-29.34829452196027,1500+
TR-044350,Baton Rouge,Salt Lake City,1448.0,Dry Van,42977.0,2025-10-08,1.05468,2.01077,3098.28,3063.294425853155,34.98557414684501,34.98557414684501,1001-1500
TR-044351,Hartford,San Francisco,3189.5,Flatbed,30037.0,2025-10-08,1.01863,2.23028,6080.94,5998.304490571037,82.6355094289629,82.6355094289629,1500+
TR-044352,Syracuse,Reno,2512.9,Reefer,29688.0,2025-10-08,1.07769,2.04437,5136.23,5274.476628832539,138.2466288325395,-138.2466288325395,1500+
TR-044353,Madison,Houston,972.4,Dry Van,26292.0,2025-10-08,1.0649,2.13941,1984.99,1967.7199833063514,17.270016693648586,17.270016693648586,751-1000
TR-044354,Nashville,Harrisburg,740.7,Reefer,23294.0,2025-10-08,1.04075,1.72041,1763.19,1655.979037059383,107.21096294061704,107.21096294061704,501-750
TR-044355,Savannah,Green Bay,936.9,Flatbed,28537.0,2025-10-08,1.07366,1.91981,2070.12,2065.2040059183605,4.915994081639383,4.915994081639383,751-1000
TR-044356,Savannah,Philadelphia,763.7,Dry Van,34712.0,2025-10-08,1.05935,1.94528,1645.67,1649.1581360558364,3.4881360558363212,-3.4881360558363212,751-1000
TR-044357,Charleston,Bakersfield,2451.3,Reefer,42934.0,2025-10-08,1.01962,1.92453,5333.52,5192.177241513581,141.34275848641937,141.34275848641937,1500+
TR-044358,Kansas City,Madison,201.4,Reefer,29241.0,2025-10-08,1.07238,1.2394,585.34,586.8148131799676,1.4748131799675548,-1.4748131799675548,0-250
TR-044359,San Antonio,Chattanooga,894.7,Flatbed,32906.0,2025-10-08,1.05539,1.8654,2056.8,2075.493373232535,18.693373232534668,-18.693373232534668,751-1000
TR-044360,Green Bay,Phoenix,2189.8,Flatbed,28270.0,2025-10-08,1.0632,2.12969,4397.12,4406.470695940464,9.350695940463993,-9.350695940463993,1500+
TR-044361,St. Louis,Austin,1008.3,Dry Van,26419.0,2025-10-08,1.08848,2.09755,2071.17,2091.552614402726,20.38261440272572,-20.38261440272572,1001-1500
TR-044362,Tulsa,Detroit,1047.0,Flatbed,31333.0,2025-10-08,1.00793,2.02411,2242.32,2356.4409197132504,114.12091971325026,-114.12091971325026,1001-1500
TR-044363,Baton Rouge,San Antonio,431.2,Dry Van,40681.0,2025-10-08,1.07879,1.66767,1085.63,1062.752492862994,22.877507137006205,22.877507137006205,251-500
TR-044364,Lubbock,Richmond,1667.9,Dry Van,33788.0,2025-10-08,1.04046,2.21386,3277.97,3367.570368931609,89.60036893160941,-89.60036893160941,1500+
TR-044365,Milwaukee,Raleigh,805.1,Dry Van,32674.0,2025-10-08,1.04887,2.00173,1712.04,1685.6362182771404,26.40378172285955,26.40378172285955,751-1000
TR-044366,Cincinnati,Corpus Christi,934.1,Reefer,30103.0,2025-10-08,1.03074,1.69666,2247.82,2240.599724307927,7.220275692073301,7.220275692073301,751-1000
TR-044367,Baton Rouge,Fresno,1824.4,Reefer,40211.0,2025-10-08,1.04838,1.89339,4165.0,4113.435502827731,51.5644971722686,51.5644971722686,1500+
TR-044368,Louisville,Shreveport,527.8,Flatbed,40906.0,2025-10-08,1.02251,1.51094,1396.12,1324.1052610100726,72.01473898992731,72.01473898992731,501-750
TR-044369,Green Bay,Detroit,215.5,Dry Van,17868.0,2025-10-08,1.07551,1.88498,501.69,508.9755830042172,7.285583004217187,-7.285583004217187,0-250
TR-044370,Syracuse,Fort Wayne,529.9,Dry Van,37773.0,2025-10-08,1.03445,1.9804,1152.09,1151.2576435030408,0.8323564969591644,0.8323564969591644,501-750
TR-044371,Mobile,Indianapolis,559.4,Reefer,38632.0,2025-10-08,1.02055,1.51815,1461.55,1410.9750880660263,50.57491193397368,50.57491193397368,501-750
TR-044372,Greensboro,Los Angeles,2320.8,Dry Van,43103.0,2025-10-08,1.06275,2.18991,4493.05,4538.986244898358,45.93624489835747,-45.93624489835747,1500+
TR-044373,Phoenix,Kansas City,1824.8,Dry Van,30781.0,2025-10-08,1.05697,2.21165,3534.58,3536.1608591036265,1.580859103626608,-1.580859103626608,1500+
TR-044374,Los Angeles,Austin,1237.0,Flatbed,44396.0,2025-10-08,1.03888,1.82283,2917.59,2839.2392490019333,78.35075099806681,78.35075099806681,1001-1500
TR-044375,Fresno,Kansas City,1971.0,Dry Van,24133.0,2025-10-08,1.01902,2.3308,3657.67,3677.2810929520797,19.611092952079616,-19.611092952079616,1500+
TR-044376,Kansas City,Richmond,921.4,Dry Van,28851.0,2025-10-08,1.03456,2.17877,1838.07,1806.0406613697803,32.02933863021963,32.02933863021963,751-1000
TR-044377,Lubbock,Greensboro,1246.1,Reefer,41233.0,2025-10-08,1.05025,1.71141,3042.93,2927.3977113135375,115.53228868646238,115.53228868646238,1001-1500
TR-044378,Baltimore,Montgomery,1044.5,Dry Van,38556.0,2025-10-08,1.05643,2.2106,2100.15,2207.685048197678,107.53504819767795,-107.53504819767795,1001-1500
TR-044379,San Antonio,Austin,86.8,Dry Van,26959.0,2025-10-08,1.05233,1.15773,257.52,243.97698253438614,13.543017465613843,13.543017465613843,0-250
TR-044380,Tulsa,Baton Rouge,285.1,Dry Van,32954.0,2025-10-08,1.01926,1.61005,741.71,730.0180492855158,11.691950714484278,11.691950714484278,251-500
TR-044381,Tucson,Green Bay,2006.4,Dry Van,23300.0,2025-10-08,1.02178,2.29475,3741.48,3653.0423401941493,88.43765980585067,88.43765980585067,1500+
TR-044382,Reno,Amarillo,1047.3,Dry Van,20894.0,2025-10-08,1.04697,2.23348,1996.66,2125.572334868862,128.912334868862,-128.912334868862,1001-1500
TR-044383,San Antonio,Oklahoma City,215.9,Dry Van,43494.0,2025-10-08,1.06905,1.2523,621.68,589.3067568454147,32.373243154585225,32.373243154585225,0-250
TR-044384,Milwaukee,Mobile,664.8,Reefer,33055.0,2025-10-08,1.04502,1.55452,1700.19,1610.7328008033999,89.45719919660019,89.45719919660019,501-750
TR-044385,Kansas City,Greensboro,618.4,Reefer,22834.0,2025-10-08,1.04754,1.69171,1500.99,1463.2017669937177,37.788233006282326,37.788233006282326,501-750
TR-044386,New York,Shreveport,1325.9,Dry Van,32436.0,2025-10-08,1.07688,2.15173,2666.75,2639.9053624106273,26.844637589372724,26.844637589372724,1001-1500
TR-044387,New York,Grand Rapids,821.8,Reefer,26767.0,2025-10-08,1.04411,1.87178,1875.44,1826.8479361018196,48.59206389818041,48.59206389818041,751-1000
TR-044388,Memphis,Philadelphia,1090.4,Flatbed,47500.0,2025-10-08,1.07334,1.847,2445.03,2456.363655606774,11.333655606773846,-11.333655606773846,1001-1500
TR-044389,Los Angeles,Baltimore,3006.7,Dry Van,42600.0,2025-10-08,1.07697,2.25164,5670.75,5632.2261629211225,38.52383707887748,38.52383707887748,1500+
TR-044390,Bakersfield,Milwaukee,1897.3,Dry Van,22090.0,2025-10-08,1.04345,2.31255,3544.19,3592.2262715645024,48.036271564502385,-48.036271564502385,1500+
TR-044391,Buffalo,Columbia,659.3,Dry Van,20221.0,2025-10-08,1.00782,2.21772,1308.91,1306.4046268936454,2.505373106354682,2.505373106354682,501-750
TR-044392,Amarillo,Fort Wayne,1366.0,Flatbed,10098.0,2025-10-08,1.03914,2.04943,2945.22,2807.6003409367418,137.61965906325804,137.61965906325804,1001-1500
TR-044393,Raleigh,Tucson,2439.9,Flatbed,36514.0,2025-10-08,1.0131,2.12575,5009.84,4972.439244019284,37.400755980715985,37.400755980715985,1500+
TR-044394,Syracuse,Atlanta,869.6,Dry Van,38036.0,2025-10-08,1.02756,2.00952,1847.58,1834.9864371577155,12.593562842284427,12.593562842284427,751-1000
TR-044395,Grand Rapids,Fresno,2265.0,Flatbed,35453.0,2025-10-08,1.0558,2.03778,4694.66,4682.586730424684,12.073269575315862,12.073269575315862,1500+
TR-044396,El Paso,Baton Rouge,1223.4,Flatbed,31240.0,2025-10-08,1.00579,1.90028,2735.4,2733.8243823519742,1.5756176480258546,1.5756176480258546,1001-1500
TR-044397,Greensboro,Phoenix,2334.3,Dry Van,27449.0,2025-10-08,1.02713,2.36027,4225.88,4376.689800030004,150.80980003000423,-150.80980003000423,1500+
TR-044398,Savannah,Amarillo,1492.0,Dry Van,47500.0,2025-10-08,1.01909,2.02615,3194.31,3079.006940943497,115.30305905650312,115.30305905650312,1001-1500
TR-044399,Baton Rouge,Salt Lake City,1441.3,Reefer,36282.0,2025-10-08,1.04237,1.82742,3375.73,3333.5459178113306,42.184082188669436,42.184082188669436,1001-1500
TR-044400,Shreveport,Cincinnati,558.5,Reefer,36743.0,2025-10-08,1.012,1.60137,1438.13,1413.6618697190509,24.468130280949254,24.468130280949254,501-750
TR-044401,Fort Wayne,Mobile,796.9,Dry Van,34371.0,2025-10-08,1.03798,2.02035,1719.59,1670.687065036804,48.902934963196,48.902934963196,751-1000
TR-044402,New Orleans,Albuquerque,1205.4,Flatbed,32637.0,2025-10-08,1.01656,1.88009,2735.62,2722.2240370414065,13.395962958593373,13.395962958593373,1001-1500
TR-044403,Reno,Corpus Christi,1751.3,Flatbed,38709.0,2025-10-08,1.04915,1.99658,3817.37,3822.4520117707,5.082011770700319,-5.082011770700319,1500+
TR-044404,Providence,Tulsa,1703.6,Dry Van,30026.0,2025-10-08,1.0229,2.13002,3441.81,3451.8801396547838,10.070139654783816,-10.070139654783816,1500+
TR-044405,Savannah,Mobile,424.1,Dry Van,43364.0,2025-10-08,1.03358,1.61774,1053.16,1022.6174167083086,30.54258329169147,30.54258329169147,251-500
TR-044406,Kansas City,Albuquerque,1234.9,Dry Van,43993.0,2025-10-08,1.02418,2.02307,2584.59,2608.131188371576,23.541188371576027,-23.541188371576027,1001-1500
TR-044407,El Paso,Richmond,2156.1,Dry Van,23144.0,2025-10-08,1.05199,2.35796,3962.36,3967.308783655432,4.9487836554317255,-4.9487836554317255,1500+
TR-044408,Houston,Providence,1736.7,Dry Van,26401.0,2025-10-08,1.03145,2.15643,3502.63,3401.8838710815717,100.74612891842844,100.74612891842844,1500+
TR-044409,Little Rock,Cincinnati,439.3,Reefer,44202.0,2025-10-08,1.01928,1.43113,1196.54,1175.247467788762,21.29253221123804,21.29253221123804,251-500
TR-044410,Indianapolis,Amarillo,1097.7,Reefer,34822.0,2025-10-08,1.06308,1.73436,2670.34,2660.671450841687,9.668549158312999,9.668549158312999,1001-1500
TR-044411,Mobile,Syracuse,1145.9,Reefer,38994.0,2025-10-08,1.06406,1.81814,2641.96,2657.551697578464,15.591697578463936,-15.591697578463936,1001-1500
TR-044412,Richmond,Harrisburg,182.1,Reefer,33679.0,2025-10-08,1.05022,1.28219,515.65,535.1816787654053,19.53167876540533,-19.53167876540533,0-250
TR-044413,Lubbock,Mobile,837.5,Reefer,24868.0,2025-10-08,1.0723,1.70113,2047.8,1964.1799115159993,83.62008848400069,83.62008848400069,751-1000
TR-044414,Memphis,Atlanta,242.4,Dry Van,28320.0,2025-10-08,1.11251,1.52682,2281.75,618.4278172632838,1663.322182736716,1663.322182736716,0-250
TR-044415,Lexington,Grand Rapids,549.4,Flatbed,28893.0,2025-10-08,1.05382,1.82491,1264.02,1266.1653381758376,2.145338175837651,-2.145338175837651,501-750
TR-044416,Raleigh,Tucson,2434.8,Dry Van,32464.0,2025-10-08,1.08752,2.21633,4584.93,4674.734279805076,89.80427980507557,-89.80427980507557,1500+
TR-044417,El Paso,Indianapolis,1473.1,Dry Van,47383.0,2025-10-08,1.06148,2.05233,3093.95,3038.5423190785127,55.4076809214871,55.4076809214871,1001-1500
TR-044418,Madison,Charleston,894.5,Flatbed,27796.0,2025-10-08,1.06305,1.92809,1945.36,1926.052907143309,19.307092856690815,19.307092856690815,751-1000
TR-044419,Columbia,Tampa,598.6,Dry Van,35603.0,2025-10-08,1.0509,1.98735,1324.61,1368.217315659218,43.6073156592181,-43.6073156592181,501-750
TR-044420,Cincinnati,Lexington,127.3,Dry Van,31303.0,2025-10-08,1.05131,1.43234,350.21,341.7079628476914,8.50203715230856,8.50203715230856,0-250
TR-044421,Philadelphia,Cincinnati,911.6,Dry Van,21315.0,2025-10-08,1.05203,2.18328,1777.07,1776.9456109005848,0.12438909941511156,0.12438909941511156,751-1000
TR-044422,Nashville,Lexington,248.1,Dry Van,10026.0,2025-10-08,1.054,1.73885,596.8,605.0535145732792,8.25351457327929,-8.25351457327929,0-250
TR-044423,Montgomery,Raleigh,679.7,Dry Van,33249.0,2025-10-08,1.06877,1.89541,4747.88,1469.5858067411905,3278.2941932588096,3278.2941932588096,501-750
TR-044424,Lexington,San Antonio,1078.9,Reefer,40668.0,2025-10-09,1.057,1.74551,2664.93,2639.175113343872,25.754886656127837,25.754886656127837,1001-1500
TR-044425,Amarillo,Baton Rouge,876.7,Dry Van,21018.0,2025-10-09,1.0587,2.02755,1880.05,1829.7673108057147,50.28268919428524,50.28268919428524,751-1000
TR-044426,Grand Rapids,Oklahoma City,1252.3,Dry Van,36363.0,2025-10-09,1.10077,2.13012,2542.03,2613.956879916087,71.92687991608682,-71.92687991608682,1001-1500
TR-044427,Las Vegas,Philadelphia,2678.9,Dry Van,32361.0,2025-10-09,1.04166,2.30522,5016.11,4956.396487762402,59.71351223759757,59.71351223759757,1500+
TR-044428,Bakersfield,Fresno,238.3,Dry Van,18984.0,2025-10-09,1.08601,1.56624,599.05,570.822459808519,28.227540191480898,28.227540191480898,0-250
TR-044429,Grand Rapids,Tucson,1967.7,Reefer,22420.0,2025-10-09,1.09826,2.07178,4113.37,4123.460855713765,10.09085571376545,-10.09085571376545,1500+
TR-044430,Cincinnati,Philadelphia,942.2,Flatbed,32034.0,2025-10-09,1.09144,1.9279,2121.88,2071.617521608326,50.262478391673994,50.262478391673994,751-1000
TR-044431,Atlanta,Boston,1126.9,Reefer,40171.0,2025-10-09,1.05049,1.76653,2658.76,2676.5870389787033,17.827038978703058,-17.827038978703058,1001-1500
TR-044432,Fort Wayne,Memphis,555.2,Flatbed,26019.0,2025-10-09,1.11729,1.81999,1313.69,1296.4023817278721,17.28761827212793,17.28761827212793,501-750
TR-044433,Montgomery,Fort Wayne,825.7,Dry Van,34392.0,2025-10-09,1.07225,1.93046,1849.4,1745.601119920743,103.79888007925706,103.79888007925706,751-1000
TR-044434,Harrisburg,Toledo,447.1,Dry Van,37432.0,2025-10-09,1.08261,1.83385,1021.86,1010.6027917597504,11.25720824024961,11.25720824024961,251-500
TR-044435,Lubbock,Corpus Christi,324.2,Reefer,43535.0,2025-10-09,1.08741,1.15791,961.45,935.8701725622349,25.579827437765175,25.579827437765175,251-500
TR-044436,Shreveport,Raleigh,1022.9,Dry Van,20330.0,2025-10-09,1.06478,2.06349,2090.03,2040.8708759111146,49.15912408888562,49.15912408888562,1001-1500
TR-044437,Albany,Savannah,1114.9,Dry Van,27595.0,2025-10-09,1.0448,2.22168,2211.15,2215.232837706021,4.08283770602111,-4.08283770602111,1001-1500
TR-044438,Greensboro,Raleigh,363.6,Flatbed,31031.0,2025-10-09,1.03341,1.64186,911.78,900.0936401794858,11.686359820514213,11.686359820514213,251-500
TR-044439,Los Angeles,New Orleans,1722.2,Flatbed,39895.0,2025-10-09,1.06009,1.88607,3852.58,3824.907592794571,27.672407205428954,27.672407205428954,1500+
TR-044440,Boston,Tucson,2902.6,Dry Van,33275.0,2025-10-09,1.09553,2.31422,5332.05,5343.701837661027,11.651837661026548,-11.651837661026548,1500+
TR-044441,Kansas City,Mobile,662.6,Reefer,26628.0,2025-10-09,1.0167,1.78551,1585.9,1505.4185332387917,80.48146676120837,80.48146676120837,501-750
TR-044442,Albany,Fresno,3087.5,Flatbed,29640.0,2025-10-09,1.04339,2.19992,5938.75,6033.886181466743,95.13618146674344,-95.13618146674344,1500+
TR-044443,Greensboro,Memphis,444.9,Dry Van,26488.0,2025-10-09,1.05698,1.91759,995.1,995.6311577676753,0.5311577676752677,-0.5311577676752677,251-500
TR-044444,Lexington,San Francisco,2326.7,Dry Van,23931.0,2025-10-09,1.07337,2.27763,4275.91,4276.477368880653,0.5673688806527935,-0.5673688806527935,1500+
TR-044445,Tampa,Reno,2295.4,Reefer,27951.0,2025-10-09,1.0634,2.06753,4782.28,4719.564261027736,62.71573897226335,62.71573897226335,1500+
TR-044446,Greensboro,Buffalo,564.5,Dry Van,40303.0,2025-10-09,1.04993,1.95185,1266.91,1235.090130478599,31.819869521401188,31.819869521401188,501-750
TR-044447,Raleigh,El Paso,2166.4,Flatbed,29262.0,2025-10-09,1.09525,2.07263,4404.31,4386.043723855406,18.266276144594485,18.266276144594485,1500+
TR-044448,Savannah,Reno,2458.0,Dry Van,26918.0,2025-10-09,1.03996,2.31466,4516.71,4369.407079377775,147.30292062222543,147.30292062222543,1500+
TR-044449,Lubbock,Dallas,436.1,Dry Van,40351.0,2025-10-09,1.03698,1.55534,1119.61,1088.4224741727642,31.18752582723573,31.18752582723573,251-500
TR-044450,Baton Rouge,El Paso,1240.4,Flatbed,21330.0,2025-10-09,1.1043,2.02522,2617.72,2692.1747629509223,74.45476295092249,-74.45476295092249,1001-1500
TR-044451,Dayton,Albany,977.5,Dry Van,27188.0,2025-10-09,1.0596,2.10966,1954.43,1923.3425134811878,31.087486518812284,31.087486518812284,751-1000
TR-044452,Indianapolis,Cincinnati,189.7,Dry Van,36734.0,2025-10-09,1.04234,1.44924,506.9,522.5192730835332,15.619273083533244,-15.619273083533244,0-250
TR-044453,Mobile,Baton Rouge,350.9,Dry Van,36362.0,2025-10-09,1.11149,1.54574,920.64,906.9041722595284,13.735827740471564,13.735827740471564,251-500
TR-044454,Fresno,Corpus Christi,1715.8,Reefer,21393.0,2025-10-09,1.0883,1.93389,3737.47,3774.566508840372,37.09650884037228,-37.09650884037228,1500+
TR-044455,Raleigh,El Paso,2177.2,Dry Van,41815.0,2025-10-09,1.07018,2.20096,4327.96,4226.352582662883,101.60741733711711,101.60741733711711,1500+
TR-044456,Boston,Columbia,977.7,Reefer,31923.0,2025-10-09,1.11313,1.81271,2254.47,2298.0819832372367,43.61198323723693,-43.61198323723693,751-1000
TR-044457,Savannah,Madison,826.6,Dry Van,38102.0,2025-10-09,1.0533,1.967,1795.99,1745.814807960041,50.17519203995903,50.17519203995903,751-1000
TR-044458,Nashville,San Antonio,853.7,Dry Van,38112.0,2025-10-09,1.0536,1.9048,1922.84,1909.439837207195,13.40016279280485,13.40016279280485,751-1000
TR-044459,Baton Rouge,Reno,1835.5,Reefer,33972.0,2025-10-09,1.05561,1.92785,4049.21,4031.9806129452327,17.229387054767358,17.229387054767358,1500+
TR-044460,Cincinnati,Shreveport,530.0,Reefer,22982.0,2025-10-09,1.06073,1.58829,1371.17,1297.2073127449205,73.96268725507957,73.96268725507957,501-750
TR-044461,Phoenix,Baltimore,3033.0,Dry Van,41022.0,2025-10-09,1.05547,2.27485,5791.84,5621.385484353149,170.45451564685118,170.45451564685118,1500+
TR-044462,Columbia,Dayton,467.8,Dry Van,28846.0,2025-10-09,1.07975,1.81236,1058.31,1037.0169008420003,21.293099157999677,21.293099157999677,251-500
TR-044463,Montgomery,Grand Rapids,997.8,Dry Van,28045.0,2025-10-09,1.05551,2.07723,2054.89,2022.0979033812769,32.79209661872301,32.79209661872301,751-1000
TR-044464,Richmond,Houston,1343.5,Reefer,33234.0,2025-10-09,1.03896,1.88524,3037.14,2980.3321062593004,56.807893740699456,56.807893740699456,1001-1500
TR-044465,Fort Wayne,Lexington,358.4,Dry Van,22593.0,2025-10-09,1.06873,1.86079,816.77,806.2379202851316,10.53207971486836,10.53207971486836,251-500
TR-044466,Columbia,Buffalo,654.4,Reefer,30303.0,2025-10-09,1.07122,1.72634,1573.0,1507.9737835959754,65.02621640402458,65.02621640402458,501-750
TR-044467,Raleigh,Syracuse,614.4,Dry Van,20021.0,2025-10-09,1.04612,2.09918,1260.89,1279.4202352778204,18.53023527782034,-18.53023527782034,501-750
TR-044468,Boston,Mobile,1405.6,Dry Van,32383.0,2025-10-09,1.07364,2.13118,2916.35,2835.5576231836994,80.79237681630048,80.79237681630048,1001-1500
TR-044469,Los Angeles,Phoenix,77.5,Dry Van,28691.0,2025-10-09,1.01691,1.29156,223.86,229.08662108570454,5.226621085704522,-5.226621085704522,0-250
TR-044470,Lexington,New York,759.6,Flatbed,34098.0,2025-10-09,1.09962,1.85221,1777.76,1767.9632563360167,9.796743663983307,9.796743663983307,751-1000
TR-044471,Syracuse,Reno,2534.4,Dry Van,39141.0,2025-10-09,1.11157,2.29408,4774.04,4851.272080067825,77.23208006782534,-77.23208006782534,1500+
TR-044472,Bakersfield,Kansas City,1716.1,Dry Van,42108.0,2025-10-09,1.0744,2.21868,3423.01,3536.831670346097,113.82167034609665,-113.82167034609665,1500+
TR-044473,Syracuse,Jacksonville,1004.8,Reefer,38926.0,2025-10-09,1.0774,1.74693,2413.73,2323.1420208993804,90.58797910061958,90.58797910061958,1001-1500
TR-044474,Hartford,Corpus Christi,1797.4,Dry Van,17504.0,2025-10-09,1.05955,2.24832,3383.17,3423.176226726212,40.006226726211935,-40.006226726211935,1500+
TR-044475,Corpus Christi,Oklahoma City,348.9,Reefer,39170.0,2025-10-09,1.02401,1.22034,1029.53,991.0125649979134,38.517435002086586,38.517435002086586,251-500
TR-044476,Dayton,Jacksonville,664.9,Reefer,19450.0,2025-10-09,1.07113,1.80375,1550.3,1517.2891877979591,33.010812202040825,33.010812202040825,501-750
TR-044477,Shreveport,Savannah,696.8,Dry Van,27566.0,2025-10-09,1.05519,1.98877,1544.43,1482.4809288630452,61.9490711369549,61.9490711369549,501-750
TR-044478,Columbia,Tucson,2079.5,Dry Van,33348.0,2025-10-09,1.06038,2.14545,4135.5,4034.1961936580856,101.30380634191442,101.30380634191442,1500+
TR-044479,Jacksonville,Mobile,278.4,Dry Van,22705.0,2025-10-09,1.10427,1.58703,707.53,682.6066180382363,24.923381961763653,24.923381961763653,251-500
TR-044480,Reno,Fort Wayne,2059.1,Flatbed,40768.0,2025-10-09,1.07754,2.17356,4078.06,4241.9452332482615,163.88523324826156,-163.88523324826156,1500+
TR-044481,Austin,Memphis,875.4,Dry Van,40194.0,2025-10-09,1.06215,1.90278,1955.55,1941.278450279355,14.271549720644998,14.271549720644998,751-1000
TR-044482,Nashville,Albuquerque,1416.3,Dry Van,35605.0,2025-10-09,1.07876,2.05091,2973.63,2947.958270431098,25.671729568902265,25.671729568902265,1001-1500
TR-044483,Tulsa,Greensboro,872.6,Dry Van,30334.0,2025-10-09,1.09792,1.8971,1956.4,1837.407715034024,118.99228496597607,118.99228496597607,751-1000
TR-044484,Nashville,Raleigh,716.8,Reefer,17314.0,2025-10-09,1.07308,1.85085,1643.75,1638.068715681948,5.681284318051894,5.681284318051894,501-750
TR-044485,Oklahoma City,Dallas,282.8,Flatbed,47500.0,2025-10-09,1.06017,1.27554,811.54,798.7468109787349,12.793189021265107,12.793189021265107,251-500
TR-044486,Kansas City,Cincinnati,355.2,Dry Van,17679.0,2025-10-09,1.0575,1.90165,802.51,810.191743172084,7.681743172083998,-7.681743172083998,251-500
TR-044487,Milwaukee,Albany,1074.1,Dry Van,27290.0,2025-10-09,1.03593,2.24015,2089.95,2139.501037685917,49.55103768591698,-49.55103768591698,1001-1500
TR-044488,Hartford,Detroit,781.4,Reefer,36778.0,2025-10-09,1.10482,1.78976,1834.67,1829.3595092589014,5.310490741098647,5.310490741098647,751-1000
TR-044489,Bakersfield,Los Angeles,386.0,Dry Van,23052.0,2025-10-09,1.07199,1.96318,841.52,864.9776907093553,23.457690709355347,-23.457690709355347,251-500
TR-044490,Los Angeles,Indianapolis,2012.5,Dry Van,38756.0,2025-10-09,1.05735,2.20974,3969.29,3940.5532445416397,28.73675545836022,28.73675545836022,1500+
TR-044491,Greensboro,Shreveport,705.5,Dry Van,13307.0,2025-10-09,1.09206,1.96197,1521.83,1451.3178617884018,70.51213821159809,70.51213821159809,501-750
TR-044492,Boston,Hartford,186.7,Dry Van,22726.0,2025-10-09,1.07228,1.66056,464.23,464.6517181279595,0.4217181279594797,-0.4217181279594797,0-250
TR-044493,Madison,Philadelphia,1059.5,Dry Van,40382.0,2025-10-09,1.10955,2.09204,2195.41,2215.6740765854006,20.264076585400744,-20.264076585400744,1001-1500
TR-044494,Boston,Toledo,954.8,Dry Van,47500.0,2025-10-09,1.07101,2.06923,1962.57,1981.1220978851418,18.552097885141848,-18.552097885141848,751-1000
TR-044495,Grand Rapids,Milwaukee,359.8,Flatbed,34107.0,2025-10-09,1.07853,1.61993,905.33,899.4726747989838,5.857325201016238,5.857325201016238,251-500
TR-044496,Fresno,Los Angeles,441.7,Reefer,28696.0,2025-10-09,1.08313,1.59169,1125.21,1118.5798440825695,6.630155917430557,6.630155917430557,251-500
TR-044497,Los Angeles,Hartford,3061.6,Reefer,46677.0,2025-10-09,1.11077,1.97398,6610.87,6239.5024200452235,371.3675799547764,371.3675799547764,1500+
TR-044498,Nashville,Albuquerque,1427.1,Dry Van,36550.0,2025-10-09,1.06987,2.04499,2958.24,2962.8834174722533,4.643417472253532,-4.643417472253532,1001-1500
TR-044499,Richmond,Bakersfield,2652.5,Reefer,31343.0,2025-10-09,1.06618,2.00608,5686.14,5493.616679999657,192.52332000034312,192.52332000034312,1500+
TR-044500,Bakersfield,Dallas,1494.7,Reefer,47500.0,2025-10-09,1.06062,1.81457,3519.69,3409.8210590667995,109.86894093320052,109.86894093320052,1001-1500
TR-044501,Toledo,Tucson,2059.8,Dry Van,25384.0,2025-10-09,1.03536,2.2752,3828.39,3774.901373161338,53.48862683866173,53.48862683866173,1500+
TR-044502,San Francisco,Milwaukee,2162.5,Dry Van,38847.0,2025-10-09,1.0227,2.13187,4282.29,4062.4356280763254,219.85437192367453,219.85437192367453,1500+
TR-044503,Columbia,Shreveport,650.2,Dry Van,21435.0,2025-10-09,1.06397,1.92558,5511.27,1354.0880398034678,4157.181960196533,4157.181960196533,501-750
TR-044504,Cincinnati,Memphis,235.9,Reefer,24960.0,2025-10-09,1.05252,1.37838,656.59,633.5209133429964,23.069086657003595,23.069086657003595,0-250
TR-044505,Greensboro,Memphis,467.8,Dry Van,20535.0,2025-10-09,1.03863,1.94846,1044.29,1036.1681016448183,8.121898355181656,8.121898355181656,251-500
TR-044506,Shreveport,Albuquerque,1190.1,Flatbed,28929.0,2025-10-09,1.10453,1.95179,2611.99,2686.0197871593336,74.02978715933386,-74.02978715933386,1001-1500
TR-044507,Tampa,El Paso,1680.5,Reefer,42742.0,2025-10-09,1.06191,1.85501,3806.22,3950.7576310671484,144.5376310671486,-144.5376310671486,1500+
TR-044508,Nashville,Toledo,581.0,Reefer,40972.0,2025-10-09,1.07288,1.61414,1457.28,1447.0597748617947,10.220225138205251,10.220225138205251,501-750
TR-044509,Houston,Lubbock,368.1,Flatbed,23433.0,2025-10-09,1.06886,1.50177,973.83,931.934522281036,41.895477718964,41.895477718964,251-500
TR-044510,Fort Wayne,Montgomery,831.4,Reefer,25758.0,2025-10-09,1.04906,1.81488,1926.36,1875.167466418267,51.19253358173296,51.19253358173296,751-1000
TR-044511,Shreveport,Cincinnati,548.2,Reefer,33257.0,2025-10-09,1.05461,1.52723,1431.35,1409.3266325903044,22.02336740969554,22.02336740969554,501-750
TR-044512,Oklahoma City,Montgomery,869.2,Flatbed,35127.0,2025-10-09,1.04025,1.72174,2149.17,2052.41766047198,96.75233952802,96.75233952802,751-1000
TR-044513,Tampa,Savannah,546.0,Dry Van,34293.0,2025-10-09,1.05376,1.86604,1241.75,1270.753158311287,29.003158311287052,-29.003158311287052,501-750
TR-044514,Tucson,Baltimore,2763.2,Dry Van,26552.0,2025-10-09,1.0608,2.33971,5053.13,5005.385061358744,47.74493864125634,47.74493864125634,1500+
TR-044515,Albany,New York,383.6,Flatbed,31415.0,2025-10-09,1.11598,1.67028,958.28,925.4644108656349,32.81558913436504,32.81558913436504,251-500
TR-044516,Chattanooga,Charleston,512.3,Dry Van,40753.0,2025-10-09,1.08557,1.80282,1203.76,1167.7927084189978,35.9672915810022,35.9672915810022,501-750
TR-044517,Chattanooga,Providence,1147.3,Dry Van,21623.0,2025-10-09,1.09938,2.21882,2237.63,2327.5327269453287,89.9027269453286,-89.9027269453286,1001-1500
TR-044518,Montgomery,Charleston,512.4,Dry Van,24843.0,2025-10-09,1.08563,1.94551,1117.48,1120.890406789896,3.4104067898958874,-3.4104067898958874,501-750
TR-044519,Los Angeles,Baton Rouge,1696.1,Flatbed,25014.0,2025-10-09,1.05087,2.13328,3466.55,3670.298224205011,203.74822420501096,-203.74822420501096,1500+
TR-044520,Atlanta,Dallas,611.0,Reefer,35656.0,2025-10-09,1.04785,1.55793,1571.77,1562.3381014008992,9.431898599100805,9.431898599100805,501-750
TR-044521,Nashville,Richmond,778.6,Reefer,41904.0,2025-10-09,1.07658,1.67501,1901.84,1854.8798068237427,46.960193176257235,46.960193176257235,751-1000
TR-044522,Madison,San Antonio,1135.0,Reefer,16896.0,2025-10-09,1.03934,1.88149,2504.88,2527.1882333840144,22.30823338401433,-22.30823338401433,1001-1500
TR-044523,Baltimore,Boston,223.0,Flatbed,31613.0,2025-10-09,1.10719,1.40955,611.91,581.4283696290398,30.481630370960147,30.481630370960147,0-250
TR-044524,Tampa,Mobile,310.0,Dry Van,12098.0,2025-10-09,1.06272,1.70896,2940.49,756.6990826350464,2183.790917364953,2183.790917364953,251-500
TR-044525,Tucson,Toledo,2016.7,Dry Van,21004.0,2025-10-09,1.09415,2.23551,3704.53,3726.6815859807484,22.151585980748223,-22.151585980748223,1500+
TR-044526,Charleston,Harrisburg,476.7,Dry Van,35684.0,2025-10-09,1.04555,1.86199,1095.83,1103.339778208392,7.509778208392163,-7.509778208392163,251-500
TR-044527,Tucson,Greensboro,2073.2,Dry Van,35448.0,2025-10-09,1.05599,2.27175,4016.71,4020.7281925431134,4.0181925431134005,-4.0181925431134005,1500+
TR-044528,Buffalo,Kansas City,792.5,Dry Van,47500.0,2025-10-09,1.09035,1.99876,1701.51,1670.996865430494,30.513134569506065,30.513134569506065,751-1000
TR-044529,Philadelphia,Tucson,2673.7,Reefer,36308.0,2025-10-09,1.08856,2.05728,5687.25,5648.033763453058,39.21623654694213,39.21623654694213,1500+
TR-044530,Reno,Syracuse,2471.1,Reefer,32105.0,2025-10-09,1.0679,2.13881,4901.87,5054.10003613547,152.23003613547007,-152.23003613547007,1500+
TR-044531,Lexington,Fresno,2254.9,Flatbed,23702.0,2025-10-09,1.10516,2.18484,4501.42,4381.546105803605,119.87389419639476,119.87389419639476,1500+
TR-044532,El Paso,Raleigh,2194.2,Reefer,28106.0,2025-10-09,1.06456,2.02702,4628.73,4609.573057638128,19.156942361871188,19.156942361871188,1500+
TR-044533,Fresno,Mobile,2205.7,Reefer,33984.0,2025-10-09,1.05292,1.83914,5069.63,4706.202718011002,363.4272819889984,363.4272819889984,1500+
TR-044534,Los Angeles,New Orleans,1730.1,Flatbed,19423.0,2025-10-09,1.05947,2.10266,3540.21,3658.51417047825,118.30417047824994,-118.30417047824994,1500+
TR-044535,Oklahoma City,Boston,2012.3,Dry Van,31506.0,2025-10-09,1.08806,2.16889,3957.89,3941.5202611792342,16.369738820765633,16.369738820765633,1500+
TR-044536,Atlanta,Phoenix,2082.8,Dry Van,24925.0,2025-10-09,1.1015,2.26271,3939.62,3863.394100523462,76.22589947653796,76.22589947653796,1500+
TR-044537,Madison,Mobile,820.8,Dry Van,17863.0,2025-10-09,1.09569,2.10466,1639.77,1676.5555168579363,36.78551685793627,-36.78551685793627,751-1000
TR-044538,Fort Wayne,Madison,285.2,Dry Van,14738.0,2025-10-09,1.04924,1.80449,665.88,653.9183971344656,11.96160286553436,11.96160286553436,251-500
TR-044539,Little Rock,Kansas City,407.1,Dry Van,20118.0,2025-10-09,1.08502,1.84149,942.96,920.0510058573673,22.908994142632764,22.908994142632764,251-500
TR-044540,Phoenix,San Antonio,1270.4,Dry Van,30757.0,2025-10-09,1.06676,2.08564,2603.65,2596.758246213941,6.891753786058871,6.891753786058871,1001-1500
TR-044541,Syracuse,Chattanooga,896.3,Reefer,45205.0,2025-10-09,1.03223,1.79033,2071.76,2080.2801138483887,8.520113848388519,-8.520113848388519,751-1000
TR-044542,Lexington,Dallas,746.9,Dry Van,37858.0,2025-10-09,1.05565,1.87892,1691.61,1617.0044513663015,74.60554863369839,74.60554863369839,501-750
TR-044543,Los Angeles,Columbia,2308.3,Dry Van,32481.0,2025-10-09,1.07263,2.28678,4241.74,4443.297219578988,201.55721957898822,-201.55721957898822,1500+
TR-044544,Albany,Oklahoma City,1982.6,Dry Van,20623.0,2025-10-09,1.06746,2.30005,3757.74,3798.535286697495,40.79528669749516,-40.79528669749516,1500+
TR-044545,Shreveport,Cincinnati,525.2,Dry Van,20612.0,2025-10-09,1.07952,1.99979,1152.84,1138.2532969567774,14.586703043222542,14.586703043222542,501-750
TR-044546,Nashville,Corpus Christi,775.1,Dry Van,47147.0,2025-10-09,1.0921,1.90825,1789.11,1744.6254458241112,44.48455417588866,44.48455417588866,751-1000
TR-044547,Tulsa,Oklahoma City,285.1,Dry Van,28977.0,2025-10-09,1.09602,1.55451,742.74,714.3412377680919,28.39876223190811,28.39876223190811,251-500
TR-044548,Tucson,Bakersfield,314.6,Dry Van,46656.0,2025-10-09,1.06371,1.67344,794.34,779.3751109610272,14.964889038972842,14.964889038972842,251-500
TR-044549,Harrisburg,Jacksonville,776.3,Dry Van,30463.0,2025-10-09,1.07526,2.07146,1612.45,1607.6524040985905,4.797595901409522,4.797595901409522,751-1000
TR-044550,Milwaukee,Phoenix,2025.9,Flatbed,32738.0,2025-10-09,1.03625,2.01818,4242.66,4197.58479846149,45.075201538509646,45.075201538509646,1500+
TR-044551,Madison,Richmond,880.1,Dry Van,28922.0,2025-10-09,1.0553,2.07027,1769.34,1767.4156493546768,1.924350645323102,1.924350645323102,751-1000
TR-044552,Tucson,Amarillo,641.8,Dry Van,21670.0,2025-10-09,1.02675,1.90729,1423.71,1356.3850832736798,67.32491672632023,67.32491672632023,501-750
TR-044553,Memphis,Corpus Christi,711.4,Dry Van,34118.0,2025-10-09,1.06601,1.78674,1653.45,1574.037913346451,79.41208665354907,79.41208665354907,501-750
TR-044554,Mobile,Detroit,988.9,Dry Van,29001.0,2025-10-09,1.03844,2.15844,2008.89,2052.7781014038783,43.88810140387818,-43.88810140387818,751-1000
TR-044555,Baton Rouge,San Antonio,439.5,Dry Van,38250.0,2025-10-09,1.06926,1.66253,1077.79,1079.1441170183186,1.354117018318675,-1.354117018318675,251-500
TR-044556,Milwaukee,Greensboro,455.6,Dry Van,25324.0,2025-10-09,1.05617,1.95438,367.67,993.2381241095312,625.5681241095313,-625.5681241095313,251-500
TR-044557,Corpus Christi,Lubbock,322.1,Flatbed,29661.0,2025-10-09,1.06789,1.48847,874.67,880.0672924578146,5.397292457814615,-5.397292457814615,251-500
TR-044558,Montgomery,Atlanta,312.9,Reefer,20551.0,2025-10-09,1.0952,1.46337,856.91,835.473621485788,21.436378514211924,21.436378514211924,251-500
TR-044559,Phoenix,Raleigh,2724.0,Flatbed,34468.0,2025-10-09,1.07855,2.09187,5584.9,5490.90242679917,93.99757320082972,93.99757320082972,1500+
TR-044560,Little Rock,Kansas City,431.3,Dry Van,38459.0,2025-10-09,1.03873,1.68043,1059.7,1026.168774126573,33.53122587342705,33.53122587342705,251-500
TR-044561,Amarillo,San Francisco,1189.9,Reefer,39626.0,2025-10-09,1.03781,1.85378,2781.77,2848.6162228519393,66.84622285193927,-66.84622285193927,1001-1500
TR-044562,Toledo,Baltimore,836.5,Dry Van,31496.0,2025-10-09,1.05144,2.00597,1776.94,1734.4400119244935,42.49998807550651,42.49998807550651,751-1000
TR-044563,Charleston,Boston,791.4,Dry Van,16809.0,2025-10-09,1.04035,2.20101,1556.42,1587.2930832271545,30.87308322715444,-30.87308322715444,751-1000
TR-044564,Detroit,Mobile,1021.1,Flatbed,36351.0,2025-10-09,1.08516,1.90558,2283.31,2297.885460429705,14.57546042970489,-14.57546042970489,1001-1500
TR-044565,Kansas City,Shreveport,560.4,Reefer,35176.0,2025-10-09,1.09048,1.44521,1484.72,1409.9800195656396,74.7399804343604,74.7399804343604,501-750
TR-044566,Charleston,Cincinnati,519.5,Flatbed,31542.0,2025-10-09,1.10034,1.67064,1264.57,1250.6148681084082,13.95513189159169,13.95513189159169,501-750
TR-044567,Boston,Milwaukee,1154.0,Dry Van,47091.0,2025-10-09,1.10076,2.07911,2415.68,2450.6621123720274,34.982112372027586,-34.982112372027586,1001-1500
TR-044568,Toledo,Fort Wayne,82.8,Dry Van,30138.0,2025-10-09,1.0558,1.41009,231.71,243.73797161738133,12.027971617381326,-12.027971617381326,0-250
TR-044569,Corpus Christi,Syracuse,1751.0,Dry Van,41770.0,2025-10-09,1.05401,2.17507,3521.35,3565.1535200669778,43.80352006697785,-43.80352006697785,1500+
TR-044570,Hartford,Memphis,1156.8,Dry Van,36556.0,2025-10-09,1.04424,2.04112,2405.13,2449.937378970028,44.80737897002791,-44.80737897002791,1001-1500
TR-044571,Chattanooga,Atlanta,83.1,Reefer,40534.0,2025-10-09,1.05532,0.74801,282.04,294.5002646277639,12.460264627763877,-12.460264627763877,0-250
TR-044572,Buffalo,Green Bay,581.0,Dry Van,17248.0,2025-10-09,1.05416,2.16386,1163.86,1204.129851543745,40.26985154374506,-40.26985154374506,501-750
TR-044573,Dallas,St. Louis,626.7,Dry Van,29390.0,2025-10-09,1.06563,1.86256,1445.85,1396.3699564446838,49.480043555316115,49.480043555316115,501-750
TR-044574,Syracuse,Corpus Christi,1689.3,Dry Van,34279.0,2025-10-09,1.04832,2.17539,3348.58,3390.5649506650575,41.98495066505757,-41.98495066505757,1500+
TR-044575,Jacksonville,Montgomery,140.5,Dry Van,36710.0,2025-10-09,1.10645,1.368,396.7,394.65053271771177,2.0494672822882194,2.0494672822882194,0-250
TR-044576,Bakersfield,Birmingham,2060.7,Flatbed,22673.0,2025-10-09,1.07985,2.12886,4226.48,4054.8760452324123,171.6039547675873,171.6039547675873,1500+
TR-044577,Corpus Christi,Mobile,611.8,Dry Van,31715.0,2025-10-09,1.07835,1.82178,1415.91,1400.8103512667792,15.099648733220874,15.099648733220874,501-750
TR-044578,Los Angeles,Syracuse,2821.2,Reefer,19221.0,2025-10-10,1.02589,2.21369,5360.52,5493.038516868363,132.5185168683629,-132.5185168683629,1500+
TR-044579,Montgomery,New York,1061.4,Flatbed,29665.0,2025-10-10,1.03733,2.02557,2275.93,2364.5716543932467,88.64165439324688,-88.64165439324688,1001-1500
TR-044580,El Paso,Lubbock,793.1,Dry Van,40628.0,2025-10-10,1.0197,1.8283,1853.27,1746.4651935124944,106.80480648750563,106.80480648750563,751-1000
TR-044581,Louisville,Toledo,436.0,Reefer,38049.0,2025-10-10,0.98994,1.54774,1128.32,1126.8721997120035,1.4478002879964151,1.4478002879964151,251-500
TR-044582,Louisville,Philadelphia,925.9,Dry Van,34946.0,2025-10-10,1.04126,2.17212,1898.58,1907.5755362795649,8.99553627956493,-8.99553627956493,751-1000
TR-044583,St. Louis,Bakersfield,1794.9,Dry Van,9921.0,2025-10-10,0.98175,2.27943,3378.19,3424.38877563884,46.198775638839834,-46.198775638839834,1500+
TR-044584,Raleigh,New York,451.0,Dry Van,45200.0,2025-10-10,1.0331,1.84949,1028.21,1020.7057049433271,7.504295056672959,7.504295056672959,251-500
TR-044585,Shreveport,Atlanta,450.8,Reefer,42849.0,2025-10-10,1.00273,1.36721,1244.46,1181.036884803164,63.42311519683608,63.42311519683608,251-500
TR-044586,Shreveport,Grand Rapids,975.1,Reefer,27870.0,2025-10-10,1.06014,1.75156,2302.46,2234.220680037079,68.23931996292094,68.23931996292094,751-1000
TR-044587,Tampa,Albuquerque,1694.8,Flatbed,45889.0,2025-10-10,1.01117,2.00734,3759.04,3843.6462195552704,84.6062195552704,-84.6062195552704,1500+
TR-044588,New Orleans,Richmond,1126.9,Dry Van,44589.0,2025-10-10,0.9934,1.98543,2435.89,2369.680154279998,66.2098457200018,66.2098457200018,1001-1500
TR-044589,Lubbock,Los Angeles,1160.7,Dry Van,26718.0,2025-10-10,1.03766,2.10999,2421.18,2412.7011945973204,8.478805402679427,8.478805402679427,1001-1500
TR-044590,Las Vegas,Chattanooga,1889.9,Reefer,31780.0,2025-10-10,1.04693,1.86457,4254.93,4187.25160072923,67.67839927077057,67.67839927077057,1500+
TR-044591,Chattanooga,New York,956.9,Dry Van,47500.0,2025-10-10,1.06639,2.02353,2033.38,2015.5873846633726,17.792615336627478,17.792615336627478,751-1000
TR-044592,Albany,Buffalo,476.1,Dry Van,32604.0,2025-10-10,0.97598,2.08818,993.54,1054.9673723492667,61.42737234926676,-61.42737234926676,251-500
TR-044593,Hartford,Albany,368.8,Dry Van,21880.0,2025-10-10,0.97703,2.03386,789.41,789.9164600497382,0.5064600497382798,-0.5064600497382798,251-500
TR-044594,Tulsa,Toledo,939.1,Reefer,31253.0,2025-10-10,1.01423,1.78172,2242.33,2157.9506913363603,84.37930866363968,84.37930866363968,751-1000
TR-044595,Los Angeles,Montgomery,2164.4,Flatbed,32331.0,2025-10-10,0.98595,2.04519,4589.65,4473.264385209548,116.38561479045165,116.38561479045165,1500+
TR-044596,Tulsa,New York,1475.2,Reefer,29545.0,2025-10-10,1.03531,1.95877,3217.79,3195.249419667877,22.540580332122772,22.540580332122772,1001-1500
TR-044597,Corpus Christi,Detroit,1403.3,Dry Van,39015.0,2025-10-10,0.95883,2.11199,2864.16,2807.42645297945,56.73354702054985,56.73354702054985,1001-1500
TR-044598,Green Bay,Philadelphia,951.6,Reefer,29724.0,2025-10-10,1.0337,1.86288,2174.63,2157.4845155227513,17.14548447724883,17.14548447724883,751-1000
TR-044599,Grand Rapids,Baton Rouge,1136.1,Dry Van,37119.0,2025-10-10,1.02931,2.1221,2343.86,2400.9603876717215,57.100387671721364,-57.100387671721364,1001-1500
TR-044600,Fresno,Fort Wayne,2294.4,Dry Van,39687.0,2025-10-10,1.0316,2.26426,4335.83,4362.706432658434,26.87643265843417,-26.87643265843417,1500+
TR-044601,Salt Lake City,Green Bay,1737.0,Reefer,24733.0,2025-10-10,0.97475,2.09253,3522.2,3643.996293729336,121.79629372933596,-121.79629372933596,1500+
TR-044602,Bakersfield,San Francisco,388.0,Dry Van,30133.0,2025-10-10,1.06171,1.79938,915.66,900.6949462125681,14.965053787431884,14.965053787431884,251-500
TR-044603,Shreveport,Washington,1134.6,Reefer,24912.0,2025-10-10,1.03813,1.91922,2507.38,2475.9301595565003,31.449840443499852,31.449840443499852,1001-1500
TR-044604,Oklahoma City,Baltimore,1791.8,Flatbed,17774.0,2025-10-10,0.97569,2.1909,3614.88,3719.864250140688,104.98425014068789,-104.98425014068789,1500+
TR-044605,Kansas City,Tampa,941.5,Flatbed,36370.0,2025-10-10,1.06452,1.90262,2154.79,2144.5846616751005,10.205338324899458,10.205338324899458,751-1000
TR-044606,San Francisco,Charleston,2752.5,Flatbed,32883.0,2025-10-10,1.01812,2.14737,5539.54,5428.452413490249,111.08758650975142,111.08758650975142,1500+
TR-044607,Reno,Grand Rapids,1985.6,Dry Van,25093.0,2025-10-10,0.98181,2.3785,3574.14,3649.0481514910284,74.90815149102855,-74.90815149102855,1500+
TR-044608,Philadelphia,Nashville,1031.6,Dry Van,24700.0,2025-10-10,1.05391,2.2192,1984.11,2063.3099764428307,79.1999764428308,-79.1999764428308,1001-1500
TR-044609,Buffalo,Amarillo,1787.3,Reefer,32588.0,2025-10-10,1.0715,1.85888,4085.99,3980.656456036367,105.33354396363256,105.33354396363256,1500+
TR-044610,El Paso,Tampa,1650.0,Dry Van,30112.0,2025-10-10,1.04431,2.22017,3224.7,3289.0435151146526,64.34351511465275,-64.34351511465275,1500+
TR-044611,Los Angeles,Memphis,1979.1,Dry Van,22986.0,2025-10-10,1.01416,2.25364,3692.86,3760.9012261550724,68.04122615507231,-68.04122615507231,1500+
TR-044612,New Orleans,Phoenix,1625.9,Reefer,26599.0,2025-10-10,1.05598,1.91598,3564.26,3571.2679770136256,7.00797701362535,-7.00797701362535,1500+
TR-044613,Syracuse,New Orleans,1295.1,Dry Van,21089.0,2025-10-10,1.02606,2.1875,2527.85,2495.5883915221616,32.26160847783831,32.26160847783831,1001-1500
TR-044614,Tampa,Mobile,307.6,Reefer,47500.0,2025-10-10,1.00233,1.21994,2094.59,896.4768074654031,1198.1131925345971,1198.1131925345971,251-500
TR-044615,Indianapolis,Tulsa,540.2,Dry Van,39030.0,2025-10-10,0.99676,1.82027,1264.94,1258.507737285034,6.4322627149661,6.4322627149661,501-750
TR-044616,Jacksonville,Austin,1060.8,Dry Van,24362.0,2025-10-10,1.03024,2.03114,2194.61,2231.689504373699,37.07950437369891,-37.07950437369891,1001-1500
TR-044617,Tampa,Los Angeles,2161.9,Dry Van,24470.0,2025-10-10,1.06363,2.28067,4045.17,4003.9669634114316,41.203036588568466,41.203036588568466,1500+
TR-044618,Atlanta,Tucson,1829.1,Reefer,16753.0,2025-10-10,1.00856,2.03586,3893.83,3887.9682095694784,5.861790430521523,5.861790430521523,1500+
TR-044619,Milwaukee,Montgomery,689.3,Flatbed,39675.0,2025-10-10,0.99211,1.73225,1653.38,1609.943783168265,43.43621683173501,43.43621683173501,501-750
TR-044620,Nashville,Reno,2026.0,Flatbed,32009.0,2025-10-10,1.00525,2.12148,4118.68,4184.697693261581,66.01769326158046,-66.01769326158046,1500+
TR-044621,Lexington,Bakersfield,2051.9,Flatbed,27042.0,2025-10-10,0.99069,2.11074,4176.34,4128.075027026309,48.26497297369133,48.26497297369133,1500+
TR-044622,Tampa,Toledo,1074.6,Dry Van,27603.0,2025-10-10,0.99891,2.23353,2062.28,2180.904813282801,118.62481328280091,-118.62481328280091,1001-1500
TR-044623,Tampa,Lexington,730.3,Reefer,30981.0,2025-10-10,1.04585,1.68419,1806.72,1741.345083825975,65.37491617402497,65.37491617402497,501-750
TR-044624,Fresno,Buffalo,2708.6,Dry Van,23663.0,2025-10-10,1.00272,2.40069,4782.29,4787.671611765397,5.381611765396883,-5.381611765396883,1500+
TR-044625,Atlanta,Richmond,681.8,Dry Van,35007.0,2025-10-10,1.02481,1.99703,1473.33,1433.9667239031785,39.36327609682144,39.36327609682144,501-750
TR-044626,Greensboro,Kansas City,611.3,Reefer,34744.0,2025-10-10,1.03586,1.61151,1562.83,1527.7101187814314,35.11988121856848,35.11988121856848,501-750
TR-044627,Hartford,Grand Rapids,919.7,Reefer,24484.0,2025-10-10,1.01597,1.98654,2032.95,1956.2046222986614,76.74537770133861,76.74537770133861,751-1000
TR-044628,Reno,Baton Rouge,1820.1,Reefer,18777.0,2025-10-10,1.01358,2.0724,3836.59,3787.7430863922323,48.846913607767874,48.846913607767874,1500+
TR-044629,Bakersfield,Green Bay,2011.1,Flatbed,35806.0,2025-10-10,1.04279,2.10819,4088.24,4228.702796241472,140.46279624147246,-140.46279624147246,1500+
TR-044630,Corpus Christi,New York,1702.5,Dry Van,37861.0,2025-10-10,1.01952,2.11958,3500.41,3526.7231670332867,26.313167033286845,-26.313167033286845,1500+
TR-044631,Birmingham,Buffalo,823.1,Dry Van,45655.0,2025-10-10,1.01669,2.07134,1738.92,1748.3461690632787,9.426169063278621,-9.426169063278621,751-1000
TR-044632,Hartford,Tucson,2797.9,Flatbed,46289.0,2025-10-10,1.05349,2.0654,5899.4,5755.08371869476,144.3162813052395,144.3162813052395,1500+
TR-044633,Hartford,Lubbock,1980.2,Flatbed,27430.0,2025-10-10,1.05796,1.99418,4160.02,4198.3379264344585,38.31792643445806,-38.31792643445806,1500+
TR-044634,Bakersfield,Toledo,2106.5,Reefer,33150.0,2025-10-10,1.01046,1.97824,4594.27,4412.63670397246,181.63329602754038,181.63329602754038,1500+
TR-044635,Buffalo,Fort Wayne,431.3,Flatbed,12441.0,2025-10-10,1.05273,1.90169,960.78,1005.4909908248271,44.71099082482715,-44.71099082482715,251-500
TR-044636,Houston,Buffalo,1401.6,Dry Van,42770.0,2025-10-10,1.00075,2.10696,2855.05,2785.1235287688096,69.92647123119059,69.92647123119059,1001-1500
TR-044637,Toledo,Detroit,153.4,Dry Van,19330.0,2025-10-10,1.01889,1.73744,379.54,377.4099975998681,2.1300024001319002,2.1300024001319002,0-250
TR-044638,Tampa,Baton Rouge,457.6,Flatbed,31475.0,2025-10-10,1.02004,1.51404,1199.69,1182.2799057278614,17.410094272138622,17.410094272138622,251-500
TR-044639,Cincinnati,Corpus Christi,968.9,Dry Van,34338.0,2025-10-10,1.01483,1.92542,2093.43,2065.1548857200987,28.275114279901118,28.275114279901118,751-1000
TR-044640,Providence,El Paso,2692.2,Reefer,26317.0,2025-10-10,0.99732,2.05,5694.27,5534.900043903567,159.36995609643327,159.36995609643327,1500+
TR-044641,Los Angeles,Memphis,1887.2,Flatbed,22301.0,2025-10-10,1.0543,2.14527,3828.99,3953.4223228506135,124.43232285061367,-124.43232285061367,1500+
TR-044642,Kansas City,Phoenix,1829.7,Reefer,17811.0,2025-10-10,1.02617,2.05475,3758.85,3827.403745765917,68.55374576591703,-68.55374576591703,1500+
TR-044643,Fresno,Washington,2821.0,Flatbed,33030.0,2025-10-10,1.01045,2.11019,5681.14,5562.5111947955975,118.62880520440285,118.62880520440285,1500+
TR-044644,Milwaukee,Grand Rapids,347.8,Dry Van,22403.0,2025-10-10,1.01171,1.87786,803.07,788.0328472912721,15.037152708727945,15.037152708727945,251-500
TR-044645,Cincinnati,Syracuse,769.4,Dry Van,31005.0,2025-10-10,1.03455,2.10116,1590.39,1602.8501421595608,12.460142159560746,-12.460142159560746,751-1000
TR-044646,Amarillo,Charleston,1708.9,Dry Van,44157.0,2025-10-10,1.01268,2.15965,3398.84,3568.1615684192125,169.32156841921233,-169.32156841921233,1500+
TR-044647,Buffalo,Los Angeles,2672.2,Dry Van,19806.0,2025-10-10,1.05378,2.35334,4761.97,4707.720463039,54.24953696100056,54.24953696100056,1500+
TR-044648,Hartford,Tampa,1316.7,Flatbed,30804.0,2025-10-10,1.0558,1.92005,2890.9,2844.9893622579757,45.91063774202439,45.91063774202439,1001-1500
TR-044649,Little Rock,Baton Rouge,324.1,Reefer,13832.0,2025-10-10,1.04175,1.45205,866.98,874.8031284867201,7.823128486720066,-7.823128486720066,251-500
TR-044650,Indianapolis,Providence,1265.9,Dry Van,28104.0,2025-10-10,1.01935,2.16425,2545.24,2478.005698863145,67.23430113685481,67.23430113685481,1001-1500
TR-044651,Columbia,Oklahoma City,1042.9,Reefer,34069.0,2025-10-10,1.01454,1.67257,2601.44,2561.8576797959577,39.58232020404239,39.58232020404239,1001-1500
TR-044652,Baton Rouge,Lubbock,517.5,Dry Van,34462.0,2025-10-10,1.0257,1.67764,1283.49,1204.1139291766863,79.37607082331374,79.37607082331374,501-750
TR-044653,Shreveport,Lexington,615.0,Dry Van,15454.0,2025-10-10,1.00841,2.01522,1327.27,1319.860533455903,7.409466544097086,7.409466544097086,501-750
TR-044654,Birmingham,Lubbock,952.6,Flatbed,46166.0,2025-10-10,1.01425,1.8164,2213.71,2287.9648532156343,74.25485321563428,-74.25485321563428,751-1000
TR-044655,Austin,Lexington,1177.0,Dry Van,38279.0,2025-10-10,1.0268,2.11512,2460.2,2504.9043721623507,44.704372162350865,-44.704372162350865,1001-1500
TR-044656,Nashville,Indianapolis,272.9,Reefer,39882.0,2025-10-10,1.00359,1.21874,798.7,774.3314199857259,24.36858001427413,24.36858001427413,251-500
TR-044657,St. Louis,Atlanta,383.0,Dry Van,29467.0,2025-10-10,0.99966,1.78924,906.37,887.3617417733939,19.00825822660613,19.00825822660613,251-500
TR-044658,El Paso,Memphis,1376.4,Dry Van,20395.0,2025-10-10,1.04621,2.24964,2636.13,2704.073275977814,67.94327597781376,-67.94327597781376,1001-1500
TR-044659,Nashville,Baton Rouge,500.7,Dry Van,30563.0,2025-10-10,1.02305,1.87707,1146.59,1139.6421149024563,6.947885097543576,6.947885097543576,501-750
TR-044660,Charleston,Tampa,672.6,Dry Van,22935.0,2025-10-10,1.01216,1.98609,1430.83,1407.9629944062199,22.86700559378005,22.86700559378005,501-750
TR-044661,San Antonio,Dayton,1189.8,Dry Van,26649.0,2025-10-10,1.00995,2.12597,2381.74,2371.4569102625014,10.283089737498358,10.283089737498358,1001-1500
TR-044662,Savannah,Syracuse,821.5,Flatbed,34142.0,2025-10-10,1.0761,1.84637,1862.97,1860.494265232184,2.475734767815993,2.475734767815993,751-1000
TR-044663,Columbia,Charleston,246.4,Dry Van,32480.0,2025-10-10,1.0246,1.5883,634.08,626.0715676666385,8.008432333361498,8.008432333361498,0-250
TR-044664,Mobile,Baton Rouge,333.1,Dry Van,34575.0,2025-10-10,1.02125,1.49792,877.06,858.5967289103003,18.463271089699674,18.463271089699674,251-500
TR-044665,Corpus Christi,El Paso,1094.2,Flatbed,26299.0,2025-10-10,1.00163,2.03244,2343.09,2435.550695005747,92.46069500574686,-92.46069500574686,1001-1500
TR-044666,Mobile,Shreveport,292.3,Dry Van,37994.0,2025-10-10,1.00959,1.52678,770.02,772.7982081630134,2.77820816301346,-2.77820816301346,251-500
TR-044667,Baton Rouge,Nashville,514.2,Dry Van,29654.0,2025-10-10,0.95994,1.90683,1180.98,1156.193805942824,24.78619405717609,24.78619405717609,501-750
TR-044668,San Antonio,Columbia,1140.1,Dry Van,23412.0,2025-10-10,1.01469,2.18085,2260.68,2313.3821711057712,52.70217110577141,-52.70217110577141,1001-1500
TR-044669,Albuquerque,Montgomery,1627.4,Reefer,34244.0,2025-10-10,1.00839,1.94729,3613.73,3672.2240126981014,58.494012698101415,-58.494012698101415,1500+
TR-044670,Columbia,Buffalo,656.4,Dry Van,35189.0,2025-10-10,1.05034,1.98836,1431.42,1366.9619606808524,64.4580393191477,64.4580393191477,501-750
TR-044671,Tampa,Baton Rouge,444.7,Dry Van,22553.0,2025-10-10,0.99589,1.83416,200.31,1034.7338481089716,834.4238481089717,-834.4238481089717,251-500
TR-044672,Lubbock,Reno,1475.4,Dry Van,10327.0,2025-10-10,1.01638,2.33262,2740.91,2836.399679952689,95.48967995268913,-95.48967995268913,1001-1500
TR-044673,Richmond,Oklahoma City,1540.1,Dry Van,33329.0,2025-10-10,1.02304,2.14654,3052.02,3124.5741966729915,72.55419667299157,-72.55419667299157,1500+
TR-044674,Oklahoma City,Baltimore,1781.8,Dry Van,34929.0,2025-10-10,0.99772,2.13077,3638.92,3608.649216365305,30.270783634694908,30.270783634694908,1500+
TR-044675,Los Angeles,New Orleans,1709.6,Dry Van,14109.0,2025-10-10,1.02033,2.2344,3223.52,3341.681433495878,118.1614334958781,-118.1614334958781,1500+
TR-044676,Richmond,Tucson,2440.1,Reefer,33324.0,2025-10-10,1.01066,2.0224,5148.13,5140.602354671089,7.527645328910694,7.527645328910694,1500+
TR-044677,Albany,Los Angeles,3094.1,Reefer,30797.0,2025-10-10,1.00555,2.1297,6336.16,6274.37078347615,61.78921652384997,61.78921652384997,1500+
TR-044678,Montgomery,Raleigh,692.6,Dry Van,26825.0,2025-10-10,1.02648,1.95354,1505.85,1442.7337942123843,63.11620578761563,63.11620578761563,501-750
TR-044679,Grand Rapids,Oklahoma City,1237.2,Dry Van,32659.0,2025-10-10,1.0319,2.06835,2540.67,2563.3900178534504,22.720017853450372,-22.720017853450372,1001-1500
TR-044680,Columbia,Toledo,627.3,Dry Van,26790.0,2025-10-10,1.05108,2.04273,1331.84,1303.885695373836,27.954304626164003,27.954304626164003,501-750
TR-044681,Greensboro,Green Bay,750.3,Dry Van,32650.0,2025-10-10,1.01682,1.97947,1633.71,1566.2694530122747,67.44054698772538,67.44054698772538,751-1000
TR-044682,Chattanooga,Phoenix,1978.5,Flatbed,25424.0,2025-10-10,1.05602,2.06286,4065.44,4120.555647135659,55.11564713565849,-55.11564713565849,1500+
TR-044683,Shreveport,Albuquerque,1177.8,Reefer,37644.0,2025-10-10,1.0393,1.85473,2737.93,2873.5532840479777,135.6232840479779,-135.6232840479779,1001-1500
TR-044684,Washington,Lexington,540.8,Dry Van,25825.0,2025-10-10,1.00899,2.10064,1092.65,1159.6581792106865,67.00817921068642,-67.00817921068642,501-750
TR-044685,Tampa,San Francisco,2496.8,Dry Van,41565.0,2025-10-10,1.03541,2.24439,4871.12,4844.82358140924,26.29641859075946,26.29641859075946,1500+
TR-044686,Raleigh,Jacksonville,545.7,Dry Van,27205.0,2025-10-10,0.99141,1.96066,1190.14,1191.0307438935936,0.8907438935934806,-0.8907438935934806,501-750
TR-044687,Milwaukee,Green Bay,389.5,Dry Van,27809.0,2025-10-10,1.0099,1.79775,905.9,865.121344917916,40.778655082084015,40.778655082084015,251-500
TR-044688,Hartford,Harrisburg,384.7,Dry Van,41207.0,2025-10-10,0.98074,1.89311,875.41,881.6258617135175,6.215861713517484,-6.215861713517484,251-500
TR-044689,Chattanooga,San Antonio,899.3,Flatbed,36160.0,2025-10-10,1.01515,1.83639,2080.96,2118.384551442993,37.424551442993106,-37.424551442993106,751-1000
TR-044690,Fresno,San Antonio,1501.1,Flatbed,32965.0,2025-10-10,1.08434,1.92542,3355.91,3373.5918611290385,17.68186112903868,-17.68186112903868,1500+
TR-044691,Fort Wayne,Houston,1064.8,Flatbed,27631.0,2025-10-10,1.00562,1.9533,2357.78,2366.916838209198,9.136838209197776,-9.136838209197776,1001-1500
TR-044692,Bakersfield,Shreveport,1672.5,Reefer,29928.0,2025-10-10,1.02888,1.90967,3711.34,3705.8018590324755,5.538140967524669,5.538140967524669,1500+
TR-044693,New York,Milwaukee,914.1,Dry Van,17572.0,2025-10-10,1.07095,2.12622,362.69,1756.7722823329937,1394.0822823329936,-1394.0822823329936,751-1000
TR-044694,San Antonio,Baltimore,1827.8,Flatbed,19462.0,2025-10-10,0.99384,2.01733,3873.54,3752.9865536933544,120.55344630664558,120.55344630664558,1500+
TR-044695,Dayton,Green Bay,371.2,Dry Van,24736.0,2025-10-10,1.02439,1.88663,833.33,801.4333396667855,31.896660333214527,31.896660333214527,251-500
TR-044696,Dayton,Amarillo,1316.1,Dry Van,24662.0,2025-10-10,1.03409,2.17819,2599.36,2587.9200700137294,11.439929986270727,11.439929986270727,1001-1500
TR-044697,Nashville,Philadelphia,1011.5,Dry Van,30819.0,2025-10-10,1.0586,2.11334,2073.63,2035.2369437914235,38.39305620857658,38.39305620857658,1001-1500
TR-044698,Mobile,Memphis,329.2,Dry Van,35662.0,2025-10-10,0.99579,1.60774,838.28,838.3424661204143,0.062466120414342186,-0.062466120414342186,251-500
TR-044699,Savannah,Nashville,418.7,Dry Van,27309.0,2025-10-10,1.00637,1.83019,961.44,963.6841770656117,2.244177065611666,-2.244177065611666,251-500
TR-044700,Grand Rapids,Richmond,712.6,Reefer,30616.0,2025-10-10,0.99498,1.81738,1654.14,1607.5738943609354,46.566105639064745,46.566105639064745,501-750
TR-044701,Madison,Charleston,877.8,Dry Van,23606.0,2025-10-10,1.0558,2.21655,1747.88,1758.7056882100171,10.825688210017006,-10.825688210017006,751-1000
TR-044702,Houston,New Orleans,250.7,Flatbed,30979.0,2025-10-10,1.01776,1.33737,710.97,711.4530433575906,0.48304335759053174,-0.48304335759053174,251-500
TR-044703,Houston,Corpus Christi,201.7,Reefer,23494.0,2025-10-10,0.99101,1.16947,610.44,618.6421959249212,8.20219592492117,-8.20219592492117,0-250
TR-044704,Fort Wayne,Memphis,548.2,Dry Van,41478.0,2025-10-10,0.99471,1.81557,1258.79,1241.5296724279822,17.260327572017786,17.260327572017786,501-750
TR-044705,Oklahoma City,Indianapolis,836.9,Dry Van,20786.0,2025-10-10,1.02795,1.95974,1787.06,1718.9918025535724,68.06819744642758,68.06819744642758,751-1000
TR-044706,Memphis,St. Louis,238.2,Dry Van,47500.0,2025-10-10,1.02708,1.51926,637.89,599.9722139834146,37.91778601658541,37.91778601658541,0-250
TR-044707,Oklahoma City,Jacksonville,976.1,Reefer,28182.0,2025-10-10,1.04445,1.72404,2339.21,2275.70977462811,63.50022537188988,63.50022537188988,751-1000
TR-044708,New York,Lexington,773.3,Dry Van,23509.0,2025-10-10,1.01749,2.06408,1608.79,1553.5535858027786,55.23641419722139,55.23641419722139,751-1000
TR-044709,Tucson,Fort Wayne,2027.2,Dry Van,25146.0,2025-10-10,1.03209,2.26549,3775.5,3716.565529766539,58.93447023346107,58.93447023346107,1500+
TR-044710,New York,Raleigh,461.2,Dry Van,27069.0,2025-10-10,0.99255,1.98101,1003.34,1005.5395546236947,2.1995546236946666,-2.1995546236946666,251-500
TR-044711,Austin,Baton Rouge,525.4,Dry Van,32609.0,2025-10-10,0.9995,1.78367,1226.9,1201.1005059267131,25.79949407328695,25.79949407328695,501-750
TR-044712,Lexington,Tucson,1952.7,Dry Van,30698.0,2025-10-10,1.0242,2.20572,3849.77,3853.689537911404,3.9195379114039497,-3.9195379114039497,1500+
TR-044713,Shreveport,Austin,579.4,Dry Van,25757.0,2025-10-10,1.04055,1.8322,1328.5,1303.00128502667,25.498714973329925,25.498714973329925,501-750
TR-044714,Boston,Cincinnati,1122.4,Dry Van,21949.0,2025-10-10,1.00685,2.22466,2169.55,2228.147457203201,58.597457203200975,-58.597457203200975,1001-1500
TR-044715,Madison,New York,956.0,Flatbed,33413.0,2025-10-10,1.00745,1.95245,2089.85,2132.3561953759677,42.50619537596776,-42.50619537596776,751-1000
TR-044716,Jacksonville,Detroit,940.7,Dry Van,30312.0,2025-10-10,0.95213,2.07078,1909.37,1895.4338511841972,13.936148815802653,13.936148815802653,751-1000
TR-044717,Tucson,Atlanta,1838.9,Dry Van,38679.0,2025-10-10,1.00603,2.06232,3714.5,3663.176366598385,51.3236334016151,51.3236334016151,1500+
TR-044718,Columbia,Grand Rapids,749.8,Dry Van,25477.0,2025-10-10,1.01305,2.16758,1525.78,1505.5204950629807,20.2595049370193,20.2595049370193,501-750
TR-044719,Boston,New Orleans,1536.8,Dry Van,27997.0,2025-10-10,1.0231,2.14859,3046.89,3023.975810260771,22.914189739228732,22.914189739228732,1500+
TR-044720,Lubbock,Kansas City,973.7,Reefer,22934.0,2025-10-10,1.0131,1.81391,2290.09,2192.863268623803,97.22673137619722,97.22673137619722,751-1000
TR-044721,Shreveport,Phoenix,1663.5,Dry Van,24336.0,2025-10-10,1.00695,2.16332,3221.15,3266.2060876235973,45.05608762359725,-45.05608762359725,1500+
TR-044722,Dayton,Richmond,586.5,Dry Van,33927.0,2025-10-10,1.0619,1.886,1288.83,1276.2399025506595,12.59009744934042,12.59009744934042,501-750
TR-044723,Lubbock,Greensboro,1234.4,Dry Van,33894.0,2025-10-10,1.03187,2.0783,2573.69,2570.7381360053164,2.951863994683663,2.951863994683663,1001-1500
TR-044724,Green Bay,Memphis,722.3,Reefer,29098.0,2025-10-10,0.98855,1.74503,1717.37,1688.6343646835628,28.735635316437083,28.735635316437083,501-750
TR-044725,Grand Rapids,Raleigh,863.0,Flatbed,43167.0,2025-10-10,1.02957,1.84766,1955.02,1965.225132019489,10.205132019488929,-10.205132019488929,751-1000
TR-044726,Montgomery,Madison,861.2,Dry Van,45918.0,2025-10-10,1.00426,2.01548,1835.97,1870.5169005925056,34.54690059250561,-34.54690059250561,751-1000
TR-044727,El Paso,Charleston,2061.9,Dry Van,10517.0,2025-10-10,1.00189,2.37836,3745.12,3799.83597486409,54.715974864090185,-54.715974864090185,1500+
TR-044728,Syracuse,New York,315.7,Dry Van,34771.0,2025-10-10,1.05583,1.71453,750.33,745.3777719477894,4.952228052210671,4.952228052210671,251-500
TR-044729,Fresno,Corpus Christi,1689.5,Dry Van,37138.0,2025-10-10,1.03461,2.10856,3518.45,3563.3072341209813,44.8572341209815,-44.8572341209815,1500+
TR-044730,Nashville,Salt Lake City,1659.7,Flatbed,26516.0,2025-10-10,1.02682,2.01467,3543.04,3503.251188410748,39.788811589251964,39.788811589251964,1500+
TR-044731,Amarillo,Philadelphia,2134.7,Flatbed,19255.0,2025-10-11,0.90783,2.14289,4130.04,4115.292697486352,14.74730251364781,14.74730251364781,1500+
TR-044732,Montgomery,Austin,952.7,Dry Van,33402.0,2025-10-11,0.91691,1.9676,2066.18,2084.347837517269,18.167837517269163,-18.167837517269163,751-1000
TR-044733,Memphis,Reno,1877.8,Reefer,29709.0,2025-10-11,0.94094,2.05048,3996.28,4094.109653123865,97.82965312386477,-97.82965312386477,1500+
TR-044734,Milwaukee,New York,922.3,Reefer,34955.0,2025-10-11,0.95779,1.82049,2143.64,2110.3213473475835,33.318652652416404,33.318652652416404,751-1000
TR-044735,Raleigh,Houston,1218.3,Dry Van,35202.0,2025-10-11,0.97322,2.04875,2526.69,2484.81316893498,41.87683106502027,41.87683106502027,1001-1500
TR-044736,Milwaukee,Mobile,655.2,Dry Van,31495.0,2025-10-11,0.93752,1.90411,1451.28,1366.020141662527,85.2598583374729,85.2598583374729,501-750
TR-044737,Milwaukee,Cincinnati,246.2,Dry Van,39392.0,2025-10-11,0.94017,1.62453,624.8,625.2722736449317,0.4722736449317608,-0.4722736449317608,0-250
TR-044738,Kansas City,Fresno,1939.9,Reefer,30806.0,2025-10-11,0.90376,1.91854,4266.12,4232.556383165246,33.5636168347537,33.5636168347537,1500+
TR-044739,Lexington,Shreveport,627.8,Dry Van,36794.0,2025-10-11,0.89075,1.78857,1446.63,1405.851723197729,40.77827680227119,40.77827680227119,501-750
TR-044740,Boston,Charleston,781.7,Dry Van,38338.0,2025-10-11,0.92086,2.02591,1659.78,1645.9203774819007,13.859622518099286,13.859622518099286,751-1000
TR-044741,Lexington,Chattanooga,212.2,Flatbed,31724.0,2025-10-11,0.92812,1.36352,592.16,592.9616685486435,0.8016685486435335,-0.8016685486435335,0-250
TR-044742,Los Angeles,Mobile,1995.0,Dry Van,23267.0,2025-10-11,0.93438,2.20563,3718.09,3757.6283664111234,39.53836641112321,-39.53836641112321,1500+
TR-044743,Mobile,New York,1182.9,Flatbed,39728.0,2025-10-11,0.95993,1.95556,2569.64,2648.6458990457963,79.00589904579647,-79.00589904579647,1001-1500
TR-044744,El Paso,Tampa,1731.4,Reefer,11543.0,2025-10-11,0.90712,2.1307,3529.82,3659.790707622727,129.97070762272688,-129.97070762272688,1500+
TR-044745,Little Rock,Indianapolis,398.9,Flatbed,27149.0,2025-10-11,0.91695,1.70506,995.91,971.8541939475352,24.05580605246473,24.05580605246473,251-500
TR-044746,Green Bay,Oklahoma City,1220.0,Dry Van,39017.0,2025-10-11,0.91783,2.1002,2469.04,2498.496167591819,29.45616759181894,-29.45616759181894,1001-1500
TR-044747,Shreveport,Cincinnati,533.4,Dry Van,25182.0,2025-10-11,0.97666,1.96828,1185.3,1172.8790803490538,12.420919650946189,12.420919650946189,501-750
TR-044748,Columbia,Tampa,586.5,Dry Van,27337.0,2025-10-11,0.91314,1.99307,1222.96,1282.5432273350561,59.58322733505611,-59.58322733505611,501-750
TR-044749,New York,Buffalo,332.3,Flatbed,34316.0,2025-10-11,0.94152,1.63425,830.84,827.7737254232069,3.0662745767931483,3.0662745767931483,251-500
TR-044750,Lexington,Philadelphia,817.3,Reefer,32994.0,2025-10-11,1.0558,1.89392,1833.98,1926.8588480667902,92.87884806679017,-92.87884806679017,751-1000
TR-044751,Fort Wayne,Fresno,2241.6,Reefer,28804.0,2025-10-11,0.93054,2.02589,4593.62,4560.508489249623,33.11151075037651,33.11151075037651,1500+
TR-044752,Philadelphia,Richmond,253.3,Dry Van,22967.0,2025-10-11,0.91745,1.86072,576.81,582.6629282290062,5.852928229006238,-5.852928229006238,251-500
TR-044753,Fort Wayne,Corpus Christi,1247.9,Flatbed,32887.0,2025-10-11,0.95705,2.00511,2696.69,2779.557806064834,82.86780606483399,-82.86780606483399,1001-1500
TR-044754,Albany,Mobile,1499.4,Dry Van,47500.0,2025-10-11,0.92567,2.2078,2900.53,3033.4534064213444,132.92340642134423,-132.92340642134423,1001-1500
TR-044755,Tampa,Houston,582.0,Dry Van,37801.0,2025-10-11,0.91395,1.7394,1409.03,1345.4327216241538,63.597278375846145,63.597278375846145,501-750
TR-044756,New York,Hartford,114.6,Flatbed,27047.0,2025-10-11,1.0558,1.20776,330.59,326.40112680861034,4.188873191389632,4.188873191389632,0-250
TR-044757,Oklahoma City,Toledo,1249.6,Dry Van,42555.0,2025-10-11,0.93392,2.01123,2634.45,2582.7222309206422,51.727769079357586,51.727769079357586,1001-1500
TR-044758,Washington,San Antonio,1591.9,Dry Van,33646.0,2025-10-11,0.95025,2.17584,3226.88,3148.1183533384165,78.76164666158365,78.76164666158365,1500+
TR-044759,Birmingham,Toledo,710.5,Dry Van,31387.0,2025-10-11,0.99897,1.98552,1539.47,1473.7234149135763,65.74658508642369,65.74658508642369,501-750
TR-044760,Lexington,Raleigh,524.0,Flatbed,45051.0,2025-10-11,0.91683,1.70418,1278.47,1246.7039246896466,31.76607531035347,31.76607531035347,501-750
TR-044761,Lexington,Mobile,468.3,Flatbed,40945.0,2025-10-11,0.93177,1.67736,1171.99,1182.252481129168,10.262481129168009,-10.262481129168009,251-500
TR-044762,Bakersfield,Fresno,220.4,Reefer,39040.0,2025-10-11,0.96217,1.10835,652.79,645.721342856044,7.068657143955988,7.068657143955988,0-250
TR-044763,Toledo,Baton Rouge,1054.5,Reefer,38965.0,2025-10-11,0.90109,1.85144,2435.68,2509.9408920465235,74.26089204652362,-74.26089204652362,1001-1500
TR-044764,Montgomery,Baton Rouge,464.4,Dry Van,30826.0,2025-10-11,0.9274,1.7823,1097.91,1094.973694684925,2.93630531507506,2.93630531507506,251-500
TR-044765,Shreveport,Washington,1131.8,Reefer,27346.0,2025-10-11,0.95582,1.8756,2539.48,2501.5703512727973,37.90964872720269,37.90964872720269,1001-1500
TR-044766,Oklahoma City,Baton Rouge,446.3,Dry Van,21285.0,2025-10-11,0.93471,1.81224,1029.56,1018.5489272655828,11.011072734417098,11.011072734417098,251-500
TR-044767,Shreveport,Buffalo,1172.6,Dry Van,34918.0,2025-10-11,0.91444,2.0751,2369.47,2409.4581052457424,39.988105245742645,-39.988105245742645,1001-1500
TR-044768,Memphis,Syracuse,995.6,Dry Van,36127.0,2025-10-11,0.921,2.12398,2008.85,2066.2195021711022,57.36950217110234,-57.36950217110234,751-1000
TR-044769,Richmond,Nashville,768.6,Flatbed,42522.0,2025-10-11,0.94612,1.87681,1774.03,1788.4435277947935,14.413527794793481,-14.413527794793481,751-1000
TR-044770,Albany,Tampa,1620.0,Reefer,43679.0,2025-10-11,0.95809,2.00064,3453.25,3626.9887315171663,173.73873151716634,-173.73873151716634,1500+
TR-044771,Lubbock,Shreveport,590.0,Dry Van,38100.0,2025-10-11,0.96007,1.70578,1450.86,1361.5689403224135,89.29105967758642,89.29105967758642,501-750
TR-044772,Los Angeles,Chattanooga,2089.2,Flatbed,34499.0,2025-10-11,0.91441,2.15415,4264.86,4277.243198283618,12.383198283618185,-12.383198283618185,1500+
TR-044773,Philadelphia,Milwaukee,997.0,Dry Van,26260.0,2025-10-11,0.86493,2.28918,1850.81,1978.164909091554,127.35490909155396,-127.35490909155396,751-1000
TR-044774,San Francisco,San Antonio,1623.4,Dry Van,18476.0,2025-10-11,0.94079,2.14863,3135.88,3135.894787494239,0.014787494239044463,-0.014787494239044463,1500+
TR-044775,Cincinnati,Columbia,313.8,Dry Van,30428.0,2025-10-11,0.91459,1.70473,765.24,751.4044076324901,13.83559236750989,13.83559236750989,251-500
TR-044776,Green Bay,Tucson,1877.7,Dry Van,35008.0,2025-10-11,0.93277,2.20118,3622.4,3709.243490409574,86.84349040957386,-86.84349040957386,1500+
TR-044777,Austin,Chattanooga,1008.7,Dry Van,26142.0,2025-10-11,0.94479,2.09579,2038.84,2054.1345253398927,15.294525339892743,-15.294525339892743,1001-1500
TR-044778,Boston,San Antonio,2035.8,Flatbed,26961.0,2025-10-11,0.92265,2.19219,3969.34,4121.172302525748,151.83230252574776,-151.83230252574776,1500+
TR-044779,Phoenix,Philadelphia,3031.5,Dry Van,33151.0,2025-10-11,0.94945,2.34016,5512.17,5427.589126358406,84.58087364159383,84.58087364159383,1500+
TR-044780,Hartford,St. Louis,1101.4,Dry Van,24168.0,2025-10-11,0.98159,2.16954,2181.21,2123.847139850191,57.36286014980897,57.36286014980897,1001-1500
TR-044781,Dallas,Toledo,1035.2,Dry Van,33678.0,2025-10-11,0.97969,2.0597,2154.25,2151.1438839476073,3.1061160523927356,3.1061160523927356,1001-1500
TR-044782,Bakersfield,San Antonio,1293.8,Dry Van,30353.0,2025-10-11,0.91753,2.04271,2695.97,2629.44021645635,66.52978354364996,66.52978354364996,1001-1500
TR-044783,Phoenix,Washington,2638.6,Dry Van,45230.0,2025-10-11,0.90649,2.26933,4912.78,4996.831152101533,84.05115210153326,-84.05115210153326,1500+
TR-044784,Washington,Atlanta,674.2,Flatbed,35333.0,2025-10-11,0.93621,1.86391,1551.1,1556.575070811348,5.475070811348132,-5.475070811348132,501-750
TR-044785,Reno,Cincinnati,1981.9,Dry Van,36645.0,2025-10-11,0.88498,2.26433,3763.44,3852.381260593755,88.94126059375503,-88.94126059375503,1500+
TR-044786,Los Angeles,Buffalo,2721.3,Dry Van,34466.0,2025-10-11,0.9022,2.36142,4836.65,5034.663044132285,198.01304413228536,-198.01304413228536,1500+
TR-044787,Albany,Montgomery,1415.2,Dry Van,41223.0,2025-10-11,0.9627,2.2267,2770.88,2822.7460892216804,51.86608922168034,-51.86608922168034,1001-1500
TR-044788,Nashville,Houston,609.9,Dry Van,29142.0,2025-10-11,0.93306,1.90726,1366.29,1347.6173531949808,18.672646805019212,18.672646805019212,501-750
TR-044789,San Francisco,Milwaukee,2181.5,Dry Van,20126.0,2025-10-11,0.95443,2.25603,4022.24,3844.6633761410976,177.57662385890217,177.57662385890217,1500+
TR-044790,Lexington,Albuquerque,1641.8,Dry Van,43469.0,2025-10-11,0.99021,2.19652,3331.13,3344.8010427969184,13.6710427969183,-13.6710427969183,1500+
TR-044791,Cincinnati,Detroit,539.8,Dry Van,35178.0,2025-10-11,0.87568,1.84318,1225.76,1196.3891120892135,29.37088791078645,29.37088791078645,501-750
TR-044792,Greensboro,Raleigh,374.2,Dry Van,47500.0,2025-10-11,0.93243,1.7383,913.55,863.1048567812422,50.44514321875772,50.44514321875772,251-500
TR-044793,San Antonio,Providence,2074.4,Dry Van,46189.0,2025-10-11,0.90668,2.06479,4235.01,4047.1167673010564,187.89323269894385,187.89323269894385,1500+
TR-044794,Nashville,Mobile,304.8,Reefer,8793.0,2025-10-11,0.86639,1.49501,815.47,822.346590518984,6.876590518984017,-6.876590518984017,251-500
TR-044795,Savannah,Lubbock,1237.2,Reefer,30393.0,2025-10-11,0.93823,1.83992,2868.54,2849.6164416182223,18.92355838177764,18.92355838177764,1001-1500
TR-044796,Atlanta,Savannah,308.5,Reefer,37557.0,2025-10-11,0.92504,1.39454,843.59,857.9367110253303,14.34671102533025,-14.34671102533025,251-500
TR-044797,Dallas,Fort Wayne,957.4,Reefer,35119.0,2025-10-11,0.91632,1.7272,2296.11,2255.0208532312063,41.08914676879385,41.08914676879385,751-1000
TR-044798,Bakersfield,Tulsa,1447.6,Dry Van,24463.0,2025-10-11,0.93174,2.20691,2811.96,2868.2893378022522,56.32933780225221,-56.32933780225221,1001-1500
TR-044799,Albany,Atlanta,1179.2,Dry Van,37164.0,2025-10-11,0.97095,2.09411,2415.75,2415.6839318860398,0.06606811396022749,0.06606811396022749,1001-1500
TR-044800,Lubbock,Fresno,1426.2,Dry Van,29515.0,2025-10-11,0.93423,2.1662,2823.06,2856.4143754953793,33.35437549537937,-33.35437549537937,1001-1500
TR-044801,Mobile,Nashville,310.9,Dry Van,26813.0,2025-10-11,0.9349,1.72997,745.09,757.1704386566778,12.080438656677757,-12.080438656677757,251-500
TR-044802,Milwaukee,Baltimore,1012.6,Dry Van,34892.0,2025-10-11,0.88915,2.12114,2086.52,2043.7586977777112,42.761302222288805,42.761302222288805,1001-1500
TR-044803,Tulsa,Dallas,136.3,Dry Van,28785.0,2025-10-11,0.91335,1.38933,374.65,381.8670327217896,7.2170327217896215,-7.2170327217896215,0-250
TR-044804,Richmond,Tampa,1012.8,Flatbed,28121.0,2025-10-11,0.96967,1.96245,2215.66,2217.3007396731955,1.6407396731956396,-1.6407396731956396,1001-1500
TR-044805,Providence,Atlanta,1131.2,Reefer,37755.0,2025-10-11,0.9405,1.82111,2603.08,2632.0458321041965,28.96583210419658,-28.96583210419658,1001-1500
TR-044806,Buffalo,St. Louis,750.1,Flatbed,29016.0,2025-10-11,1.0558,1.86643,1687.27,1661.143010838089,26.12698916191107,26.12698916191107,751-1000
TR-044807,Corpus Christi,El Paso,1076.8,Dry Van,32740.0,2025-10-11,0.98875,2.09166,2232.09,2311.1243869064147,79.03438690641451,-79.03438690641451,1001-1500
TR-044808,Harrisburg,Phoenix,2594.3,Reefer,33006.0,2025-10-11,0.96102,2.12407,5298.97,5351.183639464583,52.21363946458314,-52.21363946458314,1500+
TR-044809,Syracuse,Shreveport,1261.1,Reefer,32049.0,2025-10-11,0.91214,2.00324,2749.99,2824.3092665623426,74.31926656234282,-74.31926656234282,1001-1500
TR-044810,Bakersfield,San Francisco,402.3,Dry Van,40956.0,2025-10-11,0.95653,1.75143,954.62,961.225323979858,6.605323979857985,-6.605323979857985,251-500
TR-044811,Tulsa,Bakersfield,1454.8,Flatbed,7735.0,2025-10-11,0.92627,2.10158,2995.69,3066.1861098575055,70.49610985750542,-70.49610985750542,1001-1500
TR-044812,San Antonio,Lexington,1071.3,Dry Van,34801.0,2025-10-11,0.92785,2.02855,2266.03,2275.334996902129,9.304996902129005,-9.304996902129005,1001-1500
TR-044813,Chattanooga,Dallas,547.0,Dry Van,33382.0,2025-10-11,0.92901,1.86052,1260.72,1251.5512584847954,9.168741515204601,9.168741515204601,501-750
TR-044814,Green Bay,Chattanooga,760.0,Dry Van,25168.0,2025-10-11,0.88624,2.07615,1530.36,1568.2440007349244,37.884000734924484,-37.884000734924484,751-1000
TR-044815,Shreveport,Baltimore,1331.7,Flatbed,22556.0,2025-10-11,0.91965,2.04621,2836.3,2738.6459373649873,97.6540626350129,97.6540626350129,1001-1500
TR-044816,Lexington,Phoenix,2136.4,Reefer,27152.0,2025-10-11,0.90965,2.1678,4245.61,4314.82110162363,69.21110162363038,-69.21110162363038,1500+
TR-044817,Memphis,Charleston,683.3,Dry Van,35007.0,2025-10-11,0.94149,1.85701,1560.25,1479.797953450813,80.45204654918689,80.45204654918689,501-750
TR-044818,Nashville,Baton Rouge,502.5,Dry Van,22338.0,2025-10-11,0.90358,2.02869,1092.72,1101.221263648525,8.501263648525082,-8.501263648525082,501-750
TR-044819,Lexington,Philadelphia,791.3,Reefer,16611.0,2025-10-11,0.92192,1.91546,1765.53,1744.9550556838933,20.574944316106667,20.574944316106667,751-1000
TR-044820,Montgomery,Philadelphia,1080.2,Dry Van,42166.0,2025-10-11,0.91119,2.03722,2297.87,2268.3144582794166,29.555541720583278,29.555541720583278,1001-1500
TR-044821,Toledo,Buffalo,371.9,Dry Van,47500.0,2025-10-11,0.91048,1.82644,845.88,841.0816437632097,4.798356236790255,4.798356236790255,251-500
TR-044822,Toledo,Charleston,730.1,Dry Van,19195.0,2025-10-11,0.93329,2.17733,1429.24,1445.411431933439,16.171431933438953,-16.171431933438953,501-750
TR-044823,Dayton,San Antonio,1193.6,Dry Van,32254.0,2025-10-11,0.91808,2.16148,2375.68,2466.259228057563,90.57922805756334,-90.57922805756334,1001-1500
TR-044824,St. Louis,Harrisburg,730.2,Flatbed,35237.0,2025-10-11,0.98567,1.83023,1693.39,1646.6046730112876,46.78532698871254,46.78532698871254,501-750
TR-044825,Mobile,Baton Rouge,329.2,Dry Van,33077.0,2025-10-11,0.9601,1.56368,850.11,845.2578250817415,4.85217491825847,4.85217491825847,251-500
TR-044826,Harrisburg,Tulsa,1190.0,Flatbed,17996.0,2025-10-11,0.93287,2.06002,2482.78,2495.4394270298917,12.659427029891503,-12.659427029891503,1001-1500
TR-044827,Fresno,Chattanooga,2204.7,Dry Van,29337.0,2025-10-11,0.8836,2.27803,4042.27,4071.481733413239,29.211733413239017,-29.211733413239017,1500+
TR-044828,Kansas City,Montgomery,749.7,Dry Van,40611.0,2025-10-11,0.92927,1.97123,1656.01,1598.9024624021586,57.10753759784143,57.10753759784143,501-750
TR-044829,New York,Buffalo,323.6,Dry Van,35368.0,2025-10-11,0.94692,1.84259,743.88,765.5269394633208,21.64693946332079,-21.64693946332079,251-500
TR-044830,Fresno,Richmond,2734.6,Dry Van,30849.0,2025-10-11,0.90334,2.26756,4972.57,4971.786042430696,0.7839575693033112,0.7839575693033112,1500+
TR-044831,Philadelphia,Montgomery,1055.3,Reefer,43013.0,2025-10-11,0.93841,1.87975,2476.8,2480.260278985301,3.460278985300647,-3.460278985300647,1001-1500
TR-044832,Baltimore,Montgomery,1056.0,Flatbed,26627.0,2025-10-11,0.94055,2.07634,2236.15,2301.6678802278234,65.5178802278233,-65.5178802278233,1001-1500
TR-044833,Oklahoma City,San Antonio,200.6,Dry Van,37463.0,2025-10-11,0.8897,1.24697,574.74,572.8728602966626,1.8671397033374433,1.8671397033374433,0-250
TR-044834,Oklahoma City,Kansas City,802.3,Flatbed,33982.0,2025-10-11,0.92053,1.86006,1861.31,1883.1419745703017,21.83197457030178,-21.83197457030178,751-1000
TR-044835,Albuquerque,Reno,694.5,Reefer,30419.0,2025-10-11,0.88558,1.84314,1599.63,1662.7067787980093,63.07677879800917,-63.07677879800917,501-750
TR-044836,Fresno,Montgomery,2296.4,Dry Van,47500.0,2025-10-11,0.86496,2.2392,4403.49,4434.451824155153,30.96182415515341,-30.96182415515341,1500+
TR-044837,Oklahoma City,Fresno,1430.1,Dry Van,37258.0,2025-10-11,0.94551,2.16923,2854.96,2950.9065588441067,95.94655884410668,-95.94655884410668,1001-1500
TR-044838,Jacksonville,Tampa,355.4,Flatbed,44874.0,2025-10-11,0.8666,1.49764,931.92,952.6841287035132,20.76412870351328,-20.76412870351328,251-500
TR-044839,Baton Rouge,Fort Wayne,1008.9,Dry Van,21787.0,2025-10-11,0.97773,2.14051,2033.84,1989.3725526701464,44.467447329853485,44.467447329853485,1001-1500
TR-044840,Kansas City,Indianapolis,181.3,Dry Van,40327.0,2025-10-11,0.9751,1.36369,502.51,493.9479456539676,8.562054346032369,8.562054346032369,0-250
TR-044841,Houston,Madison,978.0,Dry Van,30892.0,2025-10-11,0.92457,2.1408,1954.46,2010.2463573325942,55.78635733259421,-55.78635733259421,751-1000
TR-044842,Tulsa,Atlanta,603.2,Dry Van,27859.0,2025-10-11,0.93385,2.014,1326.6,1313.5052117196003,13.094788280399598,13.094788280399598,501-750
TR-044843,Mobile,Columbia,428.0,Dry Van,30798.0,2025-10-11,0.91957,1.7549,1007.0,982.0544215070796,24.94557849292039,24.94557849292039,251-500
TR-044844,Oklahoma City,Austin,239.2,Flatbed,39120.0,2025-10-11,0.87822,1.28331,692.79,704.548054306684,11.758054306684016,-11.758054306684016,0-250
TR-044845,Albuquerque,Fresno,718.0,Flatbed,23711.0,2025-10-11,0.94676,1.86956,1611.87,1631.7642574378606,19.894257437860688,-19.894257437860688,501-750
TR-044846,Indianapolis,Tulsa,549.8,Dry Van,20261.0,2025-10-11,0.94983,1.93567,1215.94,1189.9406429116561,25.999357088343913,25.999357088343913,501-750
TR-044847,Baltimore,Albuquerque,2374.8,Reefer,43949.0,2025-10-11,0.95911,2.00106,5148.98,5233.697993487789,84.7179934877895,-84.7179934877895,1500+
TR-044848,Shreveport,Grand Rapids,1000.7,Dry Van,30998.0,2025-10-11,0.93381,2.09194,2077.18,2043.9050258775715,33.274974122428375,33.274974122428375,1001-1500
TR-044849,Oklahoma City,Albuquerque,816.1,Dry Van,33850.0,2025-10-11,0.96064,1.99922,1808.89,1771.548646880108,37.34135311989212,37.34135311989212,751-1000
TR-044850,Mobile,Los Angeles,1994.0,Dry Van,39085.0,2025-10-11,0.95388,2.11406,4011.46,3969.439578365886,42.02042163411397,42.02042163411397,1500+
TR-044851,Milwaukee,Toledo,315.9,Dry Van,37334.0,2025-10-11,0.89439,1.72876,749.86,745.2002272578009,4.659772742199152,4.659772742199152,251-500
TR-044852,Greensboro,Richmond,431.3,Flatbed,28254.0,2025-10-11,0.95708,1.73106,1039.91,1036.4460515096061,3.463948490393932,3.463948490393932,251-500
TR-044853,Boston,Syracuse,559.0,Dry Van,20883.0,2025-10-11,0.91193,2.12229,1146.55,1131.8226701756687,14.727329824331264,14.727329824331264,501-750
TR-044854,St. Louis,Kansas City,135.0,Dry Van,26908.0,2025-10-11,0.91625,1.49744,355.43,365.3918388215157,9.961838821515698,-9.961838821515698,0-250
TR-044855,New Orleans,Las Vegas,1563.3,Dry Van,30175.0,2025-10-11,0.94171,2.16607,3116.69,3118.6965664065683,2.006566406568254,-2.006566406568254,1500+
TR-044856,Memphis,Baton Rouge,457.5,Dry Van,41212.0,2025-10-11,0.9104,1.74378,1097.0,1086.2861426154936,10.713857384506355,10.713857384506355,251-500
TR-044857,Shreveport,Boston,1598.5,Reefer,42006.0,2025-10-11,0.94195,1.84855,3693.98,3543.246108457272,150.7338915427281,150.7338915427281,1500+
TR-044858,Grand Rapids,San Antonio,1353.2,Reefer,33296.0,2025-10-11,0.9299,1.92605,3019.09,3082.539764905933,63.44976490593308,-63.44976490593308,1001-1500
TR-044859,Toledo,Nashville,603.9,Flatbed,28739.0,2025-10-11,0.92432,1.87251,1376.4,1390.0122862922653,13.612286292265253,-13.612286292265253,501-750
TR-044860,Milwaukee,Nashville,369.8,Flatbed,33090.0,2025-10-11,0.91096,1.55445,938.27,917.3355655307674,20.934434469232542,20.934434469232542,251-500
TR-044861,Houston,Buffalo,1407.7,Dry Van,35078.0,2025-10-11,0.93298,2.12841,2823.1,2801.839065586197,21.260934413802715,21.260934413802715,1001-1500
TR-044862,Fort Wayne,Phoenix,2209.0,Dry Van,18194.0,2025-10-11,0.95907,2.36773,3892.95,3967.623822555586,74.67382255558596,-74.67382255558596,1500+
TR-044863,Fort Wayne,Oklahoma City,1176.7,Reefer,19341.0,2025-10-11,0.93477,1.99651,2514.31,2611.822628826007,97.51262882600713,-97.51262882600713,1001-1500
TR-044864,Fort Wayne,Shreveport,856.5,Dry Van,17777.0,2025-10-11,0.93814,2.14293,1722.2,1765.2296074143076,43.02960741430752,-43.02960741430752,751-1000
TR-044865,Nashville,Salt Lake City,1646.5,Flatbed,22911.0,2025-10-11,0.88925,2.09757,3391.39,3379.9229004854587,11.467099514541133,11.467099514541133,1500+
TR-044866,Corpus Christi,New Orleans,429.0,Reefer,34283.0,2025-10-11,0.90194,1.34734,1201.66,1168.9659918861687,32.69400811383139,32.69400811383139,251-500
TR-044867,Bakersfield,New York,2798.8,Dry Van,26832.0,2025-10-11,1.0558,2.39338,4879.73,5074.682559731317,194.9525597313177,-194.9525597313177,1500+
TR-044868,Greensboro,Kansas City,619.8,Dry Van,39755.0,2025-10-11,0.87995,1.93159,1401.87,1371.6625970583632,30.2074029416367,30.2074029416367,501-750
TR-044869,Syracuse,Milwaukee,750.3,Dry Van,31487.0,2025-10-11,0.92753,2.08719,1541.11,1548.5955051300782,7.485505130078309,-7.485505130078309,751-1000
TR-044870,Baltimore,Tampa,1230.6,Dry Van,13906.0,2025-10-11,0.89528,2.25692,2345.48,2394.1875501474938,48.70755014749375,-48.70755014749375,1001-1500
TR-044871,Tucson,Baton Rouge,1453.1,Reefer,17163.0,2025-10-11,0.95756,1.99911,3189.26,3158.8900553343356,30.36994466566466,30.36994466566466,1001-1500
TR-044872,Grand Rapids,Richmond,751.3,Dry Van,28958.0,2025-10-11,0.94412,2.09213,1523.39,1515.625771633087,7.76422836691313,7.76422836691313,751-1000
TR-044873,Philadelphia,Indianapolis,983.5,Reefer,30697.0,2025-10-11,0.92281,1.93325,2187.08,2198.0503785538594,10.970378553859518,-10.970378553859518,751-1000
TR-044874,Salt Lake City,New Orleans,1409.1,Flatbed,29262.0,2025-10-11,0.89666,2.0669,2896.66,3036.498842249602,139.8388422496023,-139.8388422496023,1001-1500
TR-044875,Tulsa,Jacksonville,706.9,Flatbed,20230.0,2025-10-11,0.96274,1.90556,1585.01,1568.979351661174,16.03064833882604,16.03064833882604,501-750
TR-044876,Louisville,Montgomery,506.5,Dry Van,40567.0,2025-10-12,0.88416,1.87275,1180.75,1144.9577069234458,35.79229307655419,35.79229307655419,501-750
TR-044877,Milwaukee,Raleigh,803.1,Dry Van,31989.0,2025-10-12,0.83479,2.10926,1651.48,1651.1625408509885,0.31745914901148353,0.31745914901148353,751-1000
TR-044878,Jacksonville,Amarillo,1366.6,Dry Van,44305.0,2025-10-12,0.87804,2.03369,2915.51,2869.2919985564677,46.21800144353256,46.21800144353256,1001-1500
TR-044879,Bakersfield,Toledo,2146.4,Dry Van,40925.0,2025-10-12,0.86364,2.24739,4106.96,4002.2722542428996,104.6877457571004,104.6877457571004,1500+
TR-044880,Indianapolis,Atlanta,369.3,Reefer,25715.0,2025-10-12,0.84427,1.51904,972.47,913.4570344379893,59.01296556201078,59.01296556201078,251-500
TR-044881,Chattanooga,Baltimore,951.7,Dry Van,24860.0,2025-10-12,0.83484,2.19399,1839.31,1886.9593883490897,47.649388349089804,-47.649388349089804,751-1000
TR-044882,Milwaukee,Reno,1833.2,Reefer,35390.0,2025-10-12,0.83904,1.95993,3962.35,3980.2397177769767,17.889717776976795,-17.889717776976795,1500+
TR-044883,Los Angeles,Lubbock,1195.8,Flatbed,38709.0,2025-10-12,0.87524,1.9107,2680.49,2729.9875670688057,49.49756706880589,-49.49756706880589,1001-1500
TR-044884,Montgomery,Richmond,819.2,Dry Van,39379.0,2025-10-12,0.88116,2.14413,1681.22,1744.5596338830412,63.33963388304119,-63.33963388304119,751-1000
TR-044885,Indianapolis,Jacksonville,610.2,Dry Van,29350.0,2025-10-12,0.88566,2.03846,1312.85,1308.9706652801954,3.8793347198045467,3.8793347198045467,501-750
TR-044886,Montgomery,Nashville,352.7,Reefer,34457.0,2025-10-12,0.87204,1.43663,958.68,968.8867736522017,10.206773652201719,-10.206773652201719,251-500
TR-044887,Toledo,Bakersfield,2144.2,Dry Van,28945.0,2025-10-12,0.88927,2.34247,3864.18,3869.9575944401017,5.777594440101893,-5.777594440101893,1500+
TR-044888,Hartford,Corpus Christi,1854.4,Reefer,22549.0,2025-10-12,0.8785,2.07094,3843.11,3843.7934219425442,0.6834219425441006,-0.6834219425441006,1500+
TR-044889,New York,Bakersfield,2755.5,Dry Van,17075.0,2025-10-12,0.898,2.38614,4837.8,4974.55254143547,136.75254143546954,-136.75254143546954,1500+
TR-044890,Grand Rapids,San Antonio,1415.1,Dry Van,35126.0,2025-10-12,0.85001,2.17256,2799.64,2889.5673752680864,89.92737526808651,-89.92737526808651,1001-1500
TR-044891,Shreveport,Cincinnati,546.7,Dry Van,40678.0,2025-10-12,0.85485,1.90393,432.52,1260.4940817522884,827.9740817522884,-827.9740817522884,501-750
TR-044892,Lubbock,Birmingham,961.7,Reefer,32955.0,2025-10-12,0.93475,1.72892,2329.16,2284.0918008856083,45.06819911439152,45.06819911439152,751-1000
TR-044893,Shreveport,Las Vegas,1578.1,Dry Van,45113.0,2025-10-12,0.86676,2.077,3231.04,3215.4758599467436,15.564140053256324,15.564140053256324,1500+
TR-044894,Cincinnati,Tulsa,621.0,Flatbed,32061.0,2025-10-12,0.89311,1.72609,1505.96,1501.0849435217585,4.875056478241504,4.875056478241504,501-750
TR-044895,Savannah,Richmond,505.3,Reefer,16687.0,2025-10-12,0.86985,1.81951,1172.21,1188.4324058993266,16.22240589932653,-16.22240589932653,501-750
TR-044896,Los Angeles,Kansas City,1907.0,Flatbed,25731.0,2025-10-12,0.85928,2.14863,3753.51,3907.805325637297,154.29532563729663,-154.29532563729663,1500+
TR-044897,Shreveport,Milwaukee,638.6,Dry Van,46738.0,2025-10-12,0.87336,1.88947,1449.56,1411.2235221958088,38.33647780419119,38.33647780419119,501-750
TR-044898,Detroit,St. Louis,571.6,Reefer,21454.0,2025-10-12,0.85016,1.87174,1316.22,1338.4500603098306,22.230060309830606,-22.230060309830606,501-750
TR-044899,New York,Greensboro,684.5,Reefer,27893.0,2025-10-12,0.89434,1.89843,1556.89,1573.2518521626464,16.3618521626463,-16.3618521626463,501-750
TR-044900,Bakersfield,San Antonio,1329.5,Reefer,43000.0,2025-10-12,0.82375,1.79307,3117.01,3051.5221631506365,65.4878368493637,65.4878368493637,1001-1500
TR-044901,Birmingham,Buffalo,852.8,Dry Van,32097.0,2025-10-12,0.81552,2.17013,1732.05,1755.4062059566731,23.356205956673193,-23.356205956673193,751-1000
TR-044902,Columbia,San Antonio,1130.2,Dry Van,39653.0,2025-10-12,0.87118,2.03654,2452.86,2431.3701361425583,21.489863857441833,21.489863857441833,1001-1500
TR-044903,Albany,Harrisburg,544.6,Flatbed,27082.0,2025-10-12,0.8952,2.00283,1167.24,1226.8865490157987,59.646549015798655,-59.646549015798655,501-750
TR-044904,Montgomery,Chattanooga,339.2,Dry Van,29137.0,2025-10-12,0.84887,1.83104,796.65,804.5984090090367,7.948409009036709,-7.948409009036709,251-500
TR-044905,Hartford,Corpus Christi,1806.9,Dry Van,44631.0,2025-10-12,0.83027,2.12781,3608.45,3602.9570354145644,5.492964585435402,5.492964585435402,1500+
TR-044906,Cincinnati,Syracuse,769.1,Flatbed,23180.0,2025-10-12,0.83794,2.0512,1577.46,1663.5508676657253,86.09086766572523,-86.09086766572523,751-1000
TR-044907,Providence,Lexington,989.7,Reefer,24628.0,2025-10-12,0.87243,2.03241,2122.59,2226.2389943719995,103.64899437199938,-103.64899437199938,751-1000
TR-044908,Tampa,Memphis,631.5,Reefer,47500.0,2025-10-12,0.89642,1.56703,1620.62,1598.8373134740127,21.782686525987174,21.782686525987174,501-750
TR-044909,Dayton,Harrisburg,467.4,Dry Van,24324.0,2025-10-12,0.8147,2.07221,974.16,998.6444664877698,24.48446648776985,-24.48446648776985,251-500
TR-044910,Grand Rapids,Los Angeles,2327.0,Reefer,34530.0,2025-10-12,0.90004,2.08107,4812.85,4939.370574644439,126.52057464443897,-126.52057464443897,1500+
TR-044911,Fresno,Columbia,2398.8,Dry Van,31785.0,2025-10-12,0.83902,2.35908,4265.2,4520.19201283117,254.99201283117054,-254.99201283117054,1500+
TR-044912,Greensboro,Chattanooga,315.5,Dry Van,25745.0,2025-10-12,0.86,1.76724,746.79,731.1921005523262,15.59789944767374,15.59789944767374,251-500
TR-044913,Providence,Grand Rapids,1132.3,Reefer,41346.0,2025-10-12,0.90843,1.86857,2585.31,2566.988874454943,18.32112554505693,18.32112554505693,1001-1500
TR-044914,Oklahoma City,Birmingham,803.8,Reefer,27085.0,2025-10-12,0.90216,1.65334,1979.4,1905.6698768071067,73.73012319289342,73.73012319289342,751-1000
TR-044915,Columbia,Cincinnati,329.1,Dry Van,35326.0,2025-10-12,0.83928,1.73827,792.03,810.7784470214921,18.748447021492098,-18.748447021492098,251-500
TR-044916,Salt Lake City,Green Bay,1721.1,Reefer,27576.0,2025-10-12,0.85003,2.07281,3526.26,3687.730514627262,161.47051462726176,-161.47051462726176,1500+
TR-044917,Shreveport,Montgomery,439.2,Flatbed,26421.0,2025-10-12,0.86824,1.6331,1101.8,1089.4420975371581,12.357902462841821,12.357902462841821,251-500
TR-044918,Green Bay,Bakersfield,1977.2,Reefer,38426.0,2025-10-12,0.88898,2.08202,4145.89,4378.062817059571,232.17281705957066,-232.17281705957066,1500+
TR-044919,Shreveport,Raleigh,1032.9,Flatbed,27761.0,2025-10-12,0.88986,1.94187,2252.88,2252.614200453957,0.2657995460431266,0.2657995460431266,1001-1500
TR-044920,Kansas City,New Orleans,583.3,Dry Van,27845.0,2025-10-12,0.8791,1.94452,1295.02,1267.07749602907,27.94250397092992,27.94250397092992,501-750
TR-044921,Jacksonville,Birmingham,214.0,Reefer,35628.0,2025-10-12,0.9151,1.1998,629.25,637.6590322348402,8.409032234840197,-8.409032234840197,0-250
TR-044922,Kansas City,Cincinnati,346.6,Dry Van,16102.0,2025-10-12,0.81227,1.89849,766.12,770.4253406166314,4.3053406166313835,-4.3053406166313835,251-500
TR-044923,Indianapolis,Bakersfield,1884.8,Dry Van,38630.0,2025-10-12,0.91373,2.16156,3712.11,3770.319543841538,58.20954384153765,-58.20954384153765,1500+
TR-044924,Toledo,Tucson,2012.6,Reefer,39163.0,2025-10-12,0.88731,1.95012,4374.85,4381.438276473296,6.588276473295991,-6.588276473295991,1500+
TR-044925,Nashville,Phoenix,2007.3,Dry Van,35892.0,2025-10-12,0.889,2.26728,3853.08,3916.1017578200685,63.021757820068615,-63.021757820068615,1500+
TR-044926,Tulsa,Detroit,1111.3,Reefer,37506.0,2025-10-12,0.91182,1.82466,2593.74,2560.3316058112064,33.40839418879341,33.40839418879341,1001-1500
TR-044927,Green Bay,Atlanta,774.5,Reefer,25841.0,2025-10-12,0.86274,1.97107,1755.06,1746.7201865939128,8.33981340608716,8.33981340608716,751-1000
TR-044928,Savannah,Philadelphia,786.3,Dry Van,26611.0,2025-10-12,0.87625,2.09351,1604.81,1579.6774731012983,25.1325268987016,25.1325268987016,751-1000
TR-044929,Little Rock,Green Bay,873.7,Reefer,33048.0,2025-10-12,0.86628,1.85333,2067.28,2056.4445088173575,10.835491182642727,10.835491182642727,751-1000
TR-044930,Baltimore,Little Rock,1296.3,Dry Van,18740.0,2025-10-12,0.86471,2.24612,2429.12,2516.002086990769,86.88208699076904,-86.88208699076904,1001-1500
TR-044931,Hartford,Baton Rouge,1491.6,Dry Van,33588.0,2025-10-12,0.89901,2.16874,2897.41,2927.283764885359,29.873764885358923,-29.873764885358923,1001-1500
TR-044932,San Antonio,Indianapolis,963.2,Dry Van,35854.0,2025-10-12,0.86136,2.08597,2020.05,2033.5167845071035,13.466784507103512,-13.466784507103512,751-1000
TR-044933,Raleigh,Atlanta,580.2,Dry Van,17657.0,2025-10-12,0.84184,2.07854,1222.18,1227.0233868726978,4.8433868726976925,-4.8433868726976925,501-750
TR-044934,Lubbock,Memphis,850.2,Flatbed,41155.0,2025-10-12,0.82476,1.76692,2026.79,1991.9424535377598,34.84754646224019,34.84754646224019,751-1000
TR-044935,Grand Rapids,Albany,874.3,Flatbed,30292.0,2025-10-12,0.8832,2.07241,1802.29,1937.4898587255902,135.19985872559027,-135.19985872559027,751-1000
TR-044936,Austin,Lubbock,70.0,Dry Van,34980.0,2025-10-12,0.89892,0.94054,223.8,248.8327898749817,25.032789874981688,-25.032789874981688,0-250
TR-044937,Green Bay,Boston,1168.4,Reefer,22187.0,2025-10-12,0.84234,2.01095,2480.64,2553.301555416028,72.66155541602802,-72.66155541602802,1001-1500
TR-044938,Cincinnati,Kansas City,325.1,Dry Van,31039.0,2025-10-12,0.85196,1.77794,775.68,776.6222846925762,0.9422846925762087,-0.9422846925762087,251-500
TR-044939,San Antonio,Dayton,1196.6,Reefer,36460.0,2025-10-12,0.89251,1.82711,2807.38,2761.511116562016,45.868883437984096,45.868883437984096,1001-1500
TR-044940,Madison,Houston,935.2,Dry Van,21841.0,2025-10-12,0.87549,2.14413,1904.64,1867.7174220734912,36.92257792650889,36.92257792650889,751-1000
TR-044941,Tulsa,Richmond,1245.4,Dry Van,24156.0,2025-10-12,0.88122,2.28301,2344.65,2426.9253842312332,82.27538423123315,-82.27538423123315,1001-1500
TR-044942,Kansas City,Albany,1240.3,Dry Van,17468.0,2025-10-12,0.87534,2.28089,2284.16,2338.8881580877787,54.728158087778866,-54.728158087778866,1001-1500
TR-044943,Harrisburg,San Antonio,1546.2,Dry Van,22665.0,2025-10-12,0.87293,2.30304,2859.94,2992.952446911415,133.01244691141483,-133.01244691141483,1500+
TR-044944,San Francisco,Tampa,2366.7,Dry Van,36999.0,2025-10-12,0.86412,2.25397,4523.92,4573.032546890608,49.11254689060752,-49.11254689060752,1500+
TR-044945,Chattanooga,Las Vegas,1880.4,Dry Van,31459.0,2025-10-12,0.83427,2.29108,3498.59,3700.3566506963634,201.76665069636329,-201.76665069636329,1500+
TR-044946,Greensboro,San Francisco,2516.0,Flatbed,21997.0,2025-10-12,0.83866,2.28539,4783.76,4867.481996134187,83.72199613418707,-83.72199613418707,1500+
TR-044947,Buffalo,San Antonio,1555.5,Reefer,32844.0,2025-10-12,0.89224,2.05364,3322.62,3501.452137211948,178.83213721194807,-178.83213721194807,1500+
TR-044948,Milwaukee,Baltimore,1011.9,Reefer,25367.0,2025-10-12,0.87807,1.97228,2199.27,2194.7409531787157,4.5290468212842825,4.5290468212842825,1001-1500
TR-044949,Baton Rouge,Charleston,938.8,Reefer,30950.0,2025-10-12,0.86554,1.79944,2202.28,2176.20054280517,26.07945719483041,26.07945719483041,751-1000
TR-044950,Fort Wayne,Reno,2057.2,Dry Van,34074.0,2025-10-12,0.86988,2.30597,3819.25,3862.9121994097513,43.66219940975134,-43.66219940975134,1500+
TR-044951,Charleston,Bakersfield,2411.9,Dry Van,26416.0,2025-10-12,0.86315,2.30504,4442.15,4443.031794990189,0.881794990189519,-0.881794990189519,1500+
TR-044952,Tucson,Amarillo,644.1,Reefer,28750.0,2025-10-12,0.85695,1.65093,1592.63,1548.3003425672227,44.32965743277737,44.32965743277737,501-750
TR-044953,Salt Lake City,Phoenix,557.5,Reefer,28780.0,2025-10-12,0.88509,1.71893,1353.73,1362.8549068105756,9.124906810575567,-9.124906810575567,501-750
TR-044954,Kansas City,El Paso,1344.7,Flatbed,42434.0,2025-10-12,0.86742,1.86863,3049.31,3010.402827520797,38.90717247920293,38.90717247920293,1001-1500
TR-044955,Indianapolis,San Antonio,970.6,Dry Van,30544.0,2025-10-12,0.89245,2.04198,2060.7,2029.4224374048893,31.277562595110567,31.277562595110567,751-1000
TR-044956,Mobile,Greensboro,501.8,Dry Van,16102.0,2025-10-12,0.86314,2.03309,1090.6,1084.1557386008094,6.444261399190509,6.444261399190509,501-750
TR-044957,Richmond,Nashville,779.1,Dry Van,36319.0,2025-10-12,0.87602,1.99893,1665.24,1642.4434406521927,22.79655934780726,22.79655934780726,751-1000
TR-044958,Bakersfield,Syracuse,2634.3,Dry Van,33289.0,2025-10-12,0.88333,2.40375,4609.39,4899.294494990889,289.90449499088845,-289.90449499088845,1500+
TR-044959,Richmond,Atlanta,700.4,Dry Van,38622.0,2025-10-12,0.85626,1.97572,1524.44,1488.3396313941018,36.10036860589821,36.10036860589821,501-750
TR-044960,Little Rock,Austin,647.5,Flatbed,40196.0,2025-10-12,0.84107,1.67538,1626.35,1565.8541193264773,60.495880673522606,60.495880673522606,501-750
TR-044961,San Antonio,Montgomery,861.6,Flatbed,27777.0,2025-10-12,0.87977,1.84654,1981.41,1977.340300908933,4.06969909106715,4.06969909106715,751-1000
TR-044962,New York,Baltimore,179.4,Flatbed,34574.0,2025-10-12,0.90228,1.35402,502.61,497.10515830552157,5.5048416944784435,5.5048416944784435,0-250
TR-044963,Amarillo,Austin,445.0,Dry Van,21597.0,2025-10-12,0.83921,1.77903,1050.72,1007.7045617277121,43.01543827228795,43.01543827228795,251-500
TR-044964,Hartford,Albuquerque,2347.0,Dry Van,21837.0,2025-10-12,0.87061,2.41547,4121.83,4363.229620756024,241.39962075602398,-241.39962075602398,1500+
TR-044965,New Orleans,Fort Wayne,859.5,Dry Van,33579.0,2025-10-12,0.86272,1.96607,1868.9,1823.2355122927245,45.66448770727561,45.66448770727561,751-1000
TR-044966,Tucson,Kansas City,1576.7,Dry Van,31604.0,2025-10-12,0.90244,2.19724,3120.57,3081.346304166886,39.22369583311411,39.22369583311411,1500+
TR-044967,Detroit,Dayton,326.2,Reefer,30540.0,2025-10-12,0.8611,1.64757,818.7,845.1465305108461,26.44653051084606,-26.44653051084606,251-500
TR-044968,Greensboro,Baltimore,668.0,Flatbed,32402.0,2025-10-12,0.81549,1.90063,1487.88,1525.012277243549,37.13227724354897,-37.13227724354897,501-750
TR-044969,Chattanooga,Mobile,311.9,Flatbed,47354.0,2025-10-12,0.80854,1.46307,849.59,848.2206767574856,1.3693232425143833,1.3693232425143833,251-500
TR-044970,Syracuse,Corpus Christi,1608.0,Reefer,30924.0,2025-10-12,0.85984,2.02326,3464.77,3575.8132092673054,111.04320926730543,-111.04320926730543,1500+
TR-044971,New York,New Orleans,1357.4,Dry Van,15156.0,2025-10-12,0.84497,2.37354,2384.04,2575.063872374001,191.02387237400126,-191.02387237400126,1001-1500
TR-044972,Fresno,Buffalo,2666.9,Dry Van,25860.0,2025-10-12,0.92425,2.47083,4665.83,4682.0720501849255,16.242050184925574,-16.242050184925574,1500+
TR-044973,Detroit,Bakersfield,2269.7,Dry Van,45396.0,2025-10-12,0.87122,2.27284,4210.88,4416.442654363523,205.5626543635226,-205.5626543635226,1500+
TR-044974,El Paso,Albuquerque,208.3,Flatbed,33388.0,2025-10-12,0.84981,1.2884,593.57,608.3448887320596,14.774888732059594,-14.774888732059594,0-250
TR-044975,Albany,Amarillo,2291.8,Dry Van,38341.0,2025-10-12,0.85412,2.36272,4123.49,4511.606364807658,388.1163648076581,-388.1163648076581,1500+
TR-044976,Birmingham,Cincinnati,322.1,Dry Van,37570.0,2025-10-12,0.83414,1.73873,786.08,812.4311820714862,26.351182071486164,-26.351182071486164,251-500
TR-044977,Richmond,Columbia,525.9,Dry Van,29238.0,2025-10-12,0.84097,2.09884,1089.89,1141.511211179266,51.621211179265856,-51.621211179265856,501-750
TR-044978,Atlanta,Bakersfield,2052.3,Dry Van,39661.0,2025-10-12,0.90423,2.20129,3945.78,3982.022585511342,36.242585511341986,-36.242585511341986,1500+
TR-044979,El Paso,Birmingham,1598.2,Reefer,26384.0,2025-10-12,0.84396,1.94727,3500.91,3351.6378963684306,149.27210363156928,149.27210363156928,1500+
TR-044980,Birmingham,Baltimore,1019.8,Dry Van,36583.0,2025-10-12,0.881,2.05464,2147.73,2125.103142703753,22.62685729624718,22.62685729624718,1001-1500
TR-044981,Detroit,Harrisburg,489.0,Dry Van,23727.0,2025-10-12,0.84009,2.11594,983.62,1014.9679419238742,31.347941923874146,-31.347941923874146,251-500
TR-044982,Savannah,Boston,948.6,Reefer,32810.0,2025-10-12,0.84513,1.96984,2081.43,2194.1464277497385,112.71642774973861,-112.71642774973861,751-1000
TR-044983,Richmond,Fort Wayne,612.5,Reefer,38633.0,2025-10-12,0.85793,1.74513,313.05,1496.418418651502,1183.368418651502,-1183.368418651502,501-750
TR-044984,Lexington,Washington,560.4,Reefer,47500.0,2025-10-12,0.88576,1.67943,1381.56,1355.4586603144667,26.101339685533276,26.101339685533276,501-750
TR-044985,Lexington,Cincinnati,128.4,Dry Van,33431.0,2025-10-12,0.88185,1.47875,352.69,346.48085767653276,6.209142323467233,6.209142323467233,0-250
TR-044986,Kansas City,Richmond,921.1,Dry Van,28919.0,2025-10-12,0.85699,2.1883,1775.61,1784.1655815077327,8.555581507732768,-8.555581507732768,751-1000
TR-044987,Amarillo,Grand Rapids,1385.1,Dry Van,37725.0,2025-10-12,0.89417,2.13598,2815.42,2752.917768722581,62.502231277419014,62.502231277419014,1001-1500
TR-044988,Austin,Madison,1184.3,Dry Van,26906.0,2025-10-12,0.88841,2.07469,2413.61,2357.370805422574,56.23919457742613,56.23919457742613,1001-1500
TR-044989,Montgomery,Richmond,809.7,Dry Van,29645.0,2025-10-12,0.85973,2.13001,1658.07,1658.7200910104475,0.6500910104475679,-0.6500910104475679,751-1000
TR-044990,Savannah,Grand Rapids,850.6,Flatbed,30927.0,2025-10-12,0.86238,2.03491,1805.16,1846.926444734373,41.76644473437295,-41.76644473437295,751-1000
TR-044991,Milwaukee,San Antonio,1044.0,Reefer,46222.0,2025-10-12,0.87889,1.65822,2588.9,2536.3546919710902,52.54530802890986,52.54530802890986,1001-1500
TR-044992,Baton Rouge,Buffalo,1272.4,Dry Van,23123.0,2025-10-12,0.88942,2.34184,2366.64,2448.5953435616075,81.9553435616076,-81.9553435616076,1001-1500
TR-044993,Toledo,New York,686.5,Dry Van,44620.0,2025-10-12,0.87131,2.07367,1431.36,1470.9621844910207,39.60218449102081,-39.60218449102081,501-750
TR-044994,Buffalo,New York,350.6,Reefer,26381.0,2025-10-12,0.87241,1.69931,864.2,884.5263954276886,20.326395427688567,-20.326395427688567,251-500
TR-044995,Tampa,Atlanta,523.5,Dry Van,27955.0,2025-10-12,0.86391,1.98473,1150.82,1150.300447534013,0.5195524659868624,0.5195524659868624,501-750
TR-044996,Charleston,Los Angeles,2571.0,Flatbed,25884.0,2025-10-12,0.84946,2.20005,4984.52,5026.6374531208585,42.117453120858045,-42.117453120858045,1500+
TR-044997,Albuquerque,Chattanooga,1497.1,Reefer,27197.0,2025-10-12,0.88404,1.92071,3322.65,3199.321996977811,123.32800302218902,123.32800302218902,1001-1500
TR-044998,Cincinnati,Mobile,456.0,Dry Van,45409.0,2025-10-12,0.80939,1.77698,1079.12,1067.929891243961,11.190108756038853,11.190108756038853,251-500
TR-044999,Baton Rouge,Fresno,1812.2,Reefer,31237.0,2025-10-12,0.88255,2.01437,3867.4,3999.6825768520603,132.28257685206017,-132.28257685206017,1500+
TR-045000,Birmingham,Lexington,334.0,Reefer,37962.0,2025-10-12,0.89097,1.32013,945.35,906.516988506369,38.833011493631034,38.833011493631034,251-500
TR-045001,Las Vegas,Boston,2879.7,Flatbed,34110.0,2025-10-12,0.88763,2.16518,5730.73,5704.686166699666,26.043833300333972,26.043833300333972,1500+
TR-045002,Kansas City,Amarillo,1041.5,Reefer,19017.0,2025-10-12,0.87879,1.97389,2294.83,2322.2990298282834,27.46902982828351,-27.46902982828351,1001-1500
TR-045003,Richmond,Cincinnati,648.8,Dry Van,29905.0,2025-10-12,0.85257,2.105,1383.94,1346.2879646948381,37.65203530516192,37.65203530516192,501-750
TR-045004,Richmond,San Antonio,1620.9,Dry Van,29833.0,2025-10-12,0.88397,2.27442,3086.31,3247.040587946286,160.73058794628605,-160.73058794628605,1500+
TR-045005,Cincinnati,Albany,1103.4,Reefer,31009.0,2025-10-12,0.86634,1.95373,2404.85,2447.458749969513,42.608749969513156,-42.608749969513156,1001-1500
TR-045006,Oklahoma City,Amarillo,423.7,Dry Van,15744.0,2025-10-12,0.87892,1.82692,986.83,960.9737714479693,25.856228552030757,25.856228552030757,251-500
TR-045007,San Francisco,Memphis,2015.4,Reefer,36671.0,2025-10-12,0.88352,1.99214,4289.52,4343.790100638856,54.27010063885518,-54.27010063885518,1500+
TR-045008,Atlanta,Savannah,295.8,Reefer,43692.0,2025-10-12,0.8531,1.31245,841.8,822.3776169478502,19.422383052149712,19.422383052149712,251-500
TR-045009,Mobile,Fort Wayne,766.3,Dry Van,34632.0,2025-10-12,0.85346,2.01489,1618.21,1644.953419973914,26.743419973913888,-26.743419973913888,751-1000
TR-045010,Columbia,Cincinnati,315.4,Dry Van,27471.0,2025-10-12,0.89532,1.77305,754.57,739.9132278882392,14.656772111760802,14.656772111760802,251-500
TR-045011,Louisville,Phoenix,2007.3,Dry Van,28091.0,2025-10-12,0.87211,2.34684,3683.59,3774.225463283627,90.6354632836269,-90.6354632836269,1500+
TR-045012,Cincinnati,Mobile,471.7,Dry Van,26733.0,2025-10-12,0.85532,1.91777,1055.09,1068.5327727500314,13.442772750031509,-13.442772750031509,251-500
TR-045013,Albuquerque,Green Bay,1547.1,Dry Van,11351.0,2025-10-12,0.89059,2.34903,2762.18,2915.729143800003,153.5491438000031,-153.5491438000031,1500+
TR-045014,San Antonio,Nashville,863.8,Reefer,35906.0,2025-10-12,0.82986,1.65168,2187.12,2136.7752137756115,50.34478622438837,50.34478622438837,751-1000
TR-045015,Oklahoma City,Toledo,1230.9,Dry Van,24736.0,2025-10-12,0.84142,2.22885,2335.28,2404.23422982114,68.95422982113996,-68.95422982113996,1001-1500
TR-045016,Raleigh,Houston,1244.3,Dry Van,45141.0,2025-10-12,0.90733,2.05782,2617.89,2561.0046307982598,56.885369201740104,56.885369201740104,1001-1500
TR-045017,Hartford,Lexington,839.3,Flatbed,36134.0,2025-10-12,0.86218,1.94986,1872.51,1861.127739923538,11.38226007646199,11.38226007646199,751-1000
TR-045018,Boston,Green Bay,1172.6,Dry Van,38577.0,2025-10-12,0.8583,2.2193,2281.0,2370.250917984493,89.25091798449284,-89.25091798449284,1001-1500
TR-045019,San Francisco,Lubbock,1553.7,Dry Van,22160.0,2025-10-12,0.86802,2.17716,3022.71,3007.427694891514,15.28230510848607,15.28230510848607,1500+
TR-045020,Jacksonville,Lubbock,1091.3,Reefer,22389.0,2025-10-12,0.86158,1.95797,2392.62,2498.1435199325842,105.52351993258435,-105.52351993258435,1001-1500
TR-045021,Bakersfield,Amarillo,828.4,Dry Van,25468.0,2025-10-12,0.85079,2.1869,1658.02,1692.613510622788,34.59351062278802,-34.59351062278802,751-1000
TR-045022,Jacksonville,Reno,2304.8,Flatbed,32119.0,2025-10-12,0.89358,2.16823,1384.9,4737.000534022474,3352.100534022474,-3352.100534022474,1500+
TR-045023,Tampa,Albuquerque,1670.1,Flatbed,18116.0,2025-10-12,0.85801,2.18206,3319.48,3462.4957372021595,143.01573720215947,-143.01573720215947,1500+
TR-045024,Kansas City,Lexington,433.4,Reefer,44130.0,2025-10-12,0.90819,1.46865,3362.18,1116.1024530042228,2246.077546995777,2246.077546995777,251-500
TR-045025,Buffalo,Grand Rapids,492.9,Dry Van,33290.0,2025-10-12,0.88673,2.01374,1067.05,1060.4428459081114,6.60715409188856,6.60715409188856,251-500
TR-045026,Reno,Kansas City,1675.4,Reefer,23375.0,2025-10-12,0.85194,2.15334,3341.53,3533.345982946475,191.81598294647483,-191.81598294647483,1500+
TR-045027,Lubbock,Dayton,1246.6,Reefer,28068.0,2025-10-12,0.89783,1.90467,2778.71,2757.4127679406447,21.297232059355338,21.297232059355338,1001-1500
TR-045028,Savannah,New York,763.0,Dry Van,28968.0,2025-10-12,0.88564,2.11229,1565.85,1578.756468107149,12.906468107149067,-12.906468107149067,751-1000
TR-045029,Amarillo,Lexington,1349.9,Dry Van,27061.0,2025-10-12,0.84519,2.15339,2688.28,2651.6398820783857,36.64011792161455,36.64011792161455,1001-1500
TR-045030,Syracuse,Grand Rapids,563.3,Flatbed,12069.0,2025-10-12,0.86605,1.9582,1216.24,1221.1348358964372,4.894835896437144,-4.894835896437144,501-750
TR-045031,Las Vegas,San Antonio,1221.9,Dry Van,36409.0,2025-10-12,0.90409,2.08668,2555.23,2559.188957718383,3.9589577183828624,-3.9589577183828624,1001-1500
TR-045032,Reno,Boston,3062.2,Dry Van,27344.0,2025-10-13,0.88802,2.39643,5345.38,5265.717485812691,79.66251418730917,79.66251418730917,1500+
TR-045033,Nashville,Philadelphia,1029.6,Reefer,30549.0,2025-10-13,0.88739,1.89767,2284.89,2331.6166181907893,46.726618190789395,-46.726618190789395,1001-1500
TR-045034,Grand Rapids,Fort Wayne,204.2,Dry Van,43588.0,2025-10-13,0.84951,1.65948,514.9,542.9239025276989,28.023902527698965,-28.023902527698965,0-250
TR-045035,Philadelphia,Little Rock,1312.8,Dry Van,28767.0,2025-10-13,0.86958,2.25445,2543.97,2564.482612657118,20.512612657118098,-20.512612657118098,1001-1500
TR-045036,Greensboro,Detroit,633.1,Flatbed,32057.0,2025-10-13,0.88165,1.86793,1451.04,1441.0882876640057,9.951712335994216,9.951712335994216,501-750
TR-045037,Detroit,Lexington,556.7,Reefer,36519.0,2025-10-13,0.87445,1.6841,1369.27,1344.8288379491382,24.44116205086175,24.44116205086175,501-750
TR-045038,Philadelphia,Shreveport,1367.9,Dry Van,26359.0,2025-10-13,0.86446,2.25908,2571.86,2623.535549549755,51.67554954975503,-51.67554954975503,1001-1500
TR-045039,Bakersfield,Columbia,2180.1,Dry Van,19147.0,2025-10-13,0.89355,2.30481,3988.55,3950.7227690124705,37.827230987529674,37.827230987529674,1500+
TR-045040,Atlanta,Greensboro,268.3,Dry Van,15713.0,2025-10-13,0.91057,1.77924,638.18,634.5881292497278,3.5918707502721645,3.5918707502721645,251-500
TR-045041,Los Angeles,Shreveport,1765.1,Dry Van,36624.0,2025-10-13,0.88085,2.10115,3640.18,3586.160994969188,54.01900503081197,54.01900503081197,1500+
TR-045042,Shreveport,Tampa,534.2,Flatbed,34681.0,2025-10-13,0.92077,1.63739,1355.62,1351.5918346424264,4.028165357573471,4.028165357573471,501-750
TR-045043,Milwaukee,Bakersfield,1878.1,Flatbed,30962.0,2025-10-13,0.91171,2.0284,3927.57,3975.9295311980904,48.35953119809028,-48.35953119809028,1500+
TR-045044,Charleston,Tucson,2311.7,Dry Van,39841.0,2025-10-13,0.85896,2.19198,4503.52,4516.875233206184,13.355233206183584,-13.355233206183584,1500+
TR-045045,Harrisburg,Memphis,826.2,Flatbed,34822.0,2025-10-13,0.87524,1.87615,1849.17,1874.0612120851033,24.891212085103234,-24.891212085103234,751-1000
TR-045046,Tampa,San Francisco,2471.3,Flatbed,28605.0,2025-10-13,0.87986,2.17972,4879.94,4918.673240145149,38.733240145149466,-38.733240145149466,1500+
TR-045047,Little Rock,Philadelphia,1299.7,Dry Van,42290.0,2025-10-13,0.8415,2.1627,2605.57,2646.3936865835203,40.82368658352016,-40.82368658352016,1001-1500
TR-045048,Hartford,St. Louis,1119.3,Reefer,29056.0,2025-10-13,0.86573,2.00358,2474.28,2508.322578881714,34.04257888171378,-34.04257888171378,1001-1500
TR-045049,Amarillo,Columbia,1401.3,Dry Van,22573.0,2025-10-13,0.875,2.16297,2777.82,2717.7808106017824,60.039189398217786,60.039189398217786,1001-1500
TR-045050,Los Angeles,Chattanooga,2086.2,Dry Van,24570.0,2025-10-13,0.86208,2.3505,3819.0,3803.8414854015523,15.15851459844771,15.15851459844771,1500+
TR-045051,Tucson,Louisville,1828.1,Reefer,34387.0,2025-10-13,0.88567,2.07615,3824.2,4016.4761517894176,192.27615178941778,-192.27615178941778,1500+
TR-045052,Harrisburg,Las Vegas,2442.4,Reefer,30742.0,2025-10-13,0.849,2.0863,4974.03,5019.491233598421,45.46123359842113,-45.46123359842113,1500+
TR-045053,Oklahoma City,Austin,229.4,Reefer,47500.0,2025-10-13,0.87299,1.09478,700.87,686.6567285983452,14.213271401654765,14.213271401654765,0-250
TR-045054,Grand Rapids,Oklahoma City,1214.7,Dry Van,22810.0,2025-10-13,0.91656,2.19555,2315.28,2371.609880676791,56.32988067679071,-56.32988067679071,1001-1500
TR-045055,Detroit,Little Rock,898.1,Dry Van,26964.0,2025-10-13,0.8613,2.11556,1829.25,1813.1429566768884,16.10704332311161,16.10704332311161,751-1000
TR-045056,Hartford,Dallas,1602.4,Dry Van,30192.0,2025-10-13,0.93189,2.13082,3162.14,3032.8021491169493,129.33785088305058,129.33785088305058,1500+
TR-045057,Mobile,Lexington,496.9,Dry Van,29377.0,2025-10-13,0.88659,1.85539,1143.08,1116.8491943794386,26.23080562056134,26.23080562056134,251-500
TR-045058,Milwaukee,Louisville,199.9,Dry Van,36758.0,2025-10-13,0.89634,1.57872,519.54,533.5321928169194,13.992192816919442,-13.992192816919442,0-250
TR-045059,Oklahoma City,Fresno,1450.0,Dry Van,43351.0,2025-10-13,0.859,2.1246,3007.71,3038.76041469721,31.050414697209817,-31.050414697209817,1001-1500
TR-045060,Raleigh,Columbia,420.9,Reefer,29726.0,2025-10-13,0.83227,1.72737,183.77,1071.2147471308651,887.4447471308652,-887.4447471308652,251-500
TR-045061,Savannah,Jacksonville,220.1,Reefer,28716.0,2025-10-13,0.84561,1.27737,627.77,631.9052793859225,4.1352793859225585,-4.1352793859225585,0-250
TR-045062,San Antonio,Mobile,741.5,Dry Van,27915.0,2025-10-13,0.87628,1.97985,1637.63,1571.1741903440045,66.45580965599561,66.45580965599561,501-750
TR-045063,Atlanta,Cincinnati,214.6,Reefer,33294.0,2025-10-13,0.8863,1.25558,614.9,619.0284154590158,4.128415459015855,-4.128415459015855,0-250
TR-045064,Lexington,Memphis,317.0,Dry Van,26879.0,2025-10-13,0.82895,1.82747,742.08,745.6332535298478,3.5532535298477796,-3.5532535298477796,251-500
TR-045065,Mobile,Phoenix,1932.6,Dry Van,41030.0,2025-10-13,0.86176,2.14283,3874.45,3935.2587677579836,60.80876775798379,-60.80876775798379,1500+
TR-045066,Albany,Tucson,2869.2,Dry Van,33849.0,2025-10-13,0.84492,2.32668,5162.77,5367.309644420359,204.53964442035885,-204.53964442035885,1500+
TR-045067,New York,Lexington,751.7,Dry Van,23931.0,2025-10-13,0.9099,2.17828,1471.76,1506.1245902585388,34.36459025853878,-34.36459025853878,751-1000
TR-045068,Baton Rouge,Houston,168.4,Dry Van,35451.0,2025-10-13,0.89199,1.3534,477.88,483.6217436831968,5.74174368319683,-5.74174368319683,0-250
TR-045069,Los Angeles,Fresno,431.5,Flatbed,39757.0,2025-10-13,0.89972,1.67633,1067.9,1095.2259388389266,27.325938838926504,-27.325938838926504,251-500
TR-045070,Shreveport,Albany,1600.5,Dry Van,28578.0,2025-10-13,0.89096,2.23671,3050.52,3010.1337566621864,40.38624333781354,40.38624333781354,1500+
TR-045071,El Paso,Kansas City,1297.6,Dry Van,39105.0,2025-10-13,0.87629,2.08427,2695.24,2681.450162250686,13.789837749313847,13.789837749313847,1001-1500
TR-045072,Hartford,Memphis,1161.0,Dry Van,31036.0,2025-10-13,0.87569,2.14461,2331.4,2380.619138750393,49.219138750393086,-49.219138750393086,1001-1500
TR-045073,Little Rock,Baton Rouge,321.9,Dry Van,18116.0,2025-10-13,0.87174,1.73194,778.13,784.1000927434103,5.970092743410305,-5.970092743410305,251-500
TR-045074,Tampa,Buffalo,1205.1,Dry Van,31332.0,2025-10-13,0.85965,2.25102,2334.39,2405.64083133356,71.2508313335602,-71.2508313335602,1001-1500
TR-045075,Nashville,Lexington,254.7,Dry Van,47500.0,2025-10-13,0.87411,1.49018,679.14,650.1250232726645,29.014976727335466,29.014976727335466,251-500
TR-045076,Louisville,Montgomery,522.6,Flatbed,40628.0,2025-10-13,0.87614,1.678,1291.98,1285.2308409555258,6.749159044474254,6.749159044474254,501-750
TR-045077,Nashville,Buffalo,783.8,Dry Van,40240.0,2025-10-13,0.88434,2.11141,1628.59,1659.8410144810055,31.25101448100554,-31.25101448100554,751-1000
TR-045078,Bakersfield,Albany,2947.1,Reefer,32283.0,2025-10-13,0.85975,2.14291,5863.45,5993.412545689455,129.9625456894555,-129.9625456894555,1500+
TR-045079,Indianapolis,Montgomery,619.7,Dry Van,37563.0,2025-10-13,0.84217,1.9623,1337.68,1386.6840723863654,49.00407238636535,-49.00407238636535,501-750
TR-045080,Albany,Boston,394.7,Flatbed,29766.0,2025-10-13,0.87924,1.79508,931.92,940.6816997607885,8.761699760788588,-8.761699760788588,251-500
TR-045081,Milwaukee,Bakersfield,1859.8,Reefer,36224.0,2025-10-13,0.87589,1.93784,4140.0,4040.435248207091,99.56475179290919,99.56475179290919,1500+
TR-045082,Philadelphia,Houston,1597.1,Reefer,47500.0,2025-10-13,0.81249,1.93331,3580.57,3532.4504203047936,48.11957969520654,48.11957969520654,1500+
TR-045083,Richmond,Mobile,936.9,Dry Van,47012.0,2025-10-13,0.90406,1.98022,2047.91,1965.317120916939,82.592879083061,82.592879083061,751-1000
TR-045084,Mobile,Philadelphia,1183.2,Dry Van,34823.0,2025-10-13,0.82765,2.20371,2338.47,2443.5318575786137,105.06185757861385,-105.06185757861385,1001-1500
TR-045085,San Antonio,Austin,113.9,Reefer,27649.0,2025-10-13,0.85372,0.87417,372.04,374.3841126100708,2.3441126100707947,-2.3441126100707947,0-250
TR-045086,Bakersfield,Jacksonville,2183.1,Flatbed,31245.0,2025-10-13,0.88612,2.02608,4530.94,4443.825514486597,87.11448551340254,87.11448551340254,1500+
TR-045087,Birmingham,Cincinnati,307.6,Reefer,41013.0,2025-10-13,0.86414,1.37255,861.67,876.8451795909302,15.17517959093027,-15.17517959093027,251-500
TR-045088,Savannah,Reno,2440.7,Flatbed,28310.0,2025-10-13,0.88797,2.19163,4729.73,4759.294323488744,29.564323488744776,-29.564323488744776,1500+
TR-045089,Toledo,Reno,2104.6,Dry Van,31134.0,2025-10-13,0.8867,2.36358,3758.58,3861.8220091964636,103.24200919646364,-103.24200919646364,1500+
TR-045090,Dayton,San Antonio,1177.9,Reefer,30736.0,2025-10-13,0.92166,1.87206,2652.84,2709.109740929638,56.26974092963792,-56.26974092963792,1001-1500
TR-045091,Milwaukee,Kansas City,184.1,Dry Van,41354.0,2025-10-13,0.90567,1.40653,507.81,490.2478672281012,17.562132771898803,17.562132771898803,0-250
TR-045092,Fresno,Milwaukee,2075.6,Reefer,37838.0,2025-10-13,0.92989,1.9322,4601.77,4371.282475699597,230.4875243004035,230.4875243004035,1500+
TR-045093,Shreveport,Montgomery,442.2,Dry Van,28482.0,2025-10-13,0.88567,1.79254,1045.18,1025.8381695700928,19.341830429907304,19.341830429907304,251-500
TR-045094,Indianapolis,Philadelphia,1032.2,Reefer,38775.0,2025-10-13,0.86385,1.95679,2337.81,2382.083298830994,44.27329883099401,-44.27329883099401,1001-1500
TR-045095,Buffalo,Amarillo,1758.3,Dry Van,23595.0,2025-10-13,1.0558,2.31805,3264.47,3394.3054382344967,129.8354382344969,-129.8354382344969,1500+
TR-045096,Nashville,Phoenix,1950.6,Dry Van,24972.0,2025-10-13,0.89237,2.28601,3551.29,3700.422434364051,149.13243436405082,-149.13243436405082,1500+
TR-045097,Baton Rouge,Nashville,523.4,Dry Van,27969.0,2025-10-13,0.85578,1.86406,1176.17,1167.544019124634,8.625980875366167,8.625980875366167,501-750
TR-045098,Birmingham,Reno,2173.4,Dry Van,17836.0,2025-10-13,0.86802,2.44821,3810.77,3874.7599965816275,63.989996581627565,-63.989996581627565,1500+
TR-045099,Baton Rouge,Birmingham,475.1,Dry Van,25365.0,2025-10-13,0.8488,1.83304,1086.76,1088.8360976171414,2.076097617141386,-2.076097617141386,251-500
TR-045100,Mobile,Dayton,706.5,Dry Van,39675.0,2025-10-13,0.84029,1.94436,1564.31,1519.8549849136764,44.455015086323556,44.455015086323556,501-750
TR-045101,Bakersfield,Greensboro,2305.2,Dry Van,47023.0,2025-10-13,0.90437,2.23833,4398.08,4467.344295862212,69.26429586221184,-69.26429586221184,1500+
TR-045102,Hartford,Little Rock,1364.1,Dry Van,20708.0,2025-10-13,0.90432,2.26901,2582.85,2610.282582079943,27.43258207994313,-27.43258207994313,1001-1500
TR-045103,Oklahoma City,Indianapolis,830.3,Dry Van,21894.0,2025-10-13,0.88071,2.07494,1736.01,1713.5622361858946,22.44776381410543,22.44776381410543,751-1000
TR-045104,Lexington,El Paso,1704.1,Reefer,15913.0,2025-10-13,0.82942,2.04586,3530.07,3741.2843684491395,211.21436844913933,-211.21436844913933,1500+
TR-045105,Atlanta,Philadelphia,937.9,Dry Van,24713.0,2025-10-13,0.90063,2.07722,1887.2,1839.561129241694,47.638870758305984,47.638870758305984,751-1000
TR-045106,Philadelphia,Nashville,1015.5,Dry Van,34172.0,2025-10-13,0.87694,2.16485,2038.66,2077.570236625495,38.91023662549492,-38.91023662549492,1001-1500
TR-045107,St. Louis,Detroit,558.6,Dry Van,28458.0,2025-10-13,0.86365,2.08576,1147.88,1178.3395190180722,30.459519018072115,-30.459519018072115,501-750
TR-045108,Albany,Nashville,1241.1,Reefer,32307.0,2025-10-13,0.83862,1.98082,2699.37,2779.8194987431693,80.44949874316944,-80.44949874316944,1001-1500
TR-045109,Green Bay,Los Angeles,2296.3,Reefer,29605.0,2025-10-13,0.91174,2.09774,4629.26,4737.866006925325,108.60600692532444,-108.60600692532444,1500+
TR-045110,Grand Rapids,Jacksonville,911.4,Flatbed,38327.0,2025-10-13,0.85809,1.9996,1925.69,1990.4315547757035,64.74155477570343,-64.74155477570343,751-1000
TR-045111,Albany,Memphis,1327.6,Dry Van,32278.0,2025-10-13,0.95358,2.17286,2573.36,2601.092822763007,27.73282276300688,-27.73282276300688,1001-1500
TR-045112,Fresno,Amarillo,1038.1,Reefer,37416.0,2025-10-13,0.86149,1.77765,2479.0,2484.035623106265,5.03562310626512,-5.03562310626512,1001-1500
TR-045113,Lubbock,New Orleans,589.9,Dry Van,39747.0,2025-10-13,0.88503,1.7491,1408.07,1359.8768472474312,48.19315275256872,48.19315275256872,501-750
TR-045114,Baltimore,Los Angeles,3011.9,Dry Van,34946.0,2025-10-13,0.89759,2.34712,5515.8,5575.9847158749135,60.18471587491331,-60.18471587491331,1500+
TR-045115,Tampa,San Francisco,2487.1,Reefer,28328.0,2025-10-13,0.83423,2.11956,4991.89,5150.88674657687,158.99674657686955,-158.99674657686955,1500+
TR-045116,Fresno,Buffalo,2690.8,Dry Van,28267.0,2025-10-13,0.89142,2.42196,4805.58,4869.573090621605,63.993090621605006,-63.993090621605006,1500+
TR-045117,Charleston,Lubbock,1425.4,Dry Van,31839.0,2025-10-13,0.90003,2.16946,2895.96,2927.5765039472053,31.616503947205274,-31.616503947205274,1001-1500
TR-045118,Mobile,Corpus Christi,602.2,Reefer,25985.0,2025-10-13,0.86594,1.58824,1542.88,1493.508596479906,49.37140352009419,49.37140352009419,501-750
TR-045119,Hartford,Albany,380.2,Reefer,34276.0,2025-10-13,0.86506,1.71021,928.48,953.4108024384687,24.93080243846873,-24.93080243846873,251-500
TR-045120,El Paso,Oklahoma City,790.6,Dry Van,25113.0,2025-10-13,0.82699,2.03863,1624.97,1638.720088000511,13.750088000510914,-13.750088000510914,751-1000
TR-045121,Oklahoma City,Albuquerque,769.0,Reefer,26670.0,2025-10-13,0.85702,1.78249,1854.11,1863.603351164567,9.493351164567002,-9.493351164567002,751-1000
TR-045122,San Francisco,Kansas City,1979.1,Dry Van,17453.0,2025-10-13,0.83253,2.27096,3627.39,3679.2013960848044,51.81139608480453,-51.81139608480453,1500+
TR-045123,Amarillo,Toledo,1482.9,Flatbed,21194.0,2025-10-13,0.87998,2.20125,2959.16,3027.5117930746046,68.35179307460476,-68.35179307460476,1001-1500
TR-045124,El Paso,Corpus Christi,1057.2,Reefer,34491.0,2025-10-13,0.88934,1.8155,2495.79,2574.2483688773677,78.45836887736777,-78.45836887736777,1001-1500
TR-045125,Oklahoma City,New Orleans,443.2,Reefer,22149.0,2025-10-13,0.86188,1.50619,1162.83,1141.9457176653723,20.884282334627642,20.884282334627642,251-500
TR-045126,Syracuse,Milwaukee,753.5,Flatbed,30194.0,2025-10-13,0.88643,2.04278,1607.11,1668.0080067843876,60.89800678438769,-60.89800678438769,751-1000
TR-045127,Bakersfield,Madison,1806.8,Dry Van,23759.0,2025-10-13,0.88756,2.3961,3303.37,3392.296464620348,88.92646462034827,-88.92646462034827,1500+
TR-045128,Indianapolis,Greensboro,467.5,Flatbed,27721.0,2025-10-13,0.88367,1.78191,1117.74,1124.5081744014574,6.768174401457372,-6.768174401457372,251-500
TR-045129,Memphis,Phoenix,1839.1,Flatbed,40504.0,2025-10-13,0.85786,2.07294,3823.1,3949.8092082339035,126.70920823390361,-126.70920823390361,1500+
TR-045130,Indianapolis,Green Bay,483.9,Reefer,24599.0,2025-10-13,0.86487,1.77528,1153.36,1159.7873760515602,6.427376051560259,-6.427376051560259,251-500
TR-045131,Fresno,Boston,3189.1,Flatbed,34212.0,2025-10-13,0.85862,2.12981,6251.85,6154.897150934134,96.95284906586676,96.95284906586676,1500+
TR-045132,Mobile,El Paso,1521.5,Dry Van,35589.0,2025-10-13,0.88621,2.18212,3069.85,3232.3588553575883,162.50885535758835,-162.50885535758835,1500+
TR-045133,Baton Rouge,Green Bay,1188.3,Reefer,26505.0,2025-10-13,0.87258,1.85701,2719.91,2632.0598834400353,87.85011655996459,87.85011655996459,1001-1500
TR-045134,Jacksonville,Tampa,360.1,Flatbed,38318.0,2025-10-13,0.89664,1.48403,944.34,954.145448314694,9.80544831469399,-9.80544831469399,251-500
TR-045135,Shreveport,New York,1358.6,Reefer,34340.0,2025-10-13,0.85563,1.96358,3009.58,3040.742973242218,31.16297324221796,-31.16297324221796,1001-1500
TR-045136,Tucson,Lubbock,953.5,Dry Van,47500.0,2025-10-13,0.87104,1.95715,2065.35,2087.7400254404383,22.39002544043842,-22.39002544043842,751-1000
TR-045137,Grand Rapids,Birmingham,818.2,Flatbed,17522.0,2025-10-13,0.86698,2.08944,1701.25,1765.1176068279249,63.867606827924874,-63.867606827924874,751-1000
TR-045138,Milwaukee,Cincinnati,239.7,Dry Van,28663.0,2025-10-13,0.88537,1.64602,589.41,604.0814438939011,14.671443893901142,-14.671443893901142,0-250
TR-045139,Los Angeles,Mobile,1950.8,Flatbed,34579.0,2025-10-13,0.8862,1.97774,4187.86,4213.595831609093,25.73583160909311,-25.73583160909311,1500+
TR-045140,Tucson,Atlanta,1841.1,Dry Van,22292.0,2025-10-13,0.86769,2.27254,3426.52,3467.4351080951637,40.91510809516376,-40.91510809516376,1500+
TR-045141,Kansas City,Little Rock,416.4,Dry Van,44112.0,2025-10-13,0.83262,1.71442,1003.29,1008.6569993175381,5.366999317538102,-5.366999317538102,251-500
TR-045142,Los Angeles,Bakersfield,395.0,Dry Van,39628.0,2025-10-13,0.84903,1.80155,949.32,926.6225612250166,22.697438774983425,22.697438774983425,251-500
TR-045143,Phoenix,Bakersfield,384.6,Dry Van,41646.0,2025-10-13,0.88859,1.76157,908.3,908.8778237646588,0.5778237646588877,-0.5778237646588877,251-500
TR-045144,Corpus Christi,Amarillo,702.7,Dry Van,36136.0,2025-10-13,0.85853,1.82342,1653.52,1567.2087841922737,86.31121580772628,86.31121580772628,501-750
TR-045145,Columbia,Phoenix,2181.6,Dry Van,21494.0,2025-10-13,0.90421,2.29677,3991.15,3931.706132636343,59.443867363656864,59.443867363656864,1500+
TR-045146,Lubbock,Baton Rouge,502.3,Dry Van,38257.0,2025-10-13,0.86068,1.77997,1210.01,1173.8623072088205,36.14769279117945,36.14769279117945,501-750
TR-045147,Amarillo,Tampa,1278.3,Flatbed,25961.0,2025-10-13,0.87122,2.0496,2705.75,2729.8969796454085,24.146979645408464,-24.146979645408464,1001-1500
TR-045148,Philadelphia,Amarillo,2057.2,Flatbed,41922.0,2025-10-13,0.87291,2.15753,4211.86,4327.236035976109,115.37603597610905,-115.37603597610905,1500+
TR-045149,Baton Rouge,San Francisco,1947.8,Dry Van,33380.0,2025-10-13,0.87075,2.1664,3885.41,3891.8425536542136,6.432553654213734,-6.432553654213734,1500+
TR-045150,Syracuse,Phoenix,2729.1,Dry Van,31496.0,2025-10-13,0.93185,2.36169,4872.9,5008.216133455655,135.3161334556553,-135.3161334556553,1500+
TR-045151,Fort Wayne,Hartford,804.1,Dry Van,17847.0,2025-10-13,0.85583,2.20677,1557.7,1612.548412936745,54.848412936745035,-54.848412936745035,751-1000
TR-045152,Grand Rapids,Tulsa,983.8,Reefer,40659.0,2025-10-13,0.86846,1.80944,2345.5,2294.335935106409,51.164064893590876,51.164064893590876,751-1000
TR-045153,New York,Lexington,788.7,Reefer,32555.0,2025-10-13,0.86912,1.86389,1810.54,1818.2098583400852,7.669858340085284,-7.669858340085284,751-1000
TR-045154,Corpus Christi,Los Angeles,1496.3,Dry Van,33711.0,2025-10-13,0.85443,2.18103,2950.89,3008.2145580508122,57.32455805081236,-57.32455805081236,1001-1500
TR-045155,Richmond,Columbia,521.8,Dry Van,29348.0,2025-10-13,0.85204,2.06166,1109.09,1124.1966576965947,15.106657696594766,-15.106657696594766,501-750
TR-045156,Richmond,Bakersfield,2648.2,Dry Van,37487.0,2025-10-13,0.9076,2.29175,5016.22,5018.974182068003,2.754182068002592,-2.754182068002592,1500+
TR-045157,St. Louis,Chattanooga,302.1,Dry Van,30007.0,2025-10-13,0.87114,1.79254,718.33,746.6980715731058,28.368071573105794,-28.368071573105794,251-500
TR-045158,Buffalo,Little Rock,1060.0,Dry Van,22080.0,2025-10-13,0.86774,2.18176,2128.49,2120.311320806811,8.1786791931886,8.1786791931886,1001-1500
TR-045159,Oklahoma City,Mobile,719.4,Flatbed,19282.0,2025-10-13,0.90469,1.83931,1654.44,1648.7757478652195,5.664252134780554,5.664252134780554,501-750
TR-045160,Hartford,Houston,1683.0,Reefer,31565.0,2025-10-13,0.88252,1.98272,3596.69,3758.096588470068,161.40658847006807,-161.40658847006807,1500+
TR-045161,Philadelphia,Indianapolis,999.8,Dry Van,22038.0,2025-10-13,0.91731,2.2129,1892.28,1972.815127167632,80.53512716763203,-80.53512716763203,751-1000
TR-045162,Green Bay,Chattanooga,742.3,Dry Van,24461.0,2025-10-13,0.88421,2.16072,1498.67,1508.5867433422638,9.916743342263771,-9.916743342263771,501-750
TR-045163,Columbia,Grand Rapids,739.8,Dry Van,26384.0,2025-10-13,0.89967,2.17994,1447.88,1481.2808447999882,33.400844799988135,-33.400844799988135,501-750
TR-045164,New Orleans,Grand Rapids,939.5,Dry Van,28171.0,2025-10-13,0.89493,2.0406,1947.82,1894.1050275378052,53.71497246219474,53.71497246219474,751-1000
TR-045165,Oklahoma City,Atlanta,866.0,Dry Van,29327.0,2025-10-13,0.87621,2.03136,1811.29,1845.5892538170046,34.29925381700468,-34.29925381700468,751-1000
TR-045166,Baton Rouge,Corpus Christi,279.8,Dry Van,21438.0,2025-10-13,0.86374,1.64291,696.61,700.5336096314028,3.923609631402769,-3.923609631402769,251-500
TR-045167,Toledo,Mobile,878.4,Flatbed,25764.0,2025-10-13,0.84285,2.02192,1829.6,1916.2667438027797,86.66674380277982,-86.66674380277982,751-1000
TR-045168,Lexington,Atlanta,217.6,Dry Van,7040.0,2025-10-13,0.89624,1.69226,531.39,530.6128688362196,0.7771311637803819,0.7771311637803819,0-250
TR-045169,Mobile,Kansas City,669.1,Dry Van,45398.0,2025-10-13,0.83768,1.88057,1498.22,1476.8494987881443,21.370501211855753,21.370501211855753,501-750
TR-045170,Greensboro,Reno,2297.0,Dry Van,27765.0,2025-10-13,0.89991,2.31779,4134.92,4129.732568891961,5.1874311080391635,5.1874311080391635,1500+
TR-045171,Little Rock,El Paso,1214.1,Dry Van,32122.0,2025-10-13,0.85447,2.10024,2469.17,2519.388811165465,50.21881116546501,-50.21881116546501,1001-1500
TR-045172,Richmond,Greensboro,449.2,Reefer,38505.0,2025-10-13,0.87059,1.59603,1165.84,1135.5550235904116,30.284976409588353,30.284976409588353,251-500
TR-045173,Green Bay,Baton Rouge,1172.1,Dry Van,30868.0,2025-10-13,0.89254,2.18952,2342.66,2396.0267010341813,53.36670103418146,-53.36670103418146,1001-1500
TR-045174,Corpus Christi,Atlanta,832.1,Dry Van,47500.0,2025-10-13,0.88212,1.87079,7004.3,1826.6641821469746,5177.635817853025,5177.635817853025,751-1000
TR-045175,Houston,Nashville,590.4,Reefer,30511.0,2025-10-13,0.90461,1.61558,1481.4,1475.6960157877209,5.703984212279238,5.703984212279238,501-750
TR-045176,Toledo,Mobile,839.3,Flatbed,24117.0,2025-10-13,0.88408,1.99384,1803.73,1817.1773678492675,13.447367849267494,-13.447367849267494,751-1000
TR-045177,Kansas City,Montgomery,720.9,Flatbed,28475.0,2025-10-13,0.87147,1.94069,1619.19,1620.4608268407799,1.2708268407798187,-1.2708268407798187,501-750
TR-045178,Savannah,Buffalo,682.2,Flatbed,38888.0,2025-10-13,0.8824,1.94086,1540.17,1547.3984806544174,7.228480654417353,-7.228480654417353,501-750
TR-045179,Grand Rapids,Raleigh,858.0,Dry Van,20233.0,2025-10-13,0.87324,2.18701,1688.42,1707.931951169278,19.511951169277836,-19.511951169277836,751-1000
TR-045180,Tulsa,Bakersfield,1458.9,Dry Van,35069.0,2025-10-13,0.89559,2.15556,2903.7,2978.1294400296506,74.42944002965078,-74.42944002965078,1001-1500
TR-045181,Birmingham,Amarillo,1199.0,Dry Van,26456.0,2025-10-13,0.89711,2.18322,2351.62,2470.8216938321334,119.20169383213351,-119.20169383213351,1001-1500
TR-045182,Chattanooga,Atlanta,95.5,Dry Van,37977.0,2025-10-13,0.87285,1.24745,275.01,304.1518379382293,29.141837938229287,-29.141837938229287,0-250
TR-045183,Los Angeles,Syracuse,2818.8,Reefer,36904.0,2025-10-13,0.84631,2.15664,5708.0,5857.394770659455,149.3947706594554,-149.3947706594554,1500+
TR-045184,Jacksonville,Montgomery,138.6,Dry Van,35793.0,2025-10-13,0.9255,1.3095,388.7,392.76398355209454,4.063983552094555,-4.063983552094555,0-250
TR-045185,Oklahoma City,Birmingham,810.5,Reefer,47500.0,2025-10-13,0.88013,1.57203,2101.26,1993.1860644351123,108.07393556488796,108.07393556488796,751-1000
TR-045186,Madison,San Francisco,2091.2,Dry Van,31069.0,2025-10-13,0.88635,2.28932,3914.01,3860.4420233586766,53.56797664132364,53.56797664132364,1500+
TR-045187,Green Bay,Kansas City,476.7,Dry Van,31701.0,2025-10-13,0.9022,1.95729,1027.96,1078.8545246954327,50.894524695432665,-50.894524695432665,251-500
TR-045188,Kansas City,Buffalo,802.7,Dry Van,34129.0,2025-10-13,0.87863,2.07608,1649.6,1670.0554420934843,20.455442093484407,-20.455442093484407,751-1000
TR-045189,Austin,Amarillo,450.5,Flatbed,34585.0,2025-10-13,0.9117,1.55776,1181.37,1151.2693597193488,30.100640280651078,30.100640280651078,251-500
TR-045190,Lubbock,Columbia,1200.7,Reefer,27040.0,2025-10-14,1.0122,1.81119,2777.11,2722.4700336960827,54.63996630391739,54.63996630391739,1001-1500
TR-045191,Lexington,Dallas,751.7,Reefer,25833.0,2025-10-14,0.94737,1.7559,1786.77,1752.547077163392,34.22292283660795,34.22292283660795,751-1000
TR-045192,Indianapolis,Mobile,556.5,Dry Van,27922.0,2025-10-14,0.9438,2.01143,1211.92,1207.4862486631546,4.433751336845489,4.433751336845489,501-750
TR-045193,Atlanta,New York,898.9,Dry Van,38650.0,2025-10-14,0.92668,2.11466,1880.41,1862.9458621519059,17.464137848094197,17.464137848094197,751-1000
TR-045194,Atlanta,Albany,1149.3,Reefer,24063.0,2025-10-14,0.92715,1.97662,2469.79,2546.158178417623,76.36817841762286,-76.36817841762286,1001-1500
TR-045195,Kansas City,Albany,1257.7,Dry Van,32221.0,2025-10-14,0.95019,2.20343,2463.58,2466.023276480755,2.4432764807552303,-2.4432764807552303,1001-1500
TR-045196,Syracuse,Richmond,395.5,Dry Van,26865.0,2025-10-14,0.96151,2.04177,839.33,859.8675652759503,20.537565275950215,-20.537565275950215,251-500
TR-045197,Tulsa,Shreveport,207.9,Reefer,31496.0,2025-10-14,0.93693,1.21667,603.72,636.8617099113117,33.14170991131164,-33.14170991131164,0-250
TR-045198,Kansas City,Lubbock,1005.2,Reefer,24878.0,2025-10-14,0.95926,1.94479,2240.31,2294.1484250188673,53.83842501886738,-53.83842501886738,1001-1500
TR-045199,Bakersfield,Richmond,2563.3,Reefer,41739.0,2025-10-14,0.96247,2.11252,5388.1,5482.18920055699,94.08920055698945,-94.08920055698945,1500+
TR-045200,Atlanta,Charleston,452.9,Dry Van,32643.0,2025-10-14,0.96999,1.84135,1046.59,1025.785547900096,20.804452099903983,20.804452099903983,251-500
TR-045201,Tucson,Little Rock,1498.1,Dry Van,37680.0,2025-10-14,0.97108,2.07051,3073.46,3138.8515702116565,65.39157021165647,-65.39157021165647,1001-1500
TR-045202,Phoenix,San Francisco,671.9,Dry Van,41479.0,2025-10-14,0.94845,1.94682,1475.73,1459.3662319045627,16.363768095437308,16.363768095437308,501-750
TR-045203,Green Bay,Houston,1218.3,Flatbed,42782.0,2025-10-14,0.95363,1.88083,2723.01,2684.10386299452,38.906137005480105,38.906137005480105,1001-1500
TR-045204,Mobile,Boston,1359.3,Dry Van,41592.0,2025-10-14,0.95348,2.056,2826.14,2779.5836776306433,46.55632236935662,46.55632236935662,1001-1500
TR-045205,Albany,Madison,1115.9,Dry Van,30730.0,2025-10-14,0.93484,2.20237,2164.07,2214.434123261836,50.36412326183563,-50.36412326183563,1001-1500
TR-045206,Syracuse,Baton Rouge,1446.5,Dry Van,32332.0,2025-10-14,0.92811,2.16414,2844.66,2876.52359954585,31.86359954585032,-31.86359954585032,1001-1500
TR-045207,New York,Los Angeles,2910.9,Flatbed,32638.0,2025-10-14,0.93086,2.26119,5648.65,5641.354015586214,7.295984413785845,7.295984413785845,1500+
TR-045208,Green Bay,El Paso,1598.5,Dry Van,28229.0,2025-10-14,0.93233,2.3157,2990.4,3037.511008587313,47.11100858731288,-47.11100858731288,1500+
TR-045209,Philadelphia,Albany,431.7,Dry Van,33827.0,2025-10-14,0.90943,2.00218,924.87,966.7521623441214,41.88216234412141,-41.88216234412141,251-500
TR-045210,Shreveport,Oklahoma City,444.6,Reefer,40031.0,2025-10-14,0.95905,1.34603,1277.01,1191.105474141668,85.90452585833191,85.90452585833191,251-500
TR-045211,Bakersfield,Memphis,1805.5,Dry Van,25246.0,2025-10-14,0.93405,2.288,3408.35,3471.9443851790766,63.59438517907665,-63.59438517907665,1500+
TR-045212,Albuquerque,Bakersfield,523.1,Flatbed,33853.0,2025-10-14,0.96158,1.71358,1262.44,1259.4552969808378,2.9847030191622252,2.9847030191622252,501-750
TR-045213,Oklahoma City,Chattanooga,856.1,Flatbed,37214.0,2025-10-14,0.96235,1.76433,2066.58,2027.8420732731088,38.737926726891146,38.737926726891146,751-1000
TR-045214,Phoenix,Mobile,1957.0,Reefer,32081.0,2025-10-14,0.96725,1.95251,4318.52,4315.877753343887,2.642246656113457,2.642246656113457,1500+
TR-045215,Louisville,Tampa,746.2,Reefer,19646.0,2025-10-14,0.9937,1.81535,1743.83,1722.3709837661518,21.45901623384816,21.45901623384816,501-750
TR-045216,Atlanta,Buffalo,758.9,Dry Van,27352.0,2025-10-14,0.94152,2.18484,1511.26,1573.8903061780288,62.63030617802883,-62.63030617802883,751-1000
TR-045217,Jacksonville,Baton Rouge,583.0,Dry Van,36040.0,2025-10-14,0.96492,1.80447,1343.75,1366.4546642757903,22.704664275790265,-22.704664275790265,501-750
TR-045218,Raleigh,Syracuse,613.4,Dry Van,30127.0,2025-10-14,0.97451,2.03321,1285.24,1313.0758289445664,27.8358289445664,-27.8358289445664,501-750
TR-045219,Fresno,Shreveport,1869.2,Reefer,33822.0,2025-10-14,0.99183,1.86989,4291.19,4068.9503406659765,222.23965933402314,222.23965933402314,1500+
TR-045220,Lexington,Tucson,1926.1,Reefer,27171.0,2025-10-14,0.91711,2.00817,4115.08,4208.540796273498,93.46079627349809,-93.46079627349809,1500+
TR-045221,Little Rock,Reno,1732.1,Dry Van,9614.0,2025-10-14,0.92558,2.32433,3166.71,3303.041293491265,136.33129349126511,-136.33129349126511,1500+
TR-045222,Corpus Christi,Little Rock,560.3,Reefer,21403.0,2025-10-14,0.94197,1.64746,1432.87,1368.835808089499,64.0341919105008,64.0341919105008,501-750
TR-045223,Charleston,San Francisco,2698.0,Flatbed,23913.0,2025-10-14,0.89935,2.21519,5133.96,5195.22583893591,61.265838935910324,-61.265838935910324,1500+
TR-045224,Albany,Shreveport,1610.8,Dry Van,33359.0,2025-10-14,0.95002,2.16427,3217.94,3210.1578230116024,7.782176988397623,7.782176988397623,1500+
TR-045225,Phoenix,Jacksonville,2232.9,Reefer,39543.0,2025-10-14,0.98372,1.93312,4875.19,4811.176514538974,64.013485461026,64.013485461026,1500+
TR-045226,Oklahoma City,Tucson,1028.8,Reefer,27649.0,2025-10-14,0.97415,1.73538,2435.4,2441.0813651714316,5.68136517143148,-5.68136517143148,1001-1500
TR-045227,Lubbock,Raleigh,1611.3,Dry Van,36258.0,2025-10-14,1.01786,2.12299,3280.86,3322.2154050719582,41.3554050719581,-41.3554050719581,1500+
TR-045228,Hartford,Savannah,842.2,Dry Van,16608.0,2025-10-14,0.95803,2.17283,1645.01,1687.5759171730108,42.5659171730108,-42.5659171730108,751-1000
TR-045229,Tulsa,Fort Wayne,882.3,Dry Van,24607.0,2025-10-14,0.97969,2.03969,1846.41,1766.2929863763568,80.11701362364329,80.11701362364329,751-1000
TR-045230,Mobile,Nashville,310.2,Reefer,38975.0,2025-10-14,0.96143,1.34089,868.43,889.8045626242622,21.37456262426224,-21.37456262426224,251-500
TR-045231,Fort Wayne,Tucson,2022.1,Flatbed,34530.0,2025-10-14,0.90101,2.10577,4145.97,4201.4292787375425,55.45927873754226,-55.45927873754226,1500+
TR-045232,Baltimore,Hartford,129.6,Dry Van,31016.0,2025-10-14,0.92634,1.52531,342.29,348.2709536263994,5.980953626399355,-5.980953626399355,0-250
TR-045233,Los Angeles,Fresno,429.3,Dry Van,20715.0,2025-10-14,0.97509,1.96734,944.78,958.8702280415756,14.090228041575642,-14.090228041575642,251-500
TR-045234,Baltimore,New York,165.5,Dry Van,31633.0,2025-10-14,0.95954,1.50037,432.81,425.2081280570272,7.601871942972821,7.601871942972821,0-250
TR-045235,Montgomery,Oklahoma City,884.0,Reefer,35112.0,2025-10-14,0.91314,1.73162,2100.38,2168.590334589205,68.2103345892051,-68.2103345892051,751-1000
TR-045236,Greensboro,Baton Rouge,805.9,Reefer,34090.0,2025-10-14,0.94494,1.75972,1913.71,1957.682929747734,43.97292974773404,-43.97292974773404,751-1000
TR-045237,Phoenix,Lexington,2141.8,Reefer,27258.0,2025-10-14,0.98761,2.00578,4637.6,4402.470566581569,235.1294334184313,235.1294334184313,1500+
TR-045238,Bakersfield,Chattanooga,1973.7,Flatbed,27550.0,2025-10-14,0.90919,2.12326,3959.08,4072.8399974528384,113.75999745283843,-113.75999745283843,1500+
TR-045239,Hartford,New York,117.0,Flatbed,26676.0,2025-10-14,0.93868,1.35378,335.52,326.7011127267664,8.8188872732336,8.8188872732336,0-250
TR-045240,Tucson,Salt Lake City,365.0,Dry Van,30978.0,2025-10-14,0.92611,1.7741,876.72,854.0481067269989,22.67189327300116,22.67189327300116,251-500
TR-045241,Memphis,Kansas City,334.0,Dry Van,31598.0,2025-10-14,0.98355,1.62254,834.23,803.1581498710167,31.07185012898333,31.07185012898333,251-500
TR-045242,Toledo,Lexington,421.8,Dry Van,28126.0,2025-10-14,0.9942,1.85585,976.69,943.4839452890252,33.206054710974854,33.206054710974854,251-500
TR-045243,Albuquerque,Baton Rouge,1224.7,Dry Van,28862.0,2025-10-14,0.92535,2.11691,2517.9,2472.8592747597118,45.04072524028834,45.04072524028834,1001-1500
TR-045244,Philadelphia,Baton Rouge,1468.8,Dry Van,30071.0,2025-10-14,0.91415,2.16185,2900.96,2888.7096807328553,12.250319267144732,12.250319267144732,1001-1500
TR-045245,New York,Memphis,1066.4,Flatbed,28653.0,2025-10-14,0.97468,1.98724,2291.8,2333.35083813702,41.55083813702004,-41.55083813702004,1001-1500
TR-045246,Raleigh,Lexington,510.7,Dry Van,29306.0,2025-10-14,0.98912,1.96132,1109.5,1112.5770956418255,3.077095641825508,-3.077095641825508,501-750
TR-045247,Houston,Tampa,584.1,Flatbed,26062.0,2025-10-14,0.94008,1.74555,1404.53,1399.9548923079226,4.575107692077381,4.575107692077381,501-750
TR-045248,Jacksonville,Harrisburg,744.5,Reefer,37489.0,2025-10-14,0.93759,1.73827,1778.9,1773.5176298813237,5.382370118676363,5.382370118676363,501-750
TR-045249,Washington,Philadelphia,279.6,Dry Van,46592.0,2025-10-14,0.95521,1.75929,672.87,678.7854541784408,5.915454178440768,-5.915454178440768,251-500
TR-045250,Tucson,Washington,2435.3,Dry Van,28596.0,2025-10-14,0.94514,2.34223,4492.99,4512.9243456496,19.93434564959989,-19.93434564959989,1500+
TR-045251,Tucson,Toledo,2058.7,Dry Van,17693.0,2025-10-14,0.92496,2.37893,3691.68,3724.7312809416894,33.05128094168958,-33.05128094168958,1500+
TR-045252,St. Louis,Fresno,1947.0,Reefer,27021.0,2025-10-14,0.92357,2.04566,4106.78,4208.841784459368,102.06178445936803,-102.06178445936803,1500+
TR-045253,Grand Rapids,Baton Rouge,1126.2,Flatbed,25094.0,2025-10-14,0.96186,2.04289,2400.42,2445.1304403021777,44.71044030217763,-44.71044030217763,1001-1500
TR-045254,Amarillo,Greensboro,1443.3,Dry Van,20220.0,2025-10-14,0.92786,2.16015,2829.54,2767.5527099975416,61.987290002458394,61.987290002458394,1001-1500
TR-045255,Tucson,Albuquerque,450.9,Dry Van,26872.0,2025-10-14,0.92973,1.85827,1016.38,1007.1540064054248,9.225993594575243,9.225993594575243,251-500
TR-045256,Greensboro,Houston,940.2,Dry Van,33285.0,2025-10-14,0.94092,2.0041,2068.54,1974.1727973417214,94.36720265827853,94.36720265827853,751-1000
TR-045257,Hartford,Atlanta,985.0,Dry Van,31496.0,2025-10-14,0.94388,2.1186,1985.13,1994.7537717114787,9.62377171147864,-9.62377171147864,751-1000
TR-045258,Shreveport,Providence,1566.2,Dry Van,26392.0,2025-10-14,0.95762,2.29356,1068.71,3021.131971198134,1952.421971198134,-1952.421971198134,1500+
TR-045259,Albany,Baton Rouge,1778.0,Flatbed,37619.0,2025-10-14,0.97459,1.98507,3810.51,3844.5102875922885,34.00028759228826,-34.00028759228826,1500+
TR-045260,Nashville,Albany,1274.6,Reefer,30184.0,2025-10-14,0.92482,1.97789,2759.01,2762.326380823092,3.316380823092004,-3.316380823092004,1001-1500
TR-045261,Syracuse,Bakersfield,2638.3,Dry Van,30292.0,2025-10-14,0.94394,2.27735,4823.0,4865.545459427442,42.54545942744244,-42.54545942744244,1500+
TR-045262,Harrisburg,Corpus Christi,1479.3,Flatbed,33618.0,2025-10-14,0.98098,1.91074,3276.21,3216.8805291120516,59.329470887948446,59.329470887948446,1001-1500
TR-045263,Baton Rouge,Buffalo,1273.3,Dry Van,38586.0,2025-10-14,0.95688,2.11319,2572.11,2588.925380551686,16.81538055168585,-16.81538055168585,1001-1500
TR-045264,Birmingham,Grand Rapids,814.7,Dry Van,27385.0,2025-10-14,0.96639,2.12954,1654.43,1643.1252145043643,11.30478549563577,11.30478549563577,751-1000
TR-045265,Oklahoma City,Jacksonville,963.9,Dry Van,21075.0,2025-10-14,0.91961,2.162,1917.02,1940.7395945711562,23.71959457115622,-23.71959457115622,751-1000
TR-045266,Houston,Memphis,531.8,Dry Van,47500.0,2025-10-14,0.93202,1.74714,1283.37,1251.1163861605767,32.253613839423224,32.253613839423224,501-750
TR-045267,Cincinnati,Baltimore,924.0,Dry Van,28160.0,2025-10-14,0.96646,2.09895,1880.86,1863.7467915953468,17.11320840465305,17.11320840465305,751-1000
TR-045268,Lexington,Little Rock,529.6,Dry Van,29905.0,2025-10-14,0.96774,1.74563,1237.67,1189.6772460847783,47.99275391522178,47.99275391522178,501-750
TR-045269,Milwaukee,Raleigh,797.5,Reefer,36739.0,2025-10-14,0.98643,1.73365,1905.9,1862.0272886928237,43.87271130717636,43.87271130717636,751-1000
TR-045270,Dayton,Jacksonville,646.9,Flatbed,9430.0,2025-10-14,0.9495,1.9542,1394.17,1413.85972706891,19.68972706890986,-19.68972706890986,501-750
TR-045271,New York,Austin,1905.1,Dry Van,47500.0,2025-10-14,0.93949,2.15485,3737.58,3864.042556129589,126.46255612958885,-126.46255612958885,1500+
TR-045272,Buffalo,New York,330.1,Reefer,39372.0,2025-10-14,0.94932,1.52236,870.04,873.9796741069439,3.939674106943926,-3.939674106943926,251-500
TR-045273,Lubbock,Philadelphia,1951.0,Dry Van,39447.0,2025-10-14,0.94232,2.13765,3980.47,3908.257516262642,72.21248373735762,72.21248373735762,1500+
TR-045274,Phoenix,Nashville,1963.8,Flatbed,32660.0,2025-10-14,0.94443,2.06661,4071.09,4232.528824175753,161.43882417575242,-161.43882417575242,1500+
TR-045275,Hartford,Toledo,821.2,Reefer,33807.0,2025-10-14,1.01954,1.91031,1882.03,1897.8438378098408,15.813837809840834,-15.813837809840834,751-1000
TR-045276,Tampa,Atlanta,553.9,Dry Van,29311.0,2025-10-14,0.99364,1.965,1209.75,1243.1827495666503,33.43274956665027,-33.43274956665027,501-750
TR-045277,Milwaukee,Lexington,308.2,Dry Van,36772.0,2025-10-14,0.90264,1.61054,767.46,761.4939549783469,5.966045021653144,5.966045021653144,251-500
TR-045278,Nashville,Oklahoma City,761.0,Reefer,27040.0,2025-10-14,0.99739,1.68447,1889.66,1857.772791246065,31.887208753935056,31.887208753935056,751-1000
TR-045279,Phoenix,Buffalo,2658.5,Reefer,39154.0,2025-10-14,0.91418,2.03191,5580.26,5524.223407436734,56.03659256326591,56.03659256326591,1500+
TR-045280,Tampa,Birmingham,418.8,Dry Van,27097.0,2025-10-14,0.97748,1.77315,968.58,985.1763102522098,16.59631025220972,-16.59631025220972,251-500
TR-045281,Chattanooga,Mobile,310.7,Dry Van,32623.0,2025-10-14,0.91806,1.70095,770.73,781.0215734888847,10.291573488884637,-10.291573488884637,251-500
TR-045282,Baltimore,Detroit,837.0,Dry Van,29034.0,2025-10-14,1.0558,2.15411,1672.5,1704.923914359548,32.42391435954801,-32.42391435954801,751-1000
TR-045283,Lubbock,Buffalo,1648.6,Flatbed,34686.0,2025-10-14,1.01018,2.05416,3460.38,3633.0316425598085,172.65164255980835,-172.65164255980835,1500+
TR-045284,Lexington,Los Angeles,2237.7,Dry Van,31560.0,2025-10-14,0.88202,2.28262,4118.79,4158.951428796691,40.161428796691325,-40.161428796691325,1500+
TR-045285,Oklahoma City,El Paso,803.3,Dry Van,38177.0,2025-10-14,0.92301,1.85858,1817.69,1795.148607970349,22.54139202965098,22.54139202965098,751-1000
TR-045286,Providence,Baton Rouge,1590.7,Dry Van,30170.0,2025-10-14,0.93687,2.10491,9208.2,3074.8090710231386,6133.390928976862,6133.390928976862,1500+
TR-045287,Albuquerque,Atlanta,1552.1,Reefer,29613.0,2025-10-14,0.95957,1.93588,3437.7,3445.7427874232835,8.042787423283698,-8.042787423283698,1500+
TR-045288,Tucson,Tulsa,1275.1,Dry Van,28691.0,2025-10-14,0.90989,2.19264,2495.56,2578.096711578037,82.53671157803683,-82.53671157803683,1001-1500
TR-045289,Atlanta,Charleston,448.6,Dry Van,21773.0,2025-10-14,0.9702,1.93795,994.05,981.1656469165827,12.884353083417295,12.884353083417295,251-500
TR-045290,Indianapolis,Baton Rouge,685.1,Dry Van,37307.0,2025-10-14,0.9416,1.83236,1550.66,1519.9465141231974,30.71348587680268,30.71348587680268,501-750
TR-045291,Baton Rouge,Fort Wayne,1021.7,Reefer,33906.0,2025-10-14,0.98658,1.79323,2390.2,2398.4825592564985,8.282559256498644,-8.282559256498644,1001-1500
TR-045292,Madison,Boston,1253.9,Reefer,40794.0,2025-10-14,0.94843,1.96093,2761.78,2834.7337476946886,72.95374769468845,-72.95374769468845,1001-1500
TR-045293,Harrisburg,El Paso,2155.1,Dry Van,33365.0,2025-10-14,0.89401,2.24728,4010.82,4052.4053500079863,41.58535000798611,-41.58535000798611,1500+
TR-045294,Oklahoma City,Louisville,862.2,Reefer,19004.0,2025-10-14,0.9473,1.82363,2036.02,2021.9981265443535,14.021873455646528,14.021873455646528,751-1000
TR-045295,Chattanooga,Syracuse,891.0,Dry Van,31496.0,2025-10-14,0.95329,2.26547,1705.04,1816.7825707047555,111.74257070475551,-111.74257070475551,751-1000
TR-045296,Jacksonville,Fresno,2400.5,Dry Van,35849.0,2025-10-14,0.98369,2.21175,4648.25,4737.483527003204,89.23352700320356,-89.23352700320356,1500+
TR-045297,Toledo,Milwaukee,307.6,Flatbed,36066.0,2025-10-14,0.92129,1.54083,796.77,808.7948715676616,12.024871567661648,-12.024871567661648,251-500
TR-045298,Los Angeles,Columbia,2375.4,Dry Van,25320.0,2025-10-14,0.93042,2.40949,4085.68,4421.803485121058,336.1234851210579,-336.1234851210579,1500+
TR-045299,Columbia,Buffalo,667.3,Flatbed,23905.0,2025-10-14,0.97541,1.99381,1438.66,1456.8227814091508,18.16278140915074,-18.16278140915074,501-750
TR-045300,Madison,Albany,1122.5,Dry Van,36578.0,2025-10-14,0.96128,2.19299,2203.15,2298.5394619201456,95.38946192014555,-95.38946192014555,1001-1500
TR-045301,Lubbock,Hartford,1956.2,Reefer,40186.0,2025-10-14,0.9399,1.88768,4441.37,4387.035019187626,54.33498081237394,54.33498081237394,1500+
TR-045302,Lexington,Lubbock,1146.3,Reefer,12053.0,2025-10-14,0.91474,1.86099,2615.32,2645.555814860375,30.23581486037483,-30.23581486037483,1001-1500
TR-045303,Fort Wayne,Philadelphia,796.6,Dry Van,38299.0,2025-10-14,0.94664,2.10952,1653.73,1651.7647842659917,1.965215734008325,1.965215734008325,751-1000
TR-045304,Bakersfield,Atlanta,2045.1,Reefer,37025.0,2025-10-14,0.96012,1.91742,4599.84,4435.9270364292415,163.91296357075862,163.91296357075862,1500+
TR-045305,Grand Rapids,Boston,1081.7,Flatbed,31405.0,2025-10-14,0.93001,2.10132,2241.93,2388.441398611828,146.5113986118281,-146.5113986118281,1001-1500
TR-045306,Providence,Albany,557.7,Dry Van,30591.0,2025-10-14,0.97565,2.04802,1162.93,1179.0589321806342,16.128932180634138,-16.128932180634138,501-750
TR-045307,Tucson,Montgomery,1837.8,Flatbed,30580.0,2025-10-14,0.9695,2.01825,3923.5,3898.4221700028597,25.07782999714027,25.07782999714027,1500+
TR-045308,Buffalo,Green Bay,571.0,Reefer,39393.0,2025-10-14,0.92021,1.77651,1356.86,1394.567368535432,37.707368535432124,-37.707368535432124,501-750
TR-045309,Chattanooga,Atlanta,70.0,Dry Van,41811.0,2025-10-14,0.92321,1.09501,211.65,257.5884805307576,45.93848053075757,-45.93848053075757,0-250
TR-045310,Jacksonville,Green Bay,1017.7,Dry Van,43073.0,2025-10-14,1.0558,2.11616,2034.11,2165.4839524541653,131.37395245416542,-131.37395245416542,1001-1500
TR-045311,Charleston,Tampa,706.8,Reefer,39289.0,2025-10-14,0.962,1.62411,1752.33,1735.2506868988833,17.079313101116668,17.079313101116668,501-750
TR-045312,Raleigh,San Antonio,1488.0,Flatbed,45305.0,2025-10-14,1.01156,1.94013,3322.69,3285.161599460653,37.528400539346876,37.528400539346876,1001-1500
TR-045313,Mobile,Amarillo,1113.0,Dry Van,40318.0,2025-10-14,0.93529,1.93488,2466.99,2439.8627260585026,27.12727394149715,27.12727394149715,1001-1500
TR-045314,Raleigh,Grand Rapids,830.3,Dry Van,43157.0,2025-10-14,0.93979,2.03614,1718.44,1731.680194281255,13.240194281254844,-13.240194281254844,751-1000
TR-045315,Little Rock,Buffalo,1045.7,Flatbed,17783.0,2025-10-14,0.95442,2.15917,2108.3,2250.1355688324034,141.83556883240317,-141.83556883240317,1001-1500
TR-045316,Reno,Mobile,2042.4,Flatbed,46529.0,2025-10-14,0.9552,2.07099,4190.59,4285.408627507466,94.81862750746586,-94.81862750746586,1500+
TR-045317,St. Louis,Providence,1295.7,Dry Van,28318.0,2025-10-14,0.99252,2.19771,2555.1,2552.477002692117,2.622997307882997,2.622997307882997,1001-1500
TR-045318,Phoenix,Green Bay,2140.7,Dry Van,32680.0,2025-10-14,0.99737,2.28937,3988.15,3929.871697698791,58.278302301208896,58.278302301208896,1500+
TR-045319,Boston,Grand Rapids,1045.9,Reefer,31629.0,2025-10-14,0.94637,1.97064,2282.3,2382.1220020019196,99.82200200191937,-99.82200200191937,1001-1500
TR-045320,New York,Chattanooga,948.2,Dry Van,34508.0,2025-10-14,0.99932,2.20456,1864.02,1932.8290088662345,68.80900886623454,-68.80900886623454,751-1000
TR-045321,Salt Lake City,Syracuse,2281.8,Dry Van,41010.0,2025-10-14,0.92489,2.23926,4309.49,4394.866062366231,85.37606236623105,-85.37606236623105,1500+
TR-045322,Milwaukee,Tampa,906.4,Dry Van,33066.0,2025-10-14,0.99276,1.9993,1945.1,1870.443341907099,74.6566580929009,74.6566580929009,751-1000
TR-045323,Phoenix,Buffalo,2671.5,Reefer,37366.0,2025-10-14,0.9432,2.09928,5493.16,5527.532810420094,34.37281042009454,-34.37281042009454,1500+
TR-045324,Shreveport,Toledo,910.2,Dry Van,41276.0,2025-10-14,0.95065,1.99416,1952.91,1883.8212381710196,69.08876182898052,69.08876182898052,751-1000
TR-045325,Oklahoma City,Buffalo,1527.6,Dry Van,25535.0,2025-10-14,0.95499,2.30247,2834.36,2986.8022810151324,152.44228101513227,-152.44228101513227,1500+
TR-045326,Tulsa,Austin,490.4,Flatbed,34631.0,2025-10-14,0.9582,1.49243,1281.05,1247.276642068812,33.773357931188,33.773357931188,251-500
TR-045327,Indianapolis,Nashville,288.5,Reefer,34698.0,2025-10-14,0.94969,1.46647,788.0,796.6117572832901,8.611757283290103,-8.611757283290103,251-500
TR-045328,Milwaukee,New York,950.2,Dry Van,22982.0,2025-10-14,0.91704,2.17738,1874.94,1878.2390834249343,3.2990834249342242,-3.2990834249342242,751-1000
TR-045329,Syracuse,Jacksonville,995.8,Dry Van,39484.0,2025-10-14,0.98475,2.11867,2027.7,2076.241212076704,48.541212076703914,-48.541212076703914,751-1000
TR-045330,Indianapolis,Tucson,1715.0,Dry Van,16179.0,2025-10-14,0.9343,2.33229,3071.43,3330.443484998733,259.013484998733,-259.013484998733,1500+
TR-045331,Houston,Philadelphia,1593.9,Flatbed,38274.0,2025-10-14,0.97524,1.88359,3532.28,3421.0339153206146,111.2460846793856,111.2460846793856,1500+
TR-045332,Tucson,El Paso,291.6,Reefer,18778.0,2025-10-14,0.95219,1.60136,753.38,777.2904758943278,23.91047589432776,-23.91047589432776,251-500
TR-045333,Richmond,San Antonio,1614.3,Dry Van,41599.0,2025-10-14,1.0558,2.15568,3193.71,3346.631315654859,152.92131565485897,-152.92131565485897,1500+
TR-045334,Tucson,Nashville,1722.7,Dry Van,45818.0,2025-10-14,0.93304,2.07831,3520.42,3581.42562978368,61.00562978367998,-61.00562978367998,1500+
TR-045335,Greensboro,Baltimore,666.3,Dry Van,38565.0,2025-10-14,0.9648,1.96247,1464.04,1433.96855619201,30.07144380798991,30.07144380798991,501-750
TR-045336,Philadelphia,Phoenix,2864.4,Reefer,17816.0,2025-10-14,0.96042,2.25282,5606.16,5604.318462387025,1.8415376129751166,1.8415376129751166,1500+
TR-045337,Albany,Phoenix,3084.8,Reefer,27567.0,2025-10-14,0.94789,2.16354,6049.66,6141.440421207603,91.78042120760347,-91.78042120760347,1500+
TR-045338,San Antonio,Raleigh,1492.6,Dry Van,32961.0,2025-10-14,0.92076,2.12752,3055.38,2988.735527580146,66.64447241985408,66.64447241985408,1001-1500
TR-045339,Milwaukee,Detroit,427.2,Dry Van,23543.0,2025-10-14,0.95539,1.99938,913.33,919.5724023407513,6.242402340751255,-6.242402340751255,251-500
TR-045340,Greensboro,Savannah,213.4,Reefer,42139.0,2025-10-14,0.91907,1.31793,616.61,628.1942588983377,11.58425889833768,-11.58425889833768,0-250
TR-045341,Reno,Philadelphia,2761.9,Flatbed,25668.0,2025-10-14,0.96693,2.34072,5064.85,5251.321868369193,186.47186836919263,-186.47186836919263,1500+
TR-045342,Salt Lake City,Reno,520.8,Dry Van,31644.0,2025-10-14,0.97714,1.86213,1176.84,1148.94786920405,27.892130795949925,27.892130795949925,501-750
TR-045343,Grand Rapids,San Antonio,1344.2,Reefer,39222.0,2025-10-14,0.9604,1.90034,3065.85,3122.7461405553204,56.89614055532047,-56.89614055532047,1001-1500
TR-045344,Bakersfield,New Orleans,1678.5,Dry Van,30165.0,2025-10-14,0.94847,2.11752,3328.78,3368.225864685305,39.44586468530497,-39.44586468530497,1500+
TR-045345,Milwaukee,Memphis,342.5,Dry Van,25427.0,2025-10-14,0.93106,1.81176,804.05,783.1017049862003,20.94829501379968,20.94829501379968,251-500
TR-045346,Atlanta,Oklahoma City,889.0,Dry Van,35205.0,2025-10-14,0.9244,1.91505,1987.31,1908.5808700360296,78.72912996397031,78.72912996397031,751-1000
TR-045347,Houston,Harrisburg,1285.7,Dry Van,28807.0,2025-10-14,0.94654,2.16458,2500.22,2512.727493268045,12.507493268044982,-12.507493268044982,1001-1500
TR-045348,Phoenix,Nashville,1949.8,Flatbed,29788.0,2025-10-14,0.97765,2.00491,4179.65,4184.687329067244,5.037329067244173,-5.037329067244173,1500+
TR-045349,Corpus Christi,Atlanta,844.3,Dry Van,47500.0,2025-10-15,1.06996,1.89928,1914.6,1875.5626694733926,39.03733052660732,39.03733052660732,751-1000
TR-045350,Philadelphia,Charleston,619.5,Flatbed,35354.0,2025-10-15,1.0029,1.72166,1450.77,1487.1984322536698,36.428432253669826,-36.428432253669826,501-750
TR-045351,San Antonio,Louisville,975.0,Dry Van,38510.0,2025-10-15,1.06182,1.91802,2136.84,2117.9758965469664,18.86410345303375,18.86410345303375,751-1000
TR-045352,Philadelphia,Cincinnati,904.1,Dry Van,23919.0,2025-10-15,1.00207,2.11457,1822.83,1777.0382885387255,45.79171146127442,45.79171146127442,751-1000
TR-045353,Buffalo,Hartford,441.5,Dry Van,23350.0,2025-10-15,0.98934,2.01858,932.17,955.9012547655307,23.731254765530707,-23.731254765530707,251-500
TR-045354,Nashville,Baton Rouge,525.4,Dry Van,42223.0,2025-10-15,1.03574,1.75555,1251.37,1216.3145287801349,35.05547121986501,35.05547121986501,501-750
TR-045355,Phoenix,Oklahoma City,1247.0,Dry Van,35807.0,2025-10-15,1.0177,1.9914,2684.76,2634.7920135733557,49.96798642664453,49.96798642664453,1001-1500
TR-045356,Louisville,Montgomery,487.7,Dry Van,34827.0,2025-10-15,1.06278,1.86823,1123.71,1132.5143499157034,8.80434991570337,-8.80434991570337,251-500
TR-045357,Memphis,Lexington,333.8,Flatbed,30509.0,2025-10-15,1.03793,1.54537,881.42,859.1689622668088,22.251037733191197,22.251037733191197,251-500
TR-045358,Oklahoma City,Little Rock,516.9,Reefer,23643.0,2025-10-15,1.05386,1.52839,1355.77,1297.4907237255584,58.2792762744416,58.2792762744416,501-750
TR-045359,Columbia,Richmond,526.0,Dry Van,44934.0,2025-10-15,1.0397,1.82618,1204.07,1190.3711091644059,13.698890835594057,13.698890835594057,501-750
TR-045360,Milwaukee,Nashville,366.1,Dry Van,32566.0,2025-10-15,0.99593,1.82801,861.53,849.670147247391,11.859852752608958,11.859852752608958,251-500
TR-045361,Grand Rapids,St. Louis,473.2,Flatbed,40139.0,2025-10-15,1.06295,1.66251,1178.27,1192.3246841679775,14.054684167977484,-14.054684167977484,251-500
TR-045362,Memphis,Shreveport,324.0,Reefer,39191.0,2025-10-15,1.05284,1.18108,961.45,919.0360041042233,42.41399589577679,42.41399589577679,251-500
TR-045363,Oklahoma City,Fresno,1412.1,Reefer,38862.0,2025-10-15,1.03192,1.85798,3272.45,3341.6337286995945,69.18372869959467,-69.18372869959467,1001-1500
TR-045364,Syracuse,Los Angeles,2731.0,Reefer,37790.0,2025-10-15,1.01119,2.15095,5462.43,5696.6374950601485,234.20749506014818,-234.20749506014818,1500+
TR-045365,Raleigh,Phoenix,2680.5,Dry Van,43530.0,2025-10-15,1.02389,2.25326,5007.73,5083.916963189347,76.18696318934781,-76.18696318934781,1500+
TR-045366,Detroit,Columbia,716.2,Flatbed,36936.0,2025-10-15,1.00112,1.76285,1699.95,1637.774123671987,62.175876328013146,62.175876328013146,501-750
TR-045367,Buffalo,Richmond,327.9,Dry Van,36313.0,2025-10-15,1.03556,1.75856,779.9,789.2826807350386,9.382680735038662,-9.382680735038662,251-500
TR-045368,Mobile,New York,1180.2,Reefer,31251.0,2025-10-15,1.03094,1.84869,2716.26,2692.146373368614,24.11362663138607,24.11362663138607,1001-1500
TR-045369,Raleigh,Las Vegas,2506.4,Dry Van,47500.0,2025-10-15,1.06978,2.20806,4877.5,4881.47879179893,3.9787917989297057,-3.9787917989297057,1500+
TR-045370,Hartford,Bakersfield,2886.1,Dry Van,25635.0,2025-10-15,1.0458,2.31343,5287.91,5156.936967890825,130.9730321091747,130.9730321091747,1500+
TR-045371,Birmingham,Little Rock,372.1,Flatbed,34100.0,2025-10-15,1.04011,1.45934,1009.32,963.9659515735412,45.3540484264588,45.3540484264588,251-500
TR-045372,Salt Lake City,Fort Wayne,1763.5,Flatbed,39016.0,2025-10-15,1.00081,2.13192,3554.36,3855.162507849959,300.80250784995906,-300.80250784995906,1500+
TR-045373,El Paso,Montgomery,1598.8,Reefer,34528.0,2025-10-15,1.00791,1.81433,3644.6,3563.86300662705,80.73699337295011,80.73699337295011,1500+
TR-045374,Reno,Richmond,2596.3,Reefer,33775.0,2025-10-15,1.02233,2.09258,5404.21,5413.931850422455,9.721850422454736,-9.721850422454736,1500+
TR-045375,Grand Rapids,Columbia,745.8,Dry Van,31560.0,2025-10-15,1.06302,1.92725,1655.51,1552.8011961933712,102.7088038066288,102.7088038066288,501-750
TR-045376,Charleston,Cincinnati,550.4,Dry Van,44575.0,2025-10-15,1.0553,1.77534,1309.36,1266.3536515658313,43.00634843416856,43.00634843416856,501-750
TR-045377,Fresno,Fort Wayne,2294.0,Dry Van,14600.0,2025-10-15,1.05126,2.3588,4165.83,4145.7572527727625,20.072747227237414,20.072747227237414,1500+
TR-045378,Green Bay,Phoenix,2171.2,Dry Van,29782.0,2025-10-15,1.03811,2.35721,4006.28,4001.879678467478,4.400321532522412,4.400321532522412,1500+
TR-045379,Cincinnati,Jacksonville,450.9,Dry Van,39914.0,2025-10-15,1.0151,1.81717,1061.61,1044.6735580965776,16.936441903422292,16.936441903422292,251-500
TR-045380,Hartford,Lubbock,1984.4,Flatbed,38419.0,2025-10-15,0.9914,1.99905,4242.9,4348.071364215478,105.1713642154782,-105.1713642154782,1500+
TR-045381,Boston,Savannah,940.5,Dry Van,32189.0,2025-10-15,1.01991,2.09623,1951.97,1935.640632800372,16.329367199627995,16.329367199627995,751-1000
TR-045382,Greensboro,Columbia,119.6,Flatbed,22083.0,2025-10-15,1.04229,1.20097,348.2,360.3194385343727,12.119438534372705,-12.119438534372705,0-250
TR-045383,Buffalo,New York,324.7,Reefer,26111.0,2025-10-15,1.02752,1.56859,834.92,830.4814551120814,4.4385448879185105,4.4385448879185105,251-500
TR-045384,New York,El Paso,2336.4,Dry Van,30846.0,2025-10-15,1.04735,2.28925,4519.53,4539.078953995529,19.5489539955297,-19.5489539955297,1500+
TR-045385,Greensboro,Baltimore,684.3,Reefer,29214.0,2025-10-15,1.02162,1.74618,1659.11,1619.7455114770385,39.36448852296144,39.36448852296144,501-750
TR-045386,Tampa,Chattanooga,570.4,Dry Van,15536.0,2025-10-15,1.05083,1.98574,1214.48,1240.7565097857505,26.276509785750477,-26.276509785750477,501-750
TR-045387,Charleston,Tulsa,1006.6,Reefer,24397.0,2025-10-15,1.00215,1.71053,2442.56,2291.1641654799964,151.39583452000352,151.39583452000352,1001-1500
TR-045388,Phoenix,Houston,1519.0,Dry Van,16137.0,2025-10-15,1.02004,2.19745,2936.44,3061.5377423453833,125.09774234538327,-125.09774234538327,1500+
TR-045389,Hartford,Syracuse,402.2,Dry Van,26880.0,2025-10-15,1.02611,1.9598,864.31,885.1445470433744,20.834547043374414,-20.834547043374414,251-500
TR-045390,Toledo,Salt Lake City,1877.7,Dry Van,43751.0,2025-10-15,1.03133,2.18133,3734.02,3824.4462021199206,90.42620211992062,-90.42620211992062,1500+
TR-045391,Nashville,Los Angeles,2038.4,Dry Van,41661.0,2025-10-15,1.04617,2.21646,3996.08,4036.680950455217,40.60095045521712,-40.60095045521712,1500+
TR-045392,Fort Wayne,Raleigh,673.9,Reefer,16333.0,2025-10-15,0.9997,1.96335,1501.44,1511.4807257843147,10.040725784314645,-10.040725784314645,501-750
TR-045393,Tucson,Tampa,1845.6,Dry Van,35600.0,2025-10-15,1.01385,2.14589,3618.32,3671.424612662039,53.10461266203902,-53.10461266203902,1500+
TR-045394,Cincinnati,Milwaukee,232.1,Dry Van,38270.0,2025-10-15,1.04317,1.56656,600.5,591.5996256827054,8.900374317294563,8.900374317294563,0-250
TR-045395,Houston,Grand Rapids,1172.7,Dry Van,39348.0,2025-10-15,1.0357,2.02332,2508.4,2462.085169406773,46.31483059322727,46.31483059322727,1001-1500
TR-045396,Fort Wayne,Oklahoma City,1136.6,Reefer,37325.0,2025-10-15,1.0139,1.79314,2661.47,2727.156430161555,65.68643016155511,-65.68643016155511,1001-1500
TR-045397,Cincinnati,Baton Rouge,692.7,Reefer,39517.0,2025-10-15,1.00048,1.53934,1813.6,1723.7647105314843,89.83528946851561,89.83528946851561,501-750
TR-045398,Memphis,Dayton,434.5,Dry Van,37083.0,2025-10-15,1.02128,1.74395,1056.38,1029.1321149083788,27.247885091621356,27.247885091621356,251-500
TR-045399,Phoenix,Los Angeles,70.0,Reefer,16684.0,2025-10-15,1.01362,1.0235,216.75,268.0173220001848,51.26732200018478,-51.26732200018478,0-250
TR-045400,Baltimore,Atlanta,911.1,Dry Van,20364.0,2025-10-15,1.02987,2.1854,1788.8,1786.4568085897833,2.3431914102166047,2.3431914102166047,751-1000
TR-045401,Toledo,Richmond,580.0,Dry Van,39061.0,2025-10-15,1.00502,2.01749,1232.16,1261.9231457201106,29.763145720110515,-29.763145720110515,501-750
TR-045402,Corpus Christi,Oklahoma City,338.5,Dry Van,27508.0,2025-10-15,1.03094,1.63881,853.57,829.6617174469686,23.908282553031427,23.908282553031427,251-500
TR-045403,Shreveport,Savannah,688.2,Dry Van,37020.0,2025-10-15,1.04911,1.92248,1564.33,1539.5682253107805,24.761774689219465,24.761774689219465,501-750
TR-045404,Harrisburg,Columbia,537.2,Reefer,34105.0,2025-10-15,0.9972,1.56777,1378.98,1349.8510891800474,29.12891081995258,29.12891081995258,501-750
TR-045405,Reno,Columbia,2289.8,Flatbed,24211.0,2025-10-15,1.0692,2.1299,4506.19,4561.560031618442,55.370031618442226,-55.370031618442226,1500+
TR-045406,Baton Rouge,Louisville,663.2,Flatbed,47500.0,2025-10-15,1.01812,1.66271,1653.47,1557.5568537764943,95.91314622350569,95.91314622350569,501-750
TR-045407,Indianapolis,Greensboro,458.9,Dry Van,26508.0,2025-10-15,1.01077,1.91738,1038.39,1008.3502211006621,30.03977889933799,30.03977889933799,251-500
TR-045408,Albany,San Antonio,2094.4,Flatbed,47108.0,2025-10-15,1.04467,2.05569,4400.24,4457.68366310866,57.443663108660076,-57.443663108660076,1500+
TR-045409,Charleston,New Orleans,883.5,Dry Van,27380.0,2025-10-15,1.02702,2.01563,1876.83,1831.9860325360119,44.843967463988065,44.843967463988065,751-1000
TR-045410,Lexington,Jacksonville,411.2,Reefer,28773.0,2025-10-15,1.02988,1.52884,1089.43,1068.2784323521103,21.151567647889806,21.151567647889806,251-500
TR-045411,Grand Rapids,Cincinnati,536.9,Flatbed,38980.0,2025-10-15,1.01341,1.6553,1332.19,1317.2112165368005,14.978783463199534,14.978783463199534,501-750
TR-045412,Toledo,Greensboro,496.6,Dry Van,24507.0,2025-10-15,1.00507,2.05334,1053.6,1063.3143845822494,9.714384582249522,-9.714384582249522,251-500
TR-045413,Hartford,Raleigh,500.9,Dry Van,43481.0,2025-10-15,1.04599,1.87086,1152.67,1128.9559027960472,23.71409720395286,23.71409720395286,501-750
TR-045414,Providence,Bakersfield,3058.2,Reefer,36146.0,2025-10-15,1.00074,2.0531,6475.22,6365.664613834651,109.55538616534886,109.55538616534886,1500+
TR-045415,Greensboro,Hartford,748.9,Flatbed,27072.0,2025-10-15,1.06849,2.01206,1605.1,1658.7085758611272,53.60857586112729,-53.60857586112729,501-750
TR-045416,Tulsa,Los Angeles,1572.5,Dry Van,36307.0,2025-10-15,1.01854,2.06757,3212.24,3207.5843399839287,4.655660016071124,4.655660016071124,1500+
TR-045417,Atlanta,Nashville,158.6,Dry Van,35844.0,2025-10-15,1.02434,1.38964,436.33,426.49031743886,9.839682561139966,9.839682561139966,0-250
TR-045418,Grand Rapids,Oklahoma City,1248.0,Reefer,21133.0,2025-10-15,1.06168,2.00741,2740.89,2751.3162871784443,10.426287178444454,-10.426287178444454,1001-1500
TR-045419,Savannah,Dayton,566.1,Reefer,30448.0,2025-10-15,1.05078,1.77099,4350.23,1356.196832810384,2994.0331671896156,2994.0331671896156,501-750
TR-045420,Milwaukee,Green Bay,398.6,Dry Van,31793.0,2025-10-15,1.07539,1.77233,944.01,896.8998089601018,47.110191039898154,47.110191039898154,251-500
TR-045421,Kansas City,Bakersfield,1685.1,Flatbed,31496.0,2025-10-15,1.04372,2.04583,3563.89,3698.6644624881274,134.77446248812748,-134.77446248812748,1500+
TR-045422,Fort Wayne,Richmond,599.1,Dry Van,26357.0,2025-10-15,1.00002,2.07333,1255.95,1253.3777480543856,2.5722519456144255,2.5722519456144255,501-750
TR-045423,Charleston,Shreveport,871.3,Reefer,25705.0,2025-10-15,1.00738,1.82068,2041.12,2036.1276657936623,4.992334206337546,4.992334206337546,751-1000
TR-045424,Detroit,Indianapolis,521.2,Reefer,47500.0,2025-10-15,1.04101,1.56924,1346.17,1281.7268564648707,64.44314353512937,64.44314353512937,501-750
TR-045425,Mobile,Boston,1402.1,Flatbed,41610.0,2025-10-15,1.00826,1.95345,568.26,3080.7019286863124,2512.441928686312,-2512.441928686312,1001-1500
TR-045426,Corpus Christi,Toledo,1320.8,Flatbed,46310.0,2025-10-15,1.01044,1.96023,2903.57,2916.4448192632476,12.874819263247446,-12.874819263247446,1001-1500
TR-045427,Columbia,Los Angeles,2289.1,Dry Van,30491.0,2025-10-15,1.05314,2.23143,4389.3,4363.945908008466,25.354091991534006,25.354091991534006,1500+
TR-045428,Cincinnati,Amarillo,1242.2,Dry Van,34054.0,2025-10-15,1.06194,2.02906,2617.61,2645.994367903065,28.384367903064685,-28.384367903064685,1001-1500
TR-045429,Cincinnati,Tulsa,631.0,Dry Van,38196.0,2025-10-15,1.06203,1.75604,1498.27,1434.3484167679917,63.92158323200829,63.92158323200829,501-750
TR-045430,Albuquerque,Birmingham,1463.8,Dry Van,30570.0,2025-10-15,1.01917,2.12895,2985.02,2949.266170972398,35.75382902760202,35.75382902760202,1001-1500
TR-045431,Fort Wayne,Mobile,810.0,Reefer,30835.0,2025-10-15,1.06188,1.73161,1930.62,1892.2587186361084,38.36128136389152,38.36128136389152,751-1000
TR-045432,Bakersfield,Austin,1224.5,Dry Van,46040.0,2025-10-15,1.04803,1.9973,2661.22,2616.340293370786,44.879706629213615,44.879706629213615,1001-1500
TR-045433,Los Angeles,Reno,926.4,Flatbed,33234.0,2025-10-15,1.00048,1.87181,2045.72,2099.872609038657,54.15260903865715,-54.15260903865715,751-1000
TR-045434,Lexington,Milwaukee,316.1,Reefer,19999.0,2025-10-15,1.0276,1.48054,842.96,807.555590999915,35.404409000085025,35.404409000085025,251-500
TR-045435,Nashville,Philadelphia,1038.7,Dry Van,38718.0,2025-10-15,0.99679,2.0287,2152.99,2154.5821974910036,1.5921974910038443,-1.5921974910038443,1001-1500
TR-045436,Amarillo,Las Vegas,755.9,Flatbed,31444.0,2025-10-15,1.04707,1.86231,1744.7,1798.4050659179286,53.70506591792855,-53.70506591792855,751-1000
TR-045437,Chattanooga,San Antonio,891.0,Flatbed,38449.0,2025-10-15,1.0473,1.67405,2181.82,2127.8240607787757,53.99593922122449,53.99593922122449,751-1000
TR-045438,Oklahoma City,Milwaukee,896.8,Dry Van,25295.0,2025-10-15,1.03671,2.04393,1907.86,1834.64238045531,73.2176195446898,73.2176195446898,751-1000
TR-045439,Amarillo,Charleston,1654.7,Dry Van,33202.0,2025-10-15,1.02572,2.17597,3295.14,3373.521038221653,78.38103822165294,-78.38103822165294,1500+
TR-045440,Fort Wayne,Washington,559.3,Reefer,30579.0,2025-10-15,1.00278,1.73212,1364.09,1314.960909147036,49.12909085296383,49.12909085296383,501-750
TR-045441,Oklahoma City,Milwaukee,904.7,Reefer,22788.0,2025-10-15,1.05077,1.83483,2087.79,2059.0587162407246,28.731283759275357,28.731283759275357,751-1000
TR-045442,Green Bay,Lexington,630.7,Reefer,39954.0,2025-10-15,1.02183,1.66529,1556.11,1545.5318428158555,10.578157184144402,10.578157184144402,501-750
TR-045443,Lubbock,Mobile,798.2,Flatbed,36929.0,2025-10-15,1.02368,1.73671,1944.75,1908.7868897585795,35.96311024142051,35.96311024142051,751-1000
TR-045444,Little Rock,Lubbock,661.9,Dry Van,32021.0,2025-10-15,1.05804,1.85537,1512.28,1444.1240312643026,68.15596873569734,68.15596873569734,501-750
TR-045445,Columbia,Las Vegas,2079.7,Dry Van,22344.0,2025-10-15,1.03768,2.27918,3926.13,3824.1563179197283,101.97368208027183,101.97368208027183,1500+
TR-045446,Lexington,Atlanta,194.8,Dry Van,23332.0,2025-10-15,1.00959,1.69975,483.85,513.324738045162,29.474738045161985,-29.474738045161985,0-250
TR-045447,Kansas City,Toledo,467.6,Reefer,28908.0,2025-10-15,1.02252,1.72084,1165.76,1145.2225732287768,20.53742677122318,20.53742677122318,251-500
TR-045448,Atlanta,Grand Rapids,704.4,Dry Van,25000.0,2025-10-15,1.01532,2.1486,1438.61,1414.366029492139,24.243970507860922,24.243970507860922,501-750
TR-045449,Syracuse,Cincinnati,775.0,Reefer,15267.0,2025-10-15,1.0056,1.95216,1692.84,1732.3125734123298,39.47257341232989,-39.47257341232989,751-1000
TR-045450,Jacksonville,Mobile,282.3,Dry Van,40813.0,2025-10-15,1.04449,1.45478,754.63,735.2678837860203,19.362116213979675,19.362116213979675,251-500
TR-045451,Little Rock,Kansas City,431.1,Dry Van,25582.0,2025-10-15,1.01691,1.81477,1004.61,983.4227567811854,21.187243218814615,21.187243218814615,251-500
TR-045452,Corpus Christi,Louisville,912.0,Flatbed,36368.0,2025-10-15,0.98284,1.7008,2234.84,2092.7653962492864,142.07460375071378,142.07460375071378,751-1000
TR-045453,El Paso,Mobile,1508.6,Dry Van,24535.0,2025-10-15,1.03301,2.12856,2952.3,2985.028328462939,32.72832846293886,-32.72832846293886,1500+
TR-045454,Columbia,New York,769.8,Dry Van,21826.0,2025-10-15,1.02777,2.18355,1533.52,1555.528894018779,22.008894018779074,-22.008894018779074,751-1000
TR-045455,New York,Bakersfield,2729.6,Flatbed,18329.0,2025-10-15,1.02341,2.19518,5166.25,5341.843567810027,175.5935678100268,-175.5935678100268,1500+
TR-045456,Oklahoma City,Reno,1424.0,Reefer,35935.0,2025-10-15,1.04331,1.84909,3281.89,3325.9730442475598,44.08304424755988,-44.08304424755988,1001-1500
TR-045457,Raleigh,Lexington,527.0,Flatbed,39945.0,2025-10-15,1.02831,1.72763,1269.99,1287.3542908728327,17.364290872832726,-17.364290872832726,501-750
TR-045458,Columbia,Phoenix,2321.9,Dry Van,22719.0,2025-10-15,1.03329,2.31864,4306.25,4321.189425926073,14.939425926073454,-14.939425926073454,1500+
TR-045459,Oklahoma City,Grand Rapids,1244.3,Dry Van,23174.0,2025-10-15,1.03996,2.2105,2476.61,2434.916338074771,41.69366192522921,41.69366192522921,1001-1500
TR-045460,Green Bay,Tucson,2016.4,Dry Van,25128.0,2025-10-15,1.0503,2.22101,3778.62,3757.733271864127,20.886728135873,20.886728135873,1500+
TR-045461,Shreveport,Bakersfield,1611.3,Flatbed,17285.0,2025-10-15,1.00679,2.05383,3385.62,3403.795500840867,18.175500840867244,-18.175500840867244,1500+
TR-045462,Nashville,Detroit,738.9,Reefer,22917.0,2025-10-15,1.03751,1.83472,1681.07,1679.7904143578448,1.279585642155098,1.279585642155098,501-750
TR-045463,Phoenix,Jacksonville,2235.8,Dry Van,29005.0,2025-10-15,1.00643,2.19227,4294.8,4189.2891719895815,105.51082801041866,105.51082801041866,1500+
TR-045464,Corpus Christi,Savannah,1033.8,Reefer,45759.0,2025-10-15,1.07201,1.70831,2564.43,2511.910174126626,52.519825873373975,52.519825873373975,1001-1500
TR-045465,Dayton,Toledo,200.7,Dry Van,29581.0,2025-10-15,0.97379,1.70557,501.67,524.6196044283599,22.94960442835992,-22.94960442835992,0-250
TR-045466,Amarillo,Los Angeles,948.3,Flatbed,33299.0,2025-10-15,1.04589,1.79003,2247.19,2187.73543401998,59.45456598002011,59.45456598002011,751-1000
TR-045467,Salt Lake City,Columbia,2046.4,Reefer,34506.0,2025-10-15,1.04315,1.96428,4562.17,4451.883788337691,110.28621166230914,110.28621166230914,1500+
TR-045468,Corpus Christi,Phoenix,1440.1,Flatbed,38792.0,2025-10-15,1.00702,1.85666,3238.99,3216.689455633702,22.3005443662978,22.3005443662978,1001-1500
TR-045469,Indianapolis,Dallas,654.2,Dry Van,47166.0,2025-10-15,0.96692,1.91758,1493.13,1427.7073834572489,65.42261654275126,65.42261654275126,501-750
TR-045470,Madison,Shreveport,753.4,Dry Van,32416.0,2025-10-15,1.04224,2.00971,1602.83,1625.6413688714274,22.811368871427476,-22.811368871427476,751-1000
TR-045471,Fort Wayne,St. Louis,384.9,Dry Van,34981.0,2025-10-15,1.03146,1.72018,928.05,894.396847258049,33.653152741950976,33.653152741950976,251-500
TR-045472,Reno,Lexington,2077.4,Dry Van,41544.0,2025-10-15,1.02514,2.27393,3913.99,3997.3702134139153,83.3802134139155,-83.3802134139155,1500+
TR-045473,Dallas,Phoenix,1544.3,Dry Van,18176.0,2025-10-15,1.01309,2.22803,2990.47,3042.425670054991,51.95567005499106,-51.95567005499106,1500+
TR-045474,Little Rock,Harrisburg,996.1,Reefer,24718.0,2025-10-15,1.01668,1.88557,2214.62,2215.878814395153,1.2588143951529673,-1.2588143951529673,751-1000
TR-045475,Mobile,Milwaukee,626.6,Dry Van,21304.0,2025-10-15,1.01806,2.06314,1323.68,1341.5597821480803,17.879782148080267,-17.879782148080267,501-750
TR-045476,Tulsa,Lexington,720.2,Reefer,39634.0,2025-10-15,1.01333,1.57204,1844.13,1772.9386462967723,71.19135370322783,71.19135370322783,501-750
TR-045477,Atlanta,Dayton,412.5,Dry Van,31787.0,2025-10-15,1.01017,1.90088,932.44,961.7718357130211,29.331835713021064,-29.331835713021064,251-500
TR-045478,Grand Rapids,Toledo,181.2,Dry Van,38135.0,2025-10-15,0.99059,1.59166,474.27,480.3418882318888,6.071888231888806,-6.071888231888806,0-250
TR-045479,Buffalo,Little Rock,1063.2,Dry Van,37577.0,2025-10-15,1.03845,2.05141,2227.05,2240.067118322261,13.017118322261013,-13.017118322261013,1001-1500
TR-045480,Memphis,Richmond,851.5,Reefer,47500.0,2025-10-15,1.02307,1.69221,2089.72,2044.5544777485345,45.16552225146529,45.16552225146529,751-1000
TR-045481,San Francisco,Raleigh,2900.2,Dry Van,7816.0,2025-10-15,1.03357,2.38557,5134.16,4944.537454170277,189.6225458297231,189.6225458297231,1500+
TR-045482,Hartford,Atlanta,983.6,Flatbed,40639.0,2025-10-15,1.02084,1.95019,2193.66,2230.03537692239,36.37537692238993,-36.37537692238993,751-1000
TR-045483,Albany,Syracuse,361.6,Dry Van,32774.0,2025-10-15,1.03637,2.01159,794.02,814.7412592726389,20.721259272638918,-20.721259272638918,251-500
TR-045484,Greensboro,Columbia,153.8,Dry Van,34198.0,2025-10-15,1.00256,1.46388,1971.21,415.2925205173429,1555.9174794826572,1555.9174794826572,0-250
TR-045485,Salt Lake City,Nashville,1670.1,Reefer,28546.0,2025-10-15,1.08076,1.89068,3702.06,3730.1071328291664,28.047132829166458,-28.047132829166458,1500+
TR-045486,Savannah,Cincinnati,422.8,Dry Van,34475.0,2025-10-15,1.00142,1.82187,999.32,994.8802803416144,4.439719658385684,4.439719658385684,251-500
TR-045487,Los Angeles,Mobile,2051.9,Dry Van,30880.0,2025-10-15,1.00986,2.16591,4097.51,3921.3969266923036,176.1130733076966,176.1130733076966,1500+
TR-045488,Milwaukee,Los Angeles,2100.3,Flatbed,21190.0,2025-10-15,1.01199,2.11888,4235.68,4023.069773120807,212.6102268791933,212.6102268791933,1500+
TR-045489,Boston,Memphis,1353.0,Dry Van,32694.0,2025-10-15,1.01733,2.1143,2724.75,2710.547149339701,14.202850660299191,14.202850660299191,1001-1500
TR-045490,Columbia,Albany,1088.1,Dry Van,23840.0,2025-10-15,1.03293,2.25217,2087.54,2122.3807833245774,34.84078332457739,-34.84078332457739,1001-1500
TR-045491,Baton Rouge,Birmingham,486.5,Flatbed,45408.0,2025-10-15,1.03508,1.61796,1258.93,1252.4812664902659,6.448733509734211,6.448733509734211,251-500
TR-045492,Grand Rapids,Oklahoma City,1186.3,Dry Van,27309.0,2025-10-15,1.02579,2.22425,2343.06,2410.275093513599,67.21509351359919,-67.21509351359919,1001-1500
TR-045493,Grand Rapids,Los Angeles,2320.9,Dry Van,41623.0,2025-10-15,1.00059,2.20655,4341.53,4486.21219517845,144.68219517845046,-144.68219517845046,1500+
TR-045494,Albuquerque,Grand Rapids,1554.1,Flatbed,38770.0,2025-10-15,1.01226,2.02512,3346.88,3388.808670529937,41.92867052993688,-41.92867052993688,1500+
TR-045495,Tulsa,Nashville,504.1,Dry Van,35664.0,2025-10-15,1.01939,1.7197,1193.64,1178.383140361779,15.256859638221158,15.256859638221158,501-750
TR-045496,Hartford,Mobile,1203.0,Reefer,27437.0,2025-10-16,1.0711,1.9037,2724.36,2704.0358879399873,20.324112060012794,20.324112060012794,1001-1500
TR-045497,Las Vegas,Oklahoma City,1137.4,Flatbed,21143.0,2025-10-16,1.08634,1.90952,2533.06,2529.827475606009,3.2325243939908432,3.2325243939908432,1001-1500
TR-045498,Greensboro,Shreveport,706.4,Flatbed,43780.0,2025-10-16,1.0549,1.73667,1699.44,1673.7171845314926,25.722815468507406,25.722815468507406,501-750
TR-045499,Tampa,Phoenix,2067.5,Reefer,28387.0,2025-10-16,1.01984,1.95968,4527.85,4388.647496570103,139.20250342989766,139.20250342989766,1500+
TR-045500,Mobile,Boston,1366.9,Dry Van,31915.0,2025-10-16,1.05143,2.20233,2720.36,2749.372371290024,29.01237129002402,-29.01237129002402,1001-1500
TR-045501,Atlanta,Tucson,1859.0,Flatbed,14218.0,2025-10-16,1.05806,2.1193,3737.89,3775.269797111245,37.37979711124535,-37.37979711124535,1500+
TR-045502,Memphis,Columbia,427.6,Dry Van,32176.0,2025-10-16,1.05859,1.80189,1006.55,987.3005381844192,19.24946181558073,19.24946181558073,251-500
TR-045503,Syracuse,San Francisco,2874.0,Flatbed,33835.0,2025-10-16,1.02404,2.18743,5553.58,5694.091894877741,140.51189487774081,-140.51189487774081,1500+
TR-045504,Mobile,Cincinnati,457.7,Dry Van,23278.0,2025-10-16,1.06424,1.84758,1047.23,1033.9413231036963,13.288676896303741,13.288676896303741,251-500
TR-045505,Madison,Bakersfield,1773.3,Dry Van,36842.0,2025-10-16,1.03918,2.15091,3512.86,3562.615995489841,49.7559954898411,-49.7559954898411,1500+
TR-045506,Mobile,Baton Rouge,327.2,Dry Van,23776.0,2025-10-16,1.04448,1.59559,834.1,816.7564258730658,17.343574126934186,17.343574126934186,251-500
TR-045507,Corpus Christi,Bakersfield,1452.3,Dry Van,33462.0,2025-10-16,1.06414,2.10984,2978.65,3011.4470243494893,32.79702434948922,-32.79702434948922,1001-1500
TR-045508,Nashville,Los Angeles,2053.3,Dry Van,28366.0,2025-10-16,1.05407,2.33155,3902.46,3856.907353544592,45.552646455408194,45.552646455408194,1500+
TR-045509,New York,Albuquerque,2367.0,Dry Van,42483.0,2025-10-16,1.05142,2.16787,4696.7,4789.512983363686,92.81298336368582,-92.81298336368582,1500+
TR-045510,Atlanta,Montgomery,299.4,Dry Van,26791.0,2025-10-16,1.07548,1.58427,757.49,734.7333047248558,22.75669527514424,22.75669527514424,251-500
TR-045511,Phoenix,Albuquerque,693.7,Reefer,23806.0,2025-10-16,1.07092,1.78146,1651.0,1648.9076881119704,2.0923118880295988,2.0923118880295988,501-750
TR-045512,Chattanooga,Buffalo,774.6,Dry Van,33602.0,2025-10-16,1.08226,1.99441,1655.06,1642.4343030036307,12.625696996369243,12.625696996369243,751-1000
TR-045513,Houston,Oklahoma City,310.2,Reefer,20397.0,2025-10-16,1.05673,1.35898,871.81,856.7148510708879,15.095148929112042,15.095148929112042,251-500
TR-045514,Kansas City,Mobile,655.6,Dry Van,40913.0,2025-10-16,1.0769,1.92571,1474.93,1424.154847000475,50.77515299952506,50.77515299952506,501-750
TR-045515,Shreveport,Fort Wayne,852.4,Flatbed,34671.0,2025-10-16,1.03993,1.89023,1932.3,1982.0148427315758,49.7148427315758,-49.7148427315758,751-1000
TR-045516,Hartford,Richmond,333.0,Dry Van,40546.0,2025-10-16,1.06837,1.82031,781.07,793.9768286294213,12.906828629421284,-12.906828629421284,251-500
TR-045517,Fort Wayne,Buffalo,419.5,Dry Van,27726.0,2025-10-16,1.07407,1.98248,902.18,926.699171172781,24.519171172781057,-24.519171172781057,251-500
TR-045518,Memphis,Chattanooga,188.1,Dry Van,31400.0,2025-10-16,1.04995,1.30982,522.2,525.8946851968072,3.6946851968071996,-3.6946851968071996,0-250
TR-045519,Los Angeles,Buffalo,2716.3,Dry Van,24537.0,2025-10-16,1.07162,2.35958,4781.19,4876.111243480959,94.92124348095967,-94.92124348095967,1500+
TR-045520,Toledo,Louisville,432.4,Flatbed,21919.0,2025-10-16,1.04845,1.75753,1034.64,1028.5947235106196,6.045276489380512,6.045276489380512,251-500
TR-045521,Los Angeles,Birmingham,2146.2,Flatbed,27295.0,2025-10-16,1.00965,2.15904,4263.76,4269.7001632701995,5.940163270199264,-5.940163270199264,1500+
TR-045522,Fort Wayne,Lexington,365.9,Flatbed,30660.0,2025-10-16,1.01671,1.65915,904.52,892.2545524450039,12.265447554996058,12.265447554996058,251-500
TR-045523,Richmond,Cincinnati,667.8,Dry Van,35429.0,2025-10-16,1.11549,1.85022,1512.16,1465.644982942647,46.515017057353134,46.515017057353134,501-750
TR-045524,St. Louis,Phoenix,1917.5,Flatbed,32375.0,2025-10-16,1.02098,2.07058,4033.83,4145.87779985801,112.04779985800997,-112.04779985800997,1500+
TR-045525,Houston,Charleston,1073.5,Dry Van,34711.0,2025-10-16,1.04795,2.05328,2238.22,2295.544336857442,57.32433685744218,-57.32433685744218,1001-1500
TR-045526,San Antonio,Raleigh,1542.0,Dry Van,46110.0,2025-10-16,1.0667,2.08471,3178.27,3234.4430244747537,56.173024474753674,-56.173024474753674,1500+
TR-045527,Kansas City,Oklahoma City,798.3,Dry Van,38264.0,2025-10-16,1.0557,1.94193,1768.37,1745.811381741785,22.558618258214892,22.558618258214892,751-1000
TR-045528,Hartford,Reno,2879.8,Reefer,32607.0,2025-10-16,1.02854,2.04883,5890.2,5888.330289500492,1.8697104995080736,1.8697104995080736,1500+
TR-045529,Corpus Christi,Cincinnati,914.1,Flatbed,32684.0,2025-10-16,1.02211,1.80635,2132.59,2070.715259990416,61.874740009584,61.874740009584,751-1000
TR-045530,Nashville,New York,1004.3,Dry Van,25216.0,2025-10-16,0.99917,2.21115,1979.76,1991.6106885338643,11.850688533864286,-11.850688533864286,1001-1500
TR-045531,Greensboro,Buffalo,524.5,Flatbed,26811.0,2025-10-16,1.05197,1.86513,1198.94,1189.3970601838919,9.542939816108174,9.542939816108174,501-750
TR-045532,Oklahoma City,Los Angeles,1301.7,Reefer,36571.0,2025-10-16,1.04687,1.82334,3017.53,3097.0383292107076,79.50832921070742,-79.50832921070742,1001-1500
TR-045533,New York,Fort Wayne,724.7,Reefer,39037.0,2025-10-16,1.01716,1.74071,1736.07,1692.2361444566764,43.83385554332358,43.83385554332358,501-750
TR-045534,Washington,Nashville,783.8,Dry Van,40965.0,2025-10-16,1.06953,2.057,1646.4,1708.257084840144,61.8570848401439,-61.8570848401439,751-1000
TR-045535,Kansas City,St. Louis,126.7,Dry Van,29667.0,2025-10-16,1.05949,1.2663,362.78,340.4866560701317,22.293343929868286,22.293343929868286,0-250
TR-045536,Los Angeles,Fresno,440.5,Dry Van,34383.0,2025-10-16,1.08474,1.84023,1030.67,1032.8264474375208,2.156447437520683,-2.156447437520683,251-500
TR-045537,Syracuse,Cincinnati,774.0,Reefer,30629.0,2025-10-16,1.05759,1.83088,1786.04,1794.091005763439,8.05100576343898,-8.05100576343898,751-1000
TR-045538,Montgomery,Milwaukee,710.3,Reefer,31034.0,2025-10-16,1.08598,1.63436,1759.89,1698.874290718239,61.01570928176102,61.01570928176102,501-750
TR-045539,Houston,Nashville,600.9,Reefer,33179.0,2025-10-16,1.07312,1.42705,1623.7,1550.6890761616357,73.0109238383643,73.0109238383643,501-750
TR-045540,Richmond,Cincinnati,652.0,Flatbed,25510.0,2025-10-16,1.03833,1.79777,1515.83,1452.8001431003286,63.02985689967136,63.02985689967136,501-750
TR-045541,Oklahoma City,Harrisburg,1483.7,Dry Van,30890.0,2025-10-16,1.08268,2.057,3051.79,2936.722116818148,115.06788318185181,115.06788318185181,1001-1500
TR-045542,Philadelphia,Hartford,71.7,Dry Van,19718.0,2025-10-16,1.02496,1.30028,200.56,222.5233751066794,21.963375106679393,-21.963375106679393,0-250
TR-045543,Lubbock,Lexington,1131.1,Dry Van,21299.0,2025-10-16,1.03305,2.15132,2253.61,2297.339117435623,43.72911743562281,-43.72911743562281,1001-1500
TR-045544,Memphis,Lexington,347.0,Dry Van,47500.0,2025-10-16,1.05719,1.60321,869.02,835.3284941936736,33.691505806326404,33.691505806326404,251-500
TR-045545,Houston,Milwaukee,845.1,Reefer,31562.0,2025-10-16,1.08935,1.63152,2114.08,2036.629329506105,77.4506704938949,77.4506704938949,751-1000
TR-045546,Fresno,Bakersfield,224.3,Dry Van,40503.0,2025-10-16,1.04378,1.56374,588.86,589.0246146697655,0.1646146697654558,-0.1646146697654558,0-250
TR-045547,Oklahoma City,St. Louis,783.1,Dry Van,29360.0,2025-10-16,1.0292,1.99935,1695.48,1687.387739348005,8.092260651995048,8.092260651995048,751-1000
TR-045548,Fort Wayne,Raleigh,730.5,Dry Van,26906.0,2025-10-16,1.0809,2.08975,1501.55,1478.8403622124217,22.70963778757823,22.70963778757823,501-750
TR-045549,Boston,Kansas City,1332.8,Flatbed,35028.0,2025-10-16,1.07183,2.02173,2850.38,2862.559936210788,12.179936210787673,-12.179936210787673,1001-1500
TR-045550,Bakersfield,Madison,1846.1,Dry Van,24700.0,2025-10-16,1.04205,2.31464,3389.94,3454.5702198551717,64.63021985517162,-64.63021985517162,1500+
TR-045551,Lexington,Kansas City,442.1,Dry Van,36047.0,2025-10-16,1.0515,1.73493,1049.3,1030.525618601497,18.77438139850301,18.77438139850301,251-500
TR-045552,Bakersfield,San Francisco,376.6,Flatbed,25674.0,2025-10-16,1.0461,1.65102,937.25,906.5498894200196,30.700110579980446,30.700110579980446,251-500
TR-045553,Amarillo,New York,2024.6,Reefer,13443.0,2025-10-16,1.019,2.03474,4304.74,4177.365848502261,127.37415149773915,127.37415149773915,1500+
TR-045554,Los Angeles,Grand Rapids,2289.8,Flatbed,30386.0,2025-10-16,1.06432,2.16486,4584.79,4611.069108067007,26.279108067006746,-26.279108067006746,1500+
TR-045555,Reno,Columbia,2294.2,Dry Van,25540.0,2025-10-16,1.01971,2.35968,1687.37,4218.959677796354,2531.5896777963544,-2531.5896777963544,1500+
TR-045556,San Antonio,Houston,301.7,Reefer,24534.0,2025-10-16,1.08917,1.21161,867.44,855.9084410045942,11.531558995405817,11.531558995405817,251-500
TR-045557,San Antonio,Los Angeles,1317.0,Flatbed,26568.0,2025-10-16,1.05937,2.06893,2794.83,2866.7025183734727,71.87251837347276,-71.87251837347276,1001-1500
TR-045558,Nashville,Lexington,255.1,Reefer,26203.0,2025-10-16,1.03856,1.39381,718.12,685.4706543975875,32.649345602412495,32.649345602412495,251-500
TR-045559,Grand Rapids,Atlanta,733.2,Reefer,27062.0,2025-10-16,1.07514,1.85159,1702.69,1668.5385054380022,34.15149456199788,34.15149456199788,501-750
TR-045560,Phoenix,El Paso,544.7,Dry Van,40378.0,2025-10-16,1.0521,1.88457,1235.7,1260.8592876232967,25.159287623296677,-25.159287623296677,501-750
TR-045561,Fort Wayne,Syracuse,534.0,Dry Van,29222.0,2025-10-16,1.03381,2.10556,1069.53,1132.8195946818623,63.289594681862354,-63.289594681862354,501-750
TR-045562,San Antonio,Green Bay,1411.7,Reefer,43222.0,2025-10-16,1.05739,1.77055,3294.55,3253.961014832005,40.58898516799536,40.58898516799536,1001-1500
TR-045563,Charleston,Dayton,632.3,Dry Van,23888.0,2025-10-16,1.0295,2.08406,1301.45,1311.4100962880668,9.96009628806678,-9.96009628806678,501-750
TR-045564,New Orleans,New York,1329.8,Dry Van,32897.0,2025-10-16,1.05076,2.04457,2804.49,2664.06628404643,140.42371595356963,140.42371595356963,1001-1500
TR-045565,Tulsa,Oklahoma City,300.2,Dry Van,23478.0,2025-10-16,1.08931,1.57009,775.09,756.6775146193714,18.412485380628596,18.412485380628596,251-500
TR-045566,Tulsa,Fort Wayne,877.7,Flatbed,34472.0,2025-10-16,1.02375,1.84794,2038.75,2026.8208454310484,11.929154568951617,11.929154568951617,751-1000
TR-045567,Charleston,Baton Rouge,926.8,Flatbed,28752.0,2025-10-16,1.10665,1.79827,2112.34,2115.8744515246995,3.534451524699307,-3.534451524699307,751-1000
TR-045568,Savannah,Lexington,341.6,Dry Van,42730.0,2025-10-16,1.02611,1.67772,844.26,838.9595801506748,5.300419849325181,5.300419849325181,251-500
TR-045569,Buffalo,Tucson,2331.5,Dry Van,43597.0,2025-10-16,1.06561,2.22167,4419.63,4594.492443162004,174.86244316200373,-174.86244316200373,1500+
TR-045570,Mobile,Chattanooga,323.2,Dry Van,40630.0,2025-10-16,1.07514,1.59441,824.68,838.9967397063302,14.316739706330281,-14.316739706330281,251-500
TR-045571,Syracuse,Washington,322.8,Dry Van,31852.0,2025-10-16,1.07656,1.85864,744.62,761.3927757727745,16.77277577277448,-16.77277577277448,251-500
TR-045572,Hartford,Austin,1963.6,Dry Van,36393.0,2025-10-16,1.05347,2.14559,4012.16,3962.340159076017,49.819840923983065,49.819840923983065,1500+
TR-045573,Nashville,Memphis,124.5,Dry Van,23908.0,2025-10-16,1.0453,1.35685,346.4,339.0064688541021,7.393531145897896,7.393531145897896,0-250
TR-045574,Baton Rouge,Dayton,888.7,Dry Van,23079.0,2025-10-16,1.02989,2.1749,1766.71,1797.8216219883113,31.1116219883113,-31.1116219883113,751-1000
TR-045575,Columbia,Bakersfield,2308.6,Dry Van,19190.0,2025-10-16,1.03219,2.30956,4234.65,4251.596899928593,16.946899928593666,-16.946899928593666,1500+
TR-045576,Providence,Phoenix,3162.5,Dry Van,17273.0,2025-10-16,1.03774,2.3522,5590.92,5442.526064891057,148.39393510894297,148.39393510894297,1500+
TR-045577,Philadelphia,Little Rock,1303.5,Dry Van,37272.0,2025-10-16,1.08851,2.17077,2634.88,2680.4713259839696,45.591325983969455,-45.591325983969455,1001-1500
TR-045578,Lubbock,Milwaukee,1120.9,Dry Van,24593.0,2025-10-16,1.04607,2.16329,2230.38,2297.4436682310807,67.06366823108056,-67.06366823108056,1001-1500
TR-045579,Cincinnati,Boston,1088.7,Dry Van,34185.0,2025-10-16,1.0207,2.16937,2199.79,2295.40220552702,95.61220552702025,-95.61220552702025,1001-1500
TR-045580,Madison,San Antonio,1149.1,Dry Van,31980.0,2025-10-16,1.07951,2.07043,2405.29,2476.111895235509,70.82189523550915,-70.82189523550915,1001-1500
TR-045581,San Francisco,Los Angeles,652.5,Flatbed,38385.0,2025-10-16,1.03002,1.77159,1577.84,1519.3432848989141,58.49671510108578,58.49671510108578,501-750
TR-045582,Boston,Greensboro,850.4,Dry Van,30029.0,2025-10-16,1.0037,2.15305,1712.65,1742.869628327793,30.21962832779286,-30.21962832779286,751-1000
TR-045583,Dayton,Fresno,2203.7,Reefer,31970.0,2025-10-16,1.0514,2.01834,4672.68,4612.171040114228,60.50895988577213,60.50895988577213,1500+
TR-045584,Bakersfield,Shreveport,1629.3,Dry Van,37983.0,2025-10-16,1.05168,2.06589,3402.06,3338.3290916071965,63.730908392803485,63.730908392803485,1500+
TR-045585,Syracuse,Hartford,422.2,Flatbed,28635.0,2025-10-16,1.06381,1.8443,982.74,1010.6860097453125,27.946009745312494,-27.946009745312494,251-500
TR-045586,Tucson,Jacksonville,1983.2,Dry Van,28929.0,2025-10-16,1.09496,2.14637,3907.67,3888.781722075889,18.888277924111208,18.888277924111208,1500+
TR-045587,Indianapolis,Bakersfield,1833.0,Dry Van,31972.0,2025-10-16,1.04884,2.23485,3578.71,3613.4347017216546,34.72470172165458,-34.72470172165458,1500+
TR-045588,Lexington,Atlanta,211.0,Dry Van,22912.0,2025-10-16,1.05406,1.64802,526.8,538.9780096134626,12.178009613462677,-12.178009613462677,0-250
TR-045589,Memphis,New York,1090.9,Dry Van,40935.0,2025-10-16,0.98198,2.06741,2240.17,2285.62475905669,45.45475905668991,-45.45475905668991,1001-1500
TR-045590,Milwaukee,Toledo,323.5,Reefer,44447.0,2025-10-16,1.08376,1.36833,894.4,870.3091889946382,24.09081100536173,24.09081100536173,251-500
TR-045591,Green Bay,Cincinnati,568.3,Reefer,42207.0,2025-10-16,1.04058,1.54792,1466.32,1409.0700062998353,57.24999370016462,57.24999370016462,501-750
TR-045592,San Antonio,Los Angeles,1270.1,Reefer,34581.0,2025-10-16,1.02482,1.73783,2998.13,2981.697489541541,16.43251045845909,16.43251045845909,1001-1500
TR-045593,Kansas City,Reno,1684.1,Dry Van,39272.0,2025-10-16,1.04435,2.18879,3282.86,3415.784078823172,132.92407882317184,-132.92407882317184,1500+
TR-045594,Richmond,Atlanta,665.2,Reefer,24778.0,2025-10-16,1.03976,1.75016,1565.23,1540.6955724018258,24.53442759817426,24.53442759817426,501-750
TR-045595,Mobile,Houston,465.9,Reefer,31556.0,2025-10-16,1.07429,1.35229,1293.67,1253.8099606323144,39.86003936768566,39.86003936768566,251-500
TR-045596,Phoenix,Lubbock,1097.6,Dry Van,29682.0,2025-10-16,1.01983,2.09986,2280.97,2287.995949135041,7.025949135041174,-7.025949135041174,1001-1500
TR-045597,Salt Lake City,Atlanta,1789.2,Reefer,42926.0,2025-10-16,1.06213,1.8885,4050.73,4057.9249329261233,7.194932926123329,-7.194932926123329,1500+
TR-045598,Cincinnati,Baltimore,900.8,Dry Van,40512.0,2025-10-16,1.07413,1.99976,1943.56,1901.7326701132731,41.82732988672683,41.82732988672683,751-1000
TR-045599,Buffalo,Shreveport,1108.4,Reefer,31886.0,2025-10-16,1.07096,1.94832,2508.13,2579.1971653756605,71.06716537566035,-71.06716537566035,1001-1500
TR-045600,San Antonio,Dayton,1179.6,Flatbed,34241.0,2025-10-16,1.09608,1.87669,2645.34,2684.255292495201,38.9152924952009,-38.9152924952009,1001-1500
TR-045601,Kansas City,Shreveport,600.1,Dry Van,32050.0,2025-10-16,1.07134,1.84582,1373.58,1351.9611407161708,21.618859283829124,21.618859283829124,501-750
TR-045602,Las Vegas,Jacksonville,2107.1,Dry Van,37348.0,2025-10-16,1.03898,2.17232,4123.96,4056.6087159896515,67.35128401034854,67.35128401034854,1500+
TR-045603,Reno,Lubbock,1460.0,Dry Van,41515.0,2025-10-16,1.03822,2.09879,2908.31,3038.0399111068064,129.7299111068064,-129.7299111068064,1001-1500
TR-045604,Fresno,Baltimore,3081.7,Dry Van,34722.0,2025-10-16,1.06117,2.23884,5943.04,5736.944676783865,206.0953232161346,206.0953232161346,1500+
TR-045605,Milwaukee,Harrisburg,657.1,Dry Van,32258.0,2025-10-16,1.09142,1.94936,1439.58,1359.0588450969317,80.52115490306824,80.52115490306824,501-750
TR-045606,El Paso,Fort Wayne,1719.1,Dry Van,38121.0,2025-10-16,1.02018,2.19001,3399.37,3504.2227068964908,104.85270689649087,-104.85270689649087,1500+
TR-045607,Madison,Bakersfield,1797.3,Dry Van,26039.0,2025-10-16,1.03516,2.32718,3365.36,3427.923994055248,62.563994055247804,-62.563994055247804,1500+
TR-045608,Richmond,Kansas City,932.3,Dry Van,21240.0,2025-10-16,1.06921,2.21303,1831.06,1844.560650604045,13.50065060404495,-13.50065060404495,751-1000
TR-045609,Hartford,Tampa,1383.8,Dry Van,43882.0,2025-10-16,1.0232,2.1155,2872.8,2773.930698913065,98.86930108693514,98.86930108693514,1001-1500
TR-045610,Baton Rouge,Cincinnati,682.3,Flatbed,37624.0,2025-10-16,1.08231,1.63386,1702.65,1645.235074677682,57.41492532231814,57.41492532231814,501-750
TR-045611,Los Angeles,Albany,3174.1,Reefer,39591.0,2025-10-16,1.00885,2.071,6537.96,6379.040321224804,158.9196787751962,158.9196787751962,1500+
TR-045612,Mobile,New York,1145.4,Dry Van,36916.0,2025-10-16,1.05829,1.96397,2422.06,2412.9322300170415,9.127769982958398,9.127769982958398,1001-1500
TR-045613,Charleston,Phoenix,2481.7,Dry Van,46424.0,2025-10-16,1.08635,2.13213,4957.77,4876.8896521979295,80.8803478020709,80.8803478020709,1500+
TR-045614,Cincinnati,Nashville,180.9,Dry Van,37317.0,2025-10-16,1.00971,1.4703,493.78,504.9269921238127,11.146992123812709,-11.146992123812709,0-250
TR-045615,San Antonio,Oklahoma City,207.7,Dry Van,32481.0,2025-10-16,1.04664,1.29885,593.16,576.6935936618445,16.46640633815548,16.46640633815548,0-250
TR-045616,Fresno,Oklahoma City,1476.4,Dry Van,47500.0,2025-10-16,1.03585,2.0111,3170.07,3068.666138687956,101.40386131204423,101.40386131204423,1001-1500
TR-045617,New York,Los Angeles,2959.4,Reefer,30138.0,2025-10-16,1.03248,2.14175,5957.95,5900.419819606944,57.53018039305607,57.53018039305607,1500+
TR-045618,Indianapolis,Corpus Christi,926.6,Dry Van,26550.0,2025-10-16,1.05484,2.03309,1935.21,1923.7692091909337,11.440790809066357,11.440790809066357,751-1000
TR-045619,Philadelphia,Cincinnati,891.2,Reefer,41079.0,2025-10-16,1.06009,1.78461,2060.21,2099.3269180790776,39.11691807907755,-39.11691807907755,751-1000
TR-045620,Greensboro,Syracuse,684.4,Dry Van,29934.0,2025-10-16,1.03108,2.0552,1420.06,1427.4050311857263,7.345031185726384,-7.345031185726384,501-750
TR-045621,Kansas City,Milwaukee,186.1,Flatbed,18741.0,2025-10-16,1.00902,1.50618,490.27,534.0127240887676,43.74272408876766,-43.74272408876766,0-250
TR-045622,Atlanta,Reno,2119.9,Dry Van,33529.0,2025-10-16,1.0485,2.15851,4207.76,4004.757426586529,203.00257341347105,203.00257341347105,1500+
TR-045623,Los Angeles,Bakersfield,385.3,Dry Van,25753.0,2025-10-16,1.02997,1.89514,866.23,864.4113151625885,1.8186848374115243,1.8186848374115243,251-500
TR-045624,Albany,Chattanooga,1208.4,Dry Van,32226.0,2025-10-16,1.05405,2.13323,2427.7,2411.562077612435,16.137922387564686,16.137922387564686,1001-1500
TR-045625,Memphis,Oklahoma City,682.8,Flatbed,33052.0,2025-10-16,1.04675,1.71789,1659.56,1663.0740327466094,3.514032746609473,-3.514032746609473,501-750
TR-045626,Tulsa,Hartford,1560.9,Reefer,28130.0,2025-10-16,1.03053,1.93803,3476.97,3411.235646041507,65.73435395849265,65.73435395849265,1500+
TR-045627,New York,Baton Rouge,1456.2,Dry Van,26737.0,2025-10-16,1.01161,2.17807,2795.92,2818.4273721074915,22.507372107491392,-22.507372107491392,1001-1500
TR-045628,Baton Rouge,Houston,167.8,Reefer,47181.0,2025-10-16,1.09121,0.7062,575.03,537.604944524755,37.42505547524502,37.42505547524502,0-250
TR-045629,Green Bay,New Orleans,1014.7,Reefer,37122.0,2025-10-16,1.05724,1.6597,2501.49,2411.0877540472447,90.40224595275504,90.40224595275504,1001-1500
TR-045630,Philadelphia,Mobile,1175.3,Dry Van,18680.0,2025-10-16,1.05938,2.21014,2283.52,2336.4797768475028,52.95977684750278,-52.95977684750278,1001-1500
TR-045631,Kansas City,Baton Rouge,745.3,Flatbed,22295.0,2025-10-16,1.06931,1.91187,1698.24,1683.2736272115244,14.96637278847561,14.96637278847561,501-750
TR-045632,Milwaukee,Houston,838.6,Reefer,21180.0,2025-10-16,1.09817,1.76045,2002.19,1931.4517203779424,70.73827962205769,70.73827962205769,751-1000
TR-045633,Grand Rapids,Milwaukee,352.3,Flatbed,23779.0,2025-10-16,1.05156,1.683,872.98,863.0872173816655,9.892782618334536,9.892782618334536,251-500
TR-045634,Atlanta,Reno,2128.5,Dry Van,30702.0,2025-10-16,1.08277,2.27346,4021.52,3910.9079171603503,110.6120828396497,110.6120828396497,1500+
TR-045635,Kansas City,Raleigh,925.7,Dry Van,38737.0,2025-10-16,1.04468,2.09582,1937.24,1918.954019282932,18.285980717068014,18.285980717068014,751-1000
TR-045636,New York,Phoenix,2882.9,Dry Van,31496.0,2025-10-16,1.02289,2.30584,5322.9,5357.339281922438,34.43928192243857,-34.43928192243857,1500+
TR-045637,Green Bay,Albuquerque,1491.1,Dry Van,32840.0,2025-10-17,0.97652,2.18171,2934.77,2985.142247451149,50.37224745114918,-50.37224745114918,1001-1500
TR-045638,Cincinnati,Madison,434.2,Reefer,37864.0,2025-10-17,0.9989,1.48943,1157.63,1144.8430090734848,12.786990926515273,12.786990926515273,251-500
TR-045639,Green Bay,Richmond,816.1,Reefer,23409.0,2025-10-17,1.01252,2.02689,1745.48,1789.0677098169435,43.587709816943516,-43.587709816943516,751-1000
TR-045640,Columbia,Memphis,438.7,Dry Van,43293.0,2025-10-17,1.01975,1.72693,1076.4,1056.0678296092697,20.332170390730425,20.332170390730425,251-500
TR-045641,New Orleans,Hartford,1433.0,Reefer,31746.0,2025-10-17,1.0283,1.79592,3352.03,3235.191688967428,116.83831103257216,116.83831103257216,1001-1500
TR-045642,Washington,Philadelphia,274.4,Dry Van,30552.0,2025-10-17,0.96629,1.79475,648.83,659.4647597015008,10.634759701500798,-10.634759701500798,251-500
TR-045643,Fort Wayne,Columbia,572.9,Reefer,41199.0,2025-10-17,1.03314,1.61651,1447.57,1425.8198714478683,21.750128552131628,21.750128552131628,501-750
TR-045644,Kansas City,Indianapolis,201.4,Dry Van,33906.0,2025-10-17,1.02785,1.49544,541.72,548.1122800521792,6.392280052179217,-6.392280052179217,0-250
TR-045645,Bakersfield,Syracuse,2644.9,Reefer,36354.0,2025-10-17,0.99424,2.01191,5577.71,5596.1407753968315,18.43077539683145,-18.43077539683145,1500+
TR-045646,Albany,Little Rock,1535.9,Dry Van,19305.0,2025-10-17,0.97048,2.23927,2834.23,2983.1867192095924,148.9567192095924,-148.9567192095924,1500+
TR-045647,Grand Rapids,Tampa,1204.6,Dry Van,29968.0,2025-10-17,1.04199,2.16824,2376.9,2423.7238188205747,46.823818820574616,-46.823818820574616,1001-1500
TR-045648,Philadelphia,Tampa,1278.7,Dry Van,28493.0,2025-10-17,1.01852,2.24281,2509.96,2485.38816270586,24.571837294140096,24.571837294140096,1001-1500
TR-045649,Little Rock,Oklahoma City,479.5,Reefer,25429.0,2025-10-17,1.01268,1.51225,1269.3,1223.3280269916597,45.97197300834023,45.97197300834023,251-500
TR-045650,New York,Kansas City,1130.8,Dry Van,24822.0,2025-10-17,1.00405,2.23679,2140.85,2205.319859347911,64.4698593479111,-64.4698593479111,1001-1500
TR-045651,Oklahoma City,Jacksonville,984.2,Dry Van,32963.0,2025-10-17,1.05245,1.88024,2165.47,2087.7113823212294,77.7586176787704,77.7586176787704,751-1000
TR-045652,Reno,Oklahoma City,1440.0,Dry Van,26799.0,2025-10-17,1.02113,2.21703,2842.26,2800.2898106091106,41.97018939088957,41.97018939088957,1001-1500
TR-045653,St. Louis,Bakersfield,1802.3,Reefer,41814.0,2025-10-17,0.97862,1.88284,4069.8,4053.098639323952,16.701360676048353,16.701360676048353,1500+
TR-045654,Los Angeles,Austin,1212.0,Dry Van,41931.0,2025-10-17,0.99634,1.99167,2598.14,2568.3923084993185,29.747691500681412,29.747691500681412,1001-1500
TR-045655,Kansas City,San Antonio,946.9,Flatbed,34942.0,2025-10-17,1.01659,1.77705,2221.49,2180.387925829068,41.1020741709317,41.1020741709317,751-1000
TR-045656,Buffalo,Albany,467.7,Dry Van,25699.0,2025-10-17,1.05586,2.08247,963.31,1011.9320957514975,48.62209575149757,-48.62209575149757,251-500
TR-045657,Little Rock,Syracuse,1210.5,Reefer,27637.0,2025-10-17,0.9889,1.93854,2654.3,2627.1746249134017,27.125375086598524,27.125375086598524,1001-1500
TR-045658,Tampa,Mobile,306.7,Reefer,33861.0,2025-10-17,0.99949,1.28813,879.55,893.2341722175103,13.684172217510309,-13.684172217510309,251-500
TR-045659,Lubbock,San Antonio,124.9,Flatbed,29036.0,2025-10-17,0.9788,1.09292,386.46,365.9283483137818,20.531651686218197,20.531651686218197,0-250
TR-045660,Columbia,Greensboro,130.8,Dry Van,34060.0,2025-10-17,1.0111,1.39336,364.34,388.72451174794475,24.38451174794477,-24.38451174794477,0-250
TR-045661,New Orleans,Indianapolis,539.2,Dry Van,35925.0,2025-10-17,0.98897,1.78712,1237.58,1259.9799768853034,22.39997688530343,-22.39997688530343,501-750
TR-045662,Amarillo,Lexington,1309.8,Dry Van,36255.0,2025-10-17,0.97856,2.02547,2734.03,2698.595465697268,35.43453430273212,35.43453430273212,1001-1500
TR-045663,Cincinnati,Syracuse,772.0,Dry Van,44772.0,2025-10-17,0.95464,2.03216,1625.19,1641.4727760334688,16.282776033468735,-16.282776033468735,751-1000
TR-045664,Bakersfield,Greensboro,2242.2,Flatbed,15647.0,2025-10-17,0.98055,2.26233,4336.71,4397.50545893666,60.79545893666,-60.79545893666,1500+
TR-045665,Tucson,Hartford,2764.2,Flatbed,18061.0,2025-10-17,1.02249,2.20827,5312.61,5380.704828717516,68.09482871751607,-68.09482871751607,1500+
TR-045666,Philadelphia,Hartford,74.7,Dry Van,20427.0,2025-10-17,0.99335,1.44286,202.77,222.44720478420334,19.677204784203326,-19.677204784203326,0-250
TR-045667,Bakersfield,El Paso,454.1,Dry Van,16477.0,2025-10-17,0.9882,1.95746,999.21,1005.2128120088859,6.002812008885826,-6.002812008885826,251-500
TR-045668,New York,Phoenix,2898.8,Dry Van,25046.0,2025-10-17,0.99787,2.40045,5050.06,5193.656443141751,143.59644314175057,-143.59644314175057,1500+
TR-045669,El Paso,Indianapolis,1446.0,Dry Van,28958.0,2025-10-17,0.992,2.22294,2865.83,2836.652388980926,29.177611019073993,29.177611019073993,1001-1500
TR-045670,Fresno,Syracuse,2794.8,Reefer,16145.0,2025-10-17,1.00283,2.20202,5504.19,5486.974109579925,17.215890420074174,17.215890420074174,1500+
TR-045671,Nashville,Mobile,295.0,Reefer,43934.0,2025-10-17,1.02383,1.19571,865.48,843.6933029545405,21.786697045459505,21.786697045459505,251-500
TR-045672,El Paso,San Antonio,879.6,Reefer,30030.0,2025-10-17,0.98221,1.77499,2109.8,2129.8563142683593,20.056314268359074,-20.056314268359074,751-1000
TR-045673,Corpus Christi,Tucson,1261.6,Dry Van,31496.0,2025-10-17,0.99656,1.9138,2696.52,2614.999896935108,81.52010306489183,81.52010306489183,1001-1500
TR-045674,Amarillo,Boston,2280.8,Dry Van,13972.0,2025-10-17,1.00845,2.25739,4273.32,4220.790903428315,52.52909657168493,52.52909657168493,1500+
TR-045675,Albany,Chattanooga,1203.6,Flatbed,29458.0,2025-10-17,1.009,2.14852,2457.47,2587.2932687755983,129.82326877559854,-129.82326877559854,1001-1500
TR-045676,Albuquerque,Mobile,1456.3,Dry Van,46387.0,2025-10-17,1.02068,1.98983,3051.07,3017.2742840759483,33.79571592405182,33.79571592405182,1001-1500
TR-045677,Reno,Fort Wayne,2059.4,Flatbed,33656.0,2025-10-17,0.98539,2.22285,3982.98,4213.041539295986,230.06153929598577,-230.06153929598577,1500+
TR-045678,Memphis,Grand Rapids,676.8,Dry Van,36101.0,2025-10-17,1.01436,1.93883,1498.32,1452.6976375115576,45.62236248844238,45.62236248844238,501-750
TR-045679,Columbia,Atlanta,207.7,Dry Van,35149.0,2025-10-17,1.03223,1.58503,547.06,560.5024766886214,13.442476688621468,-13.442476688621468,0-250
TR-045680,Kansas City,Lubbock,926.6,Reefer,31094.0,2025-10-17,0.98819,1.7006,2254.76,2199.443913133654,55.31608686634627,55.31608686634627,751-1000
TR-045681,Hartford,Milwaukee,1033.2,Dry Van,24882.0,2025-10-17,1.0107,2.13102,2056.91,2031.1266941480144,25.78330585198546,25.78330585198546,1001-1500
TR-045682,San Francisco,Cincinnati,2223.7,Dry Van,38061.0,2025-10-17,0.98079,2.18163,4336.63,4258.248452499544,78.38154750045578,78.38154750045578,1500+
TR-045683,Bakersfield,Green Bay,2040.2,Reefer,42114.0,2025-10-17,0.95377,2.00274,4383.55,4430.48099121203,46.93099121202977,-46.93099121202977,1500+
TR-045684,Houston,Albany,1808.5,Dry Van,33826.0,2025-10-17,0.99354,2.21381,3472.23,3592.818173946459,120.58817394645894,-120.58817394645894,1500+
TR-045685,Memphis,Mobile,325.9,Dry Van,36967.0,2025-10-17,0.98508,1.62635,809.61,832.9840743420104,23.37407434201043,-23.37407434201043,251-500
TR-045686,Montgomery,Columbia,342.7,Dry Van,33533.0,2025-10-17,1.03539,1.71083,827.55,837.8858961678366,10.335896167836609,-10.335896167836609,251-500
TR-045687,Los Angeles,Fort Wayne,2311.9,Dry Van,24540.0,2025-10-17,1.02159,2.36717,4128.64,4208.253508614165,79.61350861416486,-79.61350861416486,1500+
TR-045688,Toledo,Grand Rapids,176.7,Dry Van,42510.0,2025-10-17,0.98672,1.51631,464.57,450.85043098696815,13.719569013031844,13.719569013031844,0-250
TR-045689,Dallas,St. Louis,612.5,Reefer,32712.0,2025-10-17,1.05219,1.55323,1598.45,1585.34895558462,13.101044415380102,13.101044415380102,501-750
TR-045690,San Antonio,Louisville,985.6,Reefer,25387.0,2025-10-17,0.99061,1.8532,2284.08,2238.7986281921458,45.28137180785416,45.28137180785416,751-1000
TR-045691,Baton Rouge,Bakersfield,1601.8,Dry Van,25049.0,2025-10-17,1.00576,2.18888,3177.81,3068.9183892584488,108.89161074155118,108.89161074155118,1500+
TR-045692,Fresno,Columbia,2399.1,Dry Van,42302.0,2025-10-17,0.96485,2.1848,4681.46,4693.645036413097,12.185036413096896,-12.185036413096896,1500+
TR-045693,Tulsa,San Antonio,405.9,Reefer,24207.0,2025-10-17,0.99162,1.37194,1113.75,1047.5954342828234,66.15456571717664,66.15456571717664,251-500
TR-045694,Nashville,Columbia,341.1,Dry Van,36521.0,2025-10-17,0.97838,1.72381,822.84,823.0872454303197,0.24724543031970825,-0.24724543031970825,251-500
TR-045695,Tampa,Austin,882.1,Dry Van,40101.0,2025-10-17,0.98681,1.97974,1929.6,1954.983467709273,25.38346770927319,-25.38346770927319,751-1000
TR-045696,Corpus Christi,Milwaukee,1033.1,Reefer,39687.0,2025-10-17,1.03303,1.75648,2504.83,2490.517116397822,14.312883602177862,14.312883602177862,1001-1500
TR-045697,Nashville,Kansas City,377.4,Reefer,29300.0,2025-10-17,1.03493,1.43819,1012.02,936.5562770818258,75.4637229181742,75.4637229181742,251-500
TR-045698,Shreveport,Louisville,520.1,Flatbed,29201.0,2025-10-17,1.02783,1.63719,1308.89,1244.2785669225707,64.61143307742941,64.61143307742941,501-750
TR-045699,Fort Wayne,Little Rock,677.9,Dry Van,15148.0,2025-10-17,1.01916,2.09673,1386.72,1391.5949447017474,4.874944701747381,-4.874944701747381,501-750
TR-045700,Bakersfield,Savannah,2250.7,Dry Van,26525.0,2025-10-17,1.01001,2.2909,4231.34,4159.855251113497,71.48474888650344,71.48474888650344,1500+
TR-045701,Boston,San Francisco,3308.4,Reefer,23624.0,2025-10-17,0.98831,2.13077,6710.48,6089.952159379493,620.5278406205061,620.5278406205061,1500+
TR-045702,Dayton,New York,748.7,Flatbed,39350.0,2025-10-17,0.99185,1.772,1752.03,1704.2773201057782,47.75267989422173,47.75267989422173,501-750
TR-045703,Albuquerque,Jacksonville,1730.2,Dry Van,32465.0,2025-10-17,0.98639,2.12803,3486.21,3489.031935210803,2.821935210803076,-2.821935210803076,1500+
TR-045704,Columbia,Oklahoma City,1072.2,Flatbed,33423.0,2025-10-17,0.98563,1.87688,2490.63,2519.244979819656,28.614979819655673,-28.614979819655673,1001-1500
TR-045705,Greensboro,Cincinnati,267.6,Dry Van,37374.0,2025-10-17,0.97551,1.57597,680.72,675.6395780120556,5.080421987944419,5.080421987944419,251-500
TR-045706,New York,Corpus Christi,1737.2,Reefer,33630.0,2025-10-17,0.97791,1.87301,3870.41,4035.0805580747465,164.67055807474662,-164.67055807474662,1500+
TR-045707,Buffalo,Cincinnati,623.8,Dry Van,29031.0,2025-10-17,1.03441,2.01942,1335.72,1328.5121565102982,7.207843489701872,7.207843489701872,501-750
TR-045708,Los Angeles,Green Bay,2243.8,Dry Van,27088.0,2025-10-17,1.03588,2.34858,4001.14,4057.814702424381,56.67470242438094,-56.67470242438094,1500+
TR-045709,Milwaukee,Hartford,1029.4,Dry Van,26419.0,2025-10-17,0.96584,2.22893,1977.36,2039.5196130179781,62.159613017978245,-62.159613017978245,1001-1500
TR-045710,Tucson,Lexington,1897.6,Dry Van,29673.0,2025-10-17,1.02491,2.21394,3725.37,3779.453527632266,54.08352763226594,-54.08352763226594,1500+
TR-045711,Green Bay,Dayton,384.9,Dry Van,43140.0,2025-10-17,0.98299,1.81734,903.02,892.4157769589663,10.60422304103372,10.60422304103372,251-500
TR-045712,Baton Rouge,Philadelphia,1455.7,Dry Van,17319.0,2025-10-17,1.00828,2.24113,2771.19,2802.5848591713925,31.394859171392454,-31.394859171392454,1001-1500
TR-045713,Green Bay,Reno,1874.9,Dry Van,47500.0,2025-10-17,0.99531,2.28018,3449.99,3769.7928344116776,319.80283441167785,-319.80283441167785,1500+
TR-045714,Oklahoma City,San Antonio,226.7,Dry Van,34325.0,2025-10-17,1.00538,1.34638,630.36,597.0498377682981,33.31016223170195,33.31016223170195,0-250
TR-045715,Baton Rouge,New Orleans,193.4,Flatbed,29424.0,2025-10-17,0.97853,1.34058,553.35,592.8603490489689,39.51034904896892,-39.51034904896892,0-250
TR-045716,Indianapolis,Shreveport,560.6,Dry Van,26967.0,2025-10-17,0.97618,1.92925,1231.89,1214.0841545232247,17.805845476775403,17.805845476775403,501-750
TR-045717,Corpus Christi,Greensboro,1072.1,Flatbed,37130.0,2025-10-17,1.02317,1.85067,2460.65,2506.4902903257816,45.84029032578155,-45.84029032578155,1001-1500
TR-045718,Toledo,Fresno,2342.8,Dry Van,42581.0,2025-10-17,1.0065,2.29065,4374.08,4596.816909820032,222.73690982003245,-222.73690982003245,1500+
TR-045719,Charleston,New York,601.4,Reefer,35715.0,2025-10-17,0.98628,1.6751,1464.75,1498.4747117822988,33.724711782298755,-33.724711782298755,501-750
TR-045720,Albany,Washington,540.7,Dry Van,18165.0,2025-10-17,0.99396,2.09933,1088.41,1125.1049151809038,36.69491518090376,-36.69491518090376,501-750
TR-045721,Los Angeles,Memphis,1994.0,Dry Van,29594.0,2025-10-17,1.02181,2.27336,3828.5,3874.042378867714,45.54237886771398,-45.54237886771398,1500+
TR-045722,Albany,Lubbock,2089.6,Flatbed,43100.0,2025-10-17,1.05211,1.96166,4531.93,4452.564322446642,79.36567755335818,79.36567755335818,1500+
TR-045723,Richmond,Amarillo,1805.1,Dry Van,39332.0,2025-10-17,1.01526,2.10545,3694.07,3678.455481015429,15.614518984571077,15.614518984571077,1500+
TR-045724,Chattanooga,Kansas City,443.5,Dry Van,35943.0,2025-10-17,1.00227,1.64698,1079.1,1032.335050998188,46.76494900181183,46.76494900181183,251-500
TR-045725,Louisville,New York,904.4,Reefer,33355.0,2025-10-17,0.97864,1.84515,2126.09,2082.304544631003,43.78545536899719,43.78545536899719,751-1000
TR-045726,Austin,Shreveport,585.2,Dry Van,26311.0,2025-10-17,1.01891,1.87396,1340.2,1315.956345025912,24.24365497408803,24.24365497408803,501-750
TR-045727,Memphis,Tucson,1678.4,Dry Van,31677.0,2025-10-17,0.97496,2.15347,3342.36,3407.2813621843943,64.92136218439418,-64.92136218439418,1500+
TR-045728,Mobile,Chattanooga,306.3,Flatbed,27518.0,2025-10-17,1.01357,1.47175,807.25,827.2770057910793,20.02700579107932,-20.02700579107932,251-500
TR-045729,Memphis,Raleigh,782.4,Dry Van,30710.0,2025-10-17,1.04901,1.93383,1711.02,1650.3540102601653,60.665989739834686,60.665989739834686,751-1000
TR-045730,Fresno,Louisville,2176.4,Dry Van,28047.0,2025-10-17,1.05331,2.2924,4029.11,4045.2214100324227,16.111410032422555,-16.111410032422555,1500+
TR-045731,Hartford,Dayton,845.8,Dry Van,38754.0,2025-10-17,1.01239,1.99038,1821.47,1753.7400797213947,67.72992027860528,67.72992027860528,751-1000
TR-045732,Raleigh,Houston,1236.1,Dry Van,21963.0,2025-10-17,1.01857,2.18871,2502.01,2440.391719207117,61.61828079288307,61.61828079288307,1001-1500
TR-045733,Philadelphia,Fresno,3093.5,Reefer,32697.0,2025-10-17,0.97433,2.05867,6390.2,6299.303575348306,90.89642465169345,90.89642465169345,1500+
TR-045734,Montgomery,New York,1061.9,Reefer,43601.0,2025-10-17,1.03529,1.85807,2466.55,2535.9295095215343,69.37950952153415,-69.37950952153415,1001-1500
TR-045735,Syracuse,Phoenix,2670.8,Dry Van,32657.0,2025-10-17,0.99201,2.3162,4829.39,5004.473614406036,175.08361440603585,-175.08361440603585,1500+
TR-045736,Tucson,Syracuse,2451.0,Reefer,37020.0,2025-10-17,1.01316,1.98864,5275.11,5241.529288466948,33.580711533051726,33.580711533051726,1500+
TR-045737,New York,Hartford,113.8,Reefer,35206.0,2025-10-17,0.97183,0.94423,362.78,355.66183850565164,7.118161494348328,7.118161494348328,0-250
TR-045738,Tampa,San Francisco,2427.9,Reefer,35406.0,2025-10-17,0.97532,1.96903,5336.8,5229.019956855319,107.78004314468126,107.78004314468126,1500+
TR-045739,Atlanta,Shreveport,468.7,Reefer,35997.0,2025-10-17,1.0181,1.32688,1324.44,1240.659182459915,83.78081754008508,83.78081754008508,251-500
TR-045740,Tucson,Oklahoma City,1048.6,Dry Van,27918.0,2025-10-17,0.99546,2.08435,2204.45,2218.056548583072,13.606548583072254,-13.606548583072254,1001-1500
TR-045741,Atlanta,Hartford,977.1,Dry Van,29492.0,2025-10-17,0.99996,2.08318,2015.32,1981.4777031946805,33.84229680531939,33.84229680531939,751-1000
TR-045742,Memphis,Tulsa,393.5,Flatbed,28349.0,2025-10-17,0.98652,1.51914,1034.75,1002.4822597945525,32.26774020544747,32.26774020544747,251-500
TR-045743,Boston,Oklahoma City,2014.8,Dry Van,26115.0,2025-10-17,0.9661,2.24162,3770.27,3782.0200799213085,11.750079921308497,-11.750079921308497,1500+
TR-045744,Columbia,Salt Lake City,2017.1,Dry Van,42619.0,2025-10-17,0.94786,2.20682,3934.36,3976.1875083733253,41.827508373325145,-41.827508373325145,1500+
TR-045745,Albany,Philadelphia,420.3,Dry Van,31860.0,2025-10-17,1.01959,1.90443,947.22,939.0647965277029,8.155203472297103,8.155203472297103,251-500
TR-045746,Philadelphia,Syracuse,392.0,Flatbed,38413.0,2025-10-17,1.03266,1.65342,972.26,956.6941517766944,15.56584822330558,15.56584822330558,251-500
TR-045747,Columbia,Washington,543.9,Dry Van,24472.0,2025-10-17,1.00428,1.99646,1170.45,1155.4364524019443,15.013547598055766,15.013547598055766,501-750
TR-045748,Corpus Christi,Chattanooga,833.6,Dry Van,25750.0,2025-10-17,1.05446,2.02498,1779.6,1756.5188209090252,23.08117909097473,23.08117909097473,751-1000
TR-045749,Bakersfield,Cincinnati,1962.3,Dry Van,47500.0,2025-10-17,0.99687,2.10523,3910.77,3921.218825932366,10.448825932366162,-10.448825932366162,1500+
TR-045750,Detroit,Lubbock,1467.7,Dry Van,31790.0,2025-10-17,0.96713,2.09356,2935.66,2988.252236986839,52.592236986839,-52.592236986839,1001-1500
TR-045751,Dallas,Little Rock,268.9,Dry Van,23486.0,2025-10-17,1.0304,1.51176,698.47,679.2056549907683,19.26434500923176,19.26434500923176,251-500
TR-045752,Richmond,Columbia,513.9,Dry Van,20910.0,2025-10-17,0.9645,2.09479,1033.08,1085.1358947664326,52.05589476643263,-52.05589476643263,501-750
TR-045753,Columbia,Harrisburg,556.0,Dry Van,46839.0,2025-10-17,0.97192,1.97971,1237.01,1224.1406781097107,12.869321890289257,12.869321890289257,501-750
TR-045754,Montgomery,Louisville,511.5,Dry Van,19856.0,2025-10-17,1.05039,1.94398,1137.75,1114.6079276946127,23.142072305387273,23.142072305387273,501-750
TR-045755,Louisville,Phoenix,2027.8,Reefer,33012.0,2025-10-17,1.01839,1.95717,4525.16,4378.753462663424,146.40653733657564,146.40653733657564,1500+
TR-045756,Austin,Lubbock,70.0,Dry Van,35211.0,2025-10-17,1.0242,0.94583,227.6,254.48177788902626,26.881777889026267,-26.881777889026267,0-250
TR-045757,Los Angeles,Bakersfield,403.8,Flatbed,27641.0,2025-10-17,1.01512,1.73754,996.46,995.1489563207473,1.311043679252748,1.311043679252748,251-500
TR-045758,Fresno,El Paso,647.7,Flatbed,23881.0,2025-10-17,1.02257,1.82959,1476.89,1465.7800285609717,11.109971439028413,11.109971439028413,501-750
TR-045759,Green Bay,Richmond,817.7,Reefer,25456.0,2025-10-17,1.02099,1.89957,1844.12,1837.3141824745944,6.805817525405473,6.805817525405473,751-1000
TR-045760,Dayton,Lubbock,1252.4,Dry Van,30442.0,2025-10-17,1.03428,2.10594,2537.26,2566.220075222672,28.960075222672003,-28.960075222672003,1001-1500
TR-045761,Buffalo,Green Bay,584.5,Dry Van,28467.0,2025-10-17,1.03511,2.0907,1209.72,1227.6819398013981,17.961939801398103,-17.961939801398103,501-750
TR-045762,San Antonio,Atlanta,932.0,Dry Van,36019.0,2025-10-17,0.94229,1.98607,2009.57,2008.2268848617086,1.3431151382912958,1.3431151382912958,751-1000
TR-045763,Grand Rapids,El Paso,1680.8,Flatbed,31496.0,2025-10-17,1.00159,2.08637,3517.71,3671.864688512086,154.15468851208607,-154.15468851208607,1500+
TR-045764,Cincinnati,Bakersfield,2024.8,Dry Van,25346.0,2025-10-17,1.00901,2.29221,3777.92,3794.8649779488223,16.94497794882227,-16.94497794882227,1500+
TR-045765,Providence,Dayton,1003.0,Dry Van,17190.0,2025-10-17,1.00287,2.21217,1909.16,1963.1529666047866,53.99296660478649,-53.99296660478649,1001-1500
TR-045766,New Orleans,Harrisburg,1089.8,Reefer,23015.0,2025-10-17,0.99195,1.94391,2410.85,2414.555802234653,3.70580223465322,-3.70580223465322,1001-1500
TR-045767,Phoenix,Raleigh,2621.0,Dry Van,18915.0,2025-10-17,1.00542,2.37094,4640.16,4740.913272247164,100.7532722471642,-100.7532722471642,1500+
TR-045768,Philadelphia,Nashville,1025.6,Reefer,14033.0,2025-10-17,1.00187,2.01956,2209.46,2252.8546067306074,43.39460673060739,-43.39460673060739,1001-1500
TR-045769,Kansas City,Toledo,462.7,Dry Van,29078.0,2025-10-17,0.99667,1.91999,1045.45,1015.2350547735846,30.214945226415466,30.214945226415466,251-500
TR-045770,Mobile,Charleston,623.4,Dry Van,22128.0,2025-10-17,0.97968,2.05093,1320.24,1340.2043814877939,19.964381487793844,-19.964381487793844,501-750
TR-045771,Dayton,Savannah,550.1,Reefer,30178.0,2025-10-17,1.01749,1.73004,1344.65,1332.021735886788,12.628264113212026,12.628264113212026,501-750
TR-045772,Richmond,Mobile,924.5,Dry Van,28551.0,2025-10-17,1.04241,2.01865,1947.07,1879.0689620479907,68.00103795200926,68.00103795200926,751-1000
TR-045773,Baltimore,Reno,2816.5,Dry Van,38364.0,2025-10-17,0.98759,2.37486,5009.39,5231.308846446663,221.91884644666243,-221.91884644666243,1500+
TR-045774,Kansas City,Green Bay,466.3,Dry Van,32352.0,2025-10-17,1.02308,1.83091,2389.43,1056.004133082529,1333.4258669174708,1333.4258669174708,251-500
TR-045775,Milwaukee,Shreveport,647.3,Dry Van,39416.0,2025-10-17,0.99995,1.79751,1500.92,1412.265990680039,88.654009319961,88.654009319961,501-750
TR-045776,Savannah,Chattanooga,351.6,Dry Van,27893.0,2025-10-17,0.9545,1.77979,813.53,834.587770473275,21.057770473275014,-21.057770473275014,251-500
TR-045777,Kansas City,Atlanta,506.8,Reefer,19309.0,2025-10-17,1.0203,1.65689,1257.8,1204.8879451523935,52.91205484760644,52.91205484760644,501-750
TR-045778,Houston,Kansas City,752.9,Flatbed,29441.0,2025-10-17,0.99691,1.83748,1759.5,1738.9954132978498,20.504586702150164,20.504586702150164,751-1000
TR-045779,Raleigh,Louisville,692.4,Dry Van,43840.0,2025-10-17,1.01819,1.94139,1533.53,1502.7267291361177,30.80327086388229,30.80327086388229,501-750
TR-045780,Louisville,Cincinnati,70.0,Dry Van,42558.0,2025-10-17,0.99126,1.1121,210.54,244.76640646850075,34.226406468500755,-34.226406468500755,0-250
TR-045781,Lexington,Shreveport,603.0,Flatbed,44068.0,2025-10-17,1.03814,1.66839,1509.14,1485.4457322286944,23.694267771305704,23.694267771305704,501-750
TR-045782,Richmond,Boston,496.3,Dry Van,22831.0,2025-10-17,0.99212,1.9482,1061.38,1078.1436110936709,16.76361109367076,-16.76361109367076,251-500
TR-045783,Greensboro,El Paso,1790.6,Flatbed,18291.0,2025-10-17,0.98864,2.12529,3602.47,3705.9743198236747,103.5043198236749,-103.5043198236749,1500+
TR-045784,Lexington,Los Angeles,2236.6,Flatbed,26244.0,2025-10-17,0.98747,2.16252,4410.79,4377.669424926895,33.1205750731051,33.1205750731051,1500+
TR-045785,Milwaukee,Mobile,623.5,Dry Van,27845.0,2025-10-17,0.9943,1.97705,1367.68,1344.315631917364,23.36436808263602,23.36436808263602,501-750
TR-045786,Los Angeles,Washington,2693.9,Reefer,28455.0,2025-10-17,0.99654,2.18265,5467.05,5445.107361241998,21.94263875800243,21.94263875800243,1500+
TR-045787,Dayton,Phoenix,2161.4,Dry Van,9623.0,2025-10-17,1.00811,2.3911,3826.18,3851.5635525146367,25.383552514636904,-25.383552514636904,1500+
TR-045788,New Orleans,San Antonio,495.2,Reefer,29582.0,2025-10-17,1.04097,1.56322,1300.9,1264.5279172450118,36.37208275498824,36.37208275498824,251-500
TR-045789,Los Angeles,Nashville,2016.7,Reefer,18463.0,2025-10-17,1.00699,2.0619,4254.3,4200.286468661031,54.01353133896919,54.01353133896919,1500+
TR-045790,Savannah,San Antonio,1171.5,Reefer,31043.0,2025-10-17,0.99377,1.73219,2751.34,2774.372400332562,23.032400332561792,-23.032400332561792,1001-1500
TR-045791,Raleigh,Amarillo,1828.2,Flatbed,40897.0,2025-10-17,1.01635,2.06558,3973.88,3980.8668781932574,6.986878193257326,-6.986878193257326,1500+
TR-045792,New York,Grand Rapids,811.5,Flatbed,28986.0,2025-10-17,1.00112,2.01173,1761.45,1738.6080708404545,22.841929159545543,22.841929159545543,751-1000
TR-045793,Green Bay,Mobile,1018.0,Flatbed,31184.0,2025-10-17,0.97211,1.90541,2279.98,2250.200236448883,29.779763551116957,29.779763551116957,1001-1500
TR-045794,Baltimore,Atlanta,906.5,Reefer,34472.0,2025-10-17,0.98557,1.77727,2139.64,2115.6982661261595,23.94173387384035,23.94173387384035,751-1000
TR-045795,Charleston,San Antonio,1334.9,Reefer,29976.0,2025-10-17,1.01726,1.85647,3055.6,3003.806083210269,51.7939167897307,51.7939167897307,1001-1500
TR-045796,Providence,St. Louis,1305.7,Flatbed,27719.0,2025-10-17,1.01132,2.01313,2697.72,2796.20078110916,98.48078110916003,-98.48078110916003,1001-1500
TR-045797,Cincinnati,Syracuse,759.6,Dry Van,17367.0,2025-10-17,1.01683,2.15981,1495.93,1553.381535198621,57.45153519862083,-57.45153519862083,751-1000
TR-045798,Buffalo,Shreveport,1172.3,Dry Van,29453.0,2025-10-17,1.00571,2.10943,2362.74,2382.819866068694,20.079866068694173,-20.079866068694173,1001-1500
TR-045799,Syracuse,Dallas,1398.2,Dry Van,16546.0,2025-10-17,0.98125,2.24432,2626.92,2653.46369337323,26.54369337322987,-26.54369337322987,1001-1500
TR-045800,Austin,Green Bay,1385.9,Dry Van,41613.0,2025-10-17,1.06552,2.10259,2855.35,2826.27583250138,29.074167498619772,29.074167498619772,1001-1500
TR-045801,Houston,Detroit,1215.0,Reefer,28184.0,2025-10-17,0.98574,1.9958,2661.21,2639.515680128088,21.69431987191183,21.69431987191183,1001-1500
TR-045802,St. Louis,Los Angeles,1969.5,Dry Van,30829.0,2025-10-17,1.02391,2.17267,3838.53,3851.9364981587214,13.406498158721206,-13.406498158721206,1500+
TR-045803,Baltimore,Shreveport,1388.4,Reefer,35239.0,2025-10-17,0.95803,1.88708,3144.54,3125.788869342849,18.751130657150952,18.751130657150952,1001-1500
TR-045804,San Antonio,Amarillo,505.8,Flatbed,25499.0,2025-10-17,1.0081,1.68949,1270.25,1213.9241167215825,56.32588327841745,56.32588327841745,501-750
TR-045805,Bakersfield,Richmond,2594.9,Dry Van,40165.0,2025-10-17,1.02929,2.23707,4970.65,4983.040770553063,12.390770553063703,-12.390770553063703,1500+
TR-045806,El Paso,Las Vegas,344.7,Dry Van,38925.0,2025-10-17,1.01874,1.66413,859.09,839.5121489000387,19.577851099961322,19.577851099961322,251-500
TR-045807,Madison,Nashville,552.4,Dry Van,47500.0,2025-10-17,1.04965,1.8268,1274.46,1257.0881175930433,17.37188240695673,17.37188240695673,501-750
TR-045808,Tulsa,Albuquerque,1015.7,Flatbed,29376.0,2025-10-17,1.05497,1.83561,2301.55,2320.385645568896,18.83564556889587,-18.83564556889587,1001-1500
TR-045809,Atlanta,Fort Wayne,550.3,Dry Van,38188.0,2025-10-17,0.99763,1.9494,1243.9,1216.6228797898634,27.277120210136673,27.277120210136673,501-750
TR-045810,Boston,Buffalo,605.8,Dry Van,35186.0,2025-10-17,0.96191,1.96369,1302.32,1322.7083984010312,20.38839840103128,-20.38839840103128,501-750
TR-045811,Dallas,Columbia,811.9,Reefer,41697.0,2025-10-17,0.98424,1.66167,2040.75,1969.4723841050934,71.2776158949066,71.2776158949066,751-1000
TR-045812,Hartford,Grand Rapids,912.8,Dry Van,46953.0,2025-10-17,1.01695,2.0516,1921.54,1836.986154035125,84.55384596487488,84.55384596487488,751-1000
TR-045813,Green Bay,Los Angeles,2239.7,Dry Van,37135.0,2025-10-17,1.01556,2.26011,4167.75,4254.534065472114,86.78406547211398,-86.78406547211398,1500+
TR-045814,Shreveport,Oklahoma City,446.0,Dry Van,32303.0,2025-10-17,1.01849,1.60924,1124.2,1068.086276905288,56.113723094711986,56.113723094711986,251-500
TR-045815,Tucson,Oklahoma City,998.3,Dry Van,33417.0,2025-10-17,1.01721,2.03456,2067.51,2161.4143280716153,93.90432807161505,-93.90432807161505,751-1000
TR-045816,Greensboro,Raleigh,377.9,Flatbed,25686.0,2025-10-17,1.01038,1.69301,932.49,891.8668048154375,40.62319518456252,40.62319518456252,251-500
TR-045817,Los Angeles,Louisville,2033.0,Dry Van,40587.0,2025-10-17,0.99902,2.21011,3953.94,4004.3022755099996,50.36227550999956,-50.36227550999956,1500+
TR-045818,Fresno,Jacksonville,2425.4,Reefer,27293.0,2025-10-18,0.93307,2.02285,4999.35,4933.010048436694,66.33995156330639,66.33995156330639,1500+
TR-045819,Fort Wayne,Louisville,360.1,Dry Van,25625.0,2025-10-18,0.96572,1.82266,829.78,806.415744497105,23.364255502894935,23.364255502894935,251-500
TR-045820,Atlanta,Baltimore,940.4,Dry Van,30598.0,2025-10-18,0.9171,2.16316,9522.01,1903.476451680865,7618.533548319136,7618.533548319136,751-1000
TR-045821,New Orleans,San Antonio,524.6,Reefer,31080.0,2025-10-18,0.90878,1.46795,1375.14,1330.8964581426226,44.24354185737752,44.24354185737752,501-750
TR-045822,Baltimore,Buffalo,474.0,Flatbed,32958.0,2025-10-18,0.91519,1.73596,1133.66,1150.8848694530043,17.224869453004203,-17.224869453004203,251-500
TR-045823,Salt Lake City,Richmond,2359.9,Reefer,17570.0,2025-10-18,0.8821,2.22659,4705.33,4791.140970748534,85.81097074853369,-85.81097074853369,1500+
TR-045824,Fort Wayne,Buffalo,426.5,Dry Van,31546.0,2025-10-18,0.90573,1.89461,958.53,942.2032203279895,16.326779672010503,16.326779672010503,251-500
TR-045825,Raleigh,Louisville,679.1,Flatbed,25032.0,2025-10-18,0.90129,1.95297,1543.23,1497.1774876633526,46.052512336647396,46.052512336647396,501-750
TR-045826,Lexington,San Francisco,2325.3,Dry Van,23152.0,2025-10-18,0.89032,2.39677,4131.85,4202.735665225343,70.88566522534256,-70.88566522534256,1500+
TR-045827,Nashville,Detroit,743.7,Dry Van,34220.0,2025-10-18,0.86958,2.05106,1552.35,1549.964692779467,2.3853072205329227,2.3853072205329227,501-750
TR-045828,Reno,Los Angeles,898.7,Dry Van,31302.0,2025-10-18,0.93417,2.10935,1810.99,1847.6617623875843,36.671762387584295,-36.671762387584295,751-1000
TR-045829,El Paso,Green Bay,1679.7,Reefer,33233.0,2025-10-18,0.8887,1.97749,3685.75,3730.2384599537318,44.48845995373176,-44.48845995373176,1500+
TR-045830,Grand Rapids,Albany,912.8,Flatbed,29114.0,2025-10-18,0.95125,2.09732,1859.19,1946.2684352827325,87.07843528273247,-87.07843528273247,751-1000
TR-045831,Memphis,Columbia,440.7,Dry Van,25982.0,2025-10-18,0.94785,1.926,989.63,988.5259631944681,1.104036805531905,1.104036805531905,251-500
TR-045832,Kansas City,St. Louis,123.7,Dry Van,28762.0,2025-10-18,0.91169,1.29196,349.49,330.68233382843266,18.807666171567348,18.807666171567348,0-250
TR-045833,Austin,Oklahoma City,217.2,Dry Van,23893.0,2025-10-18,0.8911,1.50051,574.16,555.9248158371861,18.23518416281388,18.23518416281388,0-250
TR-045834,Amarillo,Greensboro,1478.5,Reefer,7483.0,2025-10-18,1.0558,1.94687,700.21,3159.093613536169,2458.883613536169,-2458.883613536169,1001-1500
TR-045835,Baton Rouge,Cincinnati,693.9,Dry Van,31496.0,2025-10-18,0.94871,1.81172,1631.71,1504.8697041617108,126.8402958382892,126.8402958382892,501-750
TR-045836,Syracuse,Mobile,1124.7,Flatbed,29349.0,2025-10-18,0.95456,2.06205,2362.92,2457.7970726078465,94.87707260784646,-94.87707260784646,1001-1500
TR-045837,El Paso,Mobile,1503.4,Dry Van,32412.0,2025-10-18,0.9695,2.1259,2972.51,3059.346088000553,86.83608800055299,-86.83608800055299,1500+
TR-045838,Lubbock,Greensboro,1267.9,Dry Van,35057.0,2025-10-18,0.91512,2.04488,2699.51,2586.822275866995,112.6877241330053,112.6877241330053,1001-1500
TR-045839,Louisville,Houston,752.7,Flatbed,42466.0,2025-10-18,0.92522,1.70499,1862.45,1797.2589814546905,65.19101854530959,65.19101854530959,751-1000
TR-045840,Jacksonville,Albuquerque,1721.3,Dry Van,36302.0,2025-10-18,0.94422,2.14,3476.91,3553.891065107893,76.9810651078933,-76.9810651078933,1500+
TR-045841,Amarillo,Bakersfield,847.0,Reefer,26005.0,2025-10-18,0.90266,1.81489,1989.36,1989.5650499707954,0.20504997079547138,-0.20504997079547138,751-1000
TR-045842,Kansas City,Tucson,1629.1,Reefer,35042.0,2025-10-18,0.92259,1.95368,3523.42,3660.8262178069203,137.40621780692027,-137.40621780692027,1500+
TR-045843,Richmond,Fresno,2796.1,Dry Van,30002.0,2025-10-18,0.9338,2.34281,5068.46,5125.307725256787,56.84772525678727,-56.84772525678727,1500+
TR-045844,Los Angeles,Baton Rouge,1688.5,Dry Van,27190.0,2025-10-18,0.90631,2.25579,3163.53,3325.9636890041234,162.43368900412315,-162.43368900412315,1500+
TR-045845,El Paso,Bakersfield,436.9,Dry Van,34514.0,2025-10-18,0.90735,1.86666,988.77,1029.1118626167988,40.341862616798835,-40.341862616798835,251-500
TR-045846,New York,Lexington,759.9,Flatbed,27792.0,2025-10-18,0.94948,1.9121,1695.2,1698.5544232563075,3.3544232563074274,-3.3544232563074274,751-1000
TR-045847,Baton Rouge,Las Vegas,1525.2,Dry Van,24953.0,2025-10-18,0.94114,2.14959,3057.31,3041.788166968071,15.521833031928963,15.521833031928963,1500+
TR-045848,Philadelphia,Bakersfield,2786.4,Reefer,35394.0,2025-10-18,0.94559,2.04351,5815.43,5855.454930223002,40.02493022300132,-40.02493022300132,1500+
TR-045849,Milwaukee,Fort Wayne,246.8,Flatbed,20919.0,2025-10-18,0.91237,1.69995,606.41,628.8859438850776,22.47594388507764,-22.47594388507764,0-250
TR-045850,Atlanta,San Francisco,2337.9,Reefer,42559.0,2025-10-18,0.8742,2.02741,5044.57,5025.658628713203,18.911371286796566,18.911371286796566,1500+
TR-045851,Bakersfield,Milwaukee,1928.0,Reefer,28373.0,2025-10-18,0.9761,2.05934,3991.46,4150.396904927097,158.9369049270972,-158.9369049270972,1500+
TR-045852,Hartford,New Orleans,1416.0,Flatbed,39227.0,2025-10-18,0.93375,2.03222,3036.3,3110.4900163065117,74.19001630651155,-74.19001630651155,1001-1500
TR-045853,New York,Savannah,786.5,Flatbed,39076.0,2025-10-18,0.91344,1.872,1812.84,1770.1283275195474,42.711672480452535,42.711672480452535,751-1000
TR-045854,San Antonio,Indianapolis,975.4,Dry Van,30654.0,2025-10-18,0.95504,2.0251,2071.63,2027.3838853967702,44.2461146032299,44.2461146032299,751-1000
TR-045855,Tucson,Richmond,2515.3,Dry Van,36087.0,2025-10-18,0.96365,2.26723,4768.65,4870.553798491384,101.9037984913848,-101.9037984913848,1500+
TR-045856,Lexington,Memphis,345.7,Reefer,38222.0,2025-10-18,0.89665,1.44671,932.39,917.6955186635737,14.694481336426293,14.694481336426293,251-500
TR-045857,San Antonio,Baton Rouge,410.3,Flatbed,23575.0,2025-10-18,0.91652,1.66102,1012.6,1053.0832185416757,40.48321854167568,-40.48321854167568,251-500
TR-045858,Corpus Christi,Salt Lake City,1316.2,Dry Van,26654.0,2025-10-18,0.93079,2.23316,2550.35,2605.1691654655815,54.81916546558159,-54.81916546558159,1001-1500
TR-045859,Houston,Savannah,900.2,Reefer,26426.0,2025-10-18,0.90342,1.81158,2116.33,2031.4394972758614,84.89050272413851,84.89050272413851,751-1000
TR-045860,Chattanooga,Syracuse,892.4,Reefer,36189.0,2025-10-18,0.90319,1.90718,1990.99,2081.3931845450634,90.40318454506337,-90.40318454506337,751-1000
TR-045861,Bakersfield,New York,2832.7,Dry Van,34381.0,2025-10-18,1.0558,2.34336,5111.47,5261.829440810219,150.35944081021898,-150.35944081021898,1500+
TR-045862,Los Angeles,Montgomery,2156.6,Flatbed,18145.0,2025-10-18,0.9269,2.01427,4486.54,4246.687722285406,239.85227771459358,239.85227771459358,1500+
TR-045863,Tucson,Green Bay,1975.9,Dry Van,29336.0,2025-10-18,0.95394,2.23336,3787.48,3681.8537177516673,105.6262822483327,105.6262822483327,1500+
TR-045864,St. Louis,Tulsa,520.9,Dry Van,35617.0,2025-10-18,0.92555,1.7848,1244.28,1189.1572255697563,55.12277443024368,55.12277443024368,501-750
TR-045865,Washington,Columbia,537.6,Dry Van,31496.0,2025-10-18,0.90466,1.99392,1140.72,1196.8708085412295,56.15080854122948,-56.15080854122948,501-750
TR-045866,Charleston,Madison,899.2,Dry Van,25439.0,2025-10-18,0.94188,2.22356,1743.16,1775.2294076572578,32.06940765725767,-32.06940765725767,751-1000
TR-045867,Oklahoma City,New York,1748.3,Dry Van,46804.0,2025-10-18,0.90999,2.16501,3491.03,3566.8863477719206,75.85634777192035,-75.85634777192035,1500+
TR-045868,Nashville,Montgomery,367.5,Reefer,31520.0,2025-10-18,0.89841,1.40297,1006.04,956.0332059367731,50.006794063226835,50.006794063226835,251-500
TR-045869,Albuquerque,Bakersfield,520.6,Dry Van,33612.0,2025-10-18,0.87918,1.8872,1170.58,1164.82724394982,5.752756050179869,5.752756050179869,501-750
TR-045870,Los Angeles,Buffalo,2709.0,Dry Van,36057.0,2025-10-18,0.90368,2.32924,4885.38,5038.777350712315,153.39735071231462,-153.39735071231462,1500+
TR-045871,Tulsa,Amarillo,661.2,Dry Van,16325.0,2025-10-18,0.94771,2.0324,1386.64,1356.9075469640259,29.73245303597423,29.73245303597423,501-750
TR-045872,Montgomery,Lexington,483.5,Reefer,26130.0,2025-10-18,0.92901,1.66201,1225.41,1194.457664351182,30.952335648818007,30.952335648818007,251-500
TR-045873,Nashville,San Antonio,862.5,Dry Van,21629.0,2025-10-18,0.9144,2.05922,1781.79,1819.362602480819,37.572602480819114,-37.572602480819114,751-1000
TR-045874,Montgomery,Amarillo,1254.9,Flatbed,25158.0,2025-10-18,0.89364,1.99966,2723.7,2742.6762739766878,18.976273976687935,-18.976273976687935,1001-1500
TR-045875,Oklahoma City,Buffalo,1524.8,Reefer,32228.0,2025-10-18,0.93924,1.97048,3299.18,3459.1997579650406,160.01975796504075,-160.01975796504075,1500+
TR-045876,Montgomery,Tampa,269.5,Reefer,38155.0,2025-10-18,0.88489,1.19103,786.48,772.4713162067366,14.008683793263458,14.008683793263458,251-500
TR-045877,Jacksonville,New Orleans,545.3,Reefer,42046.0,2025-10-18,0.87686,1.56489,1410.96,1419.2227549045097,8.26275490450962,-8.26275490450962,501-750
TR-045878,Harrisburg,Albany,564.7,Flatbed,9639.0,2025-10-18,0.8757,2.00378,1219.83,1248.3782881963264,28.54828819632644,-28.54828819632644,501-750
TR-045879,Dayton,Austin,1266.9,Reefer,30819.0,2025-10-18,0.92973,1.83776,2913.25,2835.6685199944645,77.58148000553547,77.58148000553547,1001-1500
TR-045880,Greensboro,Philadelphia,714.4,Dry Van,34194.0,2025-10-18,0.88814,1.96002,1561.35,1516.4566951340373,44.89330486596259,44.89330486596259,501-750
TR-045881,Tucson,Greensboro,2086.2,Dry Van,20579.0,2025-10-18,0.91844,2.26325,3892.16,3758.708829078839,133.45117092116107,133.45117092116107,1500+
TR-045882,Atlanta,Harrisburg,682.7,Dry Van,27302.0,2025-10-18,0.93123,2.11562,1400.28,1384.848801791029,15.431198208970955,15.431198208970955,501-750
TR-045883,Fort Wayne,Savannah,678.7,Dry Van,30247.0,2025-10-18,0.97839,1.9941,1461.81,1401.1367089604657,60.673291039534206,60.673291039534206,501-750
TR-045884,Syracuse,Oklahoma City,1623.1,Dry Van,36548.0,2025-10-18,0.84293,2.2002,3182.56,3254.7617504964214,72.20175049642148,-72.20175049642148,1500+
TR-045885,Green Bay,Montgomery,1058.8,Dry Van,34419.0,2025-10-18,0.95254,2.12101,2144.76,2190.3419008653013,45.58190086530112,-45.58190086530112,1001-1500
TR-045886,Jacksonville,Mobile,260.9,Dry Van,21650.0,2025-10-18,0.88293,1.66203,650.01,645.8122906845088,4.197709315491238,4.197709315491238,251-500
TR-045887,Bakersfield,Los Angeles,408.9,Flatbed,20317.0,2025-10-18,0.92925,1.7862,968.51,1018.3412866447553,49.83128664475532,-49.83128664475532,251-500
TR-045888,Indianapolis,Buffalo,668.9,Reefer,44036.0,2025-10-18,0.92435,1.66962,1647.1,1587.7681750467066,59.331824953293335,59.331824953293335,501-750
TR-045889,Oklahoma City,Charleston,1348.5,Dry Van,25133.0,2025-10-18,0.95687,2.09624,2729.1,2662.5640030411173,66.5359969588826,66.5359969588826,1001-1500
TR-045890,Los Angeles,Indianapolis,2037.5,Reefer,38232.0,2025-10-18,0.95236,1.94314,4494.77,4350.756366113944,144.0136338860566,144.0136338860566,1500+
TR-045891,Baton Rouge,Columbia,733.5,Dry Van,34685.0,2025-10-18,0.92492,1.89357,1634.18,1575.0484281440793,59.13157185592081,59.13157185592081,501-750
TR-045892,El Paso,Lubbock,764.9,Reefer,45282.0,2025-10-18,0.87612,1.56948,1963.55,1930.275817895195,33.27418210480505,33.27418210480505,751-1000
TR-045893,Providence,Baton Rouge,1688.6,Dry Van,38714.0,2025-10-18,0.91399,2.148,3401.76,3405.318115704793,3.5581157047927263,-3.5581157047927263,1500+
TR-045894,Tucson,Tampa,1862.5,Dry Van,30331.0,2025-10-18,0.90919,2.24843,3600.17,3527.416176366881,72.75382363311928,72.75382363311928,1500+
TR-045895,Memphis,Buffalo,855.3,Reefer,37970.0,2025-10-18,0.93212,1.73727,2059.94,2014.954638424291,44.98536157570902,44.98536157570902,751-1000
TR-045896,Hartford,Toledo,793.1,Dry Van,27762.0,2025-10-18,0.91881,2.25877,1499.02,1580.8842674913317,81.8642674913317,-81.8642674913317,751-1000
TR-045897,Charleston,Atlanta,467.3,Flatbed,23788.0,2025-10-18,0.91586,1.76741,1106.0,1130.9359326383455,24.935932638345548,-24.935932638345548,251-500
TR-045898,Lexington,Green Bay,620.0,Reefer,21432.0,2025-10-18,0.90877,1.914,1415.97,1460.4652293226566,44.49522932265654,-44.49522932265654,501-750
TR-045899,San Antonio,Harrisburg,1560.8,Flatbed,20079.0,2025-10-18,0.91889,2.17292,3079.84,3214.4388062916955,134.59880629169538,-134.59880629169538,1500+
TR-045900,Buffalo,Atlanta,724.5,Dry Van,20221.0,2025-10-18,0.95432,2.15873,1455.53,1453.0644023351192,2.465597664880761,2.465597664880761,501-750
TR-045901,Indianapolis,San Antonio,958.7,Flatbed,30319.0,2025-10-18,0.92596,1.95081,2133.85,2191.113327012581,57.26332701258116,-57.26332701258116,751-1000
TR-045902,New York,Lubbock,1879.1,Dry Van,33424.0,2025-10-18,0.91505,2.24441,3664.1,3836.8763308302086,172.77633083020874,-172.77633083020874,1500+
TR-045903,Nashville,Philadelphia,1019.1,Reefer,35391.0,2025-10-18,0.90228,1.88532,2356.83,2327.071756258154,29.758243741845945,29.758243741845945,1001-1500
TR-045904,Lubbock,Nashville,907.1,Flatbed,28431.0,2025-10-18,0.90751,1.86725,2087.83,2030.984121135585,56.845878864415,56.845878864415,751-1000
TR-045905,Grand Rapids,Columbia,744.4,Flatbed,23665.0,2025-10-18,0.95212,1.92742,1627.5,1607.7623431697027,19.737656830297283,19.737656830297283,501-750
TR-045906,Phoenix,Tampa,2007.6,Reefer,40659.0,2025-10-18,0.9017,1.89008,4440.83,4406.284827279066,34.545172720933806,34.545172720933806,1500+
TR-045907,Albany,El Paso,2534.5,Flatbed,32150.0,2025-10-18,0.92068,2.16119,5015.77,5287.044006133745,271.2740061337445,-271.2740061337445,1500+
TR-045908,Phoenix,Kansas City,1869.2,Reefer,36021.0,2025-10-18,0.89359,2.01399,4003.05,4012.797399548849,9.747399548848989,-9.747399548848989,1500+
TR-045909,Houston,Tampa,583.0,Dry Van,29136.0,2025-10-18,0.91461,1.98647,1290.15,1296.2239033605745,6.073903360574377,-6.073903360574377,501-750
TR-045910,Phoenix,Harrisburg,2612.2,Flatbed,31329.0,2025-10-18,0.92882,2.16954,5205.32,5235.428785141391,30.10878514139131,-30.10878514139131,1500+
TR-045911,Dayton,Atlanta,421.2,Reefer,40013.0,2025-10-18,0.90984,1.40131,1126.1,1085.5956200406001,40.504379959399785,40.504379959399785,251-500
TR-045912,Milwaukee,Greensboro,487.7,Flatbed,34238.0,2025-10-18,0.9006,1.71554,1183.6,1168.228303621822,15.37169637817783,15.37169637817783,251-500
TR-045913,Corpus Christi,Kansas City,959.8,Dry Van,38106.0,2025-10-18,0.91301,2.04568,2001.86,2034.7855776825565,32.92557768255665,-32.92557768255665,751-1000
TR-045914,Lubbock,Hartford,1973.3,Reefer,26797.0,2025-10-18,0.90843,2.08049,4242.61,4169.984250953688,72.62574904631128,72.62574904631128,1500+
TR-045915,Atlanta,Syracuse,882.0,Dry Van,21589.0,2025-10-18,0.91299,2.1416,1766.47,1722.478077389864,43.991922610136044,43.991922610136044,751-1000
TR-045916,Reno,Buffalo,2435.0,Reefer,36369.0,2025-10-18,0.96281,2.11434,4890.94,5075.649529349418,184.70952934941852,-184.70952934941852,1500+
TR-045917,Louisville,Indianapolis,142.2,Dry Van,35737.0,2025-10-18,0.92978,1.33771,404.69,383.4947414101615,21.195258589838488,21.195258589838488,0-250
TR-045918,Hartford,Amarillo,2115.6,Dry Van,36580.0,2025-10-18,0.93108,2.19106,4181.96,4051.365503929538,130.5944960704619,130.5944960704619,1500+
TR-045919,Albany,Memphis,1348.8,Dry Van,41613.0,2025-10-18,0.93018,2.18278,2687.53,2717.2474706265416,29.7174706265414,-29.7174706265414,1001-1500
TR-045920,Atlanta,Providence,1146.8,Dry Van,33866.0,2025-10-18,0.94351,1.97745,2449.64,2410.4491148783854,39.19088512161443,39.19088512161443,1001-1500
TR-045921,Lexington,Reno,2152.4,Dry Van,22457.0,2025-10-18,0.91446,2.39945,3835.85,3775.282272465896,60.56772753410405,60.56772753410405,1500+
TR-045922,Albuquerque,Fort Wayne,1580.0,Reefer,21927.0,2025-10-18,0.94868,2.09001,3331.57,3248.8307273716587,82.7392726283415,82.7392726283415,1500+
TR-045923,Phoenix,Atlanta,2031.2,Dry Van,33478.0,2025-10-18,0.91525,2.22926,3840.4,3951.673102050967,111.27310205096683,-111.27310205096683,1500+
TR-045924,Tulsa,Raleigh,1161.6,Dry Van,37715.0,2025-10-18,0.94095,2.14713,2397.45,2457.530139273693,60.08013927369302,-60.08013927369302,1001-1500
TR-045925,Albany,Fort Wayne,887.7,Dry Van,37032.0,2025-10-18,1.0558,2.07345,1849.8,1795.6129070667387,54.18709293326128,54.18709293326128,751-1000
TR-045926,Albuquerque,Oklahoma City,812.6,Dry Van,42596.0,2025-10-18,0.9025,1.89823,1833.94,1760.064713424942,73.875286575058,73.875286575058,751-1000
TR-045927,Cincinnati,Raleigh,623.0,Dry Van,42413.0,2025-10-18,0.91337,1.9359,1415.02,1378.6494394165106,36.37056058348935,36.37056058348935,501-750
TR-045928,Houston,Cincinnati,749.0,Dry Van,36239.0,2025-10-18,0.92487,1.97549,1653.6,1631.1686148864555,22.431385113544366,22.431385113544366,501-750
TR-045929,Oklahoma City,Lexington,991.8,Flatbed,34035.0,2025-10-18,0.95398,1.9064,2269.87,2303.604588025553,33.734588025552966,-33.734588025552966,751-1000
TR-045930,Chattanooga,Amarillo,1183.8,Dry Van,25020.0,2025-10-18,0.93539,2.16774,2343.36,2411.010561337733,67.65056133773305,-67.65056133773305,1001-1500
TR-045931,Mobile,Greensboro,500.6,Dry Van,36796.0,2025-10-18,0.91941,1.80568,1155.88,1150.2022041569367,5.67779584306345,5.67779584306345,501-750
TR-045932,Greensboro,Oklahoma City,1151.0,Reefer,31936.0,2025-10-18,0.90294,1.83852,2734.13,2770.2772668302086,36.14726683020854,-36.14726683020854,1001-1500
TR-045933,Nashville,Cincinnati,180.2,Reefer,28739.0,2025-10-18,0.93324,1.15,542.83,536.5551378807826,6.27486211921746,6.27486211921746,0-250
TR-045934,Los Angeles,Houston,1527.7,Flatbed,36912.0,2025-10-18,0.93859,1.95694,3338.28,3477.148813153485,138.868813153485,-138.868813153485,1500+
TR-045935,Greensboro,Oklahoma City,1121.8,Reefer,20628.0,2025-10-18,0.91549,1.88214,2496.0,2545.072881099948,49.07288109994806,-49.07288109994806,1001-1500
TR-045936,Buffalo,Dallas,1300.2,Reefer,40032.0,2025-10-18,0.93303,1.92176,2966.05,2959.658571253718,6.391428746282145,6.391428746282145,1001-1500
TR-045937,Phoenix,New York,2908.1,Flatbed,34850.0,2025-10-18,0.92093,2.24391,5663.94,5711.631907805657,47.69190780565714,-47.69190780565714,1500+
TR-045938,Indianapolis,Phoenix,1964.6,Flatbed,29447.0,2025-10-18,0.89468,2.10709,3967.69,4065.4768375984904,97.78683759849037,-97.78683759849037,1500+
TR-045939,Madison,Baton Rouge,946.7,Reefer,21392.0,2025-10-18,0.92257,1.92039,2107.87,2106.639927748362,1.230072251637921,1.230072251637921,751-1000
TR-045940,Birmingham,Cincinnati,333.9,Dry Van,6817.0,2025-10-18,0.90221,1.86031,753.48,775.7553481748779,22.275348174877877,-22.275348174877877,251-500
TR-045941,Milwaukee,Nashville,380.8,Dry Van,27144.0,2025-10-18,0.91567,1.86564,876.11,871.4153277992151,4.6946722007849075,4.6946722007849075,251-500
TR-045942,Dayton,Kansas City,360.5,Reefer,33808.0,2025-10-18,0.88516,1.51709,959.64,928.2099683685761,31.430031631423844,31.430031631423844,251-500
TR-045943,Montgomery,New York,1091.4,Dry Van,24790.0,2025-10-18,0.87826,2.216,2122.57,2149.852418922252,27.282418922251964,-27.282418922251964,1001-1500
TR-045944,Green Bay,Los Angeles,2218.6,Reefer,34922.0,2025-10-18,0.94851,2.07654,4530.44,4726.790281402207,196.35028140220766,-196.35028140220766,1500+
TR-045945,Lubbock,Richmond,1716.4,Dry Van,37885.0,2025-10-18,0.90328,2.21078,3356.21,3511.1266292214455,154.91662922144542,-154.91662922144542,1500+
TR-045946,Buffalo,Atlanta,722.2,Dry Van,43615.0,2025-10-18,0.92606,1.96696,1551.53,1532.0089122894194,19.52108771058056,19.52108771058056,501-750
TR-045947,Salt Lake City,Mobile,1688.7,Dry Van,31021.0,2025-10-18,0.93112,2.18597,3348.56,3321.4991743967057,27.060825603294234,27.060825603294234,1500+
TR-045948,Detroit,Hartford,797.4,Reefer,40962.0,2025-10-18,0.88989,1.84553,1845.61,1867.960926223797,22.35092622379716,-22.35092622379716,751-1000
TR-045949,Jacksonville,San Antonio,975.1,Dry Van,44030.0,2025-10-18,0.91647,1.93719,2135.27,2155.46063514511,20.19063514510981,-20.19063514510981,751-1000
TR-045950,Shreveport,Milwaukee,646.9,Reefer,37609.0,2025-10-18,0.90913,1.61792,1619.21,1581.1163118749075,38.09368812509251,38.09368812509251,501-750
TR-045951,San Antonio,New York,1797.5,Dry Van,33997.0,2025-10-18,0.91268,2.14289,3564.95,3588.410493499763,23.460493499763288,-23.460493499763288,1500+
TR-045952,Amarillo,Baton Rouge,819.0,Reefer,40870.0,2025-10-18,0.90499,1.58078,2072.92,2046.3672526920388,26.552747307961226,26.552747307961226,751-1000
TR-045953,Milwaukee,Dayton,199.3,Dry Van,30874.0,2025-10-18,0.90817,1.59218,514.26,510.3038314490484,3.9561685509515883,3.9561685509515883,0-250
TR-045954,Milwaukee,Buffalo,637.5,Flatbed,39143.0,2025-10-18,0.96496,1.85375,1466.63,1465.3729218903004,1.2570781096997052,1.2570781096997052,501-750
TR-045955,Los Angeles,Madison,1978.6,Flatbed,32237.0,2025-10-18,0.90939,2.06008,4032.78,4170.097675524948,137.3176755249474,-137.3176755249474,1500+
TR-045956,Baltimore,Richmond,270.1,Dry Van,30072.0,2025-10-18,0.90809,1.75213,651.51,635.1956561677349,16.31434383226508,16.31434383226508,251-500
TR-045957,Houston,Charleston,1114.8,Dry Van,25040.0,2025-10-18,0.8986,2.09532,2273.63,2219.6151189287457,54.01488107125442,54.01488107125442,1001-1500
TR-045958,Syracuse,Jacksonville,1031.8,Dry Van,39852.0,2025-10-18,0.91794,2.10953,2089.43,2115.914123791216,26.484123791216007,-26.484123791216007,1001-1500
TR-045959,New York,Salt Lake City,2534.1,Dry Van,18567.0,2025-10-18,0.89992,2.36791,4496.35,4687.150876497712,190.80087649771122,-190.80087649771122,1500+
TR-045960,Oklahoma City,Cincinnati,888.8,Dry Van,29466.0,2025-10-18,0.91489,2.00862,1880.12,1835.8837912986285,44.236208701371424,44.236208701371424,751-1000
TR-045961,Greensboro,Mobile,485.6,Dry Van,35107.0,2025-10-18,0.947,1.82015,1120.66,1108.11048635073,12.549513649270011,12.549513649270011,251-500
TR-045962,Green Bay,Boston,1175.9,Reefer,42276.0,2025-10-18,0.88601,1.91372,2688.36,2718.4527648365765,30.092764836576407,-30.092764836576407,1001-1500
TR-045963,Boston,Jacksonville,1128.3,Reefer,28236.0,2025-10-18,0.93958,1.91722,2534.73,2524.723902393935,10.006097606064941,10.006097606064941,1001-1500
TR-045964,Charleston,Hartford,668.5,Dry Van,23694.0,2025-10-18,0.92241,2.12626,1341.22,1350.559223594269,9.339223594269015,-9.339223594269015,501-750
TR-045965,Reno,Lubbock,1530.0,Dry Van,34894.0,2025-10-18,0.90549,2.18386,2975.08,3124.8322729579945,149.7522729579946,-149.7522729579946,1500+
TR-045966,Lexington,Kansas City,430.9,Dry Van,39649.0,2025-10-18,0.85295,1.83463,991.62,1001.9943891550887,10.374389155088693,-10.374389155088693,251-500
TR-045967,Washington,Tampa,1138.5,Dry Van,47500.0,2025-10-18,0.90298,2.12048,2298.17,2362.369321482771,64.19932148277076,-64.19932148277076,1001-1500
TR-045968,Washington,Buffalo,252.0,Dry Van,29902.0,2025-10-18,0.9256,1.75334,593.11,606.0082352918328,12.898235291832748,-12.898235291832748,251-500
TR-045969,Jacksonville,Dallas,663.4,Reefer,40783.0,2025-10-18,0.90841,1.53931,1711.11,1598.3528110602867,112.75718893971316,112.75718893971316,501-750
TR-045970,Dayton,Milwaukee,186.9,Reefer,20981.0,2025-10-18,0.88864,1.33273,529.66,544.028392397815,14.368392397815,-14.368392397815,0-250
TR-045971,Atlanta,Indianapolis,364.2,Dry Van,32626.0,2025-10-18,0.87885,1.6975,879.77,842.9211248434522,36.84887515654782,36.84887515654782,251-500
TR-045972,Richmond,Hartford,328.1,Dry Van,35441.0,2025-10-18,0.87307,1.78466,767.1,803.5470387776863,36.447038777686316,-36.447038777686316,251-500
TR-045973,Corpus Christi,Fort Wayne,1267.3,Dry Van,29877.0,2025-10-18,0.89289,2.19993,2530.36,2499.8239354851885,30.536064514811642,30.536064514811642,1001-1500
TR-045974,Amarillo,Richmond,1820.5,Dry Van,30014.0,2025-10-18,0.96837,2.19464,3559.92,3536.6167053205345,23.30329467946558,23.30329467946558,1500+
TR-045975,Toledo,Baton Rouge,1115.5,Flatbed,26332.0,2025-10-18,0.95635,2.06782,2350.04,2419.9297652431483,69.8897652431483,-69.8897652431483,1001-1500
TR-045976,Columbia,Kansas City,637.1,Dry Van,42873.0,2025-10-18,0.87725,1.93552,1394.61,1387.9369849134303,6.673015086569649,6.673015086569649,501-750
TR-045977,San Antonio,Grand Rapids,1404.6,Dry Van,37865.0,2025-10-18,0.93478,2.15391,2791.89,2821.232173541811,29.342173541811007,-29.342173541811007,1001-1500
TR-045978,Phoenix,Los Angeles,75.1,Reefer,24836.0,2025-10-18,0.92019,1.06291,232.99,265.69878909286746,32.70878909286745,-32.70878909286745,0-250
TR-045979,Jacksonville,New York,935.5,Dry Van,38001.0,2025-10-18,0.88255,2.12067,1938.75,1967.5316509907998,28.78165099079979,-28.78165099079979,751-1000
TR-045980,Amarillo,Tucson,654.9,Dry Van,32057.0,2025-10-18,0.92392,2.00257,1434.58,1399.907801159592,34.67219884040787,34.67219884040787,501-750
TR-045981,Indianapolis,Reno,1860.0,Dry Van,26959.0,2025-10-18,0.91434,2.29772,3447.98,3417.8665360306636,30.113463969336408,30.113463969336408,1500+
TR-045982,Tulsa,Fresno,1689.0,Dry Van,21771.0,2025-10-18,0.92889,2.21782,3196.73,3280.3708767809603,83.6408767809603,-83.6408767809603,1500+
TR-045983,Philadelphia,Syracuse,379.2,Dry Van,24544.0,2025-10-18,0.91829,1.96129,831.63,791.9261016980594,39.703898301940626,39.703898301940626,251-500
TR-045984,Raleigh,Buffalo,544.8,Flatbed,29238.0,2025-10-18,0.90503,1.95004,1194.13,1253.1091925687954,58.97919256879527,-58.97919256879527,501-750
TR-045985,Oklahoma City,Raleigh,1443.5,Dry Van,36141.0,2025-10-19,0.86733,2.11439,2972.9,2900.4551275667627,72.44487243323738,72.44487243323738,1001-1500
TR-045986,El Paso,Jacksonville,1766.5,Flatbed,31270.0,2025-10-19,0.84692,2.11166,3692.68,3784.0029023119037,91.32290231190382,-91.32290231190382,1500+
TR-045987,Fort Wayne,Milwaukee,253.1,Dry Van,15213.0,2025-10-19,0.89446,1.88059,577.78,597.1173561912854,19.33735619128538,-19.33735619128538,251-500
TR-045988,Hartford,Fort Wayne,832.2,Flatbed,33558.0,2025-10-19,0.86136,1.92609,5308.55,1842.236164752915,3466.313835247085,3466.313835247085,751-1000
TR-045989,Shreveport,Amarillo,813.5,Reefer,19928.0,2025-10-19,0.83631,1.82574,1946.12,1893.7825153484532,52.337484651546674,52.337484651546674,751-1000
TR-045990,Harrisburg,Milwaukee,645.9,Reefer,34712.0,2025-10-19,0.81767,1.83822,1497.97,1521.3207550764057,23.350755076405676,-23.350755076405676,501-750
TR-045991,Lubbock,Albany,2176.5,Dry Van,27262.0,2025-10-19,0.86794,2.28232,4009.74,4018.361353844308,8.621353844308032,-8.621353844308032,1500+
TR-045992,Memphis,Cincinnati,243.8,Dry Van,24807.0,2025-10-19,0.87436,1.69023,203.4,601.0622658195576,397.66226581955766,-397.66226581955766,0-250
TR-045993,Albuquerque,Savannah,1822.1,Reefer,26445.0,2025-10-19,0.85036,1.98884,3823.32,3869.891148311325,46.57114831132503,-46.57114831132503,1500+
TR-045994,Buffalo,Louisville,678.2,Dry Van,47500.0,2025-10-19,0.84849,2.02375,1448.26,1433.728429247405,14.531570752594916,14.531570752594916,501-750
TR-045995,Grand Rapids,Lexington,554.8,Dry Van,37308.0,2025-10-19,0.8789,1.89232,1275.97,1215.248965186877,60.72103481312297,60.72103481312297,501-750
TR-045996,St. Louis,Phoenix,1989.5,Dry Van,32307.0,2025-10-19,0.87053,2.18941,3808.34,3898.5544603996545,90.2144603996544,-90.2144603996544,1500+
TR-045997,Columbia,Memphis,436.5,Dry Van,35544.0,2025-10-19,0.85434,1.81412,1009.93,1039.3300555319177,29.4000555319177,-29.4000555319177,251-500
TR-045998,Jacksonville,Lubbock,1092.3,Dry Van,35806.0,2025-10-19,0.88279,2.05069,2297.59,2387.590319803902,90.00031980390168,-90.00031980390168,1001-1500
TR-045999,Tampa,Memphis,599.9,Dry Van,44738.0,2025-10-19,0.85358,1.83174,1380.6,1381.4677463137568,0.8677463137569248,-0.8677463137569248,501-750
TR-046000,Corpus Christi,Shreveport,429.9,Reefer,43964.0,2025-10-19,0.88492,1.36306,1216.79,1180.0918386471692,36.698161352830766,36.698161352830766,251-500
TR-046001,Fort Wayne,San Antonio,1293.2,Reefer,23817.0,2025-10-19,0.83237,1.98428,2834.77,2839.85299911529,5.082999115290022,-5.082999115290022,1001-1500
TR-046002,Birmingham,Green Bay,892.0,Dry Van,33724.0,2025-10-19,0.87914,2.09356,1837.35,1853.7212336130567,16.371233613056802,-16.371233613056802,751-1000
TR-046003,Houston,Tucson,1280.6,Reefer,13752.0,2025-10-19,0.85378,2.02742,2738.58,2803.4664299563888,64.88642995638884,-64.88642995638884,1001-1500
TR-046004,San Francisco,Atlanta,2253.0,Reefer,31630.0,2025-10-19,0.79387,2.07864,4711.99,4651.519642862112,60.47035713788773,60.47035713788773,1500+
TR-046005,Syracuse,Baltimore,467.3,Dry Van,32292.0,2025-10-19,0.84562,1.88652,1046.58,1045.047407457094,1.5325925429058316,1.5325925429058316,251-500
TR-046006,Baton Rouge,Chattanooga,558.9,Dry Van,33820.0,2025-10-19,0.88015,1.78457,1310.53,1267.7483322640082,42.78166773599173,42.78166773599173,501-750
TR-046007,Tulsa,Detroit,1033.7,Dry Van,28582.0,2025-10-19,0.84178,2.16906,2036.13,2062.225479425101,26.095479425101075,-26.095479425101075,1001-1500
TR-046008,Philadelphia,Lexington,786.0,Dry Van,35900.0,2025-10-19,0.86459,2.00782,1668.7,1642.0764195690779,26.623580430922175,26.623580430922175,751-1000
TR-046009,Austin,Mobile,818.5,Dry Van,31383.0,2025-10-19,0.84846,2.1122,1690.83,1763.977674542088,73.147674542088,-73.147674542088,751-1000
TR-046010,Harrisburg,Austin,1627.7,Reefer,32129.0,2025-10-19,0.82973,2.00184,3493.39,3632.4609710148675,139.0709710148676,-139.0709710148676,1500+
TR-046011,Amarillo,Phoenix,871.5,Dry Van,27869.0,2025-10-19,0.86588,2.03691,1820.83,1833.352540212584,12.52254021258409,-12.52254021258409,751-1000
TR-046012,Columbia,Bakersfield,2228.1,Dry Van,35960.0,2025-10-19,0.79299,2.25311,4232.87,4242.524565565616,9.654565565616394,-9.654565565616394,1500+
TR-046013,Los Angeles,Tucson,318.5,Reefer,16522.0,2025-10-19,0.86623,1.55337,808.29,812.1699422246348,3.879942224634874,-3.879942224634874,251-500
TR-046014,Hartford,Salt Lake City,2567.4,Dry Van,31714.0,2025-10-19,0.84807,2.33247,4654.64,4882.570600422165,227.9306004221644,-227.9306004221644,1500+
TR-046015,Reno,Amarillo,1051.5,Reefer,33579.0,2025-10-19,0.84888,1.92506,2316.06,2502.167572848261,186.10757284826104,-186.10757284826104,1001-1500
TR-046016,Greensboro,Indianapolis,435.9,Reefer,40095.0,2025-10-19,0.85844,1.59987,1117.41,1139.3441620563708,21.934162056370724,-21.934162056370724,251-500
TR-046017,Greensboro,New York,674.0,Reefer,31386.0,2025-10-19,0.85542,1.82293,1566.31,1582.2089173286622,15.898917328662264,-15.898917328662264,501-750
TR-046018,Harrisburg,Memphis,827.0,Reefer,47500.0,2025-10-19,0.84512,1.79246,1961.67,1943.4214796763688,18.248520323631283,18.248520323631283,751-1000
TR-046019,Dayton,San Antonio,1212.1,Reefer,29178.0,2025-10-19,0.83979,1.84584,2755.15,2690.1457055815686,65.00429441843153,65.00429441843153,1001-1500
TR-046020,New York,Richmond,264.6,Dry Van,35312.0,2025-10-19,0.85059,1.77755,624.02,640.715322358958,16.695322358958038,-16.695322358958038,251-500
TR-046021,Nashville,Buffalo,819.0,Dry Van,31585.0,2025-10-19,0.84224,2.12563,1671.31,1687.0630103092308,15.753010309230831,-15.753010309230831,751-1000
TR-046022,Atlanta,Kansas City,498.9,Dry Van,28339.0,2025-10-19,0.85498,1.97268,1104.74,1089.5693185593288,15.17068144067116,15.17068144067116,251-500
TR-046023,Fort Wayne,Mobile,813.0,Flatbed,29013.0,2025-10-19,0.79862,1.97314,1790.74,1783.0298026201294,7.7101973798705785,7.7101973798705785,751-1000
TR-046024,Fresno,Lubbock,1401.9,Dry Van,26377.0,2025-10-19,0.87424,2.16296,2793.65,2757.969006760244,35.680993239755935,35.680993239755935,1001-1500
TR-046025,Kansas City,Houston,733.8,Dry Van,29480.0,2025-10-19,0.8437,2.03154,1581.9,1526.700386280574,55.199613719426,55.199613719426,501-750
TR-046026,Grand Rapids,Tucson,2018.9,Dry Van,42526.0,2025-10-19,0.85261,2.27142,3786.01,3956.2624066579965,170.2524066579963,-170.2524066579963,1500+
TR-046027,Jacksonville,Phoenix,2118.5,Dry Van,30978.0,2025-10-19,0.88025,2.27971,3922.14,4002.471289956521,80.33128995652123,-80.33128995652123,1500+
TR-046028,Phoenix,Bakersfield,388.7,Dry Van,15067.0,2025-10-19,0.90744,1.9142,865.79,859.6041166026695,6.185883397330485,6.185883397330485,251-500
TR-046029,Bakersfield,Baton Rouge,1710.0,Dry Van,20652.0,2025-10-19,0.87381,2.28413,3232.85,3359.0657813427547,126.21578134275478,-126.21578134275478,1500+
TR-046030,Boston,Grand Rapids,1086.7,Dry Van,28112.0,2025-10-19,0.87502,2.22996,2073.63,2138.888852807574,65.25885280757393,-65.25885280757393,1001-1500
TR-046031,Atlanta,Nashville,148.1,Dry Van,41389.0,2025-10-19,0.85361,1.31634,418.53,425.8689494416632,7.338949441663203,-7.338949441663203,0-250
TR-046032,Mobile,Hartford,1266.4,Dry Van,29757.0,2025-10-19,0.85409,2.16542,2477.44,2511.7909916714993,34.35099167149929,-34.35099167149929,1001-1500
TR-046033,Mobile,Shreveport,301.5,Flatbed,29994.0,2025-10-19,0.86208,1.4445,814.05,826.3496785242322,12.299678524232263,-12.299678524232263,251-500
TR-046034,Providence,Shreveport,1582.8,Flatbed,35357.0,2025-10-19,0.88064,2.00401,3458.16,3395.147338407858,63.01266159214174,63.01266159214174,1500+
TR-046035,Oklahoma City,Chattanooga,826.4,Flatbed,22872.0,2025-10-19,0.84759,1.77195,1931.36,1858.3393213138966,73.02067868610334,73.02067868610334,751-1000
TR-046036,Bakersfield,Cincinnati,1999.2,Dry Van,42118.0,2025-10-19,0.83983,2.21572,3959.29,3927.7300827001877,31.55991729981224,31.55991729981224,1500+
TR-046037,Detroit,Madison,367.2,Reefer,41272.0,2025-10-19,0.87458,1.61444,938.56,939.9667210068206,1.4067210068207032,-1.4067210068207032,251-500
TR-046038,Fresno,Columbia,2403.9,Reefer,32653.0,2025-10-19,0.85052,2.06134,5088.62,5042.239408757866,46.38059124213396,46.38059124213396,1500+
TR-046039,Syracuse,Richmond,392.8,Dry Van,36153.0,2025-10-19,0.89015,1.95949,869.11,880.6853148918955,11.57531489189546,-11.57531489189546,251-500
TR-046040,Washington,Los Angeles,2717.9,Reefer,33573.0,2025-10-19,0.85546,2.19516,5387.61,5530.955776718602,143.34577671860188,-143.34577671860188,1500+
TR-046041,Oklahoma City,Toledo,1240.2,Flatbed,36164.0,2025-10-19,0.8428,1.94662,2733.64,2746.065967850401,12.425967850401321,-12.425967850401321,1001-1500
TR-046042,Madison,Lubbock,1152.4,Flatbed,37197.0,2025-10-19,0.8687,1.9872,2519.16,2703.6738310421015,184.51383104210163,-184.51383104210163,1001-1500
TR-046043,Mobile,Hartford,1245.1,Flatbed,28602.0,2025-10-19,0.83371,2.13379,2553.28,2693.672992421139,140.39299242113884,-140.39299242113884,1001-1500
TR-046044,Hartford,Phoenix,3067.3,Dry Van,27343.0,2025-10-19,0.86555,2.36518,5467.46,5378.926267327065,88.533732672935,88.533732672935,1500+
TR-046045,Salt Lake City,Mobile,1684.7,Dry Van,13009.0,2025-10-19,0.85678,2.25794,3192.96,3216.6205584907943,23.6605584907943,-23.6605584907943,1500+
TR-046046,Philadelphia,Oklahoma City,1780.2,Reefer,20572.0,2025-10-19,0.86805,2.07909,3736.86,3798.7072059006377,61.84720590063762,-61.84720590063762,1500+
TR-046047,El Paso,Fresno,652.1,Dry Van,22351.0,2025-10-19,0.87093,2.05004,1365.36,1334.8605191856427,30.499480814357184,30.499480814357184,501-750
TR-046048,Madison,Syracuse,792.6,Flatbed,30578.0,2025-10-19,0.84309,2.00294,1714.72,1708.794161688484,5.925838311515918,5.925838311515918,751-1000
TR-046049,Chattanooga,Kansas City,423.7,Flatbed,41659.0,2025-10-19,0.88092,1.58185,1071.09,1064.4671636837331,6.622836316266785,6.622836316266785,251-500
TR-046050,Montgomery,New Orleans,448.3,Dry Van,40694.0,2025-10-19,0.84614,1.74112,1093.07,1069.6920243986322,23.37797560136778,23.37797560136778,251-500
TR-046051,Jacksonville,Memphis,464.3,Dry Van,31476.0,2025-10-19,0.833,1.79103,1103.5,1080.6560809160944,22.843919083905575,22.843919083905575,251-500
TR-046052,Fresno,Corpus Christi,1730.4,Dry Van,40447.0,2025-10-19,0.8367,2.12316,3489.16,3568.526247641068,79.36624764106818,-79.36624764106818,1500+
TR-046053,Detroit,Kansas City,555.2,Dry Van,31112.0,2025-10-19,0.86881,2.04265,1184.35,1184.4078609529327,0.05786095293274229,-0.05786095293274229,501-750
TR-046054,Madison,Grand Rapids,285.3,Dry Van,36362.0,2025-10-19,0.845,1.84943,664.86,682.3869942438815,17.526994243881518,-17.526994243881518,251-500
TR-046055,Tucson,Louisville,1804.1,Reefer,36831.0,2025-10-19,0.85514,2.0103,3849.6,3997.3765153086033,147.7765153086034,-147.7765153086034,1500+
TR-046056,Albuquerque,Bakersfield,527.7,Flatbed,20468.0,2025-10-19,0.85191,1.87372,1221.83,1248.072799582674,26.242799582674024,-26.242799582674024,501-750
TR-046057,Green Bay,Buffalo,588.2,Dry Van,32452.0,2025-10-19,0.86749,2.10419,1200.2,1262.0632685782236,61.8632685782236,-61.8632685782236,501-750
TR-046058,Detroit,Richmond,656.4,Flatbed,41874.0,2025-10-19,0.82735,1.88128,1477.99,1469.9364180348018,8.053581965198191,8.053581965198191,501-750
TR-046059,Philadelphia,Columbia,779.7,Dry Van,18105.0,2025-10-19,0.83811,2.17856,1532.71,1547.821432558535,15.111432558534943,-15.111432558534943,751-1000
TR-046060,Shreveport,New Orleans,70.0,Dry Van,24604.0,2025-10-19,0.86876,1.18415,209.86,250.27702523293107,40.41702523293105,-40.41702523293105,0-250
TR-046061,Memphis,San Antonio,775.8,Dry Van,24758.0,2025-10-19,0.8544,2.01696,1643.8,1623.761488629677,20.03851137032302,20.03851137032302,751-1000
TR-046062,Hartford,Kansas City,1218.1,Flatbed,41876.0,2025-10-19,0.80671,2.01993,2579.5,2609.659924555766,30.159924555765883,-30.159924555765883,1001-1500
TR-046063,Tucson,Phoenix,273.9,Reefer,31724.0,2025-10-19,0.86925,1.50695,166.3,769.4624398029107,603.1624398029107,-603.1624398029107,251-500
TR-046064,Tulsa,Richmond,1240.7,Dry Van,35183.0,2025-10-19,0.86119,2.12821,2537.25,2527.975677240727,9.274322759273218,9.274322759273218,1001-1500
TR-046065,Montgomery,Buffalo,990.6,Dry Van,28515.0,2025-10-19,0.88557,2.15709,1975.87,2005.8337381465717,29.963738146571814,-29.963738146571814,751-1000
TR-046066,San Antonio,Dayton,1235.7,Dry Van,34558.0,2025-10-19,0.90163,2.13451,2517.98,2531.97567876036,13.995678760360079,-13.995678760360079,1001-1500
TR-046067,Atlanta,Madison,626.7,Dry Van,33066.0,2025-10-19,0.8509,1.94784,1375.57,1368.2954939674307,7.274506032569207,7.274506032569207,501-750
TR-046068,Cincinnati,Hartford,965.9,Flatbed,27336.0,2025-10-19,0.87808,2.03108,2025.27,2064.8126272272584,39.542627227258436,-39.542627227258436,751-1000
TR-046069,Boston,Baton Rouge,1721.2,Dry Van,21997.0,2025-10-19,0.79314,2.20918,3283.73,3303.6548168856752,19.924816885675227,-19.924816885675227,1500+
TR-046070,Milwaukee,Baton Rouge,797.2,Reefer,47500.0,2025-10-19,0.79327,1.68323,1952.05,1915.7164157710959,36.3335842289041,36.3335842289041,751-1000
TR-046071,Baltimore,Milwaukee,989.4,Reefer,24309.0,2025-10-19,0.84534,1.99482,2152.52,2193.3408474475477,40.82084744754775,-40.82084744754775,751-1000
TR-046072,Tucson,Mobile,1678.9,Reefer,23195.0,2025-10-19,0.82789,2.07315,3506.58,3614.216569716387,107.63656971638693,-107.63656971638693,1500+
TR-046073,Mobile,Toledo,917.8,Dry Van,34671.0,2025-10-19,0.87909,2.14262,1834.32,1882.6040465018764,48.284046501876446,-48.284046501876446,751-1000
TR-046074,Albany,Richmond,614.5,Flatbed,33247.0,2025-10-19,0.86318,1.88185,1386.17,1419.9931675258683,33.82316752586826,-33.82316752586826,501-750
TR-046075,Providence,Phoenix,3218.4,Flatbed,33965.0,2025-10-19,0.83113,2.22025,6311.76,6201.7915157607395,109.96848423926076,109.96848423926076,1500+
TR-046076,Harrisburg,Lubbock,1663.8,Dry Van,32936.0,2025-10-19,0.87118,2.21202,3193.54,3356.573936276676,163.03393627667583,-163.03393627667583,1500+
TR-046077,Tulsa,Charleston,1035.9,Dry Van,27361.0,2025-10-19,0.88401,2.04052,2138.43,2083.6841124811303,54.745887518869495,54.745887518869495,1001-1500
TR-046078,Houston,Atlanta,684.6,Dry Van,34144.0,2025-10-19,0.8491,1.9426,1502.48,1501.0263546141368,1.453645385863183,1.453645385863183,501-750
TR-046079,Milwaukee,Memphis,359.9,Reefer,23498.0,2025-10-19,0.87953,1.59586,914.91,903.1723839686862,11.737616031313792,11.737616031313792,251-500
TR-046080,Kansas City,Washington,890.4,Flatbed,29557.0,2025-10-19,0.83709,2.01207,1903.41,1901.534086414877,1.875913585123044,1.875913585123044,751-1000
TR-046081,Louisville,El Paso,1547.4,Dry Van,27186.0,2025-10-19,0.92459,2.21803,3032.86,3067.5086172065253,34.64861720652516,-34.64861720652516,1500+
TR-046082,Cincinnati,Tucson,1807.8,Reefer,25147.0,2025-10-19,0.81561,2.0104,3811.86,3836.9141365653245,25.05413656532437,-25.05413656532437,1500+
TR-046083,Boston,Dayton,1037.9,Dry Van,19019.0,2025-10-19,0.86508,2.32172,1914.61,1996.112346973805,81.50234697380506,-81.50234697380506,1001-1500
TR-046084,Albany,Salt Lake City,2693.8,Flatbed,42028.0,2025-10-19,0.88434,2.11903,5434.56,5661.373885175835,226.8138851758349,-226.8138851758349,1500+
TR-046085,Dallas,Phoenix,1547.5,Reefer,27191.0,2025-10-19,0.84491,1.90329,3428.65,3443.097555323238,14.447555323237793,-14.447555323237793,1500+
TR-046086,Grand Rapids,Tampa,1215.2,Flatbed,36573.0,2025-10-19,0.8239,2.00146,2580.89,2656.8023037477146,75.91230374771476,-75.91230374771476,1001-1500
TR-046087,Milwaukee,Kansas City,170.3,Dry Van,15135.0,2025-10-19,0.88114,1.63728,429.61,434.50253598281233,4.892535982812319,-4.892535982812319,0-250
TR-046088,Reno,Oklahoma City,1440.5,Dry Van,35672.0,2025-10-19,0.87327,2.11481,2916.04,2874.11990973986,41.920090260140114,41.920090260140114,1001-1500
TR-046089,Birmingham,Grand Rapids,827.8,Reefer,34669.0,2025-10-19,0.86802,1.79498,1955.92,1942.504005928944,13.415994071056048,13.415994071056048,751-1000
TR-046090,Dayton,Milwaukee,191.3,Dry Van,29782.0,2025-10-19,0.87828,1.49642,506.13,502.4778304516338,3.652169548366203,3.652169548366203,0-250
TR-046091,Oklahoma City,Indianapolis,834.3,Dry Van,29501.0,2025-10-19,0.86714,1.95043,1823.82,1753.8885413815995,69.93145861840048,69.93145861840048,751-1000
TR-046092,Lexington,Kansas City,427.2,Flatbed,24711.0,2025-10-19,0.84967,1.81354,1013.06,1012.1769620860763,0.8830379139236584,0.8830379139236584,251-500
TR-046093,Corpus Christi,Philadelphia,1744.3,Dry Van,36514.0,2025-10-19,0.80767,2.12918,3521.99,3531.33401546049,9.344015460490027,-9.344015460490027,1500+
TR-046094,Philadelphia,New Orleans,1386.6,Reefer,34962.0,2025-10-19,0.85975,1.91661,3087.82,3091.153224359662,3.3332243596619264,-3.3332243596619264,1001-1500
TR-046095,Los Angeles,Houston,1536.9,Dry Van,34789.0,2025-10-19,0.89042,2.05336,3197.41,3198.648630538259,1.2386305382592582,-1.2386305382592582,1500+
TR-046096,Nashville,Hartford,1063.5,Dry Van,22760.0,2025-10-19,0.86548,2.23995,2038.75,2138.450462214495,99.70046221449502,-99.70046221449502,1001-1500
TR-046097,Amarillo,Houston,697.3,Reefer,34188.0,2025-10-19,0.86209,1.5648,1784.15,1742.893615304463,41.25638469553701,41.25638469553701,501-750
TR-046098,Green Bay,Baltimore,1034.1,Reefer,30412.0,2025-10-19,0.83697,1.93874,2309.56,2349.72513156337,40.16513156336987,-40.16513156336987,1001-1500
TR-046099,New York,Baton Rouge,1488.6,Dry Van,29848.0,2025-10-19,0.87786,2.17036,2927.76,2881.9710846341018,45.78891536589845,45.78891536589845,1001-1500
TR-046100,Lexington,Tulsa,707.7,Dry Van,22867.0,2025-10-19,0.88676,2.11475,1478.71,1461.0465790320204,17.66342096797962,17.66342096797962,501-750
TR-046101,Bakersfield,San Antonio,1275.5,Flatbed,25226.0,2025-10-19,0.89288,1.92998,2838.14,2709.7755174379627,128.3644825620372,128.3644825620372,1001-1500
TR-046102,Baton Rouge,Tampa,458.2,Dry Van,18796.0,2025-10-19,0.8635,1.86452,1052.13,1034.5617146556176,17.568285344382502,17.568285344382502,251-500
TR-046103,Raleigh,Syracuse,616.1,Dry Van,27865.0,2025-10-19,0.8951,2.05681,1314.12,1296.0708189745824,18.04918102541751,18.04918102541751,501-750
TR-046104,Los Angeles,Columbia,2321.9,Dry Van,30786.0,2025-10-19,0.85918,2.29416,4264.23,4409.656903112308,145.42690311230854,-145.42690311230854,1500+
TR-046105,Corpus Christi,Philadelphia,1739.0,Reefer,36144.0,2025-10-19,0.83829,1.92485,3861.12,3950.8197465443727,89.69974654437283,-89.69974654437283,1500+
TR-046106,Los Angeles,Tucson,341.1,Dry Van,39127.0,2025-10-19,0.89143,1.77409,813.92,822.1147634176021,8.19476341760219,-8.19476341760219,251-500
TR-046107,Richmond,Bakersfield,2560.2,Flatbed,13451.0,2025-10-19,0.85059,2.28094,4785.48,4984.444710731681,198.9647107316814,-198.9647107316814,1500+
TR-046108,Fort Wayne,Green Bay,294.5,Flatbed,37671.0,2025-10-19,0.82437,1.65279,743.51,775.9684851375004,32.45848513750036,-32.45848513750036,251-500
TR-046109,Bakersfield,Amarillo,846.7,Dry Van,13704.0,2025-10-19,0.9255,2.09765,1722.44,1722.2423655584676,0.1976344415325002,0.1976344415325002,751-1000
TR-046110,Tucson,Hartford,2742.9,Reefer,24187.0,2025-10-19,0.83857,2.17131,5409.7,5396.3483584452415,13.351641554758316,13.351641554758316,1500+
TR-046111,San Antonio,Shreveport,497.7,Dry Van,32137.0,2025-10-19,0.8288,1.79767,1180.89,1154.051439946716,26.838560053284027,26.838560053284027,251-500
TR-046112,Milwaukee,Lexington,330.3,Flatbed,33511.0,2025-10-19,0.82807,1.57316,850.95,848.6371771462656,2.312822853734474,2.312822853734474,251-500
TR-046113,Mobile,Corpus Christi,625.1,Dry Van,35718.0,2025-10-19,0.8691,1.84176,1457.78,1441.5361433710189,16.24385662898112,16.24385662898112,501-750
TR-046114,Jacksonville,Charleston,395.3,Dry Van,42860.0,2025-10-19,0.86,1.76894,934.94,954.4882563310749,19.548256331074867,-19.548256331074867,251-500
TR-046115,Columbia,Oklahoma City,1049.7,Reefer,38196.0,2025-10-19,0.86386,1.73006,2563.17,2557.104030888436,6.0659691115643,6.0659691115643,1001-1500
TR-046116,Montgomery,Cincinnati,479.2,Dry Van,47500.0,2025-10-19,0.86317,1.83848,1103.2,1133.7634399021433,30.563439902143273,-30.563439902143273,251-500
TR-046117,Tucson,Charleston,2173.1,Dry Van,20858.0,2025-10-19,0.86066,2.40988,3858.33,3938.764532146337,80.434532146337,-80.434532146337,1500+
TR-046118,Mobile,Shreveport,300.9,Flatbed,31787.0,2025-10-19,0.86483,1.46,811.8,833.242705533199,21.442705533199046,-21.442705533199046,251-500
TR-046119,Memphis,Atlanta,237.9,Reefer,39843.0,2025-10-19,0.86087,1.19767,694.21,666.6920656366568,27.517934363343215,27.517934363343215,0-250
TR-046120,Fresno,Fort Wayne,2298.9,Dry Van,36090.0,2025-10-19,0.85432,2.27781,4276.51,4335.450951570012,58.94095157001175,-58.94095157001175,1500+
TR-046121,Charleston,Mobile,622.7,Dry Van,27898.0,2025-10-19,0.82799,1.98756,1329.1,1346.97341938274,17.873419382740167,-17.873419382740167,501-750
TR-046122,Lexington,Dallas,787.3,Reefer,29681.0,2025-10-19,0.82823,1.81623,1824.99,1864.1447583653332,39.15475836533324,-39.15475836533324,751-1000
TR-046123,Amarillo,Atlanta,1266.4,Dry Van,43814.0,2025-10-19,0.82166,2.07352,2615.77,2624.858474375145,9.08847437514487,-9.08847437514487,1001-1500
TR-046124,Columbia,Tulsa,815.1,Flatbed,41181.0,2025-10-19,0.86841,1.86156,1894.04,1891.5767957020025,2.463204297997436,2.463204297997436,751-1000
TR-046125,Chattanooga,San Francisco,2242.1,Reefer,39280.0,2025-10-19,0.86302,2.03656,4763.57,4683.241065431886,80.32893456811325,80.32893456811325,1500+
TR-046126,New Orleans,New York,1340.0,Reefer,47500.0,2025-10-19,0.88632,1.82791,3106.0,2980.7404074742094,125.2595925257906,125.2595925257906,1001-1500
TR-046127,Raleigh,Baton Rouge,1065.5,Flatbed,23865.0,2025-10-19,0.84299,2.03709,2282.79,2338.127119254817,55.337119254817026,-55.337119254817026,1001-1500
TR-046128,Tucson,Reno,804.4,Dry Van,36418.0,2025-10-19,0.85307,2.01346,1703.71,1722.0626025771778,18.352602577177777,-18.352602577177777,751-1000
TR-046129,Atlanta,Baltimore,936.6,Dry Van,26649.0,2025-10-19,0.83583,2.25684,1827.34,1865.980793208782,38.64079320878204,-38.64079320878204,751-1000
TR-046130,Montgomery,San Francisco,2396.2,Dry Van,16065.0,2025-10-19,0.82852,2.38842,4196.79,4398.838659235666,202.04865923566558,-202.04865923566558,1500+
TR-046131,Fort Wayne,Nashville,519.5,Reefer,34901.0,2025-10-19,0.86575,1.6938,1285.74,1277.9165371095708,7.823462890429255,7.823462890429255,501-750
TR-046132,Lexington,Fresno,2303.1,Reefer,34129.0,2025-10-19,0.85329,2.0601,4933.39,4888.233499128922,45.156500871078606,45.156500871078606,1500+
TR-046133,New York,Columbia,762.4,Reefer,31454.0,2025-10-19,0.84713,1.83889,1785.49,1788.5438120452775,3.053812045277482,-3.053812045277482,751-1000
TR-046134,Houston,Albuquerque,1082.7,Reefer,41043.0,2025-10-20,0.8863,1.78743,2564.55,2677.417879931018,112.8678799310178,-112.8678799310178,1001-1500
TR-046135,Nashville,New York,966.1,Dry Van,41229.0,2025-10-20,1.0558,2.04418,2035.32,2027.7956961365308,7.524303863469186,7.524303863469186,751-1000
TR-046136,Cincinnati,Baton Rouge,671.0,Reefer,19321.0,2025-10-20,0.84079,1.8277,1579.19,1567.672103371994,11.517896628006156,11.517896628006156,501-750
TR-046137,Chattanooga,Amarillo,1164.5,Dry Van,26970.0,2025-10-20,0.87479,2.0544,2395.54,2432.475768262231,36.93576826223125,-36.93576826223125,1001-1500
TR-046138,Atlanta,Milwaukee,427.9,Flatbed,19825.0,2025-10-20,0.89723,1.70843,1045.84,1009.2264355845289,36.613564415471046,36.613564415471046,251-500
TR-046139,Buffalo,Madison,686.5,Dry Van,28362.0,2025-10-20,0.87204,2.10884,1404.54,1411.3027433077589,6.76274330775891,-6.76274330775891,501-750
TR-046140,Indianapolis,Tampa,848.8,Dry Van,14921.0,2025-10-20,0.86341,2.09431,1697.02,1722.7363377289555,25.716337728955523,-25.716337728955523,751-1000
TR-046141,Memphis,Fort Wayne,567.3,Dry Van,26040.0,2025-10-20,0.8864,2.03913,1219.35,1178.7761817720786,40.573818227921265,40.573818227921265,501-750
TR-046142,Charleston,Baton Rouge,939.7,Reefer,36569.0,2025-10-20,0.85054,1.77181,752.15,2257.645908074194,1505.4959080741937,-1505.4959080741937,751-1000
TR-046143,Montgomery,Memphis,418.0,Dry Van,33785.0,2025-10-20,0.90808,1.71421,1006.1,1007.2227677064337,1.1227677064337058,-1.1227677064337058,251-500
TR-046144,Baton Rouge,Tucson,1420.7,Flatbed,34624.0,2025-10-20,0.86022,1.90719,3102.66,3188.048876619067,85.3888766190671,-85.3888766190671,1001-1500
TR-046145,Mobile,Grand Rapids,958.5,Reefer,46301.0,2025-10-20,0.87699,1.83609,2242.82,2268.356638219863,25.536638219862652,-25.536638219862652,751-1000
TR-046146,Amarillo,Memphis,999.5,Dry Van,25844.0,2025-10-20,0.84987,2.10939,2031.75,2060.888146596269,29.138146596269053,-29.138146596269053,751-1000
TR-046147,New York,Baton Rouge,1461.4,Dry Van,35910.0,2025-10-20,0.91727,2.1211,2920.58,2952.0878858815454,31.507885881545462,-31.507885881545462,1001-1500
TR-046148,Albuquerque,Phoenix,683.9,Dry Van,33262.0,2025-10-20,0.84989,2.01671,1431.46,1497.970884279948,66.51088427994796,-66.51088427994796,501-750
TR-046149,Madison,San Antonio,1124.5,Dry Van,27041.0,2025-10-20,0.91477,2.16213,2304.5,2312.9348447224734,8.434844722473372,-8.434844722473372,1001-1500
TR-046150,Chattanooga,Lexington,221.0,Reefer,41814.0,2025-10-20,0.87355,1.21855,642.59,648.7603002833948,6.170300283394795,-6.170300283394795,0-250
TR-046151,Baton Rouge,Fort Wayne,999.9,Dry Van,29896.0,2025-10-20,0.8322,2.08751,2082.87,2046.4734986108022,36.39650138919774,36.39650138919774,751-1000
TR-046152,Bakersfield,Cincinnati,2029.8,Reefer,32887.0,2025-10-20,0.91789,2.04075,4400.83,4341.3808060634965,59.449193936503434,59.449193936503434,1500+
TR-046153,Baton Rouge,Lexington,751.2,Reefer,16424.0,2025-10-20,0.82557,1.80721,1768.13,1729.294147030633,38.835852969367124,38.835852969367124,751-1000
TR-046154,Chattanooga,San Antonio,912.4,Flatbed,26245.0,2025-10-20,0.88115,1.94198,2004.74,2024.4741257344986,19.734125734498548,-19.734125734498548,751-1000
TR-046155,Houston,Fort Wayne,1017.4,Dry Van,29972.0,2025-10-20,0.85276,2.11568,2072.48,2038.331459021331,34.14854097866896,34.14854097866896,1001-1500
TR-046156,Chattanooga,Richmond,741.0,Flatbed,40881.0,2025-10-20,0.84518,1.88404,1697.36,1693.8107047448473,3.5492952551526287,3.5492952551526287,501-750
TR-046157,Louisville,Richmond,709.1,Dry Van,45522.0,2025-10-20,0.86358,2.03059,1501.82,1508.599847712393,6.779847712393121,-6.779847712393121,501-750
TR-046158,El Paso,Memphis,1371.3,Reefer,30364.0,2025-10-20,0.80853,1.99833,2901.18,3047.92069224729,146.7406922472901,-146.7406922472901,1001-1500
TR-046159,Philadelphia,Lexington,791.3,Flatbed,35063.0,2025-10-20,0.83194,1.90624,1745.83,1766.7561033416964,20.92610334169649,-20.92610334169649,751-1000
TR-046160,Baton Rouge,Kansas City,755.2,Dry Van,34420.0,2025-10-20,0.86976,1.87677,1685.45,1649.1940607940892,36.25593920591086,36.25593920591086,751-1000
TR-046161,Greensboro,Lubbock,1252.3,Reefer,31260.0,2025-10-20,0.87871,1.88791,2878.12,2892.2053378031133,14.085337803113362,-14.085337803113362,1001-1500
TR-046162,Fort Wayne,Nashville,530.0,Dry Van,29655.0,2025-10-20,0.85006,1.96246,1168.91,1154.7273617611831,14.182638238816935,14.182638238816935,501-750
TR-046163,Hartford,New York,124.3,Dry Van,26475.0,2025-10-20,0.83764,1.4892,332.78,299.39562034945277,33.3843796505472,33.3843796505472,0-250
TR-046164,Lubbock,Albuquerque,813.7,Reefer,38452.0,2025-10-20,0.89857,1.7165,1992.45,2008.739747411993,16.28974741199295,-16.28974741199295,751-1000
TR-046165,Philadelphia,St. Louis,1084.6,Dry Van,24627.0,2025-10-20,0.86462,2.19768,2112.63,2137.04434629335,24.41434629334981,-24.41434629334981,1001-1500
TR-046166,Savannah,Montgomery,330.6,Flatbed,31380.0,2025-10-20,0.8872,1.53785,855.72,868.5756716840423,12.85567168404225,-12.85567168404225,251-500
TR-046167,Kansas City,Austin,1001.9,Dry Van,28237.0,2025-10-20,0.90455,2.03673,2086.28,2081.735770645093,4.544229354907202,4.544229354907202,1001-1500
TR-046168,Mobile,Lubbock,817.5,Flatbed,27528.0,2025-10-20,0.87022,1.83388,1866.42,1932.1993594001706,65.7793594001705,-65.7793594001705,751-1000
TR-046169,Boston,Charleston,783.6,Dry Van,29668.0,2025-10-20,0.87966,2.12903,1611.06,1637.2129832130229,26.152983213022935,-26.152983213022935,751-1000
TR-046170,Richmond,Cincinnati,666.4,Dry Van,38517.0,2025-10-20,0.83865,2.02111,1445.43,1433.206576817884,12.223423182115994,12.223423182115994,501-750
TR-046171,Memphis,Little Rock,202.2,Reefer,43276.0,2025-10-20,0.89071,0.9688,639.17,641.5316047550381,2.3616047550381154,-2.3616047550381154,0-250
TR-046172,Kansas City,Bakersfield,1702.2,Flatbed,38953.0,2025-10-20,0.79596,2.12417,3505.44,3756.833785373817,251.39378537381708,-251.39378537381708,1500+
TR-046173,Madison,Fresno,2011.2,Flatbed,27888.0,2025-10-20,0.86917,2.12801,4057.31,4114.178412336886,56.868412336886195,-56.868412336886195,1500+
TR-046174,Philadelphia,El Paso,2490.9,Dry Van,22411.0,2025-10-20,0.87879,2.40555,880.13,4502.721067378989,3622.5910673789886,-3622.5910673789886,1500+
TR-046175,Green Bay,Reno,1936.8,Flatbed,25631.0,2025-10-20,0.89525,2.21089,3739.53,3940.0067218602335,200.47672186023328,-200.47672186023328,1500+
TR-046176,Amarillo,Lexington,1311.4,Reefer,20994.0,2025-10-20,0.87076,1.95475,2821.23,2815.0970425110204,6.132957488979628,6.132957488979628,1001-1500
TR-046177,Kansas City,Syracuse,929.9,Flatbed,17683.0,2025-10-20,0.86736,2.23952,1805.43,1965.8918866934519,160.4618866934518,-160.4618866934518,751-1000
TR-046178,Albuquerque,Cincinnati,1506.5,Reefer,18557.0,2025-10-20,0.88836,2.05418,3140.88,3225.6146404504457,84.73464045044557,-84.73464045044557,1500+
TR-046179,Philadelphia,Houston,1589.7,Dry Van,32848.0,2025-10-20,0.90507,2.21539,643.58,3082.06978998219,2438.48978998219,-2438.48978998219,1500+
TR-046180,Little Rock,Nashville,308.4,Flatbed,41386.0,2025-10-20,0.89101,1.36172,863.53,855.9342417890239,7.595758210976101,7.595758210976101,251-500
TR-046181,Indianapolis,Atlanta,378.0,Dry Van,19028.0,2025-10-20,0.88744,1.85059,870.15,820.6612028776756,49.4887971223244,49.4887971223244,251-500
TR-046182,Lexington,Richmond,547.5,Flatbed,47500.0,2025-10-20,0.87933,1.78966,1308.78,1318.523650333228,9.74365033322806,-9.74365033322806,501-750
TR-046183,San Antonio,Raleigh,1464.9,Dry Van,40139.0,2025-10-20,0.86522,2.13953,2957.72,3025.104260614089,67.38426061408927,-67.38426061408927,1001-1500
TR-046184,Detroit,Richmond,639.7,Dry Van,34368.0,2025-10-20,0.88162,2.08776,1330.65,1330.6034114678196,0.046588532180521725,0.046588532180521725,501-750
TR-046185,Montgomery,El Paso,1651.1,Dry Van,25364.0,2025-10-20,0.8742,2.24205,3113.18,3240.5359988399455,127.35599883994564,-127.35599883994564,1500+
TR-046186,Richmond,Philadelphia,279.4,Dry Van,29527.0,2025-10-20,0.80899,1.70513,670.27,658.345098520337,11.924901479662935,11.924901479662935,251-500
TR-046187,Grand Rapids,Baltimore,946.5,Dry Van,29226.0,2025-10-20,0.8718,2.16136,1839.62,1888.898545564918,49.278545564918204,-49.278545564918204,751-1000
TR-046188,Tampa,Richmond,1032.5,Reefer,32114.0,2025-10-20,0.88834,1.86114,2320.32,2415.244343785747,94.92434378574671,-94.92434378574671,1001-1500
TR-046189,Las Vegas,Mobile,1791.2,Flatbed,36157.0,2025-10-20,0.86471,2.02872,3781.31,3882.5115301696037,101.20153016960376,-101.20153016960376,1500+
TR-046190,Bakersfield,Kansas City,1760.3,Dry Van,39832.0,2025-10-20,0.86936,2.20197,3502.7,3538.688361630396,35.98836163039596,-35.98836163039596,1500+
TR-046191,Montgomery,New York,1052.7,Dry Van,31725.0,2025-10-20,0.84032,2.11666,2120.92,2184.8022625984504,63.882262598450325,-63.882262598450325,1001-1500
TR-046192,Bakersfield,Little Rock,1679.7,Reefer,19053.0,2025-10-20,0.89652,2.04536,3533.69,3635.058510908769,101.36851090876917,-101.36851090876917,1500+
TR-046193,Jacksonville,Dayton,687.7,Dry Van,32612.0,2025-10-20,0.89986,2.03684,1466.97,1470.9290771450117,3.9590771450116335,-3.9590771450116335,501-750
TR-046194,Tucson,New Orleans,1476.0,Dry Van,18619.0,2025-10-20,0.85015,2.31663,2790.85,2883.908895646356,93.05889564635618,-93.05889564635618,1001-1500
TR-046195,Dayton,Providence,1034.3,Dry Van,32011.0,2025-10-20,0.83499,2.14949,2088.92,2075.180518463536,13.739481536464154,13.739481536464154,1001-1500
TR-046196,Shreveport,Atlanta,458.9,Reefer,36209.0,2025-10-20,0.91518,1.45922,1246.26,1199.1093434778475,47.15065652215253,47.15065652215253,251-500
TR-046197,Savannah,Amarillo,1515.6,Flatbed,28753.0,2025-10-20,0.87262,2.10357,3141.33,3355.0071321149935,213.67713211499358,-213.67713211499358,1500+
TR-046198,Tampa,Memphis,621.8,Reefer,27695.0,2025-10-20,0.85683,1.68216,1529.35,1548.5180643276576,19.168064327657703,-19.168064327657703,501-750
TR-046199,Salt Lake City,Harrisburg,2296.7,Dry Van,30851.0,2025-10-20,0.86563,2.26983,4278.23,4251.439108859021,26.7908911409786,26.7908911409786,1500+
TR-046200,Hartford,Lexington,837.8,Dry Van,22660.0,2025-10-20,0.86047,2.22947,1631.08,1657.801920692814,26.721920692814138,-26.721920692814138,751-1000
TR-046201,Richmond,Kansas City,923.8,Reefer,38435.0,2025-10-20,0.89468,1.75619,2174.48,2127.2419005629636,47.23809943703645,47.23809943703645,751-1000
TR-046202,Dayton,Fresno,2278.3,Flatbed,28800.0,2025-10-20,0.85927,2.14106,4503.27,4506.8121529889,3.542152988899943,-3.542152988899943,1500+
TR-046203,Fresno,Memphis,1990.6,Dry Van,24502.0,2025-10-20,0.89182,2.31982,3701.77,3764.90587491904,63.13587491903991,-63.13587491903991,1500+
TR-046204,Fresno,Syracuse,2823.9,Reefer,23500.0,2025-10-20,0.88876,2.22208,5496.55,5453.933489931997,42.61651006800275,42.61651006800275,1500+
TR-046205,Baltimore,Syracuse,464.2,Dry Van,33380.0,2025-10-20,0.90327,1.9315,1028.64,1038.1156549859497,9.475654985949632,-9.475654985949632,251-500
TR-046206,Phoenix,Jacksonville,2215.9,Dry Van,23115.0,2025-10-20,0.88815,2.31451,4063.51,4084.397057141152,20.887057141151672,-20.887057141151672,1500+
TR-046207,Grand Rapids,Baton Rouge,1099.9,Flatbed,31428.0,2025-10-20,0.82118,1.99778,2347.37,2424.5436503844903,77.17365038449043,-77.17365038449043,1001-1500
TR-046208,Greensboro,Los Angeles,2324.2,Dry Van,28131.0,2025-10-20,0.89417,2.34666,4332.59,4353.090291076248,20.500291076247777,-20.500291076247777,1500+
TR-046209,Louisville,Tucson,1731.2,Dry Van,29284.0,2025-10-20,0.86026,2.29284,3252.55,3429.2677046530343,176.71770465303416,-176.71770465303416,1500+
TR-046210,Philadelphia,Albany,407.6,Dry Van,44537.0,2025-10-20,0.8742,1.97808,908.37,957.2164675414401,48.84646754144012,-48.84646754144012,251-500
TR-046211,Atlanta,St. Louis,375.8,Flatbed,26823.0,2025-10-20,0.86604,1.58236,970.39,897.6128181587143,72.77718184128571,72.77718184128571,251-500
TR-046212,Mobile,San Antonio,735.4,Dry Van,23087.0,2025-10-20,0.88655,2.05012,1558.89,1539.6239503513045,19.26604964869557,19.26604964869557,501-750
TR-046213,Memphis,Greensboro,454.9,Flatbed,36282.0,2025-10-20,0.89916,1.69167,1149.12,1130.3376286470134,18.7823713529865,18.7823713529865,251-500
TR-046214,Columbia,Tucson,2023.4,Flatbed,34710.0,2025-10-20,0.89822,2.06797,17893.17,4263.5912428455795,13629.578757154419,13629.578757154419,1500+
TR-046215,Nashville,Hartford,1078.4,Reefer,41004.0,2025-10-20,0.90739,1.81726,2487.72,2524.0489099847546,36.32890998475477,-36.32890998475477,1001-1500
TR-046216,Amarillo,Greensboro,1469.0,Reefer,43056.0,2025-10-20,0.87564,1.91057,3335.74,3351.9438144654296,16.203814465429787,-16.203814465429787,1001-1500
TR-046217,Charleston,Mobile,631.7,Dry Van,35283.0,2025-10-20,0.8271,1.9457,1412.73,1402.6529102915279,10.077089708472158,10.077089708472158,501-750
TR-046218,Tampa,Green Bay,1300.5,Flatbed,39209.0,2025-10-20,0.89219,2.08601,2712.93,2928.2769900101553,215.34699001015542,-215.34699001015542,1001-1500
TR-046219,Tucson,Boston,2987.6,Flatbed,38516.0,2025-10-20,0.8381,2.08203,6093.6,5954.590431638222,139.0095683617783,139.0095683617783,1500+
TR-046220,Detroit,Baltimore,816.4,Reefer,44552.0,2025-10-20,0.87088,1.78753,1868.59,1904.7323575930932,36.142357593093266,-36.142357593093266,751-1000
TR-046221,Tulsa,Chattanooga,522.1,Dry Van,33299.0,2025-10-20,0.86663,1.78954,1202.95,1192.8644803827126,10.085519617287446,10.085519617287446,501-750
TR-046222,Indianapolis,Tampa,828.0,Dry Van,7083.0,2025-10-20,0.83987,2.21607,1604.74,1681.7372000802727,76.9972000802727,-76.9972000802727,751-1000
TR-046223,Columbia,Birmingham,274.0,Reefer,36384.0,2025-10-20,0.83573,1.22892,793.55,784.6432420031606,8.90675799683936,8.90675799683936,251-500
TR-046224,Charleston,San Antonio,1348.4,Reefer,35476.0,2025-10-20,0.8853,1.88877,3115.6,3144.2111021666187,28.61110216661882,-28.61110216661882,1001-1500
TR-046225,Fresno,Los Angeles,438.0,Flatbed,22172.0,2025-10-20,0.81042,1.86098,997.17,1064.4110900498947,67.24109004989475,-67.24109004989475,251-500
TR-046226,Houston,Indianapolis,753.5,Dry Van,30766.0,2025-10-20,0.86134,1.98465,1617.98,1609.0568491556164,8.9231508443836,8.9231508443836,751-1000
TR-046227,Louisville,Nashville,179.2,Dry Van,26371.0,2025-10-20,0.84646,1.57174,463.0,483.73907299022954,20.739072990229545,-20.739072990229545,0-250
TR-046228,Richmond,New York,257.6,Reefer,44588.0,2025-10-20,0.85888,1.41914,701.71,722.669159386033,20.95915938603298,-20.95915938603298,251-500
TR-046229,Buffalo,Los Angeles,2688.6,Reefer,35882.0,2025-10-20,0.89248,2.08553,5490.26,5527.529305613132,37.26930561313202,-37.26930561313202,1500+
TR-046230,Albany,Fresno,3163.4,Reefer,40028.0,2025-10-20,1.0558,2.17239,6302.46,6542.881010964208,240.4210109642081,-240.4210109642081,1500+
TR-046231,Fort Wayne,Washington,559.5,Dry Van,39987.0,2025-10-20,0.87319,1.95645,1213.94,1201.9725290683928,11.967470931607295,11.967470931607295,501-750
TR-046232,Columbia,Buffalo,617.5,Dry Van,41899.0,2025-10-20,0.87146,1.93883,1349.39,1353.7446851060142,4.354685106014131,-4.354685106014131,501-750
TR-046233,Atlanta,Indianapolis,355.9,Reefer,31400.0,2025-10-20,0.87808,1.45469,951.71,938.1648303359656,13.54516966403446,13.54516966403446,251-500
TR-046234,Richmond,Lexington,542.1,Dry Van,29241.0,2025-10-20,0.85606,2.07016,1143.94,1179.8917035580582,35.95170355805817,-35.95170355805817,501-750
TR-046235,Milwaukee,El Paso,1539.4,Dry Van,20992.0,2025-10-20,0.88342,2.35312,2796.13,2977.440100502373,181.31010050237273,-181.31010050237273,1500+
TR-046236,Albany,Lexington,1021.9,Flatbed,33309.0,2025-10-20,0.87112,2.08186,2108.65,2233.967769891788,125.31776989178798,-125.31776989178798,1001-1500
TR-046237,Tucson,Shreveport,1448.9,Dry Van,34027.0,2025-10-20,0.88571,2.10485,2942.78,3020.5178497366305,77.73784973663032,-77.73784973663032,1001-1500
TR-046238,Philadelphia,Bakersfield,2876.1,Reefer,22549.0,2025-10-20,0.911,2.16148,5652.74,5647.834769426972,4.905230573027438,4.905230573027438,1500+
TR-046239,Syracuse,Fort Wayne,540.4,Dry Van,34911.0,2025-10-20,0.87933,2.01617,1153.25,1182.9671276581357,29.717127658135723,-29.717127658135723,501-750
TR-046240,Boston,Green Bay,1201.7,Flatbed,29035.0,2025-10-20,0.86223,2.13342,2403.82,2551.5761915797875,147.75619157978736,-147.75619157978736,1001-1500
TR-046241,Tampa,Columbia,564.0,Dry Van,26322.0,2025-10-20,0.86013,1.97509,1205.46,1209.2728156567407,3.8128156567406677,-3.8128156567406677,501-750
TR-046242,Harrisburg,Columbia,529.1,Reefer,31592.0,2025-10-20,0.8459,1.71589,1314.3,1295.7464869314524,18.553513068547545,18.553513068547545,501-750
TR-046243,Lexington,Baton Rouge,760.5,Dry Van,21397.0,2025-10-20,0.84402,2.07458,1570.88,1601.107292597159,30.227292597158794,-30.227292597158794,751-1000
TR-046244,Lexington,Richmond,559.8,Reefer,43444.0,2025-10-20,0.8818,1.64435,1391.18,1362.9096423740616,28.27035762593846,28.27035762593846,501-750
TR-046245,Mobile,Tucson,1761.1,Dry Van,34317.0,2025-10-20,0.85624,2.1185,3513.88,3592.9097488879484,79.02974888794824,-79.02974888794824,1500+
TR-046246,Cincinnati,New York,838.2,Dry Van,44204.0,2025-10-20,0.88904,2.04717,1768.2,1764.7743672828888,3.4256327171112844,3.4256327171112844,751-1000
TR-046247,Jacksonville,Memphis,470.1,Reefer,20580.0,2025-10-20,0.8584,1.73813,1140.79,1179.5208077788834,38.730807778883445,-38.730807778883445,251-500
TR-046248,El Paso,Lexington,1674.4,Flatbed,39593.0,2025-10-20,0.88508,1.98232,3582.0,3678.918055627126,96.9180556271258,-96.9180556271258,1500+
TR-046249,Los Angeles,Fort Wayne,2260.5,Flatbed,35760.0,2025-10-20,0.91069,2.17325,4426.12,4622.488061589434,196.36806158943455,-196.36806158943455,1500+
TR-046250,New York,Buffalo,335.2,Reefer,32100.0,2025-10-20,0.83786,1.60121,846.98,850.9450219916475,3.965021991647518,-3.965021991647518,251-500
TR-046251,Reno,Corpus Christi,1743.3,Dry Van,25467.0,2025-10-20,0.88966,2.29194,3262.37,3358.113453801468,95.74345380146815,-95.74345380146815,1500+
TR-046252,Providence,Oklahoma City,1962.8,Reefer,31468.0,2025-10-20,0.86288,1.89681,4354.23,4320.753942342081,33.47605765791832,33.47605765791832,1500+
TR-046253,New York,Salt Lake City,2501.2,Dry Van,39688.0,2025-10-20,0.88097,2.24908,4758.16,4839.9726499603275,81.81264996032769,-81.81264996032769,1500+
TR-046254,Lexington,Shreveport,630.0,Flatbed,28250.0,2025-10-20,0.86572,1.76271,1497.92,1483.5162407003613,14.40375929963875,14.40375929963875,501-750
TR-046255,Oklahoma City,San Francisco,1538.4,Dry Van,27986.0,2025-10-20,0.86121,2.21427,2976.78,3086.5539179181537,109.77391791815353,-109.77391791815353,1500+
TR-046256,Detroit,Bakersfield,2151.1,Flatbed,32228.0,2025-10-20,0.866,2.12596,4264.03,4444.3230854445355,180.2930854445358,-180.2930854445358,1500+
TR-046257,Phoenix,Los Angeles,71.6,Dry Van,35982.0,2025-10-20,0.88024,1.27073,205.02,244.36006505297948,39.34006505297947,-39.34006505297947,0-250
TR-046258,Bakersfield,Richmond,2661.8,Reefer,38666.0,2025-10-20,0.91063,2.00068,5651.99,5527.700556455257,124.28944354474243,124.28944354474243,1500+
TR-046259,Richmond,Reno,2618.3,Flatbed,32980.0,2025-10-20,0.87505,2.15195,5131.79,5267.1595853786475,135.36958537864757,-135.36958537864757,1500+
TR-046260,Hartford,Savannah,829.2,Dry Van,32086.0,2025-10-20,0.84655,2.06317,352.82,1728.9435845951825,1376.1235845951826,-1376.1235845951826,751-1000
TR-046261,Dayton,Albuquerque,1544.3,Dry Van,33558.0,2025-10-20,1.0558,2.21961,3052.75,3134.2108760448878,81.46087604488775,-81.46087604488775,1500+
TR-046262,Austin,Indianapolis,1046.4,Reefer,35637.0,2025-10-20,0.88841,1.80699,2457.69,2533.912035483679,76.22203548367906,-76.22203548367906,1001-1500
TR-046263,Madison,Greensboro,626.7,Flatbed,21943.0,2025-10-20,0.83146,1.90594,1367.22,1390.3085767184382,23.088576718438162,-23.088576718438162,501-750
TR-046264,Memphis,Kansas City,327.9,Dry Van,18475.0,2025-10-20,0.83614,1.85305,778.67,768.6222989792574,10.04770102074258,10.04770102074258,251-500
TR-046265,Shreveport,Jacksonville,547.8,Dry Van,28182.0,2025-10-20,0.89381,2.05513,1166.08,1216.4660668082206,50.386066808220676,-50.386066808220676,501-750
TR-046266,Baltimore,Fort Wayne,832.9,Reefer,37963.0,2025-10-20,0.82114,1.88682,1893.57,1935.1621177243426,41.59211772434264,-41.59211772434264,751-1000
TR-046267,Dayton,Tucson,1945.4,Reefer,23496.0,2025-10-20,0.85563,2.20653,3891.99,4083.591306473761,191.60130647376127,-191.60130647376127,1500+
TR-046268,Dayton,New Orleans,739.3,Dry Van,32632.0,2025-10-20,0.86256,1.98265,1579.23,1559.2182216097408,20.011778390259224,20.011778390259224,501-750
TR-046269,Shreveport,Hartford,1414.7,Dry Van,23070.0,2025-10-20,0.87711,2.19316,2759.83,2731.0639145883288,28.766085411671156,28.766085411671156,1001-1500
TR-046270,Kansas City,Chattanooga,439.3,Reefer,32860.0,2025-10-20,0.8631,1.53569,1146.7,1141.2926704933077,5.407329506692349,5.407329506692349,251-500
TR-046271,Savannah,Milwaukee,632.4,Flatbed,35667.0,2025-10-20,0.8853,1.76531,1488.97,1496.919199231951,7.94919923195107,-7.94919923195107,501-750
TR-046272,Albany,Tucson,2890.4,Flatbed,35125.0,2025-10-20,0.89544,2.18,5647.19,5811.916757299167,164.72675729916773,-164.72675729916773,1500+
TR-046273,San Antonio,Buffalo,1679.4,Dry Van,35737.0,2025-10-20,0.86629,2.23002,3202.7,3419.7096400355817,217.00964003558192,-217.00964003558192,1500+
TR-046274,Chattanooga,Jacksonville,343.1,Dry Van,44249.0,2025-10-20,0.88066,1.68411,822.46,842.8743822806288,20.41438228062873,-20.41438228062873,251-500
TR-046275,Nashville,Tucson,1764.4,Reefer,14531.0,2025-10-20,0.86644,2.11127,3652.13,3790.318546071397,138.188546071397,-138.188546071397,1500+
TR-046276,Columbia,Oklahoma City,1045.8,Dry Van,19818.0,2025-10-20,0.85342,2.15705,2099.75,2143.3041435595164,43.55414355951643,-43.55414355951643,1001-1500
TR-046277,Mobile,Bakersfield,1972.3,Dry Van,33400.0,2025-10-20,0.82777,2.17642,3852.49,3913.3986015775567,60.908601577556965,-60.908601577556965,1500+
TR-046278,Cincinnati,Fresno,2233.7,Reefer,30181.0,2025-10-20,0.90551,1.99245,4740.97,4619.761104623733,121.20889537626681,121.20889537626681,1500+
TR-046279,Atlanta,Grand Rapids,710.3,Dry Van,29566.0,2025-10-20,0.87469,2.0996,1435.86,1452.2838833704407,16.423883370440763,-16.423883370440763,501-750
TR-046280,El Paso,Fort Wayne,1775.4,Reefer,33128.0,2025-10-20,0.84217,1.99242,3776.77,3907.8264901118787,131.0564901118787,-131.0564901118787,1500+
TR-046281,Grand Rapids,Cincinnati,517.7,Dry Van,25148.0,2025-10-20,0.8519,1.99146,1114.5,1095.449545226479,19.050454773521096,19.050454773521096,501-750
TR-046282,Tampa,Dayton,935.6,Dry Van,27225.0,2025-10-20,0.85652,2.12373,1885.05,1895.1705119886901,10.120511988690168,-10.120511988690168,751-1000
TR-046283,Reno,Salt Lake City,530.0,Dry Van,26635.0,2025-10-20,0.86499,2.00274,1108.88,1125.9802798502656,17.10027985026545,-17.10027985026545,501-750
TR-046284,Hartford,Philadelphia,74.8,Flatbed,47500.0,2025-10-20,0.88967,1.02575,236.51,267.9978201281207,31.48782012812069,-31.48782012812069,0-250
TR-046285,San Antonio,Dayton,1190.0,Reefer,39777.0,2025-10-20,0.89026,1.82908,2782.84,2776.6791047056317,6.160895294368402,6.160895294368402,1001-1500
TR-046286,Savannah,Montgomery,338.8,Flatbed,31496.0,2025-10-20,0.88401,1.47884,906.58,872.0203096086774,34.55969039132265,34.55969039132265,251-500
TR-046287,Fort Wayne,Amarillo,1370.1,Dry Van,28796.0,2025-10-20,0.8369,2.15817,2757.06,2698.881175180178,58.178824819821784,58.178824819821784,1001-1500
TR-046288,Jacksonville,Cincinnati,453.6,Dry Van,30231.0,2025-10-20,0.84247,1.86838,1024.01,1026.9233538805302,2.913353880530167,-2.913353880530167,251-500
TR-046289,Toledo,Corpus Christi,1314.7,Dry Van,30932.0,2025-10-20,0.84325,2.18181,2577.82,2603.2373842526245,25.417384252624288,-25.417384252624288,1001-1500
TR-046290,Tucson,San Antonio,1039.6,Reefer,30456.0,2025-10-20,0.84193,1.83258,2378.1,2449.7872904830992,71.68729048309933,-71.68729048309933,1001-1500
TR-046291,Toledo,Salt Lake City,1867.2,Dry Van,28033.0,2025-10-20,0.82576,2.31576,3382.5,3492.9674040708096,110.46740407080961,-110.46740407080961,1500+
TR-046292,Amarillo,Baton Rouge,847.3,Dry Van,25124.0,2025-10-20,0.84014,1.9594,1836.09,1763.9958215582183,72.09417844178165,72.09417844178165,751-1000
TR-046293,Chattanooga,Bakersfield,1997.9,Flatbed,25584.0,2025-10-20,0.87241,2.10184,4000.03,4074.9857909910015,74.95579099100132,-74.95579099100132,1500+
TR-046294,Salt Lake City,Tucson,344.1,Dry Van,31440.0,2025-10-20,0.81799,1.81455,809.92,818.5578632966378,8.637863296637875,-8.637863296637875,251-500
TR-046295,Cincinnati,Grand Rapids,517.6,Reefer,45554.0,2025-10-20,0.85107,1.67533,1291.54,1280.758040876054,10.781959123945853,10.781959123945853,501-750
TR-046296,New York,Tampa,1275.8,Flatbed,17919.0,2025-10-20,0.86838,2.16098,2571.24,2630.4272273462643,59.187227346264535,-59.187227346264535,1001-1500
TR-046297,Chattanooga,Mobile,304.8,Reefer,30349.0,2025-10-20,0.88278,1.29636,861.44,853.9532937286734,7.486706271326625,7.486706271326625,251-500
TR-046298,Grand Rapids,El Paso,1721.5,Flatbed,17558.0,2025-10-20,0.91205,2.24333,3261.52,3595.526968328557,334.0069683285569,-334.0069683285569,1500+
TR-046299,Tucson,Atlanta,1826.5,Dry Van,33525.0,2025-10-20,0.84221,2.2854,3466.18,3621.953863897868,155.77386389786807,-155.77386389786807,1500+
TR-046300,San Antonio,Atlanta,941.6,Reefer,28603.0,2025-10-20,0.85354,1.89234,2155.31,2186.1194605012643,30.80946050126431,-30.80946050126431,751-1000
TR-046301,Philadelphia,Bakersfield,2815.7,Reefer,29681.0,2025-10-20,0.90641,2.18108,5782.14,5775.934368757455,6.205631242545678,6.205631242545678,1500+
TR-046302,Reno,Savannah,2340.2,Reefer,37205.0,2025-10-20,0.86497,2.05267,4846.66,4968.045176695369,121.38517669536941,-121.38517669536941,1500+
TR-046303,Tulsa,Richmond,1238.9,Reefer,34620.0,2025-10-20,0.89197,1.84221,2839.88,2819.357515878888,20.52248412111203,20.52248412111203,1001-1500
TR-046304,Lexington,Montgomery,459.6,Dry Van,28117.0,2025-10-20,0.84438,1.96022,1014.97,1020.8189038867032,5.8489038867031695,-5.8489038867031695,251-500
TR-046305,Philadelphia,Nashville,1056.9,Dry Van,32435.0,2025-10-20,0.82354,2.1697,2054.25,2185.6949774257464,131.4449774257464,-131.4449774257464,1001-1500
TR-046306,Richmond,Oklahoma City,1543.2,Reefer,38075.0,2025-10-20,0.86698,1.90724,3441.52,3549.0147646911714,107.49476469117144,-107.49476469117144,1500+
TR-046307,Albany,Columbia,1049.0,Reefer,31887.0,2025-10-20,0.89355,1.91322,2326.16,2410.288253565061,84.12825356506119,-84.12825356506119,1001-1500
TR-046308,Lubbock,Bakersfield,1174.6,Reefer,19175.0,2025-10-20,0.87384,1.99802,2543.87,2658.5168945057403,114.64689450574042,-114.64689450574042,1001-1500
TR-046309,Louisville,Cincinnati,78.6,Dry Van,24067.0,2025-10-20,0.86901,1.41433,217.22,238.56651096108905,21.346510961089052,-21.346510961089052,0-250
TR-046310,Greensboro,Reno,2350.2,Reefer,22505.0,2025-10-21,0.92884,2.07921,4765.0,4765.925179814636,0.925179814636067,-0.925179814636067,1500+
TR-046311,Corpus Christi,Fresno,1685.1,Dry Van,32212.0,2025-10-21,0.9051,2.15653,3339.97,3423.90513390321,83.93513390321004,-83.93513390321004,1500+
TR-046312,Toledo,Syracuse,465.5,Dry Van,30182.0,2025-10-21,0.98903,2.0337,993.99,1028.3489807802512,34.35898078025116,-34.35898078025116,251-500
TR-046313,Albany,Bakersfield,2892.2,Dry Van,32033.0,2025-10-21,0.95041,2.33111,5297.75,5365.10776574538,67.35776574537977,-67.35776574537977,1500+
TR-046314,Fort Wayne,Jacksonville,774.5,Dry Van,17034.0,2025-10-21,0.91418,2.22845,1519.48,1548.1154578936003,28.635457893600233,-28.635457893600233,751-1000
TR-046315,New York,Lexington,760.0,Dry Van,32468.0,2025-10-21,0.98572,2.04322,1564.5,1618.769491358295,54.269491358295,-54.269491358295,751-1000
TR-046316,Green Bay,El Paso,1646.2,Dry Van,37997.0,2025-10-21,0.93828,2.23966,3197.15,3319.203734843127,122.05373484312713,-122.05373484312713,1500+
TR-046317,Bakersfield,Tucson,325.3,Flatbed,29262.0,2025-10-21,0.95783,1.4188,856.63,854.00100458618,2.6289954138200073,2.6289954138200073,251-500
TR-046318,Lexington,Nashville,253.9,Dry Van,36308.0,2025-10-21,0.90911,1.52941,661.49,650.0398862182215,11.450113781778555,11.450113781778555,251-500
TR-046319,Los Angeles,Baltimore,3005.0,Reefer,28249.0,2025-10-21,0.9094,2.16103,5920.98,5958.671581626166,37.691581626166226,-37.691581626166226,1500+
TR-046320,Richmond,Memphis,865.5,Dry Van,30807.0,2025-10-21,0.93639,2.02942,1842.89,1808.4214604373856,34.468539562614524,34.468539562614524,751-1000
TR-046321,Reno,Lexington,2130.7,Reefer,28810.0,2025-10-21,0.96196,2.09229,4230.45,4333.768152755845,103.3181527558454,-103.3181527558454,1500+
TR-046322,Fort Wayne,Milwaukee,261.2,Reefer,20077.0,2025-10-21,0.88306,1.52908,679.64,687.7534262115404,8.1134262115404,-8.1134262115404,251-500
TR-046323,Chattanooga,Toledo,574.5,Reefer,13593.0,2025-10-21,0.93047,1.76114,1350.69,1347.4230607386312,3.2669392613688615,3.2669392613688615,501-750
TR-046324,Lubbock,Salt Lake City,1008.4,Dry Van,37829.0,2025-10-21,0.94724,2.03478,2179.9,2174.0259551426893,5.874044857310764,5.874044857310764,1001-1500
TR-046325,Charleston,Columbia,251.9,Dry Van,35809.0,2025-10-21,0.95229,1.54889,650.05,652.0262807831758,1.9762807831758664,-1.9762807831758664,251-500
TR-046326,Lexington,Buffalo,555.9,Dry Van,26171.0,2025-10-21,0.92422,2.00936,1164.1,1159.1879645530958,4.912035446904156,4.912035446904156,501-750
TR-046327,Jacksonville,Charleston,396.3,Dry Van,25685.0,2025-10-21,0.9032,1.90706,894.69,901.7349607757194,7.044960775719346,-7.044960775719346,251-500
TR-046328,Dayton,Memphis,443.3,Reefer,22533.0,2025-10-21,0.90251,1.63225,1093.01,1090.560979015344,2.4490209846560447,2.4490209846560447,251-500
TR-046329,Tulsa,Memphis,399.6,Dry Van,17783.0,2025-10-21,0.94699,1.85919,924.22,911.0316419056745,13.188358094325508,13.188358094325508,251-500
TR-046330,Lexington,Birmingham,340.1,Flatbed,36463.0,2025-10-21,0.94158,1.57739,882.1,884.0293001376623,1.929300137662267,-1.929300137662267,251-500
TR-046331,Austin,Tulsa,481.8,Reefer,47500.0,2025-10-21,0.99755,1.37511,1330.32,1308.0313828156516,22.288617184348368,22.288617184348368,251-500
TR-046332,San Antonio,Chattanooga,888.3,Flatbed,31189.0,2025-10-21,0.93604,1.85297,2065.63,2037.0526486284,28.577351371600116,28.577351371600116,751-1000
TR-046333,Syracuse,Richmond,399.5,Flatbed,33092.0,2025-10-21,0.92258,1.76559,960.84,953.6088644812058,7.23113551879419,7.23113551879419,251-500
TR-046334,Kansas City,Philadelphia,1168.2,Dry Van,35854.0,2025-10-21,0.92602,2.22757,2291.87,2397.472699371138,105.60269937113799,-105.60269937113799,1001-1500
TR-046335,Shreveport,Salt Lake City,1404.8,Reefer,22714.0,2025-10-21,0.94574,1.92129,3093.85,3052.0579710198017,41.79202898019821,41.79202898019821,1001-1500
TR-046336,Boston,Buffalo,596.1,Flatbed,44113.0,2025-10-21,0.97073,1.7829,1412.82,1410.9795656478716,1.8404343521283408,1.8404343521283408,501-750
TR-046337,Charleston,Washington,428.0,Flatbed,29513.0,2025-10-21,0.90402,1.71023,1023.6,1034.6898910999691,11.089891099969122,-11.089891099969122,251-500
TR-046338,Grand Rapids,Green Bay,103.9,Dry Van,35559.0,2025-10-21,0.89055,1.48098,279.98,292.3315393972647,12.351539397264673,-12.351539397264673,0-250
TR-046339,San Francisco,Mobile,2248.6,Dry Van,33530.0,2025-10-21,0.92342,2.19999,4390.62,4241.16942440793,149.45057559206998,149.45057559206998,1500+
TR-046340,Boston,Birmingham,1205.3,Dry Van,42188.0,2025-10-21,0.93629,2.00614,2552.75,2475.8765780520366,76.87342194796338,76.87342194796338,1001-1500
TR-046341,Albany,Milwaukee,1085.7,Dry Van,38489.0,2025-10-21,0.91944,2.12582,2199.41,2230.4697433720394,31.05974337203952,-31.05974337203952,1001-1500
TR-046342,Philadelphia,Tulsa,1457.5,Dry Van,16836.0,2025-10-21,0.9184,2.19275,2786.26,2797.8602308190393,11.600230819039098,-11.600230819039098,1001-1500
TR-046343,Greensboro,Amarillo,1468.4,Dry Van,21050.0,2025-10-21,0.98426,2.2652,2759.26,2889.5628480550577,130.30284805505744,-130.30284805505744,1001-1500
TR-046344,New Orleans,Lexington,612.2,Dry Van,32556.0,2025-10-21,0.99272,1.81134,1399.28,1392.378508980273,6.901491019727018,6.901491019727018,501-750
TR-046345,Tucson,Hartford,2792.1,Reefer,31477.0,2025-10-21,0.92727,2.05065,5735.76,5733.695943119542,2.064056880458338,2.064056880458338,1500+
TR-046346,Bakersfield,Corpus Christi,1440.9,Dry Van,32809.0,2025-10-21,0.91027,2.12673,2905.85,2910.442249904,4.592249904000255,-4.592249904000255,1001-1500
TR-046347,Jacksonville,Tampa,355.3,Dry Van,45435.0,2025-10-21,0.93538,1.72989,873.69,898.2333703653591,24.54337036535901,-24.54337036535901,251-500
TR-046348,New Orleans,Richmond,1118.1,Flatbed,39360.0,2025-10-21,0.91414,1.75552,2606.58,2557.259394369139,49.32060563086088,49.32060563086088,1001-1500
TR-046349,Nashville,Houston,594.7,Flatbed,32594.0,2025-10-21,0.95835,1.7144,1449.76,1478.3987136773321,28.638713677332134,-28.638713677332134,501-750
TR-046350,Los Angeles,Albuquerque,749.7,Reefer,26163.0,2025-10-21,0.9187,1.77486,1768.41,1762.0710652781668,6.338934721833311,6.338934721833311,501-750
TR-046351,Lexington,Nashville,265.5,Flatbed,22443.0,2025-10-21,0.94374,1.52561,691.16,700.3704782174573,9.210478217457307,-9.210478217457307,251-500
TR-046352,Hartford,Los Angeles,3024.9,Dry Van,31260.0,2025-10-21,1.01187,2.33308,5460.56,5505.570752711662,45.01075271166155,-45.01075271166155,1500+
TR-046353,Cincinnati,Atlanta,204.1,Flatbed,21242.0,2025-10-21,0.93803,1.36009,560.6,573.7841112101896,13.184111210189599,-13.184111210189599,0-250
TR-046354,Houston,Baltimore,1572.4,Reefer,28946.0,2025-10-21,0.89754,2.07148,3315.73,3417.783185965761,102.0531859657608,-102.0531859657608,1500+
TR-046355,Lubbock,Jacksonville,1103.7,Flatbed,25718.0,2025-10-21,0.94839,1.97999,2407.3,2402.3522310521826,4.947768947817622,4.947768947817622,1001-1500
TR-046356,Hartford,Little Rock,1377.3,Dry Van,19578.0,2025-10-21,0.95844,2.21598,2650.84,2642.9743408510876,7.865659148912528,7.865659148912528,1001-1500
TR-046357,Chattanooga,Grand Rapids,696.4,Dry Van,35997.0,2025-10-21,0.93294,1.98921,1512.06,1478.986179466631,33.07382053336892,33.07382053336892,501-750
TR-046358,Richmond,Albany,604.7,Flatbed,30205.0,2025-10-21,0.95218,1.89286,1388.84,1395.397779588135,6.55777958813519,-6.55777958813519,501-750
TR-046359,Richmond,Tampa,1055.8,Dry Van,19763.0,2025-10-21,0.91139,2.24598,2063.13,2112.97750533025,49.84750533024999,-49.84750533024999,1001-1500
TR-046360,Lexington,El Paso,1682.5,Flatbed,26258.0,2025-10-21,0.93106,2.13107,3377.12,3602.9368768125228,225.81687681252288,-225.81687681252288,1500+
TR-046361,Albany,Jacksonville,1320.4,Dry Van,30232.0,2025-10-21,0.9239,2.19722,2542.36,2557.003174364836,14.643174364835886,-14.643174364835886,1001-1500
TR-046362,Los Angeles,Philadelphia,3075.3,Dry Van,41418.0,2025-10-21,0.93671,2.29362,5786.64,5646.438382084258,140.20161791574264,140.20161791574264,1500+
TR-046363,Boston,Oklahoma City,1988.2,Dry Van,38377.0,2025-10-21,0.92616,2.14198,4013.23,3930.4122170376795,82.8177829623205,82.8177829623205,1500+
TR-046364,Baton Rouge,Montgomery,480.8,Flatbed,25131.0,2025-10-21,0.9466,1.69742,1182.77,1182.990287404346,0.22028740434598149,-0.22028740434598149,251-500
TR-046365,Grand Rapids,Baton Rouge,1091.9,Dry Van,34863.0,2025-10-21,0.94082,2.12566,2264.85,2272.168318444406,7.318318444406032,-7.318318444406032,1001-1500
TR-046366,Oklahoma City,Fort Wayne,1141.0,Reefer,32413.0,2025-10-21,0.93837,1.88009,2624.82,2661.9985778962805,37.17857789628033,-37.17857789628033,1001-1500
TR-046367,Bakersfield,Columbia,2251.9,Dry Van,40729.0,2025-10-21,0.94743,2.19163,14403.14,4314.785021046301,10088.3549789537,10088.3549789537,1500+
TR-046368,Mobile,Phoenix,1891.3,Dry Van,28581.0,2025-10-21,0.98994,2.20823,3615.45,3785.8368766373965,170.38687663739665,-170.38687663739665,1500+
TR-046369,Tucson,Houston,1289.1,Dry Van,28338.0,2025-10-21,0.89026,2.14538,2619.84,2618.6020322042746,1.2379677957255808,1.2379677957255808,1001-1500
TR-046370,Fort Wayne,Harrisburg,462.3,Flatbed,27911.0,2025-10-21,0.93745,1.81322,1068.05,1091.7572317983363,23.707231798336352,-23.707231798336352,251-500
TR-046371,Amarillo,Raleigh,1827.4,Dry Van,24109.0,2025-10-21,0.96197,2.21059,3466.53,3500.5972586987755,34.06725869877528,-34.06725869877528,1500+
TR-046372,Montgomery,Dayton,702.1,Dry Van,32400.0,2025-10-21,0.91797,2.03577,1505.31,1488.71183151263,16.598168487370003,16.598168487370003,501-750
TR-046373,Richmond,Chattanooga,716.6,Dry Van,40836.0,2025-10-21,0.89964,1.92564,1579.25,1553.370266389316,25.87973361068407,25.87973361068407,501-750
TR-046374,Los Angeles,Nashville,1986.2,Reefer,31168.0,2025-10-21,0.90167,1.96482,4247.13,4350.716479230552,103.58647923055196,-103.58647923055196,1500+
TR-046375,Kansas City,New York,1079.9,Flatbed,17294.0,2025-10-21,0.92777,2.13202,2177.46,2274.076421704332,96.61642170433197,-96.61642170433197,1001-1500
TR-046376,Philadelphia,Raleigh,416.7,Dry Van,24748.0,2025-10-21,0.96079,1.94027,913.89,919.931379911779,6.041379911779018,-6.041379911779018,251-500
TR-046377,Tucson,Oklahoma City,993.8,Flatbed,31943.0,2025-10-21,0.96815,1.87525,2220.12,2344.2452713653242,124.12527136532435,-124.12527136532435,751-1000
TR-046378,San Antonio,Albuquerque,885.0,Reefer,23321.0,2025-10-21,0.92137,1.79981,2065.94,2069.1067911803543,3.1667911803542665,-3.1667911803542665,751-1000
TR-046379,Houston,Syracuse,1507.0,Flatbed,28339.0,2025-10-21,1.0558,2.03399,3139.19,3221.0647108607786,81.87471086077858,-81.87471086077858,1500+
TR-046380,Houston,Dallas,115.6,Dry Van,32825.0,2025-10-21,0.97618,1.13021,350.21,360.3286349308912,10.118634930891233,-10.118634930891233,0-250
TR-046381,Montgomery,San Antonio,886.6,Dry Van,36731.0,2025-10-21,0.93926,1.96255,1969.61,1955.9657700325115,13.6442299674884,13.6442299674884,751-1000
TR-046382,Mobile,Oklahoma City,720.5,Flatbed,30318.0,2025-10-21,0.95649,1.71307,1734.62,1718.6554735532022,15.964526446797663,15.964526446797663,501-750
TR-046383,Richmond,Lubbock,1694.8,Dry Van,30455.0,2025-10-21,0.94785,2.18615,3348.55,3485.275715857355,136.72571585735477,-136.72571585735477,1500+
TR-046384,Baton Rouge,Lubbock,510.2,Dry Van,24164.0,2025-10-21,0.92776,1.73236,1207.14,1132.4960928312826,74.64390716871753,74.64390716871753,501-750
TR-046385,Houston,Toledo,1127.1,Dry Van,28855.0,2025-10-21,0.98984,2.21916,2235.95,2283.3879105872293,47.43791058722945,-47.43791058722945,1001-1500
TR-046386,Albany,Nashville,1273.3,Reefer,14288.0,2025-10-21,0.94206,2.00099,2726.46,2678.267900185269,48.19209981473114,48.19209981473114,1001-1500
TR-046387,Buffalo,Raleigh,522.3,Flatbed,26350.0,2025-10-21,0.96276,1.90087,1165.49,1186.716184913778,21.22618491377807,-21.22618491377807,501-750
TR-046388,Richmond,New Orleans,1140.6,Dry Van,35403.0,2025-10-21,0.91861,2.07104,2383.0,2375.5025173546264,7.497482645373566,7.497482645373566,1001-1500
TR-046389,Baltimore,Richmond,286.7,Dry Van,23339.0,2025-10-21,0.92942,1.90985,642.65,655.2813476323064,12.631347632306415,-12.631347632306415,251-500
TR-046390,Atlanta,Albuquerque,1555.1,Dry Van,30864.0,2025-10-21,0.94236,2.11841,3106.83,3105.6338588224335,1.19614117756646,1.19614117756646,1500+
TR-046391,Toledo,Milwaukee,319.0,Dry Van,47500.0,2025-10-21,0.96575,1.67157,793.99,769.3589155816887,24.631084418311275,24.631084418311275,251-500
TR-046392,Oklahoma City,Bakersfield,1271.2,Dry Van,31329.0,2025-10-21,1.0558,2.05556,2652.98,2623.7122078171187,29.267792182881294,29.267792182881294,1001-1500
TR-046393,Greensboro,Columbia,126.6,Reefer,41805.0,2025-10-21,0.91515,0.97757,395.97,399.02551563045387,3.05551563045384,-3.05551563045384,0-250
TR-046394,Birmingham,Bakersfield,2034.6,Flatbed,41965.0,2025-10-21,0.93392,1.98527,4351.68,4299.079713883723,52.60028611627695,52.60028611627695,1500+
TR-046395,Phoenix,Syracuse,2766.2,Dry Van,28477.0,2025-10-21,0.97132,2.44701,4900.65,5000.561571193183,99.91157119318359,-99.91157119318359,1500+
TR-046396,Buffalo,New York,343.2,Dry Van,47500.0,2025-10-21,0.99969,1.71314,806.79,812.5276924817149,5.73769248171493,-5.73769248171493,251-500
TR-046397,Boston,Columbia,1003.4,Dry Van,22646.0,2025-10-21,0.93696,2.17514,1983.68,1995.3127838963019,11.632783896301817,-11.632783896301817,1001-1500
TR-046398,St. Louis,Tulsa,534.1,Dry Van,32183.0,2025-10-21,0.96565,1.82989,1251.21,1212.0537165987223,39.15628340127773,39.15628340127773,501-750
TR-046399,Houston,Dayton,984.1,Flatbed,29151.0,2025-10-21,0.94734,1.95518,2168.35,2152.834698306322,15.515301693677884,15.515301693677884,751-1000
TR-046400,Indianapolis,Madison,276.6,Dry Van,37250.0,2025-10-21,0.96998,1.69163,123.32,696.3105551910814,572.9905551910815,-572.9905551910815,251-500
TR-046401,Richmond,Lexington,541.3,Dry Van,36145.0,2025-10-21,0.92993,1.94716,1202.82,1222.2701179927108,19.45011799271083,-19.45011799271083,501-750
TR-046402,Montgomery,Amarillo,1274.9,Dry Van,24179.0,2025-10-21,0.94259,2.11946,2559.32,2563.166661677355,3.8466616773548594,-3.8466616773548594,1001-1500
TR-046403,Syracuse,Amarillo,1903.5,Reefer,29035.0,2025-10-21,0.93194,2.05594,4021.92,4139.116486649647,117.19648664964734,-117.19648664964734,1500+
TR-046404,Charleston,Austin,1373.7,Dry Van,25717.0,2025-10-21,0.92585,2.18887,2681.19,2704.5857731023902,23.395773102390194,-23.395773102390194,1001-1500
TR-046405,Boston,Syracuse,531.5,Flatbed,28494.0,2025-10-21,0.96735,1.8502,1214.87,1220.7496936844288,5.879693684428958,-5.879693684428958,501-750
TR-046406,Lexington,Memphis,329.2,Dry Van,45921.0,2025-10-21,0.9157,1.70194,802.46,827.1139539733027,24.65395397330269,-24.65395397330269,251-500
TR-046407,Kansas City,New York,1089.3,Dry Van,43832.0,2025-10-21,0.93014,2.12264,2216.38,2239.175314168222,22.79531416822192,-22.79531416822192,1001-1500
TR-046408,Albany,Kansas City,1258.7,Reefer,47500.0,2025-10-21,0.92492,1.90989,2832.47,2816.3802226289704,16.089777371029413,16.089777371029413,1001-1500
TR-046409,New York,Toledo,673.8,Dry Van,23960.0,2025-10-21,0.92928,2.16321,1331.75,1320.354982170969,11.395017829031076,11.395017829031076,501-750
TR-046410,Columbia,Los Angeles,2263.4,Flatbed,30080.0,2025-10-21,0.93723,2.04643,4764.41,4600.874286680287,163.53571331971307,163.53571331971307,1500+
TR-046411,Los Angeles,Lubbock,1204.5,Reefer,17630.0,2025-10-21,0.9016,1.96951,2618.04,2663.249584929878,45.20958492987802,-45.20958492987802,1001-1500
TR-046412,New York,Grand Rapids,833.7,Dry Van,30797.0,2025-10-21,0.96526,2.11991,1687.86,1671.6848644309898,16.17513556901008,16.17513556901008,751-1000
TR-046413,Fresno,Memphis,2058.6,Dry Van,36954.0,2025-10-21,0.94802,2.15978,4184.37,4012.521217404413,171.84878259558673,171.84878259558673,1500+
TR-046414,San Antonio,Chattanooga,906.8,Dry Van,39312.0,2025-10-21,0.95829,1.95053,2011.67,1941.0531840240408,70.6168159759593,70.6168159759593,751-1000
TR-046415,Detroit,Los Angeles,2407.5,Reefer,28317.0,2025-10-21,0.93363,2.19722,4893.47,4922.142771383443,28.672771383442523,-28.672771383442523,1500+
TR-046416,Madison,Albuquerque,1363.3,Dry Van,33350.0,2025-10-21,0.92097,2.18479,2747.92,2756.386499347598,8.466499347598074,-8.466499347598074,1001-1500
TR-046417,Lubbock,Richmond,1686.0,Dry Van,30840.0,2025-10-21,0.93167,2.1877,3304.22,3351.149597627902,46.92959762790224,-46.92959762790224,1500+
TR-046418,Kansas City,Baton Rouge,753.6,Flatbed,27210.0,2025-10-21,0.9581,1.85066,1742.78,1724.808480914869,17.97151908513092,17.97151908513092,751-1000
TR-046419,Columbia,Phoenix,2299.5,Dry Van,35104.0,2025-10-21,0.89747,2.20309,4480.53,4453.740819465295,26.78918053470443,26.78918053470443,1500+
TR-046420,Phoenix,Detroit,2436.8,Dry Van,5000.0,2025-10-21,0.98215,2.40191,4119.27,4409.654084753115,290.3840847531146,-290.3840847531146,1500+
TR-046421,Tulsa,Jacksonville,710.3,Dry Van,47500.0,2025-10-21,0.94054,1.87562,1618.05,1553.377640098439,64.67235990156087,64.67235990156087,501-750
TR-046422,Philadelphia,Albuquerque,2346.2,Dry Van,22038.0,2025-10-21,0.94302,2.31714,4173.85,4301.689207995485,127.83920799548468,-127.83920799548468,1500+
TR-046423,Baton Rouge,Greensboro,791.7,Reefer,33724.0,2025-10-21,0.91931,1.68401,1981.96,1907.582544984955,74.37745501504514,74.37745501504514,751-1000
TR-046424,Charleston,Phoenix,2489.1,Dry Van,20637.0,2025-10-21,0.94872,2.33669,4446.89,4530.238006917383,83.34800691738292,-83.34800691738292,1500+
TR-046425,St. Louis,Grand Rapids,475.9,Dry Van,46213.0,2025-10-21,0.92346,1.89526,1085.97,1106.8255350057962,20.855535005796128,-20.855535005796128,251-500
TR-046426,Raleigh,Columbia,417.8,Dry Van,44664.0,2025-10-21,0.932,1.86109,2970.76,998.1149010079951,1972.6450989920052,1972.6450989920052,251-500
TR-046427,Toledo,Indianapolis,406.8,Dry Van,26120.0,2025-10-21,1.0558,1.96114,900.96,903.287669373222,2.3276693732219655,-2.3276693732219655,251-500
TR-046428,Kansas City,Memphis,325.4,Flatbed,33297.0,2025-10-21,0.91937,1.40268,886.73,865.8145093135992,20.915490686400858,20.915490686400858,251-500
TR-046429,Providence,Oklahoma City,1933.4,Dry Van,32191.0,2025-10-21,0.91114,2.17259,3790.58,3845.4781039715213,54.89810397152132,-54.89810397152132,1500+
TR-046430,Lexington,Green Bay,634.8,Reefer,47500.0,2025-10-21,0.95044,1.77197,1548.2,1567.311151454925,19.111151454924993,-19.111151454924993,501-750
TR-046431,Shreveport,Detroit,1059.5,Dry Van,24787.0,2025-10-21,0.93282,2.16452,2085.41,2115.052466804978,29.642466804978085,-29.642466804978085,1001-1500
TR-046432,Richmond,Milwaukee,758.4,Reefer,38644.0,2025-10-21,0.96018,1.75549,1793.53,1827.7044929488313,34.17449294883136,-34.17449294883136,751-1000
TR-046433,Toledo,Richmond,604.0,Reefer,33254.0,2025-10-21,0.95399,1.75518,1428.25,1442.8353230791704,14.585323079170394,-14.585323079170394,501-750
TR-046434,Buffalo,Little Rock,1057.1,Flatbed,13105.0,2025-10-21,0.94587,1.96202,2269.47,2279.0780172765585,9.608017276558712,-9.608017276558712,1001-1500
TR-046435,El Paso,Buffalo,2130.0,Dry Van,29752.0,2025-10-21,0.93747,2.32436,3921.97,3925.28915927142,3.319159271420176,-3.319159271420176,1500+
TR-046436,Charleston,Savannah,200.0,Dry Van,39363.0,2025-10-21,0.93371,1.50426,521.48,544.0667166754126,22.586716675412617,-22.586716675412617,0-250
TR-046437,Shreveport,Birmingham,397.6,Flatbed,47001.0,2025-10-21,0.93984,1.48164,1046.26,1048.1522433843998,1.8922433843997624,-1.8922433843997624,251-500
TR-046438,Syracuse,Greensboro,658.2,Flatbed,39742.0,2025-10-21,0.94492,1.84425,1497.97,1471.0134644924485,26.956535507551507,26.956535507551507,501-750
TR-046439,Tucson,Albuquerque,440.6,Dry Van,12966.0,2025-10-21,0.97785,1.90159,971.46,1002.149826393393,30.68982639339299,-30.68982639339299,251-500
TR-046440,El Paso,Charleston,2041.5,Dry Van,32882.0,2025-10-21,0.90623,2.22246,3965.03,3951.8437089321665,13.186291067833736,13.186291067833736,1500+
TR-046441,Greensboro,New Orleans,689.7,Dry Van,27670.0,2025-10-21,0.89273,2.04324,1476.03,1457.7248068444503,18.30519315554966,18.30519315554966,501-750
TR-046442,Providence,Shreveport,1548.0,Flatbed,21876.0,2025-10-21,0.97828,2.11839,3213.37,3233.3031607106846,19.93316071068466,-19.93316071068466,1500+
TR-046443,Montgomery,Harrisburg,872.9,Flatbed,21651.0,2025-10-21,0.95266,1.97239,1882.4,1895.5944866874568,13.194486687456674,-13.194486687456674,751-1000
TR-046444,New York,Nashville,996.8,Reefer,27776.0,2025-10-21,0.99557,1.84698,2276.2,2267.941224202431,8.258775797568887,8.258775797568887,751-1000
TR-046445,San Antonio,Reno,1555.5,Dry Van,44423.0,2025-10-21,0.96858,2.08348,3191.38,3209.2634992940834,17.88349929408332,-17.88349929408332,1500+
TR-046446,El Paso,Shreveport,1194.8,Dry Van,30131.0,2025-10-21,0.92584,2.07212,2435.41,2469.580264466279,34.17026446627915,-34.17026446627915,1001-1500
TR-046447,Madison,Lexington,503.2,Dry Van,16175.0,2025-10-21,0.91148,2.04818,1046.13,1061.7131200942504,15.583120094250262,-15.583120094250262,501-750
TR-046448,Green Bay,Mobile,1021.4,Flatbed,30488.0,2025-10-21,0.94433,1.94225,2198.38,2265.5076177342457,67.12761773424563,-67.12761773424563,1001-1500
TR-046449,Bakersfield,New York,2874.3,Reefer,15732.0,2025-10-21,0.92422,2.24428,5545.41,5436.0688889591975,109.34111104080239,109.34111104080239,1500+
TR-046450,Reno,Lexington,2135.1,Reefer,33742.0,2025-10-21,0.9054,2.17019,4186.26,4439.566900422804,253.30690042280366,-253.30690042280366,1500+
TR-046451,Green Bay,Milwaukee,419.3,Reefer,20825.0,2025-10-21,0.92044,1.82096,978.93,1028.8574747717082,49.92747477170826,-49.92747477170826,251-500
TR-046452,Green Bay,Toledo,282.5,Dry Van,39642.0,2025-10-21,0.93949,1.72389,693.04,681.7815034129579,11.258496587042032,11.258496587042032,251-500
TR-046453,Reno,Bakersfield,536.3,Dry Van,20877.0,2025-10-21,0.89202,2.08476,1110.26,1129.9378574079205,19.677857407920555,-19.677857407920555,501-750
TR-046454,New York,El Paso,2380.3,Dry Van,34174.0,2025-10-21,0.92753,2.23073,4600.85,4697.533649868808,96.68364986880806,-96.68364986880806,1500+
TR-046455,Shreveport,Bakersfield,1663.3,Reefer,47500.0,2025-10-21,0.9368,1.84235,3850.44,3853.256760950356,2.8167609503557287,-2.8167609503557287,1500+
TR-046456,Los Angeles,New Orleans,1704.3,Reefer,23218.0,2025-10-21,0.93763,1.98512,3724.61,3763.3018470564125,38.69184705641237,-38.69184705641237,1500+
TR-046457,Syracuse,Jacksonville,997.5,Dry Van,35918.0,2025-10-21,0.9252,2.14818,1986.47,2063.5188860771837,77.04888607718362,-77.04888607718362,751-1000
TR-046458,Shreveport,Green Bay,999.4,Dry Van,37902.0,2025-10-21,0.9505,2.05831,2088.18,2122.929880441029,34.74988044102929,-34.74988044102929,751-1000
TR-046459,Montgomery,Richmond,814.0,Dry Van,26794.0,2025-10-21,0.93317,2.02209,1708.45,1647.029227418434,61.4207725815661,61.4207725815661,751-1000
TR-046460,Detroit,Fort Wayne,218.0,Dry Van,32157.0,2025-10-21,0.9183,1.69739,530.1,537.8830448611436,7.783044861143594,-7.783044861143594,0-250
TR-046461,Boston,Phoenix,3096.8,Dry Van,41131.0,2025-10-21,0.92623,2.24061,5947.51,5792.653369443977,154.85663055602345,154.85663055602345,1500+
TR-046462,Memphis,Tucson,1622.3,Reefer,36199.0,2025-10-21,0.94111,1.96411,3570.86,3732.4969658284167,161.63696582841658,-161.63696582841658,1500+
TR-046463,Washington,Fort Wayne,568.6,Flatbed,44914.0,2025-10-21,0.93622,1.91124,1307.4,1340.4785263384106,33.078526338410484,-33.078526338410484,501-750
TR-046464,Lexington,Providence,991.0,Dry Van,24692.0,2025-10-21,0.95116,2.17166,1953.16,1984.1469782998824,30.986978299882367,-30.986978299882367,751-1000
TR-046465,Chattanooga,Richmond,745.2,Flatbed,29120.0,2025-10-22,0.99442,1.87716,1663.21,1656.4982532446393,6.711746755360764,6.711746755360764,501-750
TR-046466,Richmond,Los Angeles,2864.2,Dry Van,20848.0,2025-10-22,1.0,2.39994,5004.7,5013.477629667062,8.777629667061774,-8.777629667061774,1500+
TR-046467,Baton Rouge,Boston,1700.2,Dry Van,23251.0,2025-10-22,1.03618,2.19289,3356.83,3361.06755850111,4.237558501110016,-4.237558501110016,1500+
TR-046468,Savannah,Hartford,833.1,Dry Van,34515.0,2025-10-22,1.005,2.08889,1721.07,1763.4402321050964,42.37023210509642,-42.37023210509642,751-1000
TR-046469,Shreveport,Atlanta,458.5,Dry Van,29530.0,2025-10-22,1.03064,1.73411,1102.33,1055.503132284969,46.82686771503086,46.82686771503086,251-500
TR-046470,Tucson,Houston,1301.6,Flatbed,35101.0,2025-10-22,1.00654,1.81517,3000.82,2961.8157943568585,39.00420564314163,39.00420564314163,1001-1500
TR-046471,Shreveport,Providence,1553.8,Reefer,23332.0,2025-10-22,0.968,2.03687,3408.71,3360.808150765218,47.90184923478182,47.90184923478182,1500+
TR-046472,San Antonio,Austin,102.4,Dry Van,30698.0,2025-10-22,1.02831,1.25053,301.74,300.2893260222809,1.4506739777191342,1.4506739777191342,0-250
TR-046473,Raleigh,Oklahoma City,1491.3,Flatbed,33208.0,2025-10-22,0.99925,1.87408,3371.82,3242.0506735602667,129.7693264397335,129.7693264397335,1001-1500
TR-046474,Philadelphia,Baltimore,91.6,Dry Van,36734.0,2025-10-22,1.01187,1.3677,258.37,280.7570247146859,22.38702471468588,-22.38702471468588,0-250
TR-046475,Lexington,Little Rock,525.8,Dry Van,32409.0,2025-10-22,1.02489,1.81948,1236.06,1211.5666079500975,24.493392049902468,24.493392049902468,501-750
TR-046476,El Paso,Richmond,2228.1,Reefer,45478.0,2025-10-22,1.00325,1.95045,4921.06,4804.3351660940825,116.72483390591788,116.72483390591788,1500+
TR-046477,Los Angeles,Green Bay,2314.9,Dry Van,22363.0,2025-10-22,1.0256,2.38194,4096.07,4130.331583853912,34.26158385391227,-34.26158385391227,1500+
TR-046478,Los Angeles,Philadelphia,3049.9,Reefer,29489.0,2025-10-22,1.02367,2.07326,6303.7,5986.180870276861,317.5191297231386,317.5191297231386,1500+
TR-046479,Mobile,Toledo,859.1,Reefer,27545.0,2025-10-22,0.96819,1.8972,1930.36,2016.0520349630854,85.69203496308546,-85.69203496308546,751-1000
TR-046480,Reno,Fort Wayne,2018.7,Reefer,12470.0,2025-10-22,0.99532,2.23198,3892.0,4080.7646895119033,188.76468951190327,-188.76468951190327,1500+
TR-046481,Atlanta,Mobile,296.2,Dry Van,24180.0,2025-10-22,1.02703,1.79527,712.44,711.6866630363805,0.7533369636195175,0.7533369636195175,251-500
TR-046482,Los Angeles,Cincinnati,2139.9,Reefer,18970.0,2025-10-22,1.02646,2.12964,4318.34,4223.697858198953,94.64214180104682,94.64214180104682,1500+
TR-046483,Philadelphia,St. Louis,1046.6,Flatbed,39793.0,2025-10-22,1.0312,1.86663,2411.85,2379.4494074142594,32.40059258574047,32.40059258574047,1001-1500
TR-046484,Atlanta,Corpus Christi,838.8,Flatbed,34424.0,2025-10-22,0.97473,1.79441,1988.26,1989.1615058111686,0.9015058111685903,-0.9015058111685903,751-1000
TR-046485,Albany,Kansas City,1257.8,Reefer,36959.0,2025-10-22,1.007,1.94386,2760.03,2822.0980540674504,62.06805406745025,-62.06805406745025,1001-1500
TR-046486,Boston,Birmingham,1187.3,Flatbed,37135.0,2025-10-22,1.0162,1.95513,2644.84,2681.1499259140137,36.30992591401355,-36.30992591401355,1001-1500
TR-046487,Amarillo,El Paso,418.4,Flatbed,22049.0,2025-10-22,1.02871,1.67479,1058.45,1049.3650735499832,9.084926450016837,9.084926450016837,251-500
TR-046488,Reno,Dayton,1985.8,Dry Van,26197.0,2025-10-22,0.96062,2.28735,3678.77,3739.773742633438,61.00374263343792,-61.00374263343792,1500+
TR-046489,Albuquerque,Richmond,2105.9,Dry Van,24902.0,2025-10-22,1.0262,2.24998,3868.49,3874.0208615763245,5.530861576324696,-5.530861576324696,1500+
TR-046490,Cincinnati,New Orleans,532.0,Flatbed,33025.0,2025-10-22,1.00245,1.68811,1309.84,1333.5247312704057,23.68473127040579,-23.68473127040579,501-750
TR-046491,Columbia,Nashville,330.2,Dry Van,29830.0,2025-10-22,1.04025,1.7635,775.99,807.8114080049969,31.821408004996897,-31.821408004996897,251-500
TR-046492,Albuquerque,San Antonio,912.5,Reefer,25479.0,2025-10-22,1.01349,1.81927,2155.11,2083.682349378391,71.42765062160925,71.42765062160925,751-1000
TR-046493,Philadelphia,Nashville,1025.6,Flatbed,25588.0,2025-10-22,1.03208,2.04652,2146.27,2217.7138862068255,71.44388620682548,-71.44388620682548,1001-1500
TR-046494,Fresno,Tulsa,1661.1,Flatbed,28647.0,2025-10-22,1.01497,1.8997,3629.61,3574.714810835099,54.89518916490124,54.89518916490124,1500+
TR-046495,Houston,Cincinnati,756.3,Dry Van,47500.0,2025-10-22,1.02446,1.83296,1742.47,1679.7271059979369,62.74289400206317,62.74289400206317,751-1000
TR-046496,Lubbock,Albany,2161.3,Reefer,27321.0,2025-10-22,1.0231,2.01791,4523.99,4509.61245838261,14.377541617389397,14.377541617389397,1500+
TR-046497,Milwaukee,Los Angeles,2051.7,Reefer,23733.0,2025-10-22,1.01471,2.13613,4220.16,4170.7146220056375,49.44537799436239,49.44537799436239,1500+
TR-046498,Austin,Oklahoma City,231.1,Dry Van,41114.0,2025-10-22,0.99893,1.32244,664.29,628.4952405057536,35.794759494246364,35.794759494246364,0-250
TR-046499,Fort Wayne,Nashville,507.2,Reefer,37491.0,2025-10-22,1.0355,1.45763,1347.83,1264.4741615637422,83.35583843625773,83.35583843625773,501-750
TR-046500,Phoenix,New York,2958.2,Dry Van,35693.0,2025-10-22,1.0675,2.27503,5551.03,5496.82299818418,54.20700181582015,54.20700181582015,1500+
TR-046501,Baton Rouge,Greensboro,811.1,Dry Van,22956.0,2025-10-22,1.03941,2.05296,1691.2,1676.6626414172301,14.537358582769912,14.537358582769912,751-1000
TR-046502,Kansas City,Atlanta,504.1,Dry Van,27032.0,2025-10-22,1.00676,1.90744,1144.41,1098.8606068541485,45.54939314585158,45.54939314585158,501-750
TR-046503,Kansas City,St. Louis,132.8,Flatbed,35356.0,2025-10-22,1.03747,1.11881,407.52,418.07086703535396,10.550867035353974,-10.550867035353974,0-250
TR-046504,Montgomery,Milwaukee,696.5,Dry Van,17577.0,2025-10-22,0.98382,2.08284,1455.6,1437.4479571414995,18.15204285850041,18.15204285850041,501-750
TR-046505,Grand Rapids,Montgomery,1015.6,Dry Van,32611.0,2025-10-22,1.01353,2.19163,2043.47,2048.98913353132,5.519133531319994,-5.519133531319994,1001-1500
TR-046506,Albuquerque,Albany,2460.4,Reefer,26380.0,2025-10-22,1.02702,2.0997,4995.47,4982.49441687034,12.975583129660663,12.975583129660663,1500+
TR-046507,Lexington,Kansas City,446.5,Dry Van,36148.0,2025-10-22,0.986,1.79422,1049.62,1029.0951913180022,20.524808681997683,20.524808681997683,251-500
TR-046508,Madison,San Antonio,1136.5,Flatbed,36776.0,2025-10-22,1.01035,1.84412,2624.53,2616.9274089589258,7.602591041074447,7.602591041074447,1001-1500
TR-046509,Lubbock,Chattanooga,987.9,Flatbed,25385.0,2025-10-22,1.0003,2.02025,2138.6,2186.977077730814,48.37707773081411,-48.37707773081411,751-1000
TR-046510,Philadelphia,Milwaukee,983.1,Dry Van,47500.0,2025-10-22,1.0236,2.15878,2022.03,2028.4206075375953,6.390607537595315,-6.390607537595315,751-1000
TR-046511,Lexington,Milwaukee,305.9,Dry Van,41218.0,2025-10-22,1.01647,1.61317,780.71,777.6064996132519,3.1035003867481237,3.1035003867481237,251-500
TR-046512,Birmingham,Houston,601.4,Dry Van,37408.0,2025-10-22,1.02924,1.82099,1385.85,1394.2704940197837,8.420494019783746,-8.420494019783746,501-750
TR-046513,Fort Wayne,Buffalo,412.3,Reefer,41896.0,2025-10-22,1.00938,1.71538,1025.05,1073.555520809499,48.5055208094991,-48.5055208094991,251-500
TR-046514,Fresno,Columbia,2444.4,Dry Van,29107.0,2025-10-22,1.00306,2.30669,4544.18,4568.75850387638,24.578503876379727,-24.578503876379727,1500+
TR-046515,Oklahoma City,Harrisburg,1471.7,Dry Van,7792.0,2025-10-22,1.02566,2.19424,2853.82,2836.8562693163567,16.963730683643462,16.963730683643462,1001-1500
TR-046516,Buffalo,Baton Rouge,1325.5,Reefer,18607.0,2025-10-22,1.0185,1.97729,2863.43,2811.8888230826465,51.54117691735337,51.54117691735337,1001-1500
TR-046517,Toledo,Albuquerque,1684.3,Reefer,31536.0,2025-10-22,0.98632,2.05917,14784.38,3824.4876473463646,10959.892352653635,10959.892352653635,1500+
TR-046518,Montgomery,Shreveport,451.0,Dry Van,20188.0,2025-10-22,1.04954,1.85003,1045.82,1022.945561029619,22.874438970380993,22.874438970380993,251-500
TR-046519,Bakersfield,Providence,3059.5,Reefer,35413.0,2025-10-22,0.99469,2.07051,6452.47,6229.914559449512,222.55544055048813,222.55544055048813,1500+
TR-046520,New York,Lexington,755.0,Dry Van,44028.0,2025-10-22,1.00547,1.97171,1636.03,1606.9218043040617,29.10819569593832,29.10819569593832,751-1000
TR-046521,Madison,Philadelphia,1105.1,Flatbed,38157.0,2025-10-22,0.99852,2.03768,2357.26,2404.9870724403095,47.72707244030926,-47.72707244030926,1001-1500
TR-046522,Richmond,Dayton,582.4,Flatbed,35971.0,2025-10-22,1.03956,1.78418,1354.85,1377.4963739405086,22.646373940508738,-22.646373940508738,501-750
TR-046523,Milwaukee,New York,908.1,Flatbed,44091.0,2025-10-22,0.98913,1.89142,2044.87,2007.1768634414116,37.69313655858832,37.69313655858832,751-1000
TR-046524,Richmond,Atlanta,695.0,Dry Van,20917.0,2025-10-22,1.02558,2.12323,1441.9,1424.0142848775854,17.885715122414695,17.885715122414695,501-750
TR-046525,Greensboro,Los Angeles,2324.6,Reefer,30348.0,2025-10-22,1.02636,2.17294,4770.79,4943.54870062125,172.75870062124977,-172.75870062124977,1500+
TR-046526,Milwaukee,Birmingham,512.2,Reefer,32404.0,2025-10-22,1.0268,1.55242,1328.25,1275.5705397918143,52.679460208185674,52.679460208185674,501-750
TR-046527,Greensboro,El Paso,1826.3,Reefer,32702.0,2025-10-22,0.98566,1.99234,3980.59,4110.40512217286,129.81512217285945,-129.81512217285945,1500+
TR-046528,Los Angeles,Bakersfield,391.8,Dry Van,20951.0,2025-10-22,1.03522,1.88349,871.19,872.5880864914939,1.3980864914938138,-1.3980864914938138,251-500
TR-046529,Jacksonville,Los Angeles,2219.9,Dry Van,16794.0,2025-10-22,1.05583,2.35092,4028.2,4106.56573067861,78.3657306786099,-78.3657306786099,1500+
TR-046530,Tulsa,Charleston,1016.8,Reefer,37069.0,2025-10-22,1.02819,1.62605,2551.19,2397.859030894852,153.33096910514814,153.33096910514814,1001-1500
TR-046531,Grand Rapids,Tampa,1211.0,Reefer,26443.0,2025-10-22,1.03546,1.97172,2642.91,2628.2278628953754,14.682137104624417,14.682137104624417,1001-1500
TR-046532,Salt Lake City,Lubbock,1018.1,Dry Van,26265.0,2025-10-22,1.03391,2.09382,2143.64,2083.6413431185465,59.99865688145337,59.99865688145337,1001-1500
TR-046533,Baton Rouge,Los Angeles,1694.9,Dry Van,37773.0,2025-10-22,1.02593,2.13421,3494.61,3563.496913214547,68.8869132145469,-68.8869132145469,1500+
TR-046534,Cincinnati,Indianapolis,192.8,Flatbed,28596.0,2025-10-22,1.00013,1.34695,542.56,549.06095263338,6.500952633380052,-6.500952633380052,0-250
TR-046535,Columbia,San Antonio,1110.1,Flatbed,40024.0,2025-10-22,1.01387,1.88422,2533.72,2594.086894192889,60.36689419288905,-60.36689419288905,1001-1500
TR-046536,Bakersfield,Hartford,2873.2,Dry Van,28897.0,2025-10-22,0.97131,2.3162,5232.81,5228.111992151794,4.698007848206544,4.698007848206544,1500+
TR-046537,Albuquerque,Bakersfield,505.4,Reefer,47500.0,2025-10-22,0.9876,1.64689,1309.66,1280.3839323394584,29.276067660541685,29.276067660541685,501-750
TR-046538,Tucson,Raleigh,2417.8,Flatbed,33991.0,2025-10-22,1.01242,2.0339,5006.3,5030.3703397197805,24.07033971978035,-24.07033971978035,1500+
TR-046539,Memphis,Richmond,826.8,Dry Van,29340.0,2025-10-22,0.98899,2.00553,1748.43,1693.108742256468,55.32125774353199,55.32125774353199,751-1000
TR-046540,Oklahoma City,St. Louis,793.2,Reefer,35937.0,2025-10-22,0.99048,1.66094,1983.25,1949.4342352485962,33.815764751403776,33.815764751403776,751-1000
TR-046541,Salt Lake City,Providence,2772.4,Flatbed,32785.0,2025-10-22,0.97532,2.0898,5723.31,5647.106773434235,76.20322656576536,76.20322656576536,1500+
TR-046542,Syracuse,Charleston,727.5,Flatbed,29186.0,2025-10-22,0.99873,1.99558,1560.71,1601.4120565698581,40.70205656985809,-40.70205656985809,501-750
TR-046543,San Antonio,Columbia,1146.0,Dry Van,29303.0,2025-10-22,1.04837,2.09348,2335.15,2461.9149917416503,126.76499174165019,-126.76499174165019,1001-1500
TR-046544,New York,Raleigh,463.9,Dry Van,23817.0,2025-10-22,0.96862,1.93329,1011.88,994.9400597742242,16.939940225775786,16.939940225775786,251-500
TR-046545,Providence,Albany,537.7,Flatbed,39116.0,2025-10-22,1.04464,1.87872,1238.84,1305.1710092997773,66.3310092997774,-66.3310092997774,501-750
TR-046546,Fresno,Columbia,2402.2,Dry Van,47500.0,2025-10-22,1.02616,2.25857,4584.52,4720.978908272641,136.45890827264066,-136.45890827264066,1500+
TR-046547,Hartford,Shreveport,1435.8,Dry Van,38472.0,2025-10-22,1.04481,2.10881,2942.45,2894.4333738911105,48.01662610888934,48.01662610888934,1001-1500
TR-046548,Detroit,Philadelphia,772.9,Dry Van,28844.0,2025-10-22,1.03404,2.05049,1604.29,1578.3653657166183,25.924634283381693,25.924634283381693,751-1000
TR-046549,Atlanta,Phoenix,1990.6,Dry Van,28073.0,2025-10-22,0.99763,2.28514,3721.16,3852.4238440770705,131.26384407707064,-131.26384407707064,1500+
TR-046550,Grand Rapids,Buffalo,500.0,Flatbed,31219.0,2025-10-22,1.0601,1.7689,1185.29,1174.1074916848777,11.182508315122277,11.182508315122277,251-500
TR-046551,Harrisburg,Jacksonville,778.3,Flatbed,24685.0,2025-10-22,0.99376,1.9517,1726.53,1698.7688972080232,27.761102791976782,27.761102791976782,751-1000
TR-046552,Oklahoma City,Fort Wayne,1161.5,Dry Van,30149.0,2025-10-22,1.00192,2.18434,2301.62,2400.1382718588393,98.5182718588394,-98.5182718588394,1001-1500
TR-046553,Phoenix,Albuquerque,706.0,Reefer,26667.0,2025-10-22,1.00471,1.79987,1660.06,1665.897796424671,5.837796424671069,-5.837796424671069,501-750
TR-046554,Cincinnati,Charleston,522.9,Dry Van,29657.0,2025-10-22,1.00932,1.92947,1141.94,1143.278259935171,1.3382599351709814,-1.3382599351709814,501-750
TR-046555,Buffalo,Albany,487.9,Dry Van,33803.0,2025-10-22,0.99459,1.96498,1060.19,1072.4590719857636,12.269071985763503,-12.269071985763503,251-500
TR-046556,Charleston,El Paso,2037.3,Dry Van,28018.0,2025-10-22,0.99472,2.22917,3839.75,3871.4950811085896,31.745081108589602,-31.745081108589602,1500+
TR-046557,Memphis,Grand Rapids,663.7,Flatbed,40443.0,2025-10-22,1.05759,1.88132,1530.79,1506.0286174044645,24.76138259553545,24.76138259553545,501-750
TR-046558,Indianapolis,Tucson,1745.0,Reefer,28922.0,2025-10-22,0.96876,2.01341,3652.95,3865.8130061264014,212.86300612640161,-212.86300612640161,1500+
TR-046559,Amarillo,Dayton,1343.3,Dry Van,40084.0,2025-10-22,0.98818,2.21318,2699.39,2699.834642817736,0.44464281773616676,-0.44464281773616676,1001-1500
TR-046560,Salt Lake City,Shreveport,1376.3,Reefer,45257.0,2025-10-22,1.05788,1.71801,3332.52,3223.17292166211,109.3470783378898,109.3470783378898,1001-1500
TR-046561,Columbia,Nashville,326.9,Dry Van,24426.0,2025-10-22,1.00217,1.77167,780.38,782.8598928026729,2.4798928026729072,-2.4798928026729072,251-500
TR-046562,Chattanooga,Salt Lake City,1705.9,Flatbed,27879.0,2025-10-22,1.00652,2.04583,3557.23,3743.532774013121,186.30277401312105,-186.30277401312105,1500+
TR-046563,Reno,Albany,2833.0,Reefer,44342.0,2025-10-22,1.02407,2.08222,5851.62,5869.082131873325,17.462131873325234,-17.462131873325234,1500+
TR-046564,Richmond,Philadelphia,274.0,Dry Van,29745.0,2025-10-22,1.01147,1.79525,651.91,663.9354071283733,12.025407128373331,-12.025407128373331,251-500
TR-046565,Hartford,Madison,1124.0,Flatbed,20309.0,2025-10-22,1.05062,2.0139,2381.33,2362.9276775541,18.402322445900154,18.402322445900154,1001-1500
TR-046566,Oklahoma City,Los Angeles,1355.9,Reefer,33007.0,2025-10-22,1.03783,1.85335,3104.16,3174.581145408442,70.42114540844204,-70.42114540844204,1001-1500
TR-046567,Indianapolis,Boston,1266.8,Flatbed,31496.0,2025-10-22,1.02577,2.10485,2614.42,2714.434318398482,100.01431839848192,-100.01431839848192,1001-1500
TR-046568,Boston,Buffalo,593.1,Dry Van,30501.0,2025-10-22,1.01489,2.11358,1229.26,1273.0714521987327,43.811452198732695,-43.811452198732695,501-750
TR-046569,Birmingham,Charleston,475.0,Dry Van,41423.0,2025-10-22,1.01353,1.73124,1144.34,1137.2713039331704,7.068696066829489,7.068696066829489,251-500
TR-046570,Dallas,Atlanta,603.1,Reefer,35994.0,2025-10-22,1.0558,1.4988,1590.58,1542.8268431135048,47.75315688649516,47.75315688649516,501-750
TR-046571,Louisville,San Francisco,2204.7,Reefer,36190.0,2025-10-22,1.0565,2.03321,4717.8,4759.823968456703,42.02396845670319,-42.02396845670319,1500+
TR-046572,New York,Phoenix,2934.5,Reefer,33479.0,2025-10-22,1.01965,2.08238,6053.36,6002.600076320787,50.75992367921299,50.75992367921299,1500+
TR-046573,Columbia,Buffalo,656.3,Reefer,45118.0,2025-10-22,1.03573,1.66246,1631.66,1553.1984790292875,78.46152097071263,78.46152097071263,501-750
TR-046574,Amarillo,Fort Wayne,1363.5,Reefer,25197.0,2025-10-22,1.01619,1.94863,2989.44,2917.9171535960263,71.52284640397374,71.52284640397374,1001-1500
TR-046575,Grand Rapids,Shreveport,948.6,Dry Van,20282.0,2025-10-22,1.00111,2.18517,1851.21,1880.0510274113858,28.841027411385767,-28.841027411385767,751-1000
TR-046576,Greensboro,Fresno,2451.3,Reefer,44264.0,2025-10-22,1.03649,2.03161,5316.93,5223.793975816228,93.13602418377195,93.13602418377195,1500+
TR-046577,Phoenix,Buffalo,2646.8,Dry Van,23513.0,2025-10-22,1.02745,2.38586,4696.47,4759.166728828862,62.696728828861524,-62.696728828861524,1500+
TR-046578,Tucson,Charleston,2232.0,Dry Van,24404.0,2025-10-22,1.06275,2.32736,4048.34,4139.095195405003,90.75519540500318,-90.75519540500318,1500+
TR-046579,Greensboro,Louisville,352.3,Dry Van,11090.0,2025-10-22,1.08179,1.82748,807.53,813.1385404756749,5.608540475674886,-5.608540475674886,251-500
TR-046580,Buffalo,St. Louis,759.3,Dry Van,35440.0,2025-10-22,1.03377,1.98096,1628.52,1641.564045713423,13.044045713422975,-13.044045713422975,751-1000
TR-046581,Atlanta,Tucson,1868.2,Dry Van,47361.0,2025-10-22,0.98984,2.0435,3859.48,3742.5262494915473,116.95375050845269,116.95375050845269,1500+
TR-046582,Oklahoma City,Richmond,1505.8,Dry Van,23177.0,2025-10-22,1.03023,2.25096,2912.89,2945.0528491723467,32.162849172346796,-32.162849172346796,1500+
TR-046583,Columbia,Shreveport,645.1,Reefer,13316.0,2025-10-22,1.04805,1.66524,4892.72,1527.675777672977,3365.0442223270234,3365.0442223270234,501-750
TR-046584,Cincinnati,San Francisco,2250.8,Dry Van,35873.0,2025-10-22,1.01009,2.28934,4314.84,4302.837906147364,12.00209385263588,12.00209385263588,1500+
TR-046585,Louisville,Tulsa,582.0,Dry Van,32943.0,2025-10-22,1.04416,1.86445,1322.8,1333.3118726701598,10.511872670159846,-10.511872670159846,501-750
TR-046586,Shreveport,Baton Rouge,184.5,Reefer,47500.0,2025-10-22,1.01604,0.81813,612.12,586.9491396364173,25.170860363582733,25.170860363582733,0-250
TR-046587,Bakersfield,Green Bay,2019.5,Dry Van,18834.0,2025-10-22,1.00811,2.41254,3585.07,3703.598997220036,118.52899722003576,-118.52899722003576,1500+
TR-046588,Baltimore,Birmingham,956.4,Dry Van,24220.0,2025-10-22,1.02676,2.11046,1959.85,1923.9443266116396,35.905673388360356,35.905673388360356,751-1000
TR-046589,Toledo,Montgomery,902.8,Reefer,26400.0,2025-10-22,1.04012,1.79292,2105.22,1994.6960024441296,110.52399755587021,110.52399755587021,751-1000
TR-046590,Tampa,Montgomery,277.2,Flatbed,13144.0,2025-10-22,1.0055,1.50552,726.82,732.4453105621643,5.625310562164259,-5.625310562164259,251-500
TR-046591,Tulsa,Austin,470.7,Dry Van,36446.0,2025-10-22,1.00072,1.71949,1132.13,1165.9674988522636,33.83749885226348,-33.83749885226348,251-500
TR-046592,Austin,Columbia,1216.6,Dry Van,35000.0,2025-10-22,1.04333,1.99677,2583.27,2546.5647315933384,36.70526840666162,36.70526840666162,1001-1500
TR-046593,New York,Providence,349.7,Flatbed,31524.0,2025-10-22,1.00205,1.59968,873.47,877.8220731435356,4.352073143535563,-4.352073143535563,251-500
TR-046594,Columbia,Greensboro,131.1,Flatbed,33920.0,2025-10-22,1.00802,1.15768,394.73,420.6354691613876,25.9054691613876,-25.9054691613876,0-250
TR-046595,Syracuse,Grand Rapids,581.4,Dry Van,29523.0,2025-10-22,1.01244,2.06749,1211.67,1229.7665967255905,18.096596725590416,-18.096596725590416,501-750
TR-046596,Richmond,Dayton,596.7,Dry Van,28815.0,2025-10-22,1.03047,2.05505,1225.8,1266.2409995405053,40.440999540505345,-40.440999540505345,501-750
TR-046597,New Orleans,Savannah,692.2,Flatbed,30923.0,2025-10-22,1.03131,1.76009,1670.77,1628.3585714918763,42.41142850812366,42.41142850812366,501-750
TR-046598,Greensboro,New York,684.5,Dry Van,19307.0,2025-10-22,0.98782,2.19546,1376.74,1392.033366226557,15.293366226557055,-15.293366226557055,501-750
TR-046599,Boston,Hartford,180.6,Flatbed,38402.0,2025-10-22,1.0447,1.26807,513.66,503.8449565830984,9.815043416901574,9.815043416901574,0-250
TR-046600,Cincinnati,Buffalo,626.1,Reefer,30571.0,2025-10-22,0.98484,1.74238,1525.01,1498.5483841163884,26.461615883611557,26.461615883611557,501-750
TR-046601,Lexington,Providence,1015.4,Dry Van,27544.0,2025-10-22,0.99657,2.13489,2052.74,2025.8100965400427,26.92990345995713,26.92990345995713,1001-1500
TR-046602,Philadelphia,Lexington,794.5,Flatbed,18769.0,2025-10-22,1.02264,2.03995,1720.26,1713.25450151476,7.005498485239968,7.005498485239968,751-1000
TR-046603,Phoenix,Lubbock,1154.7,Dry Van,27519.0,2025-10-22,1.00492,2.13731,2343.8,2446.7638317038322,102.96383170383206,-102.96383170383206,1001-1500
TR-046604,St. Louis,Oklahoma City,795.8,Flatbed,36414.0,2025-10-22,1.06824,1.72629,1926.44,1904.4069128519477,22.033087148052346,22.033087148052346,751-1000
TR-046605,Milwaukee,Tampa,956.6,Dry Van,47500.0,2025-10-22,1.0056,2.02321,2037.74,2028.42363517803,9.316364821969955,9.316364821969955,751-1000
TR-046606,Los Angeles,Dallas,1556.2,Dry Van,9026.0,2025-10-22,1.01877,2.28879,2916.59,3049.6998766621773,133.10987666217716,-133.10987666217716,1500+
TR-046607,Mobile,Lubbock,820.1,Reefer,29688.0,2025-10-22,0.96944,1.74154,2022.85,2025.101395656391,2.251395656391196,-2.251395656391196,751-1000
TR-046608,Phoenix,Syracuse,2797.6,Reefer,31130.0,2025-10-22,1.0681,2.137,5664.3,5765.62815439587,101.32815439587011,-101.32815439587011,1500+
TR-046609,San Francisco,El Paso,789.1,Reefer,33582.0,2025-10-22,1.03842,1.78175,1881.48,1914.0242710415964,32.5442710415964,-32.5442710415964,751-1000
TR-046610,Harrisburg,Boston,543.5,Dry Van,29380.0,2025-10-22,1.00372,1.98239,1164.69,1169.5987631608975,4.908763160897479,-4.908763160897479,501-750
TR-046611,Tucson,Phoenix,290.9,Reefer,32703.0,2025-10-22,1.01081,1.39519,804.22,801.477236566072,2.7427634339280758,2.7427634339280758,251-500
TR-046612,Albuquerque,Lubbock,825.9,Reefer,26846.0,2025-10-23,1.0659,1.79333,1942.88,1964.2760375839073,21.396037583907173,-21.396037583907173,751-1000
TR-046613,Kansas City,Indianapolis,176.7,Dry Van,28190.0,2025-10-23,0.98957,1.44586,474.38,442.969257956333,31.41074204366697,31.41074204366697,0-250
TR-046614,Little Rock,Buffalo,1038.6,Flatbed,18497.0,2025-10-23,1.05025,2.01241,7151.41,2205.7902226909678,4945.619777309032,4945.619777309032,1001-1500
TR-046615,San Francisco,Washington,2824.2,Flatbed,27419.0,2025-10-23,1.09758,2.33519,5187.81,5496.506530627207,308.6965306272068,-308.6965306272068,1500+
TR-046616,Cincinnati,Shreveport,531.6,Dry Van,30147.0,2025-10-23,1.07606,1.85712,1237.21,1211.1290341939073,26.080965806092763,26.080965806092763,501-750
TR-046617,Phoenix,Montgomery,2116.9,Dry Van,26997.0,2025-10-23,1.04692,2.2271,4052.55,3964.117677790593,88.43232220940718,88.43232220940718,1500+
TR-046618,Reno,Los Angeles,917.0,Dry Van,26402.0,2025-10-23,1.04548,2.18331,1794.23,1846.486884754998,52.256884754998055,-52.256884754998055,751-1000
TR-046619,Providence,Amarillo,2310.1,Flatbed,29854.0,2025-10-23,1.02397,2.08594,4903.84,4824.022760889186,79.81723911081372,79.81723911081372,1500+
TR-046620,Madison,Corpus Christi,1149.9,Flatbed,39253.0,2025-10-23,1.04678,1.962,2588.61,2724.077524032337,135.46752403233677,-135.46752403233677,1001-1500
TR-046621,Amarillo,Albuquerque,409.6,Flatbed,26048.0,2025-10-23,1.08232,1.67867,1006.81,1058.4532580482107,51.64325804821078,-51.64325804821078,251-500
TR-046622,Atlanta,New York,908.9,Reefer,31482.0,2025-10-23,1.05713,1.79671,2132.94,2082.058989060032,50.88101093996784,50.88101093996784,751-1000
TR-046623,Providence,Grand Rapids,1130.0,Reefer,5000.0,2025-10-23,1.04275,1.96573,2449.96,2419.004840513417,30.955159486582943,30.955159486582943,1001-1500
TR-046624,Houston,Amarillo,689.6,Dry Van,41011.0,2025-10-23,1.03124,1.80544,1644.47,1577.9069878954294,66.56301210457059,66.56301210457059,501-750
TR-046625,Albuquerque,New York,2299.0,Dry Van,42673.0,2025-10-23,1.07975,2.17669,4481.13,4526.6072815915095,45.47728159150938,-45.47728159150938,1500+
TR-046626,Los Angeles,Memphis,1991.7,Dry Van,41230.0,2025-10-23,1.03002,2.15114,4032.37,4027.0784585930296,5.291541406970282,5.291541406970282,1500+
TR-046627,Jacksonville,Phoenix,2139.9,Dry Van,35110.0,2025-10-23,1.01961,2.205,4170.26,4112.4372725000985,57.8227274999017,57.8227274999017,1500+
TR-046628,Dayton,Buffalo,467.8,Dry Van,27420.0,2025-10-23,1.05581,1.99833,1009.38,1026.7430621967108,17.363062196710757,-17.363062196710757,251-500
TR-046629,Albany,Amarillo,2256.4,Dry Van,5807.0,2025-10-23,1.06671,2.35838,4048.53,4106.643268922832,58.11326892283205,-58.11326892283205,1500+
TR-046630,Amarillo,Little Rock,843.5,Dry Van,38271.0,2025-10-23,1.09031,1.82462,1971.47,1896.3699868717201,75.1000131282799,75.1000131282799,751-1000
TR-046631,Columbia,Raleigh,396.1,Reefer,28296.0,2025-10-23,1.04604,1.62588,1011.13,1012.4051161868315,1.2751161868314966,-1.2751161868314966,251-500
TR-046632,Reno,Los Angeles,909.9,Reefer,46507.0,2025-10-23,1.0533,1.78765,2157.52,2142.1639672766473,15.356032723352655,15.356032723352655,751-1000
TR-046633,Amarillo,Syracuse,1845.8,Dry Van,18321.0,2025-10-23,1.06634,2.33005,3353.42,3447.1727389702105,93.75273897021043,-93.75273897021043,1500+
TR-046634,Dayton,Boston,1000.9,Reefer,26151.0,2025-10-23,1.08239,1.8727,2241.31,2230.4242714895195,10.885728510480476,10.885728510480476,1001-1500
TR-046635,Richmond,Montgomery,835.2,Reefer,22215.0,2025-10-23,1.05086,1.88139,1890.04,1882.379032185723,7.660967814277001,7.660967814277001,751-1000
TR-046636,Columbia,Mobile,428.9,Reefer,37992.0,2025-10-23,1.06126,1.39659,1191.43,1164.4343691447002,26.99563085529985,26.99563085529985,251-500
TR-046637,Buffalo,Syracuse,150.9,Dry Van,31617.0,2025-10-23,1.03534,1.60321,380.11,390.5259065662984,10.41590656629836,-10.41590656629836,0-250
TR-046638,Tucson,Albuquerque,465.4,Reefer,23160.0,2025-10-23,1.06217,1.66536,1158.68,1206.0429303391636,47.36293033916354,-47.36293033916354,251-500
TR-046639,Philadelphia,Cincinnati,897.3,Dry Van,33186.0,2025-10-23,1.04756,2.03618,1884.25,1849.5981226182946,34.65187738170539,34.65187738170539,751-1000
TR-046640,Fort Wayne,Boston,1006.0,Dry Van,35932.0,2025-10-23,1.06566,2.12,2046.68,2075.4377645885475,28.75776458854739,-28.75776458854739,1001-1500
TR-046641,Phoenix,Buffalo,2637.6,Dry Van,36473.0,2025-10-23,1.04076,2.28506,5011.38,5009.347687762645,2.032312237354745,2.032312237354745,1500+
TR-046642,Amarillo,Providence,2343.7,Reefer,41388.0,2025-10-23,1.05397,1.96001,5139.92,5179.881953107324,39.96195310732401,-39.96195310732401,1500+
TR-046643,New Orleans,Cincinnati,523.3,Reefer,26051.0,2025-10-23,1.04227,1.60231,1342.34,1292.8394330902083,49.50056690979159,49.50056690979159,501-750
TR-046644,Dayton,San Francisco,2416.0,Reefer,36653.0,2025-10-23,1.08204,1.88368,5367.21,5112.48399925697,254.72600074303045,254.72600074303045,1500+
TR-046645,Harrisburg,Reno,2474.7,Dry Van,28763.0,2025-10-23,1.05966,2.36499,4407.32,4443.086509596346,35.76650959634662,-35.76650959634662,1500+
TR-046646,Charleston,Richmond,398.6,Dry Van,33288.0,2025-10-23,1.05338,1.84263,910.72,924.8860118405809,14.166011840580836,-14.166011840580836,251-500
TR-046647,Mobile,San Antonio,748.4,Reefer,21142.0,2025-10-23,1.0128,1.78308,1780.1,1785.9757627029066,5.875762702906741,-5.875762702906741,501-750
TR-046648,Birmingham,Little Rock,381.7,Flatbed,29207.0,2025-10-23,1.06805,1.50216,1003.47,989.4163262057091,14.053673794290944,14.053673794290944,251-500
TR-046649,Fort Wayne,Baltimore,847.2,Dry Van,23524.0,2025-10-23,1.03259,2.1886,1667.28,1707.0722009929823,39.792200992982316,-39.792200992982316,751-1000
TR-046650,Boston,Richmond,498.1,Dry Van,37530.0,2025-10-23,1.06391,1.79428,1159.83,1115.4198969093227,44.41010309067724,44.41010309067724,251-500
TR-046651,Charleston,Reno,2517.9,Dry Van,28797.0,2025-10-23,1.0587,2.33291,4641.2,4658.39388229799,17.193882297990058,-17.193882297990058,1500+
TR-046652,Hartford,Green Bay,994.2,Flatbed,43335.0,2025-10-23,1.02076,1.95552,2204.92,2226.722534837708,21.802534837707753,-21.802534837707753,751-1000
TR-046653,Fort Wayne,Syracuse,529.6,Dry Van,44235.0,2025-10-23,1.0162,1.96756,1142.58,1166.4885674623781,23.908567462378187,-23.908567462378187,501-750
TR-046654,Shreveport,Providence,1550.1,Dry Van,32020.0,2025-10-23,1.04291,2.17809,3071.49,3161.0689251898684,89.57892518986864,-89.57892518986864,1500+
TR-046655,Lexington,Cincinnati,134.5,Dry Van,22318.0,2025-10-23,1.00052,1.48179,363.25,370.53347263347774,7.283472633477743,-7.283472633477743,0-250
TR-046656,Hartford,Raleigh,485.6,Dry Van,23772.0,2025-10-23,1.00644,1.993,1041.25,1037.9716854197677,3.2783145802322906,3.2783145802322906,251-500
TR-046657,Hartford,Philadelphia,70.0,Dry Van,40162.0,2025-10-23,1.06751,1.21286,206.33,239.84872171508627,33.51872171508626,-33.51872171508626,0-250
TR-046658,Fort Wayne,Little Rock,713.8,Flatbed,39787.0,2025-10-23,1.02019,1.78858,1676.94,1686.0419707626193,9.101970762619203,-9.101970762619203,501-750
TR-046659,Richmond,Montgomery,813.3,Dry Van,47500.0,2025-10-23,1.0587,2.04274,1745.14,1729.501447736001,15.638552263999145,15.638552263999145,751-1000
TR-046660,Buffalo,Fort Wayne,415.3,Dry Van,14274.0,2025-10-23,1.03629,2.06814,859.39,909.5875444589167,50.197544458916695,-50.197544458916695,251-500
TR-046661,Memphis,Richmond,864.1,Reefer,26948.0,2025-10-23,1.06385,1.81214,2021.14,1991.2018914733574,29.938108526642736,29.938108526642736,751-1000
TR-046662,Philadelphia,Charleston,638.0,Flatbed,25271.0,2025-10-23,1.02895,1.79283,1470.99,1443.9974396064736,26.992560393526446,26.992560393526446,501-750
TR-046663,Atlanta,Kansas City,484.5,Dry Van,27617.0,2025-10-23,1.0659,1.92629,1089.06,1079.34926969735,9.710730302649836,9.710730302649836,251-500
TR-046664,San Antonio,Phoenix,1285.7,Flatbed,26426.0,2025-10-23,1.04441,1.92273,2824.36,2800.0793283182484,24.280671681751755,24.280671681751755,1001-1500
TR-046665,New Orleans,Tampa,499.8,Reefer,31391.0,2025-10-23,1.0287,1.49356,1336.62,1305.7491634432981,30.87083655670176,30.87083655670176,251-500
TR-046666,Harrisburg,Baton Rouge,1202.1,Flatbed,27051.0,2025-10-23,1.05212,1.93024,2595.2,2587.365803735242,7.834196264757793,7.834196264757793,1001-1500
TR-046667,Amarillo,Buffalo,1735.6,Reefer,37766.0,2025-10-23,1.05983,1.87275,3908.33,3960.7622144501306,52.43221445013069,-52.43221445013069,1500+
TR-046668,Albuquerque,Lexington,1643.6,Dry Van,21757.0,2025-10-23,1.01507,2.20519,9305.14,3168.684608106045,6136.455391893955,6136.455391893955,1500+
TR-046669,Toledo,Baton Rouge,1109.2,Dry Van,11048.0,2025-10-23,1.00328,2.22781,2133.09,2215.5056624340014,82.4156624340012,-82.4156624340012,1001-1500
TR-046670,Cincinnati,Baltimore,913.5,Flatbed,45250.0,2025-10-23,1.08104,1.80692,2152.1,2064.967635664179,87.13236433582097,87.13236433582097,751-1000
TR-046671,Grand Rapids,Tucson,2021.2,Dry Van,38462.0,2025-10-23,0.99657,2.22763,849.97,3960.8530510210708,3110.883051021071,-3110.883051021071,1500+
TR-046672,Tucson,Dallas,1292.7,Reefer,28447.0,2025-10-23,1.02463,1.85458,2949.86,2964.2991293219243,14.439129321924156,-14.439129321924156,1001-1500
TR-046673,Raleigh,Savannah,366.6,Reefer,18262.0,2025-10-23,1.07449,1.46991,969.41,917.2729278223144,52.13707217768558,52.13707217768558,251-500
TR-046674,Fort Wayne,Toledo,100.5,Reefer,38021.0,2025-10-23,1.06304,0.95467,321.41,327.68790315721884,6.277903157218816,-6.277903157218816,0-250
TR-046675,Lexington,Bakersfield,2161.9,Dry Van,30038.0,2025-10-23,1.02109,2.21872,4139.61,4068.3878499203174,71.22215007968225,71.22215007968225,1500+
TR-046676,Dallas,Hartford,1591.9,Dry Van,29533.0,2025-10-23,1.07512,2.1659,3197.79,3121.5893999782315,76.20060002176842,76.20060002176842,1500+
TR-046677,New York,Savannah,745.4,Dry Van,34450.0,2025-10-23,1.05535,2.00953,1596.29,1555.9797667420696,40.31023325793035,40.31023325793035,501-750
TR-046678,Louisville,Philadelphia,958.0,Reefer,32137.0,2025-10-23,1.00424,1.94637,2167.17,2206.067630784324,38.897630784324065,-38.897630784324065,751-1000
TR-046679,Toledo,Richmond,560.2,Flatbed,41623.0,2025-10-23,1.015,1.82836,1306.45,1315.4348819032027,8.984881903202677,-8.984881903202677,501-750
TR-046680,Buffalo,Grand Rapids,506.5,Dry Van,22616.0,2025-10-23,1.02864,2.01448,1080.08,1050.5035433162384,29.576456683761535,29.576456683761535,501-750
TR-046681,Kansas City,Houston,755.3,Flatbed,28212.0,2025-10-23,1.07027,1.77393,1786.5,1748.7965817222475,37.70341827775246,37.70341827775246,751-1000
TR-046682,Amarillo,New York,1999.9,Reefer,37612.0,2025-10-23,1.04887,1.85311,4514.59,4443.265507957951,71.32449204204931,71.32449204204931,1500+
TR-046683,Richmond,Green Bay,833.7,Dry Van,33690.0,2025-10-23,1.05918,2.10201,1693.15,1734.8828529459868,41.73285294598668,-41.73285294598668,751-1000
TR-046684,Tampa,Columbia,588.2,Flatbed,35514.0,2025-10-23,1.06134,1.63946,1431.47,1478.7883065382246,47.31830653822453,-47.31830653822453,501-750
TR-046685,Indianapolis,Buffalo,688.7,Dry Van,27361.0,2025-10-23,1.00773,2.04926,1443.55,1424.0371154803988,19.51288451960113,19.51288451960113,501-750
TR-046686,Birmingham,Nashville,197.2,Dry Van,31496.0,2025-10-23,1.07978,1.35485,546.54,549.1224771966624,2.5824771966624667,-2.5824771966624667,0-250
TR-046687,Reno,Las Vegas,580.2,Reefer,34351.0,2025-10-23,1.06774,1.58633,1462.18,1464.6724856211767,2.4924856211766837,-2.4924856211766837,501-750
TR-046688,Tucson,Amarillo,633.4,Dry Van,15563.0,2025-10-23,1.02295,2.02591,1377.08,1353.5689899727477,23.51101002725227,23.51101002725227,501-750
TR-046689,Syracuse,Fresno,2732.4,Flatbed,13588.0,2025-10-23,1.09963,2.25018,5099.7,5251.5001837298805,151.8001837298807,-151.8001837298807,1500+
TR-046690,Greensboro,San Francisco,2513.6,Dry Van,30763.0,2025-10-23,1.03025,2.12152,4880.25,4779.634827493342,100.61517250665838,100.61517250665838,1500+
TR-046691,Corpus Christi,Bakersfield,1480.5,Reefer,33988.0,2025-10-23,1.05871,1.86079,3442.11,3441.8657980212556,0.24420197874451333,0.24420197874451333,1001-1500
TR-046692,Phoenix,Shreveport,1664.5,Dry Van,22675.0,2025-10-23,1.05638,2.20721,3305.45,3272.1031409159673,33.34685908403253,33.34685908403253,1500+
TR-046693,Hartford,Kansas City,1148.2,Dry Van,25315.0,2025-10-23,1.02719,2.15978,2266.92,2303.192308857534,36.27230885753397,-36.27230885753397,1001-1500
TR-046694,Lubbock,Bakersfield,1184.5,Flatbed,44965.0,2025-10-23,1.05585,1.84087,2714.72,2748.932403728374,34.212403728374284,-34.212403728374284,1001-1500
TR-046695,Cincinnati,New Orleans,532.0,Dry Van,32314.0,2025-10-23,1.05852,1.83951,1242.06,1227.347300773762,14.712699226237874,14.712699226237874,501-750
TR-046696,Milwaukee,Houston,837.5,Dry Van,34970.0,2025-10-23,1.02168,1.9692,1845.46,1793.9270430258875,51.532956974112494,51.532956974112494,751-1000
TR-046697,Shreveport,Harrisburg,1092.5,Reefer,26760.0,2025-10-23,1.01521,1.87138,2500.44,2441.8230833367893,58.61691666321076,58.61691666321076,1001-1500
TR-046698,Richmond,Harrisburg,160.0,Dry Van,42864.0,2025-10-23,1.0802,1.60235,413.84,412.8762258949873,0.9637741050127033,0.9637741050127033,0-250
TR-046699,Cincinnati,Buffalo,665.5,Reefer,32782.0,2025-10-23,1.03395,1.78215,1587.93,1589.7454704441025,1.8154704441024023,-1.8154704441024023,501-750
TR-046700,Fresno,Tucson,491.9,Flatbed,38840.0,2025-10-23,1.04433,1.61572,1253.74,1217.4468539588604,36.29314604113961,36.29314604113961,251-500
TR-046701,Baton Rouge,Bakersfield,1629.8,Flatbed,29747.0,2025-10-23,1.07419,1.95209,3568.3,3551.7230828079378,16.57691719206241,16.57691719206241,1500+
TR-046702,Fresno,San Antonio,1508.0,Dry Van,31109.0,2025-10-23,1.07487,2.00677,3088.52,3101.9732045750848,13.453204575084783,-13.453204575084783,1500+
TR-046703,Lexington,Raleigh,517.2,Dry Van,20684.0,2025-10-23,1.03056,1.98114,1125.09,1098.4262322157908,26.663767784209085,26.663767784209085,501-750
TR-046704,Montgomery,San Antonio,887.0,Dry Van,47500.0,2025-10-23,1.0528,1.88383,2035.6,1980.1093447920484,55.49065520795148,55.49065520795148,751-1000
TR-046705,Columbia,Washington,542.3,Dry Van,24151.0,2025-10-23,1.01092,1.97249,1169.61,1162.697551132835,6.912448867164812,6.912448867164812,501-750
TR-046706,Grand Rapids,Tucson,2027.0,Dry Van,25458.0,2025-10-23,1.02712,2.32593,3717.95,3764.325700210524,46.37570021052397,-46.37570021052397,1500+
TR-046707,Fort Wayne,Tucson,2004.4,Dry Van,30058.0,2025-10-23,1.07236,2.30212,3829.0,3856.1122717962044,27.112271796204368,-27.112271796204368,1500+
TR-046708,Birmingham,Indianapolis,451.2,Dry Van,35649.0,2025-10-23,1.0203,1.78492,1075.14,1059.6014561697675,15.538543830232584,15.538543830232584,251-500
TR-046709,Montgomery,Los Angeles,2120.3,Dry Van,32997.0,2025-10-23,1.0242,2.28463,4018.27,4116.3391641639955,98.06916416399554,-98.06916416399554,1500+
TR-046710,Cincinnati,Raleigh,622.1,Dry Van,33806.0,2025-10-23,1.04535,1.87269,1428.98,1389.1165806711488,39.86341932885125,39.86341932885125,501-750
TR-046711,Mobile,Fresno,2168.0,Dry Van,20844.0,2025-10-23,1.09173,2.23167,4100.18,4054.169584965195,46.01041503480519,46.01041503480519,1500+
TR-046712,Tulsa,Richmond,1209.1,Reefer,29921.0,2025-10-23,1.07653,1.85978,2780.68,2707.3622093093236,73.31779069067625,73.31779069067625,1001-1500
TR-046713,Richmond,Atlanta,677.2,Dry Van,37259.0,2025-10-23,1.06222,1.9326,1518.72,1477.1039464731948,41.61605352680522,41.61605352680522,501-750
TR-046714,Cincinnati,Corpus Christi,948.2,Reefer,21662.0,2025-10-23,1.02908,1.85166,2200.86,2163.753955121992,37.106044878008106,37.106044878008106,751-1000
TR-046715,Cincinnati,San Antonio,1038.4,Dry Van,45473.0,2025-10-23,1.07234,1.94007,2308.44,2277.2797836062905,31.16021639370956,31.16021639370956,1001-1500
TR-046716,San Antonio,Tulsa,410.9,Flatbed,30060.0,2025-10-23,1.0704,1.45989,1109.65,1099.3840231868605,10.26597681313956,10.26597681313956,251-500
TR-046717,San Francisco,Syracuse,2845.4,Dry Van,40827.0,2025-10-23,1.08654,2.25066,5354.03,5350.6664645671135,3.3635354328862377,3.3635354328862377,1500+
TR-046718,Grand Rapids,Indianapolis,439.1,Dry Van,27151.0,2025-10-23,1.04008,1.99794,972.57,986.0145684818871,13.444568481887018,-13.444568481887018,251-500
TR-046719,Tampa,Montgomery,277.5,Dry Van,34124.0,2025-10-23,1.01364,1.52862,722.84,713.5896442093424,9.250355790657636,9.250355790657636,251-500
TR-046720,Syracuse,Raleigh,616.7,Flatbed,30145.0,2025-10-23,1.01847,1.8847,572.98,1424.9440999419655,851.9640999419655,-851.9640999419655,501-750
TR-046721,Atlanta,Indianapolis,348.2,Flatbed,44569.0,2025-10-23,1.03467,1.5148,921.11,932.6109132432063,11.500913243206242,-11.500913243206242,251-500
TR-046722,Nashville,Fresno,2100.1,Dry Van,33105.0,2025-10-23,1.06987,2.19379,4135.5,4025.105106035999,110.39489396400086,110.39489396400086,1500+
TR-046723,Reno,Boston,2980.2,Dry Van,33906.0,2025-10-23,1.05371,2.20798,5618.27,5453.805651382776,164.46434861722446,164.46434861722446,1500+
TR-046724,Little Rock,Memphis,230.8,Dry Van,15908.0,2025-10-23,1.11018,1.48883,612.01,586.2402967321087,25.76970326789126,25.76970326789126,0-250
TR-046725,Fort Wayne,Richmond,599.8,Flatbed,31176.0,2025-10-23,1.07856,1.90963,1371.1,1394.7716480577878,23.671648057787934,-23.671648057787934,501-750
TR-046726,New Orleans,San Antonio,509.1,Dry Van,34365.0,2025-10-23,1.00605,1.69639,1230.04,1200.8429895301651,29.197010469834822,29.197010469834822,501-750
TR-046727,New York,Greensboro,661.5,Flatbed,39124.0,2025-10-23,1.05417,1.74409,1563.23,1485.1308973643756,78.09910263562438,78.09910263562438,501-750
TR-046728,Toledo,San Francisco,2436.5,Dry Van,16966.0,2025-10-23,1.03408,2.38908,4268.73,4343.637967305744,74.90796730574402,-74.90796730574402,1500+
TR-046729,Detroit,Jacksonville,955.2,Reefer,30452.0,2025-10-23,1.0558,1.91102,2114.63,2146.7478253263234,32.11782532632333,-32.11782532632333,751-1000
TR-046730,Buffalo,Hartford,447.5,Dry Van,35444.0,2025-10-23,1.03782,1.92648,990.67,1003.6271373115405,12.957137311540578,-12.957137311540578,251-500
TR-046731,Kansas City,Atlanta,479.3,Dry Van,36432.0,2025-10-23,1.07167,1.72672,4635.85,1127.2842844945308,3508.5657155054696,3508.5657155054696,251-500
TR-046732,Oklahoma City,Green Bay,1190.0,Dry Van,26817.0,2025-10-23,1.04804,2.13326,2393.29,2422.1330301627563,28.84303016275635,-28.84303016275635,1001-1500
TR-046733,Dayton,Fresno,2310.6,Flatbed,18351.0,2025-10-23,1.05342,2.11856,4605.7,4485.8296264969185,119.87037350308128,119.87037350308128,1500+
TR-046734,Harrisburg,Tucson,2415.1,Reefer,22119.0,2025-10-23,1.03341,2.10512,4970.7,4858.062403382448,112.63759661755194,112.63759661755194,1500+
TR-046735,Providence,Harrisburg,586.3,Dry Van,25254.0,2025-10-23,1.03689,2.02976,1245.2,1239.1038661730915,6.096133826908499,6.096133826908499,501-750
TR-046736,Buffalo,Las Vegas,2367.8,Flatbed,38393.0,2025-10-23,1.14113,2.14387,4815.53,5039.405161063249,223.87516106324892,-223.87516106324892,1500+
TR-046737,Savannah,New York,790.3,Dry Van,32652.0,2025-10-23,1.00882,2.08399,1624.97,1657.1134352198044,32.14343521980436,-32.14343521980436,751-1000
TR-046738,Fresno,Richmond,2799.4,Dry Van,25760.0,2025-10-23,1.04964,2.32697,5035.02,5073.58419892741,38.56419892740996,-38.56419892740996,1500+
TR-046739,Shreveport,Toledo,940.3,Dry Van,25254.0,2025-10-23,1.02727,2.17406,1853.8,1880.026074232373,26.226074232373094,-26.226074232373094,751-1000
TR-046740,Reno,Chattanooga,2003.5,Dry Van,42071.0,2025-10-23,1.04408,2.2238,3895.0,3990.7925106225666,95.79251062256662,-95.79251062256662,1500+
TR-046741,Lexington,San Francisco,2451.1,Flatbed,47500.0,2025-10-23,1.00769,2.03086,5150.17,5025.1940166052245,124.97598339477554,124.97598339477554,1500+
TR-046742,Grand Rapids,Buffalo,500.4,Flatbed,20690.0,2025-10-23,1.04795,1.91572,1112.23,1135.1870745211154,22.957074521115373,-22.957074521115373,501-750
TR-046743,Philadelphia,Richmond,275.2,Dry Van,29501.0,2025-10-23,1.09072,1.82666,654.13,657.1832062251011,3.053206225101121,-3.053206225101121,251-500
TR-046744,Lexington,Chattanooga,219.1,Dry Van,31913.0,2025-10-23,1.05872,1.50629,583.45,574.8046172473788,8.64538275262123,8.64538275262123,0-250
TR-046745,Charleston,Fort Wayne,695.5,Reefer,26460.0,2025-10-23,1.0736,1.91771,1596.84,1603.0421885979788,6.202188597978875,-6.202188597978875,501-750
TR-046746,Baton Rouge,Los Angeles,1681.0,Reefer,24409.0,2025-10-23,1.0233,1.94735,3731.56,3689.418733915805,42.14126608419474,42.14126608419474,1500+
TR-046747,Nashville,Montgomery,364.3,Dry Van,29655.0,2025-10-23,1.05102,1.76168,863.63,852.6257033917209,11.004296608279105,11.004296608279105,251-500
TR-046748,Atlanta,Bakersfield,2049.1,Dry Van,25351.0,2025-10-23,1.09233,2.25519,3944.99,3840.99962350592,103.99037649407956,103.99037649407956,1500+
TR-046749,Montgomery,Hartford,1113.4,Dry Van,18855.0,2025-10-23,1.03566,2.19571,2142.57,2226.5281143732755,83.9581143732753,-83.9581143732753,1001-1500
TR-046750,Dayton,Greensboro,383.7,Dry Van,40511.0,2025-10-23,1.0482,1.78855,924.83,903.6053095609617,21.22469043903834,21.22469043903834,251-500
TR-046751,Charleston,Baton Rouge,929.1,Reefer,26726.0,2025-10-23,1.08197,1.78918,2187.86,2187.886593554866,0.02659355486593995,-0.02659355486593995,751-1000
TR-046752,Fresno,Greensboro,2433.2,Dry Van,29263.0,2025-10-23,1.00585,2.24195,4645.48,4519.517818786301,125.96218121369839,125.96218121369839,1500+
TR-046753,Toledo,Raleigh,687.4,Dry Van,34127.0,2025-10-23,1.02994,2.00216,1480.07,1442.8973799473295,37.17262005267048,37.17262005267048,501-750
TR-046754,Mobile,Raleigh,785.0,Dry Van,34610.0,2025-10-23,1.04064,1.96637,1706.94,1713.1137404886715,6.173740488671456,-6.173740488671456,751-1000
TR-046755,Baltimore,San Antonio,1876.2,Dry Van,44841.0,2025-10-23,1.04025,2.13665,3748.08,3887.7125769582913,139.63257695829134,-139.63257695829134,1500+
TR-046756,Charleston,Shreveport,866.3,Dry Van,26139.0,2025-10-23,1.03622,2.05575,1852.24,1813.2503114971296,38.98968850287042,38.98968850287042,751-1000
TR-046757,Amarillo,Atlanta,1235.4,Dry Van,41020.0,2025-10-23,1.0388,2.03584,2619.79,2627.3756668266174,7.585666826617398,-7.585666826617398,1001-1500
TR-046758,Louisville,Fort Wayne,374.3,Reefer,22156.0,2025-10-23,1.01611,1.59919,939.94,913.4324227438549,26.50757725614517,26.50757725614517,251-500
TR-046759,Shreveport,Montgomery,434.4,Dry Van,34725.0,2025-10-23,1.06346,1.73177,1062.75,1067.4165057736516,4.666505773651579,-4.666505773651579,251-500
TR-046760,Baton Rouge,Tampa,465.8,Dry Van,41245.0,2025-10-23,1.02667,1.63736,1153.14,1145.086083761491,8.053916238509146,8.053916238509146,251-500
TR-046761,Philadelphia,Oklahoma City,1771.3,Flatbed,32984.0,2025-10-23,1.02816,1.98815,3789.36,3856.993739267214,67.63373926721397,-67.63373926721397,1500+
TR-046762,Montgomery,Mobile,185.8,Reefer,40298.0,2025-10-23,1.07377,0.97459,596.86,614.6714753427304,17.811475342730432,-17.811475342730432,0-250
TR-046763,Oklahoma City,Harrisburg,1490.2,Dry Van,36475.0,2025-10-23,1.0123,2.04302,3084.04,3027.366425427237,56.673574572762845,56.673574572762845,1001-1500
TR-046764,Shreveport,Tampa,508.3,Dry Van,34762.0,2025-10-23,1.05155,1.70941,1255.82,1181.5676431539944,74.25235684600557,74.25235684600557,501-750
TR-046765,Houston,Amarillo,693.2,Flatbed,34490.0,2025-10-23,1.0293,1.59767,1761.27,1696.28705193999,64.9829480600099,64.9829480600099,501-750
TR-046766,Cincinnati,Oklahoma City,916.9,Reefer,35276.0,2025-10-23,0.99948,1.67572,2288.92,2195.7725208004003,93.14747919959973,93.14747919959973,751-1000
TR-046767,Corpus Christi,Greensboro,1066.2,Dry Van,32494.0,2025-10-23,0.99099,2.07957,2211.88,2268.3173285370335,56.43732853703341,-56.43732853703341,1001-1500
TR-046768,Shreveport,Tucson,1451.4,Dry Van,38115.0,2025-10-24,0.96682,2.12558,3003.33,3044.8326564922118,41.50265649221183,-41.50265649221183,1001-1500
TR-046769,Houston,Hartford,1612.3,Flatbed,32428.0,2025-10-24,1.01235,1.90348,3553.74,3558.9602479876376,5.2202479876377765,-5.2202479876377765,1500+
TR-046770,El Paso,Corpus Christi,1054.4,Dry Van,27138.0,2025-10-24,0.9638,2.1826,2133.6,2220.530709165494,86.93070916549414,-86.93070916549414,1001-1500
TR-046771,Amarillo,Reno,1087.7,Dry Van,19712.0,2025-10-24,1.01937,2.19324,2137.08,2200.360416492752,63.28041649275201,-63.28041649275201,1001-1500
TR-046772,Chattanooga,Milwaukee,376.5,Dry Van,28895.0,2025-10-24,1.01566,1.83235,882.15,837.9004664217998,44.24953357820016,44.24953357820016,251-500
TR-046773,Shreveport,Tulsa,207.0,Dry Van,31262.0,2025-10-24,1.05427,1.41105,568.79,575.9228540744756,7.132854074475631,-7.132854074475631,0-250
TR-046774,Bakersfield,Syracuse,2586.1,Flatbed,31496.0,2025-10-24,1.01163,2.12132,5267.14,5239.431408236665,27.70859176333488,27.70859176333488,1500+
TR-046775,Tucson,New York,2632.8,Flatbed,33894.0,2025-10-24,0.99461,2.14067,5090.24,5425.171786635563,334.9317866355632,-334.9317866355632,1500+
TR-046776,Chattanooga,Montgomery,345.9,Dry Van,33315.0,2025-10-24,1.02052,1.63959,842.01,834.3871685179842,7.62283148201584,7.62283148201584,251-500
TR-046777,Houston,Montgomery,615.8,Dry Van,27637.0,2025-10-24,0.97569,1.91136,1398.76,1357.7518844338456,41.0081155661544,41.0081155661544,501-750
TR-046778,Hartford,Atlanta,1001.8,Dry Van,41352.0,2025-10-24,1.00102,2.0499,537.57,2094.9412160976417,1557.3712160976415,-1557.3712160976415,1001-1500
TR-046779,Hartford,Corpus Christi,1832.4,Dry Van,37225.0,2025-10-24,0.98155,2.22628,3574.44,3632.6113772817457,58.17137728174566,-58.17137728174566,1500+
TR-046780,Lexington,Philadelphia,818.5,Reefer,34250.0,2025-10-24,0.9823,1.83733,1894.78,1932.2785585136003,37.4985585136003,-37.4985585136003,751-1000
TR-046781,Cincinnati,Savannah,435.1,Dry Van,47500.0,2025-10-24,0.95784,1.83974,1015.18,1046.0004552460273,30.820455246027336,-30.820455246027336,251-500
TR-046782,Amarillo,Shreveport,836.0,Reefer,30314.0,2025-10-24,0.99266,1.68221,2059.56,2026.8436678271175,32.7163321728824,32.7163321728824,751-1000
TR-046783,Tulsa,Little Rock,201.7,Dry Van,25694.0,2025-10-24,0.98407,1.48909,526.96,556.9962800200569,30.036280020056893,-30.036280020056893,0-250
TR-046784,Providence,Charleston,726.1,Reefer,37856.0,2025-10-24,0.97271,1.56557,1841.3,1742.7539843617349,98.54601563826509,98.54601563826509,501-750
TR-046785,Baton Rouge,Jacksonville,572.4,Dry Van,37655.0,2025-10-24,1.01311,1.87587,1316.74,1325.9424947853395,9.202494785339468,-9.202494785339468,501-750
TR-046786,Toledo,Charleston,721.5,Reefer,20638.0,2025-10-24,0.95163,1.86844,1620.85,1614.3853239134673,6.464676086532563,6.464676086532563,501-750
TR-046787,Cincinnati,Baton Rouge,654.4,Reefer,29811.0,2025-10-24,0.9853,1.66467,1602.69,1571.692231927766,30.997768072234066,30.997768072234066,501-750
TR-046788,Charleston,Toledo,725.4,Dry Van,34685.0,2025-10-24,0.99132,2.08544,1542.94,1525.7110790531115,17.228920946888593,17.228920946888593,501-750
TR-046789,El Paso,Bakersfield,444.8,Dry Van,35706.0,2025-10-24,0.98834,1.77406,1030.9,1042.3781779464068,11.478177946406731,-11.478177946406731,251-500
TR-046790,Baton Rouge,Mobile,334.9,Dry Van,33639.0,2025-10-24,0.96612,1.60021,848.27,843.4302685763096,4.839731423690409,4.839731423690409,251-500
TR-046791,Raleigh,St. Louis,859.7,Reefer,28988.0,2025-10-24,0.98847,1.94299,1942.11,1997.22144620199,55.11144620199002,-55.11144620199002,751-1000
TR-046792,Baton Rouge,Tampa,449.4,Dry Van,31371.0,2025-10-24,1.00966,1.74941,1080.16,1064.4462890765603,15.713710923439749,15.713710923439749,251-500
TR-046793,Cincinnati,Atlanta,201.1,Dry Van,37704.0,2025-10-24,0.9779,1.5304,539.01,561.6620346559878,22.65203465598779,-22.65203465598779,0-250
TR-046794,Green Bay,Greensboro,732.2,Dry Van,47500.0,2025-10-24,1.0354,2.00922,1612.83,1553.782257150118,59.04774284988184,59.04774284988184,501-750
TR-046795,Reno,Las Vegas,580.7,Dry Van,44186.0,2025-10-24,0.99571,1.89536,1313.54,1299.8672435152907,13.672756484709225,13.672756484709225,501-750
TR-046796,Savannah,San Antonio,1148.2,Dry Van,24208.0,2025-10-24,0.99263,2.11106,2270.13,2416.829481712347,146.69948171234682,-146.69948171234682,1001-1500
TR-046797,Philadelphia,San Francisco,3071.2,Dry Van,38400.0,2025-10-24,1.01619,2.20879,5919.08,5710.983721502951,208.09627849704884,208.09627849704884,1500+
TR-046798,Greensboro,Kansas City,611.9,Flatbed,35023.0,2025-10-24,0.97671,1.64186,1522.89,1477.1500977340893,45.739902265910814,45.739902265910814,501-750
TR-046799,Milwaukee,San Francisco,2097.2,Dry Van,42878.0,2025-10-24,1.0081,2.23392,4063.42,4028.017326246146,35.40267375385429,35.40267375385429,1500+
TR-046800,Tulsa,Greensboro,811.1,Reefer,30994.0,2025-10-24,0.98408,1.64928,2003.53,1908.0810616235976,95.44893837640234,95.44893837640234,751-1000
TR-046801,Green Bay,Houston,1204.1,Dry Van,34695.0,2025-10-24,0.99617,2.1,2485.6,2493.2620481789713,7.662048178971418,-7.662048178971418,1001-1500
TR-046802,Reno,Hartford,2800.4,Dry Van,12307.0,2025-10-24,0.97805,2.41793,4817.06,4935.285122478737,118.22512247873692,-118.22512247873692,1500+
TR-046803,Fresno,Syracuse,2776.7,Reefer,26962.0,2025-10-24,0.9454,2.15022,5560.64,5498.768808826194,61.87119117380644,61.87119117380644,1500+
TR-046804,El Paso,Las Vegas,341.2,Dry Van,18475.0,2025-10-24,0.9897,1.8025,786.95,781.3712592919688,5.578740708031205,5.578740708031205,251-500
TR-046805,Mobile,Memphis,334.7,Dry Van,46941.0,2025-10-24,0.94927,1.70542,831.97,846.4532933657061,14.483293365706118,-14.483293365706118,251-500
TR-046806,Amarillo,Madison,1158.2,Dry Van,35564.0,2025-10-24,0.98517,2.00198,2488.38,2486.9608852513707,1.419114748629454,1.419114748629454,1001-1500
TR-046807,Cincinnati,El Paso,1579.0,Reefer,26361.0,2025-10-24,1.02683,1.92747,3544.56,3444.223803737593,100.33619626240716,100.33619626240716,1500+
TR-046808,Los Angeles,Albuquerque,744.7,Dry Van,30339.0,2025-10-24,0.9871,2.05907,1578.16,1575.1848261708612,2.975173829138839,2.975173829138839,501-750
TR-046809,Hartford,Phoenix,2946.0,Reefer,15637.0,2025-10-24,1.03025,2.05012,6105.86,5752.735539390231,353.1244606097689,353.1244606097689,1500+
TR-046810,Richmond,El Paso,2235.7,Dry Van,33116.0,2025-10-24,1.02173,2.19456,4422.7,4270.593245889581,152.10675411041848,152.10675411041848,1500+
TR-046811,Hartford,Fort Wayne,820.2,Reefer,39313.0,2025-10-24,1.02282,1.65106,2020.54,1914.84918721634,105.69081278366002,105.69081278366002,751-1000
TR-046812,Fresno,Charleston,2713.3,Reefer,31434.0,2025-10-24,1.02376,1.98752,5842.97,5583.3958353231565,259.5741646768438,259.5741646768438,1500+
TR-046813,Fresno,Oklahoma City,1455.9,Dry Van,25788.0,2025-10-24,0.9829,2.18997,2829.31,2890.223735727204,60.91373572720386,-60.91373572720386,1001-1500
TR-046814,Providence,Oklahoma City,1994.1,Dry Van,44086.0,2025-10-24,1.01292,2.01362,4112.14,3996.20644432049,115.93355567951039,115.93355567951039,1500+
TR-046815,Tampa,Albuquerque,1650.7,Dry Van,36003.0,2025-10-24,0.98492,2.10429,3326.87,3415.336154499338,88.46615449933824,-88.46615449933824,1500+
TR-046816,Syracuse,Mobile,1143.1,Flatbed,19245.0,2025-10-24,1.01927,2.07786,2364.43,2432.4352172930103,68.00521729301045,-68.00521729301045,1001-1500
TR-046817,Lexington,Cincinnati,132.4,Reefer,32197.0,2025-10-24,1.00213,1.05032,410.84,426.97628778377504,16.13628778377506,-16.13628778377506,0-250
TR-046818,Detroit,Cincinnati,567.9,Dry Van,32737.0,2025-10-24,0.98731,1.86305,1273.33,1239.6765510394707,33.653448960529204,33.653448960529204,501-750
TR-046819,Fort Wayne,Baton Rouge,1019.9,Reefer,31496.0,2025-10-24,1.01916,1.68375,2496.4,2393.2215337816174,103.17846621838271,103.17846621838271,1001-1500
TR-046820,Philadelphia,Indianapolis,977.6,Dry Van,27897.0,2025-10-24,0.92046,2.15429,1930.19,1951.6197043666973,21.42970436669725,-21.42970436669725,751-1000
TR-046821,Lubbock,Phoenix,1166.0,Dry Van,26246.0,2025-10-24,1.01321,2.18184,2322.58,2422.8207729717337,100.2407729717338,-100.2407729717338,1001-1500
TR-046822,Los Angeles,San Antonio,1295.4,Reefer,29772.0,2025-10-24,0.97672,1.89348,2919.45,2958.6321627621746,39.18216276217481,-39.18216276217481,1001-1500
TR-046823,Atlanta,Dayton,405.6,Reefer,15446.0,2025-10-24,0.99967,1.58514,1032.25,998.8014006344921,33.4485993655079,33.4485993655079,251-500
TR-046824,Memphis,Kansas City,331.8,Dry Van,14249.0,2025-10-24,0.98877,1.79788,781.04,776.0578313927899,4.982168607210042,4.982168607210042,251-500
TR-046825,Baltimore,Raleigh,387.9,Dry Van,17683.0,2025-10-24,1.02154,1.94721,856.78,861.9899452797514,5.209945279751423,-5.209945279751423,251-500
TR-046826,Hartford,Atlanta,976.0,Flatbed,35669.0,2025-10-24,1.02641,1.93376,2152.48,2224.0598398638526,71.57983986385261,-71.57983986385261,751-1000
TR-046827,Hartford,Harrisburg,371.7,Reefer,19591.0,2025-10-24,0.99322,1.69562,914.61,886.8300796939099,27.779920306090162,27.779920306090162,251-500
TR-046828,El Paso,Grand Rapids,1717.1,Dry Van,31125.0,2025-10-24,1.00405,2.30343,3218.52,3415.8725771072277,197.35257710722772,-197.35257710722772,1500+
TR-046829,Buffalo,Baltimore,481.2,Dry Van,38220.0,2025-10-24,0.97458,1.92847,1056.33,1094.0366251682658,37.70662516826587,-37.70662516826587,251-500
TR-046830,Toledo,Fort Wayne,94.1,Dry Van,25856.0,2025-10-24,0.99464,1.50495,247.16,271.22140575954853,24.061405759548535,-24.061405759548535,0-250
TR-046831,Oklahoma City,Amarillo,445.6,Reefer,34284.0,2025-10-24,0.98981,1.35734,1241.29,1201.1196782641932,40.17032173580674,40.17032173580674,251-500
TR-046832,Washington,Lubbock,1666.9,Dry Van,32823.0,2025-10-24,0.99956,2.20231,3273.81,3413.0691401485487,139.2591401485488,-139.2591401485488,1500+
TR-046833,Montgomery,Philadelphia,1057.7,Dry Van,14271.0,2025-10-24,0.97349,2.16037,2064.72,2123.9420720926637,59.22207209266389,-59.22207209266389,1001-1500
TR-046834,Montgomery,Indianapolis,623.0,Dry Van,29725.0,2025-10-24,0.97087,1.92346,1351.0,1372.693039546452,21.693039546451928,-21.693039546451928,501-750
TR-046835,Albuquerque,New Orleans,1169.9,Dry Van,29297.0,2025-10-24,0.98146,2.11693,2366.54,2440.2209776753757,73.68097767537574,-73.68097767537574,1001-1500
TR-046836,Lexington,Tulsa,721.5,Dry Van,24830.0,2025-10-24,1.00637,1.93732,1549.05,1515.9446031000748,33.105396899925154,33.105396899925154,501-750
TR-046837,Baton Rouge,Dayton,901.2,Dry Van,38746.0,2025-10-24,0.98533,1.99386,1963.48,1898.614141590251,64.86585840974908,64.86585840974908,751-1000
TR-046838,Shreveport,Green Bay,981.1,Reefer,18224.0,2025-10-24,1.00263,1.95801,2183.37,2181.4969647111925,1.8730352888073867,1.8730352888073867,751-1000
TR-046839,Montgomery,Fresno,2328.4,Dry Van,27884.0,2025-10-24,1.01272,2.20694,4612.68,4513.981790616392,98.69820938360863,98.69820938360863,1500+
TR-046840,Kansas City,Grand Rapids,446.8,Reefer,34757.0,2025-10-24,1.00273,1.61563,1146.4,1129.4075605370126,16.992439462987477,16.992439462987477,251-500
TR-046841,New York,Bakersfield,2873.6,Dry Van,24415.0,2025-10-24,1.00421,2.40165,5041.36,5194.303680336244,152.94368033624414,-152.94368033624414,1500+
TR-046842,Richmond,Tucson,2481.8,Dry Van,27859.0,2025-10-24,0.99093,2.3521,4460.36,4651.018964160567,190.65896416056694,-190.65896416056694,1500+
TR-046843,Fort Wayne,Shreveport,875.0,Flatbed,33322.0,2025-10-24,1.00726,1.84849,2027.34,2015.102111689216,12.237888310784001,12.237888310784001,751-1000
TR-046844,Grand Rapids,Milwaukee,347.0,Reefer,26674.0,2025-10-24,1.01448,1.51003,906.44,862.0475757631267,44.39242423687335,44.39242423687335,251-500
TR-046845,Savannah,Phoenix,2333.7,Reefer,43478.0,2025-10-24,1.02654,2.03343,5016.76,5075.966231581485,59.206231581484644,-59.206231581484644,1500+
TR-046846,Atlanta,Tucson,1801.3,Reefer,30872.0,2025-10-24,0.99222,1.99837,3947.41,4014.2393867274013,66.82938672740147,-66.82938672740147,1500+
TR-046847,Indianapolis,Milwaukee,105.2,Reefer,36498.0,2025-10-24,1.00067,0.86194,347.45,332.3684479757338,15.081552024266216,15.081552024266216,0-250
TR-046848,Kansas City,Montgomery,722.9,Dry Van,22520.0,2025-10-24,1.02292,1.96115,1544.49,1480.4648215922189,64.02517840778114,64.02517840778114,501-750
TR-046849,Oklahoma City,Bakersfield,1295.1,Reefer,16586.0,2025-10-24,1.01923,1.88187,2957.02,2890.067588827297,66.9524111727028,66.9524111727028,1001-1500
TR-046850,Fort Wayne,Boston,1021.1,Dry Van,25521.0,2025-10-24,1.03177,2.20141,2004.06,2019.2244743777858,15.164474377785837,-15.164474377785837,1001-1500
TR-046851,Las Vegas,Hartford,2770.4,Dry Van,36762.0,2025-10-24,0.96421,2.26116,5197.41,5265.539907867728,68.12990786772843,-68.12990786772843,1500+
TR-046852,Raleigh,New York,484.7,Dry Van,20469.0,2025-10-24,0.97012,1.99629,1037.31,1032.6220223454989,4.687977654501083,4.687977654501083,251-500
TR-046853,Richmond,Bakersfield,2573.2,Dry Van,15781.0,2025-10-24,0.93648,2.42118,4484.15,4687.698214724901,203.5482147249013,-203.5482147249013,1500+
TR-046854,San Antonio,Lexington,1093.0,Dry Van,25513.0,2025-10-24,1.02376,2.18112,2182.45,2229.4173170633685,46.96731706336868,-46.96731706336868,1001-1500
TR-046855,Corpus Christi,Chattanooga,810.9,Flatbed,37487.0,2025-10-24,0.97451,1.68616,1961.82,1925.635916563711,36.18408343628903,36.18408343628903,751-1000
TR-046856,Oklahoma City,St. Louis,792.9,Dry Van,47500.0,2025-10-24,0.98969,1.96156,1764.57,1748.1857350972468,16.384264902753102,16.384264902753102,751-1000
TR-046857,Bakersfield,Dayton,2091.6,Dry Van,15911.0,2025-10-24,1.00343,2.29461,3778.16,3763.899514036301,14.260485963699011,14.260485963699011,1500+
TR-046858,Atlanta,Phoenix,2048.7,Reefer,47500.0,2025-10-24,0.99249,1.97031,4545.43,4483.12496502015,62.30503497985046,62.30503497985046,1500+
TR-046859,Baton Rouge,Syracuse,1429.4,Dry Van,37274.0,2025-10-24,0.97512,2.19928,2828.93,2894.6753178070867,65.74531780708685,-65.74531780708685,1001-1500
TR-046860,San Antonio,Greensboro,1186.7,Dry Van,30780.0,2025-10-24,0.97662,2.04698,2500.76,2449.6782284846868,51.08177151531345,51.08177151531345,1001-1500
TR-046861,Fresno,Baton Rouge,1831.3,Dry Van,27199.0,2025-10-24,1.01751,2.22892,3571.42,3547.1013807962127,24.31861920378742,24.31861920378742,1500+
TR-046862,Indianapolis,Columbia,472.6,Flatbed,45541.0,2025-10-24,0.97756,1.6465,1177.33,1208.772346709913,31.44234670991318,-31.44234670991318,251-500
TR-046863,Montgomery,Toledo,874.8,Flatbed,45890.0,2025-10-24,1.0272,1.81675,2040.47,2016.1198821702058,24.35011782979427,24.35011782979427,751-1000
TR-046864,Oklahoma City,Madison,973.0,Dry Van,33836.0,2025-10-24,0.99184,2.01052,2075.72,2050.81602382707,24.903976172930015,24.903976172930015,751-1000
TR-046865,Harrisburg,San Antonio,1554.5,Reefer,28649.0,2025-10-24,0.97133,1.99883,3351.21,3437.241940490049,86.03194049004878,-86.03194049004878,1500+
TR-046866,Oklahoma City,Baltimore,1746.4,Dry Van,35220.0,2025-10-24,1.02206,2.16812,3446.99,3590.895676861687,143.90567686168743,-143.90567686168743,1500+
TR-046867,Los Angeles,Fresno,444.2,Dry Van,41408.0,2025-10-24,1.02344,1.85642,1019.9,1040.1408990550558,20.24089905505582,-20.24089905505582,251-500
TR-046868,Greensboro,Atlanta,271.9,Flatbed,17292.0,2025-10-24,0.9856,1.60151,691.24,713.4392506021854,22.19925060218543,-22.19925060218543,251-500
TR-046869,Indianapolis,Lexington,293.7,Dry Van,31614.0,2025-10-24,0.97411,1.66879,721.17,718.3182166578845,2.851783342115482,2.851783342115482,251-500
TR-046870,Bakersfield,Dayton,2060.1,Flatbed,40796.0,2025-10-24,0.97305,2.10765,4280.56,4299.75328457356,19.19328457356005,-19.19328457356005,1500+
TR-046871,Phoenix,Lexington,2184.0,Dry Van,37729.0,2025-10-24,0.99297,2.1813,4269.87,4208.9747512951335,60.89524870486639,60.89524870486639,1500+
TR-046872,Fresno,Los Angeles,428.0,Reefer,34539.0,2025-10-24,0.99557,1.49425,1132.72,1110.0602010103087,22.659798989691353,22.659798989691353,251-500
TR-046873,Hartford,Madison,1127.2,Reefer,27059.0,2025-10-24,1.05493,1.90827,2543.19,2494.4300943263506,48.75990567364943,48.75990567364943,1001-1500
TR-046874,Reno,Raleigh,2709.4,Dry Van,32931.0,2025-10-24,1.04367,2.2313,5106.94,5084.606702894324,22.33329710567523,22.33329710567523,1500+
TR-046875,Shreveport,Oklahoma City,440.5,Flatbed,40985.0,2025-10-24,1.01523,1.45076,1206.29,1161.1660396872828,45.123960312717145,45.123960312717145,251-500
TR-046876,San Francisco,Fresno,238.1,Dry Van,41664.0,2025-10-24,0.99024,1.55332,611.2,611.3528095751695,0.1528095751694991,-0.1528095751694991,0-250
TR-046877,Columbia,Baton Rouge,751.4,Flatbed,39440.0,2025-10-24,0.99061,1.78074,1821.59,1798.6585012632693,22.931498736730646,22.931498736730646,751-1000
TR-046878,Greensboro,Buffalo,547.1,Reefer,25479.0,2025-10-24,1.04656,1.64273,1352.69,1298.6232448396004,54.06675516039968,54.06675516039968,501-750
TR-046879,Kansas City,Corpus Christi,918.9,Dry Van,14293.0,2025-10-24,0.97111,2.13225,1817.19,1836.2864210892083,19.096421089208206,-19.096421089208206,751-1000
TR-046880,Lubbock,Los Angeles,1189.4,Dry Van,27149.0,2025-10-24,0.98401,2.13042,2391.6,2449.2884230661953,57.688423066195355,-57.688423066195355,1001-1500
TR-046881,Baltimore,Columbia,747.3,Dry Van,20057.0,2025-10-24,1.03679,2.15741,1508.97,1526.8681305828175,17.89813058281743,-17.89813058281743,501-750
TR-046882,Raleigh,Houston,1230.5,Reefer,14674.0,2025-10-24,1.03527,1.96594,2706.87,2703.4605632692815,3.4094367307184257,3.4094367307184257,1001-1500
TR-046883,Baltimore,Jacksonville,930.8,Dry Van,31537.0,2025-10-24,1.00608,2.06483,1930.36,1912.8732692314227,17.486730768577218,17.486730768577218,751-1000
TR-046884,Greensboro,Jacksonville,366.9,Dry Van,31814.0,2025-10-24,1.01582,1.76076,877.06,846.4901159649681,30.569884035031805,30.569884035031805,251-500
TR-046885,Bakersfield,Amarillo,863.1,Dry Van,22277.0,2025-10-24,0.99993,2.12549,1760.68,1802.1304611644887,41.450461164488615,-41.450461164488615,751-1000
TR-046886,Corpus Christi,Nashville,767.1,Dry Van,25508.0,2025-10-24,0.96843,2.02841,1657.13,1650.4244388091358,6.705561190864273,6.705561190864273,751-1000
TR-046887,Baton Rouge,Reno,1829.7,Dry Van,34794.0,2025-10-24,0.95695,2.24249,3536.49,3615.5988043155726,79.1088043155728,-79.1088043155728,1500+
TR-046888,Richmond,Memphis,848.8,Dry Van,33393.0,2025-10-24,1.00211,1.95507,1843.39,1780.8399959972248,62.55000400277527,62.55000400277527,751-1000
TR-046889,Houston,Raleigh,1176.1,Reefer,34449.0,2025-10-24,0.971,1.70378,2850.6,2761.003715257446,89.59628474255396,89.59628474255396,1001-1500
TR-046890,Atlanta,Syracuse,914.2,Dry Van,25309.0,2025-10-24,0.9942,2.12767,1834.67,1763.7268231570517,70.94317684294833,70.94317684294833,751-1000
TR-046891,Memphis,Albany,1340.7,Dry Van,38430.0,2025-10-24,0.96636,2.20418,2720.09,2653.5716303686486,66.51836963135156,66.51836963135156,1001-1500
TR-046892,Detroit,Tucson,2109.7,Flatbed,26613.0,2025-10-24,0.98785,2.26847,4049.7,4165.682254831055,115.98225483105489,-115.98225483105489,1500+
TR-046893,Salt Lake City,Lubbock,992.6,Flatbed,17991.0,2025-10-25,0.89924,1.98634,2168.46,2216.614322389885,48.15432238988478,-48.15432238988478,751-1000
TR-046894,Greensboro,Birmingham,335.1,Dry Van,47500.0,2025-10-25,0.89973,1.68445,824.89,823.780753628364,1.1092463716360044,1.1092463716360044,251-500
TR-046895,Fresno,Kansas City,1935.0,Dry Van,18501.0,2025-10-25,0.98323,2.31904,3542.49,3668.63385582031,126.14385582031036,-126.14385582031036,1500+
TR-046896,Syracuse,Mobile,1164.2,Flatbed,28384.0,2025-10-25,0.9412,2.06187,2423.51,2547.159616198123,123.64961619812266,-123.64961619812266,1001-1500
TR-046897,Amarillo,Oklahoma City,421.8,Dry Van,40596.0,2025-10-25,0.88372,1.63656,1054.99,1029.8780833046221,25.111916695377886,25.111916695377886,251-500
TR-046898,Little Rock,Tampa,588.4,Flatbed,40184.0,2025-10-25,0.94342,1.59798,1499.88,1463.9893710356291,35.89062896437099,35.89062896437099,501-750
TR-046899,Syracuse,Louisville,817.9,Dry Van,35471.0,2025-10-25,0.88706,2.0804,1700.4,1719.3986022391496,18.998602239149477,-18.998602239149477,751-1000
TR-046900,Nashville,Atlanta,140.3,Dry Van,30385.0,2025-10-25,0.92577,1.39048,394.21,378.4282673754604,15.781732624539586,15.781732624539586,0-250
TR-046901,Toledo,Columbia,628.7,Dry Van,30878.0,2025-10-25,0.94159,1.99877,1338.77,1339.0510205103487,0.2810205103487533,-0.2810205103487533,501-750
TR-046902,Baton Rouge,Dallas,180.4,Dry Van,42854.0,2025-10-25,0.91251,1.32962,519.46,526.5598452709664,7.099845270966398,-7.099845270966398,0-250
TR-046903,Toledo,Dayton,196.8,Flatbed,19740.0,2025-10-25,0.89783,1.54911,506.74,536.6964402995475,29.956440299547467,-29.956440299547467,0-250
TR-046904,Richmond,Los Angeles,2817.6,Dry Van,42686.0,2025-10-25,0.95083,2.2968,5194.25,5319.099342501263,124.84934250126298,-124.84934250126298,1500+
TR-046905,Louisville,Tucson,1752.8,Dry Van,33672.0,2025-10-25,0.90905,2.17642,3421.33,3513.930836169932,92.60083616993188,-92.60083616993188,1500+
TR-046906,Detroit,Montgomery,1042.0,Reefer,24125.0,2025-10-25,0.90664,2.06314,2192.85,2312.7315204999286,119.88152049992868,-119.88152049992868,1001-1500
TR-046907,Boston,Tampa,1476.1,Dry Van,17757.0,2025-10-25,0.86431,2.35123,2772.67,2807.613761275147,34.94376127514715,-34.94376127514715,1001-1500
TR-046908,Tulsa,Oklahoma City,298.7,Flatbed,35362.0,2025-10-25,0.95211,1.25971,858.95,847.4953878449604,11.454612155039626,11.454612155039626,251-500
TR-046909,Baton Rouge,Phoenix,1651.4,Flatbed,25885.0,2025-10-25,0.93597,2.07589,3442.24,3485.126335796635,42.886335796635194,-42.886335796635194,1500+
TR-046910,Phoenix,Dayton,2176.1,Dry Van,30597.0,2025-10-25,0.9188,2.32309,4007.86,4030.842830236963,22.982830236962855,-22.982830236962855,1500+
TR-046911,Montgomery,Tucson,1861.0,Dry Van,27375.0,2025-10-25,0.95212,2.24638,3533.47,3580.481505813107,47.011505813107306,-47.011505813107306,1500+
TR-046912,Baltimore,Las Vegas,2803.2,Dry Van,37938.0,2025-10-25,0.90506,2.37439,5124.21,5336.522394720033,212.3123947200329,-212.3123947200329,1500+
TR-046913,Phoenix,Montgomery,2175.5,Dry Van,22604.0,2025-10-25,0.92552,2.28096,4082.26,3978.254632467975,104.00536753202505,104.00536753202505,1500+
TR-046914,Hartford,Baltimore,135.0,Dry Van,39228.0,2025-10-25,0.88443,1.49744,361.46,357.1750960119091,4.284903988090889,4.284903988090889,0-250
TR-046915,Charleston,Shreveport,864.4,Dry Van,22458.0,2025-10-25,1.0012,2.11482,1753.15,1795.679363455774,42.52936345577382,-42.52936345577382,751-1000
TR-046916,Bakersfield,Salt Lake City,274.4,Flatbed,16602.0,2025-10-25,0.90403,1.66533,193.34,724.6108464009515,531.2708464009514,-531.2708464009514,251-500
TR-046917,Cincinnati,Baton Rouge,664.1,Dry Van,42153.0,2025-10-25,0.90313,1.89309,1519.81,1421.429982799615,98.38001720038505,98.38001720038505,501-750
TR-046918,Baton Rouge,Buffalo,1259.0,Dry Van,41032.0,2025-10-25,0.88997,2.06825,2580.8,2583.108078395962,2.3080783959617293,-2.3080783959617293,1001-1500
TR-046919,Green Bay,Los Angeles,2206.8,Dry Van,42884.0,2025-10-25,0.96205,2.24625,4092.76,4270.219949433903,177.4599494339027,-177.4599494339027,1500+
TR-046920,Lubbock,Atlanta,997.6,Dry Van,38650.0,2025-10-25,0.87758,1.98835,2131.5,2141.5530472729274,10.053047272927415,-10.053047272927415,751-1000
TR-046921,Los Angeles,Lexington,2233.8,Dry Van,17870.0,2025-10-25,0.92202,2.39099,3939.01,4054.4504365080247,115.4404365080245,-115.4404365080245,1500+
TR-046922,Kansas City,Lubbock,962.3,Reefer,23991.0,2025-10-25,0.91689,1.7533,2286.05,2177.6243794906695,108.42562050933066,108.42562050933066,751-1000
TR-046923,Providence,Raleigh,566.4,Dry Van,26340.0,2025-10-25,0.89334,1.9861,1223.1,1198.5642512308793,24.535748769120573,24.535748769120573,501-750
TR-046924,Philadelphia,Nashville,1054.3,Dry Van,18716.0,2025-10-25,0.93718,2.24919,2033.55,2100.834730837925,67.28473083792483,-67.28473083792483,1001-1500
TR-046925,Savannah,New York,762.6,Dry Van,28751.0,2025-10-25,0.91095,2.17963,1547.7,1582.6595969739656,34.95959697396552,-34.95959697396552,751-1000
TR-046926,Providence,Tampa,1334.9,Flatbed,26592.0,2025-10-25,0.90089,2.07755,2775.97,2779.690274898076,3.720274898076241,-3.720274898076241,1001-1500
TR-046927,Hartford,Nashville,1090.4,Flatbed,27641.0,2025-10-25,0.85728,2.12334,2267.05,2367.963972006404,100.91397200640404,-100.91397200640404,1001-1500
TR-046928,Green Bay,Providence,1239.7,Dry Van,26525.0,2025-10-25,0.94248,2.32275,2285.95,2448.315890423396,162.3658904233962,-162.3658904233962,1001-1500
TR-046929,New Orleans,Fort Wayne,832.9,Flatbed,32790.0,2025-10-25,0.93972,1.84492,1934.56,1911.971009852188,22.588990147811955,22.588990147811955,751-1000
TR-046930,Buffalo,Hartford,437.4,Dry Van,34797.0,2025-10-25,0.94214,1.93387,960.9,991.5407425075085,30.64074250750855,-30.64074250750855,251-500
TR-046931,Shreveport,Albany,1603.0,Reefer,14734.0,2025-10-25,0.92157,2.03476,3321.85,3386.453325785691,64.60332578569114,-64.60332578569114,1500+
TR-046932,Richmond,Little Rock,1041.5,Dry Van,30855.0,2025-10-25,0.90893,2.11782,2138.88,2130.8291112625716,8.050888737428522,8.050888737428522,1001-1500
TR-046933,Columbia,Providence,950.2,Reefer,16807.0,2025-10-25,0.89798,1.9554,2064.59,2131.1633160775577,66.57331607755759,-66.57331607755759,751-1000
TR-046934,Los Angeles,Harrisburg,2677.0,Flatbed,23539.0,2025-10-25,0.86364,2.23476,5088.39,5078.282213064068,10.107786935932381,10.107786935932381,1500+
TR-046935,Grand Rapids,Buffalo,490.7,Reefer,25632.0,2025-10-25,0.87835,1.83953,1120.58,1142.6567918187668,22.07679181876688,-22.07679181876688,251-500
TR-046936,Mobile,Phoenix,1906.2,Dry Van,38913.0,2025-10-25,0.90393,2.12483,3792.49,3842.550786574876,50.06078657487615,-50.06078657487615,1500+
TR-046937,San Antonio,Tucson,1071.4,Dry Van,46869.0,2025-10-25,0.92175,1.91071,2333.64,2335.9002562059386,2.260256205938731,-2.260256205938731,1001-1500
TR-046938,New York,Detroit,701.2,Reefer,20951.0,2025-10-25,0.91663,2.02553,1505.32,1541.4681539469073,36.148153946907314,-36.148153946907314,501-750
TR-046939,Corpus Christi,Green Bay,1390.1,Flatbed,28485.0,2025-10-25,0.84552,1.99829,2956.38,2929.0684472771272,27.311552722872875,27.311552722872875,1001-1500
TR-046940,Tampa,San Antonio,802.6,Dry Van,29205.0,2025-10-25,0.89122,1.99721,1714.9,1739.8165407965946,24.916540796594518,-24.916540796594518,751-1000
TR-046941,Tucson,Dayton,1980.9,Flatbed,36403.0,2025-10-25,0.92021,2.05531,4096.18,4231.630979131296,135.45097913129575,-135.45097913129575,1500+
TR-046942,St. Louis,Corpus Christi,905.0,Dry Van,44767.0,2025-10-25,0.94055,1.95033,1983.74,1926.1918164615397,57.54818353846031,57.54818353846031,751-1000
TR-046943,Madison,Albuquerque,1371.7,Flatbed,47500.0,2025-10-25,0.89622,1.9494,3072.03,3032.0614105798118,39.96858942018844,39.96858942018844,1001-1500
TR-046944,Grand Rapids,Green Bay,116.1,Reefer,31632.0,2025-10-25,0.87281,1.11353,353.74,369.10484388594847,15.36484388594846,-15.36484388594846,0-250
TR-046945,Fresno,Atlanta,2179.5,Dry Van,25999.0,2025-10-25,0.9157,2.33976,4059.09,3978.8508300919743,80.23916990802581,80.23916990802581,1500+
TR-046946,Atlanta,Jacksonville,265.5,Dry Van,42657.0,2025-10-25,0.92235,1.60246,680.55,685.8125926893748,5.262592689374856,-5.262592689374856,251-500
TR-046947,Mobile,Little Rock,333.4,Dry Van,35918.0,2025-10-25,0.90576,1.51875,887.53,845.9010158777347,41.62898412226525,41.62898412226525,251-500
TR-046948,Shreveport,Houston,232.3,Reefer,47325.0,2025-10-25,0.87574,1.08525,714.42,692.4435603963522,21.976439603647805,21.976439603647805,0-250
TR-046949,Madison,Shreveport,776.1,Dry Van,40601.0,2025-10-25,0.95105,2.01343,1673.57,1676.9328705436878,3.3628705436879045,-3.3628705436879045,751-1000
TR-046950,Baton Rouge,Tulsa,303.0,Dry Van,21412.0,2025-10-25,1.0558,1.65675,751.87,752.859430866736,0.9894308667360292,-0.9894308667360292,251-500
TR-046951,Shreveport,Columbia,652.4,Dry Van,35651.0,2025-10-25,0.89362,1.82154,1492.31,1411.4025700608777,80.90742993912227,80.90742993912227,501-750
TR-046952,Atlanta,Charleston,466.5,Dry Van,31471.0,2025-10-25,0.88724,1.8701,1059.77,1065.1572417815003,5.387241781500279,-5.387241781500279,251-500
TR-046953,Boston,Raleigh,626.3,Dry Van,33217.0,2025-10-25,0.85719,1.89801,1370.51,1353.7793427523673,16.730657247632735,16.730657247632735,501-750
TR-046954,Atlanta,San Antonio,949.5,Reefer,31112.0,2025-10-25,0.88019,1.77799,2252.81,2289.191344554263,36.38134455426325,-36.38134455426325,751-1000
TR-046955,Mobile,New York,1148.7,Dry Van,18756.0,2025-10-25,0.92513,2.24512,2196.46,2320.6395373386786,124.17953733867853,-124.17953733867853,1001-1500
TR-046956,Phoenix,Albany,3117.1,Reefer,40188.0,2025-10-25,0.92855,2.07062,6393.87,6355.705568912192,38.164431087808225,38.164431087808225,1500+
TR-046957,Richmond,Fort Wayne,612.6,Dry Van,35698.0,2025-10-25,0.86584,2.03998,1279.85,1331.0610209718875,51.21102097188759,-51.21102097188759,501-750
TR-046958,Albuquerque,Greensboro,1738.1,Dry Van,24371.0,2025-10-25,0.91885,2.29987,3198.68,3356.8723447019242,158.1923447019244,-158.1923447019244,1500+
TR-046959,Albany,Mobile,1509.1,Dry Van,28445.0,2025-10-25,0.92197,2.26045,2844.94,2932.3809559570586,87.44095595705858,-87.44095595705858,1500+
TR-046960,Mobile,Baltimore,1152.9,Reefer,14658.0,2025-10-25,0.9474,1.97757,2515.87,2580.3419376268844,64.47193762688448,-64.47193762688448,1001-1500
TR-046961,Hartford,Kansas City,1179.4,Reefer,33227.0,2025-10-25,0.91627,1.93126,2616.17,2668.022596788171,51.85259678817101,-51.85259678817101,1001-1500
TR-046962,Madison,Baton Rouge,947.3,Reefer,29536.0,2025-10-25,0.88194,1.81228,2227.13,2177.303360651557,49.82663934844322,49.82663934844322,751-1000
TR-046963,Harrisburg,Fresno,2786.4,Flatbed,27867.0,2025-10-25,0.90067,2.26147,5362.45,5319.898766597408,42.551233402591606,42.551233402591606,1500+
TR-046964,Philadelphia,Greensboro,689.3,Dry Van,25362.0,2025-10-25,0.96195,2.12439,1397.89,1403.4467267824514,5.556726782451278,-5.556726782451278,501-750
TR-046965,Greensboro,Raleigh,356.6,Flatbed,26533.0,2025-10-25,0.89172,1.71505,876.75,878.2424733596174,1.4924733596174065,-1.4924733596174065,251-500
TR-046966,Buffalo,Baton Rouge,1282.4,Reefer,26276.0,2025-10-25,0.95939,1.91386,2865.13,2780.9191008939956,84.21089910600449,84.21089910600449,1001-1500
TR-046967,Columbia,Albuquerque,1747.6,Dry Van,20985.0,2025-10-25,0.92874,2.30206,3264.18,3339.098544263217,74.91854426321697,-74.91854426321697,1500+
TR-046968,Greensboro,Tucson,2118.9,Dry Van,22620.0,2025-10-25,0.89913,2.34819,3843.33,3824.491412234458,18.838587765541888,18.838587765541888,1500+
TR-046969,Mobile,Raleigh,807.3,Flatbed,33547.0,2025-10-25,0.95247,1.84026,1834.44,1862.610911506314,28.17091150631404,-28.17091150631404,751-1000
TR-046970,Oklahoma City,Mobile,741.1,Dry Van,31591.0,2025-10-25,0.89967,1.92744,1668.77,1596.7786238717972,71.99137612820277,71.99137612820277,501-750
TR-046971,Albuquerque,San Antonio,916.0,Dry Van,24795.0,2025-10-25,0.92114,2.07935,1873.64,1858.291899927373,15.348100072627176,15.348100072627176,751-1000
TR-046972,Fort Wayne,Hartford,855.9,Reefer,25289.0,2025-10-25,0.93142,1.88198,1896.67,1928.5495989506028,31.879598950602713,-31.879598950602713,751-1000
TR-046973,New Orleans,Hartford,1427.0,Dry Van,36817.0,2025-10-25,0.89393,2.14068,2854.8,2870.8259990899255,16.025999089925335,-16.025999089925335,1001-1500
TR-046974,Oklahoma City,Lexington,984.2,Reefer,30168.0,2025-10-25,0.92702,1.73855,2317.04,2281.903447348294,35.1365526517061,35.1365526517061,751-1000
TR-046975,Little Rock,Madison,623.2,Dry Van,17164.0,2025-10-25,0.8673,2.00674,1347.61,1318.7413314468174,28.868668553182488,28.868668553182488,501-750
TR-046976,Green Bay,Shreveport,976.5,Dry Van,31186.0,2025-10-25,0.88812,2.11757,2020.36,2018.618371457137,1.741628542862827,1.741628542862827,751-1000
TR-046977,El Paso,Albany,2618.5,Reefer,38411.0,2025-10-25,0.93625,2.06874,5504.73,5578.6212426827005,73.89124268270098,-73.89124268270098,1500+
TR-046978,Nashville,Mobile,294.5,Dry Van,33921.0,2025-10-25,0.90607,1.71701,729.69,745.6351574837634,15.945157483763296,-15.945157483763296,251-500
TR-046979,Chattanooga,Nashville,85.5,Reefer,38757.0,2025-10-25,0.90652,0.79974,287.65,291.5444567425114,3.8944567425114087,-3.8944567425114087,0-250
TR-046980,San Francisco,Green Bay,2242.7,Reefer,20592.0,2025-10-25,0.88228,2.00185,1955.15,4337.043949459215,2381.8939494592146,-2381.8939494592146,1500+
TR-046981,Louisville,Lubbock,1045.6,Dry Van,41308.0,2025-10-25,0.85972,2.05479,2232.83,2285.0961397667165,52.266139766716606,-52.266139766716606,1001-1500
TR-046982,Tampa,Reno,2308.4,Reefer,28484.0,2025-10-25,0.91624,2.11143,4704.57,4763.055843682554,58.48584368255433,-58.48584368255433,1500+
TR-046983,Greensboro,Nashville,373.0,Dry Van,33799.0,2025-10-25,0.90665,1.82167,882.19,862.4949612506115,19.695038749388573,19.695038749388573,251-500
TR-046984,Albany,Boston,418.2,Dry Van,32478.0,2025-10-25,0.88268,1.96171,927.8,940.6113410592656,12.811341059265601,-12.811341059265601,251-500
TR-046985,Harrisburg,Albany,572.2,Dry Van,33840.0,2025-10-25,0.92436,1.97154,1228.72,1238.884732035067,10.16473203506689,-10.16473203506689,501-750
TR-046986,Fort Wayne,Amarillo,1379.7,Reefer,24354.0,2025-10-25,0.92471,1.98452,2975.48,2981.058593335782,5.578593335781989,-5.578593335781989,1001-1500
TR-046987,Fresno,San Antonio,1496.1,Dry Van,45898.0,2025-10-25,0.88979,2.0371,3145.82,3056.47071243768,89.34928756232011,89.34928756232011,1001-1500
TR-046988,Syracuse,Memphis,1008.6,Dry Van,37648.0,2025-10-25,0.88769,2.07937,2111.77,2076.73047002855,35.039529971450065,35.039529971450065,1001-1500
TR-046989,Houston,Little Rock,364.9,Reefer,24809.0,2025-10-25,0.92585,1.39793,999.58,946.8134634874413,52.76653651255879,52.76653651255879,251-500
TR-046990,Richmond,Tucson,2396.6,Dry Van,44352.0,2025-10-25,0.88113,2.26827,4468.02,4697.436669448027,229.41666944802637,-229.41666944802637,1500+
TR-046991,Toledo,Oklahoma City,1226.0,Reefer,35692.0,2025-10-25,0.90957,1.82516,2834.71,2836.0411457210266,1.3311457210265871,-1.3311457210265871,1001-1500
TR-046992,Milwaukee,Bakersfield,1863.3,Flatbed,22469.0,2025-10-25,0.92741,2.21325,3645.57,3705.9756971390434,60.40569713904324,-60.40569713904324,1500+
TR-046993,San Antonio,Milwaukee,1054.6,Dry Van,29944.0,2025-10-25,0.92099,2.08204,2165.8,2200.8369996826277,35.03699968262754,-35.03699968262754,1001-1500
TR-046994,Lubbock,Jacksonville,1074.2,Dry Van,26281.0,2025-10-25,0.89145,2.03911,2232.43,2193.4854802894756,38.94451971052422,38.94451971052422,1001-1500
TR-046995,Baton Rouge,El Paso,1262.3,Dry Van,30670.0,2025-10-25,0.95213,2.11701,2607.9,2595.478996008833,12.421003991167254,12.421003991167254,1001-1500
TR-046996,Grand Rapids,Lexington,558.8,Dry Van,22853.0,2025-10-25,0.89522,2.06732,1177.69,1156.6300585845202,21.059941415479898,21.059941415479898,501-750
TR-046997,Buffalo,Philadelphia,397.4,Dry Van,44337.0,2025-10-25,0.94567,1.8792,908.07,905.8658769891604,2.2041230108396803,2.2041230108396803,251-500
TR-046998,Philadelphia,Atlanta,947.8,Reefer,32544.0,2025-10-25,0.92999,1.88451,2156.17,2156.197919850513,0.02791985051271695,-0.02791985051271695,751-1000
TR-046999,Memphis,Milwaukee,337.0,Dry Van,20502.0,2025-10-25,0.88587,1.80879,768.23,769.2557944444463,1.0257944444463192,-1.0257944444463192,251-500
TR-047000,Detroit,Milwaukee,444.1,Dry Van,35492.0,2025-10-25,0.93897,1.88064,1000.2,1016.8792029375716,16.679202937571517,-16.679202937571517,251-500
TR-047001,Lubbock,Nashville,907.2,Dry Van,47500.0,2025-10-25,0.90645,1.90811,2022.55,1944.4762724659265,78.07372753407344,78.07372753407344,751-1000
TR-047002,Cincinnati,Memphis,223.4,Dry Van,26230.0,2025-10-25,0.92,1.63109,232.16,557.6539529654714,325.4939529654714,-325.4939529654714,0-250
TR-047003,Memphis,Charleston,676.9,Reefer,34913.0,2025-10-25,0.89125,1.61095,1712.44,1627.892082042447,84.54791795755295,84.54791795755295,501-750
TR-047004,Houston,Amarillo,691.7,Dry Van,44929.0,2025-10-25,0.89803,1.79792,1638.62,1558.970795996807,79.64920400319284,79.64920400319284,501-750
TR-047005,Tucson,Albany,2789.2,Flatbed,42904.0,2025-10-25,0.92792,2.1137,5783.94,5722.023904672839,61.91609532716029,61.91609532716029,1500+
TR-047006,Bakersfield,Montgomery,2065.3,Reefer,26323.0,2025-10-25,0.87944,2.04089,4325.87,4210.737744934144,115.13225506585604,115.13225506585604,1500+
TR-047007,Birmingham,Reno,2147.4,Flatbed,14076.0,2025-10-25,0.95855,2.19871,4102.43,4108.932218898652,6.502218898651336,-6.502218898651336,1500+
TR-047008,Shreveport,Grand Rapids,964.5,Flatbed,30324.0,2025-10-25,0.87977,1.99244,2084.15,2124.4742390310357,40.32423903103563,-40.32423903103563,751-1000
TR-047009,Toledo,Providence,1017.3,Dry Van,35466.0,2025-10-25,0.94259,2.11726,2062.62,2068.1637357861705,5.5437357861706005,-5.5437357861706005,1001-1500
TR-047010,Mobile,Kansas City,648.9,Flatbed,30001.0,2025-10-25,0.91381,1.79275,1514.16,1493.0472519264013,21.112748073598823,21.112748073598823,501-750
TR-047011,Tucson,Harrisburg,2426.3,Dry Van,32409.0,2025-10-25,0.91435,2.29448,4488.55,4566.52634495121,77.9763449512102,-77.9763449512102,1500+
TR-047012,Montgomery,Phoenix,2084.1,Flatbed,35022.0,2025-10-25,0.88701,1.98966,4502.22,4315.299069848624,186.92093015137652,186.92093015137652,1500+
TR-047013,Dayton,Harrisburg,493.4,Reefer,28788.0,2025-10-25,0.89309,1.81376,1148.13,1158.1825628750626,10.05256287506245,-10.05256287506245,251-500
TR-047014,Lubbock,New Orleans,557.8,Reefer,43391.0,2025-10-25,0.9006,1.41561,1550.93,1450.4781695572458,100.45183044275427,100.45183044275427,501-750
TR-047015,Milwaukee,Cincinnati,242.0,Dry Van,39235.0,2025-10-25,0.90212,1.59354,621.03,626.3362030006016,5.306203000601613,-5.306203000601613,0-250
TR-047016,Harrisburg,Chattanooga,704.1,Reefer,25198.0,2025-10-25,0.88329,1.85983,1630.48,1588.4024913018543,42.07750869814572,42.07750869814572,501-750
TR-047017,Greensboro,Lexington,194.9,Dry Van,28675.0,2025-10-25,0.92703,1.60309,503.56,513.2134695430839,9.653469543083872,-9.653469543083872,0-250
TR-047018,Corpus Christi,Hartford,1798.4,Flatbed,45251.0,2025-10-25,0.94423,1.99698,3910.78,3975.043771702117,64.26377170211663,-64.26377170211663,1500+
TR-047019,Bakersfield,Kansas City,1758.7,Dry Van,33508.0,2025-10-25,0.91326,2.26713,3313.8,3479.573830947424,165.7738309474239,-165.7738309474239,1500+
TR-047020,Atlanta,Mobile,301.8,Dry Van,16447.0,2025-10-25,0.88087,1.8372,705.41,722.2363532468555,16.826353246855547,-16.826353246855547,251-500
TR-047021,Nashville,Phoenix,1965.1,Dry Van,33226.0,2025-10-25,0.87934,2.2023,3831.16,3859.0215952797666,27.86159527976679,-27.86159527976679,1500+
TR-047022,Tucson,Fort Wayne,1945.9,Dry Van,30024.0,2025-10-25,0.89984,2.27294,3677.44,3741.0073084055084,63.567308405508356,-63.567308405508356,1500+
TR-047023,Phoenix,Baton Rouge,1611.8,Dry Van,36990.0,2025-10-25,0.88124,2.10423,3306.69,3315.2520365964792,8.562036596479174,-8.562036596479174,1500+
TR-047024,New York,Raleigh,462.7,Flatbed,31920.0,2025-10-25,0.95546,1.7937,1086.2,1109.2757194309024,23.07571943090238,-23.07571943090238,251-500
TR-047025,Memphis,Lexington,337.2,Dry Van,35506.0,2025-10-25,0.91532,1.7633,809.72,815.0371292776866,5.317129277686604,-5.317129277686604,251-500
TR-047026,Baton Rouge,Amarillo,825.7,Dry Van,47318.0,2025-10-25,0.89115,1.93547,1850.22,1829.4201500864017,20.799849913598337,20.799849913598337,751-1000
TR-047027,Albuquerque,Greensboro,1735.7,Flatbed,41692.0,2025-10-25,0.89609,2.10613,3629.01,3809.8219512170635,180.81195121706332,-180.81195121706332,1500+
TR-047028,Buffalo,Memphis,850.3,Dry Van,35054.0,2025-10-25,0.95818,2.05693,1753.44,1765.3427865704182,11.90278657041813,-11.90278657041813,751-1000
TR-047029,Amarillo,New York,2076.0,Reefer,26676.0,2025-10-25,0.90413,2.11633,4322.72,4221.430140812462,101.28985918753824,101.28985918753824,1500+
TR-047030,Cincinnati,Austin,1090.2,Reefer,28489.0,2025-10-25,0.94052,1.75222,2545.72,2550.7353745312007,5.015374531200905,-5.015374531200905,1001-1500
TR-047031,Grand Rapids,Savannah,851.3,Flatbed,20028.0,2025-10-25,0.91584,1.99716,1831.3,1831.208699613725,0.09130038627495196,0.09130038627495196,751-1000
TR-047032,Charleston,Oklahoma City,1296.4,Dry Van,19332.0,2025-10-25,0.90813,2.19391,2527.94,2543.87769792966,15.937697929659862,-15.937697929659862,1001-1500
TR-047033,Shreveport,El Paso,1241.6,Flatbed,31876.0,2025-10-25,0.93787,1.91517,2811.06,2800.8280346001984,10.231965399801538,10.231965399801538,1001-1500
TR-047034,Madison,New York,1013.5,Dry Van,37677.0,2025-10-25,0.91284,2.08254,2014.89,2075.7680623342303,60.87806233423021,-60.87806233423021,1001-1500
TR-047035,Shreveport,El Paso,1218.5,Reefer,17087.0,2025-10-25,0.88652,1.87634,2753.01,2683.583836107696,69.42616389230443,69.42616389230443,1001-1500
TR-047036,Philadelphia,Boston,233.1,Reefer,30253.0,2025-10-25,0.89972,1.35565,638.47,607.0020277012826,31.467972298717427,31.467972298717427,0-250
TR-047037,Toledo,Hartford,778.2,Dry Van,36528.0,2025-10-25,0.90209,2.1359,1552.97,1621.599123067137,68.62912306713702,-68.62912306713702,751-1000
TR-047038,Kansas City,El Paso,1362.5,Flatbed,20559.0,2025-10-25,0.88,2.01581,2860.54,2838.66854608273,21.871453917270173,21.871453917270173,1001-1500
TR-047039,Little Rock,Atlanta,405.0,Dry Van,34886.0,2025-10-25,0.90695,1.66923,1000.42,965.7811956896719,34.638804310328055,34.638804310328055,251-500
TR-047040,Los Angeles,Salt Lake City,591.9,Reefer,31721.0,2025-10-25,0.89083,1.67736,1423.75,1493.0459181369242,69.29591813692423,-69.29591813692423,501-750
TR-047041,Birmingham,Montgomery,204.0,Flatbed,31496.0,2025-10-25,0.86502,1.4498,550.15,600.1815216346156,50.031521634615615,-50.031521634615615,0-250
TR-047042,Birmingham,Tucson,1856.4,Dry Van,32475.0,2025-10-25,0.90033,2.23949,3613.02,3635.211301592992,22.191301592992204,-22.191301592992204,1500+
TR-047043,Lubbock,Hartford,2010.2,Dry Van,44987.0,2025-10-25,0.87512,2.14877,3992.29,3989.6393859722675,2.650614027732445,2.650614027732445,1500+
TR-047044,Milwaukee,Grand Rapids,352.5,Dry Van,31232.0,2025-10-25,0.92567,1.83576,820.69,812.3742276132185,8.315772386781532,8.315772386781532,251-500
TR-047045,Toledo,Washington,542.6,Dry Van,35128.0,2025-10-25,0.89171,2.04893,1142.57,1181.4052350647994,38.83523506479946,-38.83523506479946,501-750
TR-047046,Oklahoma City,Mobile,708.9,Dry Van,29100.0,2025-10-25,0.87676,1.91482,1583.21,1512.3258522821968,70.88414771780322,70.88414771780322,501-750
TR-047047,Jacksonville,Nashville,368.1,Dry Van,34687.0,2025-10-25,0.90183,1.72261,904.35,886.9887079859599,17.361292014040146,17.361292014040146,251-500
TR-047048,Columbia,Montgomery,354.2,Dry Van,29504.0,2025-10-25,0.92209,1.73202,856.49,834.9411399063061,21.54886009369386,21.54886009369386,251-500
TR-047049,Amarillo,Syracuse,1878.6,Dry Van,29883.0,2025-10-25,0.88415,2.26425,3438.35,3647.049679317922,208.6996793179219,-208.6996793179219,1500+
TR-047050,Hartford,Syracuse,394.7,Reefer,39161.0,2025-10-25,0.91918,1.6251,999.99,989.3233037062533,10.666696293746668,10.666696293746668,251-500
TR-047051,Buffalo,Salt Lake City,2191.9,Reefer,25195.0,2025-10-25,0.9085,2.18091,4391.4,4469.263219893431,77.86321989343105,-77.86321989343105,1500+
TR-047052,Mobile,Fort Wayne,779.2,Dry Van,38495.0,2025-10-25,0.92066,1.93251,1713.46,1660.9467158481177,52.51328415188232,52.51328415188232,751-1000
TR-047053,Reno,Harrisburg,2490.5,Reefer,29256.0,2025-10-25,0.9038,2.21721,4830.23,4988.417060708485,158.18706070848566,-158.18706070848566,1500+
TR-047054,Milwaukee,Phoenix,2047.0,Dry Van,22221.0,2025-10-25,0.91483,2.27808,3839.87,3689.21849530558,150.65150469442005,150.65150469442005,1500+
TR-047055,Philadelphia,Boston,242.7,Dry Van,14704.0,2025-10-25,0.92473,1.79045,562.6,576.5113494076082,13.911349407608213,-13.911349407608213,0-250
TR-047056,Hartford,Cincinnati,983.1,Dry Van,21936.0,2025-10-25,0.96416,2.16575,1876.18,1927.1556975219348,50.97569752193476,-50.97569752193476,751-1000
TR-047057,Harrisburg,Dayton,489.2,Dry Van,47392.0,2025-10-26,0.8429,1.90862,1075.78,1086.9822407247298,11.20224072472979,-11.20224072472979,251-500
TR-047058,Fort Wayne,Grand Rapids,196.8,Flatbed,14951.0,2025-10-26,0.79926,1.86655,467.14,536.4242848955796,69.28428489557962,-69.28428489557962,0-250
TR-047059,Jacksonville,Amarillo,1359.3,Dry Van,21833.0,2025-10-26,0.86514,2.18878,2669.92,2692.352171876076,22.432171876076154,-22.432171876076154,1001-1500
TR-047060,Richmond,Baton Rouge,1188.2,Reefer,31947.0,2025-10-26,0.8493,1.91347,2629.73,2740.398808668998,110.66880866899783,-110.66880866899783,1001-1500
TR-047061,Corpus Christi,Phoenix,1414.2,Dry Van,28062.0,2025-10-26,0.8036,2.26235,2729.68,2847.671646837203,117.991646837203,-117.991646837203,1001-1500
TR-047062,Oklahoma City,Phoenix,1218.8,Reefer,30377.0,2025-10-26,0.85603,1.85179,2785.11,2810.715319032083,25.60531903208266,-25.60531903208266,1001-1500
TR-047063,Grand Rapids,Hartford,914.5,Reefer,15751.0,2025-10-26,0.85437,2.09212,1877.18,1969.5480820911537,92.36808209115361,-92.36808209115361,751-1000
TR-047064,Charleston,Baltimore,576.1,Dry Van,23771.0,2025-10-26,0.87463,2.06229,1208.17,1223.6433022070098,15.473302207009738,-15.473302207009738,501-750
TR-047065,Shreveport,New York,1320.9,Dry Van,22988.0,2025-10-26,0.86113,2.20849,2493.38,2532.152583797857,38.772583797856896,-38.772583797856896,1001-1500
TR-047066,Atlanta,San Antonio,958.0,Flatbed,30138.0,2025-10-26,0.81601,1.92606,2134.04,2203.429587837536,69.38958783753606,-69.38958783753606,751-1000
TR-047067,San Francisco,Albany,3190.3,Reefer,23124.0,2025-10-26,0.85411,2.31936,5961.73,5918.688252872214,43.04174712778513,43.04174712778513,1500+
TR-047068,Lexington,Kansas City,449.8,Dry Van,34861.0,2025-10-26,0.83597,1.80386,1043.04,1022.3762425295795,20.663757470420478,20.663757470420478,251-500
TR-047069,Cincinnati,Syracuse,785.3,Dry Van,32719.0,2025-10-26,0.88726,2.14681,1604.57,1635.5461908624882,30.976190862488238,-30.976190862488238,751-1000
TR-047070,Shreveport,Richmond,1117.5,Dry Van,17903.0,2025-10-26,0.81592,2.17153,2177.93,2221.5148770215014,43.5848770215016,-43.5848770215016,1001-1500
TR-047071,Amarillo,Dayton,1337.6,Dry Van,34318.0,2025-10-26,0.84864,2.08659,2723.05,2635.2630308048956,87.78696919510458,87.78696919510458,1001-1500
TR-047072,Richmond,New Orleans,1142.7,Dry Van,42354.0,2025-10-26,0.83943,2.12831,2322.67,2379.941678237746,57.27167823774607,-57.27167823774607,1001-1500
TR-047073,Baltimore,Philadelphia,99.6,Reefer,38997.0,2025-10-26,0.85799,0.98696,316.19,323.83158801544806,7.641588015448065,-7.641588015448065,0-250
TR-047074,Columbia,Syracuse,782.5,Dry Van,26508.0,2025-10-26,0.83326,2.20995,1538.13,1566.027862727539,27.89786272753895,-27.89786272753895,751-1000
TR-047075,Boston,Columbia,959.3,Reefer,32888.0,2025-10-26,0.89399,1.86327,2218.04,2212.2226876993714,5.8173123006286005,5.8173123006286005,751-1000
TR-047076,Toledo,Providence,989.1,Flatbed,30808.0,2025-10-26,0.86462,1.93442,2165.46,2208.208099912092,42.74809991209213,-42.74809991209213,751-1000
TR-047077,Lexington,Fort Wayne,363.0,Dry Van,17917.0,2025-10-26,0.83786,1.95187,796.48,790.7670789682513,5.712921031748692,5.712921031748692,251-500
TR-047078,Nashville,Kansas City,407.8,Flatbed,47500.0,2025-10-26,0.85174,1.59811,1035.14,1068.7023314875094,33.562331487509255,-33.562331487509255,251-500
TR-047079,Charleston,Albuquerque,1934.6,Reefer,39785.0,2025-10-26,0.8824,1.91397,4339.62,4393.762605031501,54.14260503150126,-54.14260503150126,1500+
TR-047080,Harrisburg,Dayton,475.5,Reefer,38423.0,2025-10-26,0.85949,1.59369,1204.52,1203.4625203364815,1.0574796635185066,1.0574796635185066,251-500
TR-047081,Fort Wayne,Syracuse,569.8,Dry Van,47500.0,2025-10-26,0.80092,2.0166,1202.43,1217.0634255187604,14.633425518760305,-14.633425518760305,501-750
TR-047082,Las Vegas,Jacksonville,2121.7,Reefer,31233.0,2025-10-26,0.86524,1.96486,4601.72,4385.928930026207,215.79106997379313,215.79106997379313,1500+
TR-047083,Albuquerque,Memphis,1355.5,Reefer,32632.0,2025-10-26,0.8529,1.87712,3094.01,3056.3652652739106,37.64473472608961,37.64473472608961,1001-1500
TR-047084,St. Louis,Phoenix,1865.1,Dry Van,28423.0,2025-10-26,0.84201,2.26079,3508.16,3537.04946796058,28.889467960580077,-28.889467960580077,1500+
TR-047085,Baton Rouge,Nashville,497.2,Dry Van,32962.0,2025-10-26,1.0558,1.7811,1173.87,1176.1253880507518,2.2553880507518898,-2.2553880507518898,251-500
TR-047086,Mobile,Albany,1470.0,Flatbed,31593.0,2025-10-26,0.82484,2.07092,2992.98,3153.6375064495564,160.65750644955642,-160.65750644955642,1001-1500
TR-047087,Baltimore,Albany,489.3,Reefer,36718.0,2025-10-26,0.8883,1.68232,1221.18,1220.093952648884,1.0860473511161217,1.0860473511161217,251-500
TR-047088,Indianapolis,Bakersfield,1814.6,Dry Van,29733.0,2025-10-26,0.85678,2.34809,3365.79,3539.5680131049394,173.77801310493942,-173.77801310493942,1500+
TR-047089,Dallas,Austin,423.9,Dry Van,29065.0,2025-10-26,0.81281,1.79358,999.35,1005.5966776889663,6.246677688966315,-6.246677688966315,251-500
TR-047090,Columbia,Chattanooga,297.2,Dry Van,34046.0,2025-10-26,0.78676,1.73628,716.5,734.5062762093507,18.006276209350744,-18.006276209350744,251-500
TR-047091,Greensboro,El Paso,1824.0,Dry Van,25051.0,2025-10-26,0.84921,2.29046,3386.88,3461.3527201062607,74.47272010626057,-74.47272010626057,1500+
TR-047092,Charleston,Salt Lake City,2211.8,Reefer,26227.0,2025-10-26,0.8743,2.10081,4523.93,4555.610516933116,31.68051693311554,-31.68051693311554,1500+
TR-047093,Toledo,Little Rock,770.8,Dry Van,30953.0,2025-10-26,0.82292,2.02983,1609.02,1637.5873564358828,28.567356435882857,-28.567356435882857,751-1000
TR-047094,Grand Rapids,Richmond,736.1,Flatbed,37986.0,2025-10-26,0.82753,1.8984,1624.53,1625.6948726734136,1.1648726734135835,-1.1648726734135835,501-750
TR-047095,Louisville,Montgomery,514.8,Flatbed,33575.0,2025-10-26,0.88503,1.55819,1310.28,1247.725154187489,62.554845812511076,62.554845812511076,501-750
TR-047096,Philadelphia,Boston,242.6,Dry Van,29777.0,2025-10-26,0.87021,1.76893,576.36,594.8285624061783,18.468562406178307,-18.468562406178307,0-250
TR-047097,Fort Wayne,Reno,2007.8,Dry Van,32392.0,2025-10-26,0.8699,2.32159,3738.72,3841.9738155959394,103.25381559593961,-103.25381559593961,1500+
TR-047098,Memphis,Houston,538.0,Dry Van,23571.0,2025-10-26,0.8632,1.90547,1184.51,1198.5504121611466,14.040412161146605,-14.040412161146605,501-750
TR-047099,Dayton,Greensboro,387.2,Dry Van,38908.0,2025-10-26,0.85428,1.82202,903.88,899.9112321508924,3.9687678491076213,3.9687678491076213,251-500
TR-047100,Oklahoma City,Memphis,689.2,Dry Van,21714.0,2025-10-26,0.83244,2.02074,1480.21,1460.0997751670948,20.11022483290526,20.11022483290526,501-750
TR-047101,Charleston,Baton Rouge,925.0,Dry Van,25908.0,2025-10-26,0.84652,2.04909,1939.16,1874.822329972484,64.33767002751597,64.33767002751597,751-1000
TR-047102,Jacksonville,Tulsa,746.3,Dry Van,28808.0,2025-10-26,0.79876,2.02304,1586.46,1571.0484415528556,15.411558447144444,15.411558447144444,501-750
TR-047103,Boston,Hartford,192.4,Flatbed,28504.0,2025-10-26,0.90365,1.42799,525.86,512.3946624868285,13.465337513171562,13.465337513171562,0-250
TR-047104,Savannah,Richmond,522.2,Dry Van,27970.0,2025-10-26,0.84022,2.04944,1096.6,1108.797387680074,12.197387680074144,-12.197387680074144,501-750
TR-047105,Milwaukee,Atlanta,416.9,Dry Van,13811.0,2025-10-26,0.79776,2.01968,897.24,933.0665769287045,35.826576928704526,-35.826576928704526,251-500
TR-047106,Grand Rapids,Bakersfield,2052.8,Flatbed,15767.0,2025-10-26,0.82459,2.30508,3777.14,3994.613070864276,217.473070864276,-217.473070864276,1500+
TR-047107,New York,Cincinnati,862.2,Dry Van,32147.0,2025-10-26,0.8461,2.13762,1747.26,1783.3423671798053,36.08236717980526,-36.08236717980526,751-1000
TR-047108,Bakersfield,Fort Wayne,2058.0,Dry Van,23851.0,2025-10-26,0.83388,2.37794,3631.71,3715.7030365525557,83.99303655255562,-83.99303655255562,1500+
TR-047109,Mobile,Chattanooga,302.6,Dry Van,31496.0,2025-10-26,0.88142,1.65049,750.84,760.7666151332373,9.926615133237306,-9.926615133237306,251-500
TR-047110,Jacksonville,Madison,886.7,Flatbed,34169.0,2025-10-26,0.82835,1.87986,1947.04,2018.6254948562716,71.58549485627168,-71.58549485627168,751-1000
TR-047111,Albany,Tampa,1641.5,Dry Van,40892.0,2025-10-26,0.84511,2.26837,3150.87,3229.286483115312,78.41648311531208,-78.41648311531208,1500+
TR-047112,Detroit,Tulsa,1086.0,Flatbed,36212.0,2025-10-26,0.79994,1.98843,2372.96,2450.2913527324017,77.33135273240168,-77.33135273240168,1001-1500
TR-047113,Mobile,Kansas City,641.7,Reefer,32221.0,2025-10-26,0.84489,1.64153,1601.61,1564.3854614213317,37.224538578668216,37.224538578668216,501-750
TR-047114,Albany,Tulsa,1692.9,Dry Van,30475.0,2025-10-26,0.87965,2.19538,3251.97,3380.7383437998615,128.76834379986167,-128.76834379986167,1500+
TR-047115,Lexington,Syracuse,681.0,Dry Van,23120.0,2025-10-26,0.85285,2.15817,1375.7,1353.3488689050275,22.351131094972516,22.351131094972516,501-750
TR-047116,Los Angeles,Columbia,2358.6,Dry Van,37791.0,2025-10-26,0.86459,2.28716,4391.77,4598.974623281199,207.2046232811981,-207.2046232811981,1500+
TR-047117,Bakersfield,Fresno,219.8,Reefer,25819.0,2025-10-26,0.84058,1.37449,610.81,618.7568456498227,7.946845649822762,-7.946845649822762,0-250
TR-047118,Dayton,Boston,995.3,Dry Van,27640.0,2025-10-26,0.82414,2.17922,1954.43,1975.0790031475954,20.649003147595295,-20.649003147595295,751-1000
TR-047119,Columbia,Greensboro,138.4,Dry Van,23156.0,2025-10-26,0.90402,1.49961,363.75,366.4312353518881,2.6812353518881196,-2.6812353518881196,0-250
TR-047120,Detroit,Atlanta,750.5,Dry Van,32930.0,2025-10-26,0.87955,1.99843,1581.12,1571.2079418371854,9.912058162814446,9.912058162814446,751-1000
TR-047121,Atlanta,Albuquerque,1534.4,Dry Van,18449.0,2025-10-26,1.0558,2.26089,2855.03,3025.1754431296954,170.1454431296952,-170.1454431296952,1500+
TR-047122,Memphis,Hartford,1178.1,Dry Van,29115.0,2025-10-26,0.84737,2.18241,2315.97,2364.1817264389438,48.21172643894397,-48.21172643894397,1001-1500
TR-047123,Lubbock,Amarillo,417.7,Flatbed,14732.0,2025-10-26,0.83165,1.67742,1039.88,1045.0694013292664,5.189401329266275,-5.189401329266275,251-500
TR-047124,Hartford,Columbia,832.9,Flatbed,23707.0,2025-10-26,0.83869,2.08188,1768.74,1809.62791190057,40.88791190057009,-40.88791190057009,751-1000
TR-047125,Providence,San Antonio,2005.5,Dry Van,42581.0,2025-10-26,0.81077,2.14696,4009.09,4023.4645692039235,14.374569203923329,-14.374569203923329,1500+
TR-047126,Dallas,Chattanooga,572.7,Reefer,29358.0,2025-10-26,0.83603,1.68412,1435.58,1441.6605849286002,6.080584928600274,-6.080584928600274,501-750
TR-047127,Fresno,Amarillo,1071.8,Flatbed,33286.0,2025-10-26,0.84215,1.84939,2449.02,2499.829268098761,50.809268098761095,-50.809268098761095,1001-1500
TR-047128,Harrisburg,Lubbock,1631.1,Dry Van,33258.0,2025-10-26,0.85338,2.12216,3162.5,3286.264809670068,123.76480967006819,-123.76480967006819,1500+
TR-047129,Raleigh,Jacksonville,552.4,Reefer,31932.0,2025-10-26,1.0558,1.56467,1419.17,1383.0160967361546,36.15390326384545,36.15390326384545,501-750
TR-047130,Fort Wayne,Charleston,696.2,Dry Van,44347.0,2025-10-26,0.86607,1.96359,1514.44,1470.6198642234976,43.82013577650241,43.82013577650241,501-750
TR-047131,Jacksonville,Corpus Christi,873.9,Dry Van,28015.0,2025-10-26,0.8296,2.10389,1809.27,1868.2773447146283,59.00734471462829,-59.00734471462829,751-1000
TR-047132,Fresno,Atlanta,2264.7,Flatbed,37700.0,2025-10-26,0.82345,2.11057,4673.35,4755.335103140371,81.98510314037048,-81.98510314037048,1500+
TR-047133,Toledo,Fort Wayne,76.2,Dry Van,16939.0,2025-10-26,0.88532,1.46064,204.65,242.22390984678927,37.57390984678926,-37.57390984678926,0-250
TR-047134,Fresno,Kansas City,1929.8,Flatbed,29785.0,2025-10-26,0.85691,2.21334,3786.22,4072.182291769498,285.9622917694983,-285.9622917694983,1500+
TR-047135,Oklahoma City,Fresno,1451.2,Dry Van,47500.0,2025-10-26,0.84581,2.13336,2924.77,3045.793333497189,121.02333349718901,-121.02333349718901,1001-1500
TR-047136,Syracuse,El Paso,2232.7,Flatbed,38419.0,2025-10-26,0.82389,2.10438,4470.57,4643.6380398738265,173.06803987382682,-173.06803987382682,1500+
TR-047137,Detroit,Jacksonville,941.7,Reefer,41907.0,2025-10-26,0.80438,1.94327,2093.28,2162.2805853208365,69.00058532083631,-69.00058532083631,751-1000
TR-047138,Tulsa,Oklahoma City,312.5,Dry Van,31533.0,2025-10-26,0.82108,1.59944,804.46,792.7141717688987,11.745828231101314,11.745828231101314,251-500
TR-047139,Montgomery,Indianapolis,612.6,Dry Van,22012.0,2025-10-26,0.86079,2.05884,1283.69,1310.5601163027738,26.870116302773795,-26.870116302773795,501-750
TR-047140,Lubbock,Nashville,940.6,Reefer,34796.0,2025-10-26,0.864,1.62711,2333.08,2267.423326416079,65.65667358392102,65.65667358392102,751-1000
TR-047141,Boston,Montgomery,1253.5,Flatbed,34141.0,2025-10-26,0.88997,1.96014,2746.68,2725.319150072764,21.360849927235904,21.360849927235904,1001-1500
TR-047142,Harrisburg,Philadelphia,338.0,Reefer,32041.0,2025-10-26,0.814,1.71749,832.66,866.7134978257131,34.05349782571318,-34.05349782571318,251-500
TR-047143,Los Angeles,Philadelphia,2913.9,Dry Van,42536.0,2025-10-26,0.83277,2.39379,5189.37,5330.544138981543,141.17413898154336,-141.17413898154336,1500+
TR-047144,Atlanta,Philadelphia,919.2,Reefer,41764.0,2025-10-26,0.86301,1.69203,2265.6,2120.4472313865085,145.1527686134914,145.1527686134914,751-1000
TR-047145,Baton Rouge,Nashville,515.2,Dry Van,22397.0,2025-10-26,0.87501,1.93957,1134.75,1128.178528863664,6.571471136335958,6.571471136335958,501-750
TR-047146,Raleigh,Tulsa,1155.4,Flatbed,28193.0,2025-10-26,0.8892,1.96332,2539.5,2579.4069623987916,39.90696239879162,-39.90696239879162,1001-1500
TR-047147,Atlanta,Fort Wayne,559.8,Dry Van,41005.0,2025-10-26,0.84887,1.84927,1265.17,1218.7351095741706,46.43489042582951,46.43489042582951,501-750
TR-047148,Philadelphia,Little Rock,1299.9,Dry Van,17145.0,2025-10-26,0.8484,2.25303,2443.52,2510.087965709146,66.56796570914594,-66.56796570914594,1001-1500
TR-047149,Syracuse,Toledo,450.5,Dry Van,26103.0,2025-10-26,0.87716,2.0947,936.09,949.6383578036073,13.548357803607246,-13.548357803607246,251-500
TR-047150,Albany,Albuquerque,2451.0,Reefer,29123.0,2025-10-26,0.8023,2.15271,4903.27,5197.883213386042,294.61321338604193,-294.61321338604193,1500+
TR-047151,Syracuse,Bakersfield,2618.1,Dry Van,43396.0,2025-10-26,0.83322,2.24217,4915.66,5077.503745941916,161.8437459419165,-161.8437459419165,1500+
TR-047152,Providence,Hartford,294.7,Dry Van,36603.0,2025-10-26,0.81543,1.80977,690.82,720.832011836573,30.012011836572924,-30.012011836572924,251-500
TR-047153,Boston,Dallas,1699.5,Dry Van,35776.0,2025-10-26,0.85596,2.1448,3352.24,3439.3443801161075,87.10438011610768,-87.10438011610768,1500+
TR-047154,Mobile,Bakersfield,1949.9,Reefer,28266.0,2025-10-26,0.84131,1.96914,4219.08,4274.388721509321,55.308721509321,-55.308721509321,1500+
TR-047155,Philadelphia,Columbia,766.1,Dry Van,16275.0,2025-10-26,0.84776,2.17458,1518.42,1554.3840549655852,35.96405496558509,-35.96405496558509,751-1000
TR-047156,Houston,Charleston,1063.3,Dry Van,25772.0,2025-10-26,0.87041,2.08707,2197.26,2142.822039874601,54.43796012539906,54.43796012539906,1001-1500
TR-047157,Corpus Christi,Columbia,1022.1,Reefer,32744.0,2025-10-26,0.82384,1.85479,2318.07,2415.2538348026346,97.18383480263446,-97.18383480263446,1001-1500
TR-047158,Boston,Louisville,1120.6,Flatbed,24820.0,2025-10-26,0.86729,2.02828,2344.86,2396.2027312308546,51.3427312308545,-51.3427312308545,1001-1500
TR-047159,Oklahoma City,El Paso,827.8,Flatbed,10464.0,2025-10-26,0.80615,1.95657,1832.09,1891.9113127578064,59.82131275780648,-59.82131275780648,751-1000
TR-047160,St. Louis,New York,1040.5,Flatbed,23903.0,2025-10-26,0.83381,2.1763,2110.46,2194.2669959670684,83.80699596706836,-83.80699596706836,1001-1500
TR-047161,Columbia,Amarillo,1447.0,Dry Van,41340.0,2025-10-26,0.85518,2.11806,2966.79,3034.5271418407024,67.7371418407024,-67.7371418407024,1001-1500
TR-047162,Boston,Syracuse,567.5,Dry Van,31034.0,2025-10-26,0.86916,2.07322,1199.79,1188.8936797018955,10.896320298104456,10.896320298104456,501-750
TR-047163,Philadelphia,Atlanta,946.9,Dry Van,15557.0,2025-10-26,0.83178,2.26621,1790.95,1840.157778241711,49.20777824171091,-49.20777824171091,751-1000
TR-047164,Boston,San Antonio,2126.6,Dry Van,47500.0,2025-10-26,0.86694,2.14615,4273.4,4104.693279707848,168.70672029215166,168.70672029215166,1500+
TR-047165,Fort Wayne,Shreveport,853.9,Reefer,32460.0,2025-10-26,0.83321,1.8422,1994.42,2044.2027595431175,49.782759543117436,-49.782759543117436,751-1000
TR-047166,Oklahoma City,Salt Lake City,1007.7,Reefer,22659.0,2025-10-26,0.84157,1.8378,2375.65,2342.9086625374266,32.74133746257348,32.74133746257348,1001-1500
TR-047167,Washington,Richmond,85.2,Dry Van,27559.0,2025-10-26,0.84694,1.46504,229.4,239.61356518808248,10.21356518808247,-10.21356518808247,0-250
TR-047168,Buffalo,Montgomery,975.7,Dry Van,15283.0,2025-10-26,0.86482,2.271,1825.29,1897.1128594969514,71.82285949695142,-71.82285949695142,751-1000
TR-047169,Fort Wayne,Greensboro,456.1,Flatbed,46049.0,2025-10-26,0.8782,1.61276,1150.95,1113.8497944619323,37.10020553806771,37.10020553806771,251-500
TR-047170,New York,Memphis,1071.8,Dry Van,35072.0,2025-10-26,0.86112,2.13962,2146.33,2217.3271432310767,70.99714323107673,-70.99714323107673,1001-1500
TR-047171,Hartford,Richmond,316.4,Dry Van,35651.0,2025-10-26,0.89252,1.77595,754.81,740.3226713100157,14.487328689984224,14.487328689984224,251-500
TR-047172,Grand Rapids,Fort Wayne,202.3,Dry Van,34198.0,2025-10-26,0.82565,1.66392,490.24,534.3448534471429,44.10485344714289,-44.10485344714289,0-250
TR-047173,El Paso,Albany,2580.8,Flatbed,47500.0,2025-10-26,0.86736,2.04435,5270.27,5391.865762441728,121.59576244172786,-121.59576244172786,1500+
TR-047174,Grand Rapids,Chattanooga,660.3,Dry Van,36478.0,2025-10-26,0.83806,1.97094,1464.49,1378.1435982401938,86.34640175980621,86.34640175980621,501-750
TR-047175,Boston,Dayton,1012.0,Dry Van,38676.0,2025-10-26,0.87832,2.13175,2065.37,2041.4476253021503,23.92237469784959,23.92237469784959,1001-1500
TR-047176,Montgomery,Fort Wayne,797.4,Flatbed,32803.0,2025-10-26,0.84358,1.87029,1798.36,1802.8902896837185,4.530289683718593,-4.530289683718593,751-1000
TR-047177,Houston,Shreveport,238.2,Dry Van,27308.0,2025-10-26,0.8739,1.51086,628.05,599.9751123647604,28.07488763523952,28.07488763523952,0-250
TR-047178,Corpus Christi,Milwaukee,1026.0,Dry Van,39402.0,2025-10-26,0.82251,2.01613,2205.02,2158.96319714484,46.056802855160186,46.056802855160186,1001-1500
TR-047179,Tucson,Reno,791.0,Reefer,31134.0,2025-10-26,0.8668,1.85083,1831.61,1878.1434922431924,46.53349224319254,-46.53349224319254,751-1000
TR-047180,Cincinnati,San Antonio,1026.1,Flatbed,34304.0,2025-10-26,0.86118,1.81678,2346.99,2371.966675860685,24.97667586068519,-24.97667586068519,1001-1500
TR-047181,Amarillo,Cincinnati,1236.2,Reefer,43212.0,2025-10-26,0.82177,1.77983,2915.38,2895.2130602724565,20.16693972754365,20.16693972754365,1001-1500
TR-047182,Richmond,New York,260.2,Reefer,24815.0,2025-10-26,0.87354,1.63231,658.0,680.8943387474313,22.894338747431334,-22.894338747431334,251-500
TR-047183,Syracuse,Bakersfield,2607.7,Dry Van,20532.0,2025-10-26,0.8349,2.43604,4472.38,4730.677928253921,258.2979282539209,-258.2979282539209,1500+
TR-047184,Atlanta,Philadelphia,942.9,Reefer,36776.0,2025-10-26,0.8177,1.8581,2212.41,2180.8230722119893,31.5869277880106,31.5869277880106,751-1000
TR-047185,New York,Raleigh,459.3,Dry Van,30850.0,2025-10-26,0.8151,1.94281,1003.07,995.3399782856203,7.730021714379745,7.730021714379745,251-500
TR-047186,Kansas City,Hartford,1203.8,Flatbed,29041.0,2025-10-26,0.87895,2.07105,2525.13,2543.105948904924,17.975948904923825,-17.975948904923825,1001-1500
TR-047187,Hartford,Buffalo,459.7,Flatbed,36572.0,2025-10-26,0.86715,1.73355,1105.06,1091.294390250179,13.765609749820896,13.765609749820896,251-500
TR-047188,Richmond,Albany,612.1,Flatbed,22822.0,2025-10-26,0.84152,2.0244,1316.35,1388.0948014100877,71.7448014100878,-71.7448014100878,501-750
TR-047189,Phoenix,Raleigh,2603.8,Flatbed,40985.0,2025-10-26,0.84697,2.14407,5248.45,5358.767065200434,110.31706520043463,-110.31706520043463,1500+
TR-047190,Raleigh,Hartford,480.8,Dry Van,35746.0,2025-10-26,0.86412,1.91587,1069.29,1091.248671026846,21.958671026846105,-21.958671026846105,251-500
TR-047191,Amarillo,Milwaukee,1171.6,Dry Van,27531.0,2025-10-26,0.85299,2.14512,2366.62,2388.270732502238,21.650732502238043,-21.650732502238043,1001-1500
TR-047192,Atlanta,San Antonio,930.1,Dry Van,34565.0,2025-10-26,0.83531,2.04349,1946.38,2026.1128228886403,79.73282288864016,-79.73282288864016,751-1000
TR-047193,Amarillo,Montgomery,1232.7,Reefer,35998.0,2025-10-26,0.85359,1.74164,2925.5,2883.4497078111917,42.05029218880827,42.05029218880827,1001-1500
TR-047194,Albany,Madison,1151.0,Dry Van,34309.0,2025-10-26,0.84221,2.13799,2284.63,2383.198101474169,98.568101474169,-98.568101474169,1001-1500
TR-047195,Grand Rapids,Greensboro,663.2,Dry Van,47500.0,2025-10-26,0.86409,1.99785,1422.5,1364.6725169603058,57.82748303969424,57.82748303969424,501-750
TR-047196,Albany,Atlanta,1190.9,Flatbed,24105.0,2025-10-26,0.86334,2.11965,2401.67,2491.795655157019,90.12565515701908,-90.12565515701908,1001-1500
TR-047197,Columbia,Greensboro,124.9,Dry Van,17724.0,2025-10-26,0.8395,1.54554,327.17,334.4004750182474,7.230475018247375,-7.230475018247375,0-250
TR-047198,Jacksonville,Dayton,655.1,Dry Van,18221.0,2025-10-26,0.86872,2.10377,1329.96,1312.02982172864,17.93017827136009,17.93017827136009,501-750
TR-047199,Little Rock,Chattanooga,352.7,Reefer,47500.0,2025-10-26,0.81124,1.27168,1020.81,977.2329834263719,43.57701657362804,43.57701657362804,251-500
TR-047200,Salt Lake City,Chattanooga,1693.1,Flatbed,46861.0,2025-10-26,0.82638,2.01056,3684.06,3771.6725227298743,87.6125227298744,-87.6125227298744,1500+
TR-047201,Philadelphia,Charleston,626.5,Reefer,22752.0,2025-10-26,0.81753,1.80143,1470.86,1468.7445379934263,2.11546200657358,2.11546200657358,501-750
TR-047202,Hartford,Baton Rouge,1569.2,Dry Van,24454.0,2025-10-26,0.84691,2.35384,2831.48,2973.5720668552885,142.09206685528852,-142.09206685528852,1500+
TR-047203,Reno,Jacksonville,2255.2,Dry Van,38848.0,2025-10-26,0.81399,2.24353,4296.46,4218.571427809625,77.88857219037527,77.88857219037527,1500+
TR-047204,El Paso,Birmingham,1653.3,Flatbed,38953.0,2025-10-26,0.85422,1.95762,3567.75,3617.693458993805,49.94345899380505,-49.94345899380505,1500+
TR-047205,Cincinnati,San Antonio,991.5,Dry Van,38179.0,2025-10-27,0.8468,1.979,2119.21,2183.0621314960663,63.85213149606625,-63.85213149606625,751-1000
TR-047206,Tulsa,Lexington,714.6,Flatbed,20128.0,2025-10-27,0.86983,1.87854,1584.08,1617.6659748300897,33.585974830089754,-33.585974830089754,501-750
TR-047207,El Paso,Birmingham,1580.8,Dry Van,30147.0,2025-10-27,0.87357,2.19878,3084.43,3111.8124873515235,27.38248735152365,-27.38248735152365,1500+
TR-047208,Albuquerque,Green Bay,1555.6,Dry Van,42922.0,2025-10-27,0.91053,2.20661,3030.94,3135.1572752629113,104.21727526291124,-104.21727526291124,1500+
TR-047209,Atlanta,Tulsa,592.1,Reefer,41404.0,2025-10-27,0.86953,1.47871,1576.31,1530.8919842562623,45.41801574373767,45.41801574373767,501-750
TR-047210,Las Vegas,Chattanooga,1873.0,Dry Van,36109.0,2025-10-27,0.82025,2.17256,3628.01,3792.616942245619,164.60694224561894,-164.60694224561894,1500+
TR-047211,Cincinnati,Amarillo,1179.1,Dry Van,21928.0,2025-10-27,0.84544,2.17943,2322.3,2408.301335244487,86.00133524448665,-86.00133524448665,1001-1500
TR-047212,San Antonio,Los Angeles,1285.2,Dry Van,22147.0,2025-10-27,0.8521,2.24773,2454.04,2538.3273994418487,84.28739944184872,-84.28739944184872,1001-1500
TR-047213,Albuquerque,New York,2265.4,Dry Van,27979.0,2025-10-27,0.84975,2.37239,4056.14,4277.643633628704,221.5036336287044,-221.5036336287044,1500+
TR-047214,Mobile,Madison,799.2,Flatbed,30421.0,2025-10-27,0.8692,1.89011,1807.01,1821.679134917348,14.669134917347947,-14.669134917347947,751-1000
TR-047215,Reno,Shreveport,1789.6,Flatbed,39463.0,2025-10-27,0.86714,2.01888,3782.13,3837.551485430868,55.42148543086796,-55.42148543086796,1500+
TR-047216,Albany,Toledo,809.3,Flatbed,19312.0,2025-10-27,0.83746,2.03585,1723.55,1690.1677405352727,33.38225946472721,33.38225946472721,751-1000
TR-047217,Reno,Toledo,2065.1,Reefer,18746.0,2025-10-27,0.87514,2.20432,3953.78,4063.9893671549585,110.20936715495827,-110.20936715495827,1500+
TR-047218,Madison,Columbia,712.2,Flatbed,46995.0,2025-10-27,0.83026,1.75653,1711.52,1627.458530067234,84.06146993276593,84.06146993276593,501-750
TR-047219,Nashville,Atlanta,145.2,Flatbed,28460.0,2025-10-27,0.8197,1.2359,420.2,441.4088386503995,21.208838650399514,-21.208838650399514,0-250
TR-047220,Toledo,Green Bay,275.6,Dry Van,22227.0,2025-10-27,0.86933,1.94579,610.07,641.3512469837626,31.28124698376257,-31.28124698376257,251-500
TR-047221,Indianapolis,Baltimore,1034.6,Reefer,21967.0,2025-10-27,0.82148,1.98765,2265.35,2265.6579083117113,0.30790831171134414,-0.30790831171134414,1001-1500
TR-047222,Richmond,Mobile,903.0,Reefer,22236.0,2025-10-27,0.8229,1.85974,2055.67,2004.147545813564,51.52245418643611,51.52245418643611,751-1000
TR-047223,Lexington,Memphis,323.2,Flatbed,33371.0,2025-10-27,0.85472,1.57693,841.61,863.5417528276802,21.931752827680157,-21.931752827680157,251-500
TR-047224,Fort Wayne,El Paso,1729.8,Dry Van,25465.0,2025-10-27,0.8448,2.25011,3190.69,3335.67632428481,144.98632428481005,-144.98632428481005,1500+
TR-047225,Syracuse,New Orleans,1296.4,Dry Van,31832.0,2025-10-27,0.85023,2.12562,2582.43,2574.7014825848464,7.728517415153419,7.728517415153419,1001-1500
TR-047226,Charleston,Reno,2542.2,Dry Van,29221.0,2025-10-27,0.81725,2.39332,4550.45,4622.67996811294,72.22996811293979,-72.22996811293979,1500+
TR-047227,Grand Rapids,Louisville,514.6,Dry Van,20878.0,2025-10-27,0.80902,2.06711,1076.88,1076.3533632640979,0.5266367359022297,0.5266367359022297,501-750
TR-047228,Harrisburg,Buffalo,166.4,Dry Van,43134.0,2025-10-27,0.86065,1.66951,422.77,454.9970633891075,32.227063389107514,-32.227063389107514,0-250
TR-047229,San Antonio,Chattanooga,900.0,Flatbed,30949.0,2025-10-27,0.84573,1.84823,2037.77,2050.0358129789747,12.265812978974736,-12.265812978974736,751-1000
TR-047230,Greensboro,Washington,455.2,Reefer,28171.0,2025-10-27,0.83496,1.7101,1126.61,1121.5071452758425,5.102854724157396,5.102854724157396,251-500
TR-047231,Shreveport,Lexington,612.6,Dry Van,30063.0,2025-10-27,0.89426,1.99092,1358.41,1356.031007580657,2.378992419343149,2.378992419343149,501-750
TR-047232,Houston,Montgomery,620.0,Dry Van,44979.0,2025-10-27,0.79788,1.84291,1427.86,1417.949543118111,9.910456881888877,9.910456881888877,501-750
TR-047233,Nashville,Milwaukee,367.4,Dry Van,23234.0,2025-10-27,0.84698,1.92924,812.38,819.8128930069872,7.4328930069872285,-7.4328930069872285,251-500
TR-047234,Milwaukee,Grand Rapids,336.8,Dry Van,41637.0,2025-10-27,0.87196,1.77582,788.83,803.4895028430574,14.65950284305734,-14.65950284305734,251-500
TR-047235,Bakersfield,Houston,1529.9,Dry Van,30486.0,2025-10-27,0.87104,2.12862,3078.27,3131.018779304315,52.74877930431512,-52.74877930431512,1500+
TR-047236,Hartford,New York,117.3,Reefer,24062.0,2025-10-27,0.82927,1.1789,344.85,338.53350268402664,6.316497315973379,6.316497315973379,0-250
TR-047237,Oklahoma City,Buffalo,1515.8,Dry Van,32972.0,2025-10-27,0.82144,2.21697,2930.32,3132.0376447522603,201.71764475226018,-201.71764475226018,1500+
TR-047238,Corpus Christi,Lubbock,314.3,Dry Van,17062.0,2025-10-27,0.8754,1.67688,777.61,767.9686402743863,9.641359725613711,9.641359725613711,251-500
TR-047239,Raleigh,Milwaukee,764.4,Dry Van,19635.0,2025-10-27,0.8401,2.20822,1493.29,1552.7505142982754,59.460514298275484,-59.460514298275484,751-1000
TR-047240,Houston,Richmond,1341.3,Reefer,24114.0,2025-10-27,0.85811,1.96633,2918.22,2808.6959075513896,109.52409244861019,109.52409244861019,1001-1500
TR-047241,Grand Rapids,Boston,1058.9,Flatbed,27839.0,2025-10-27,0.88848,2.09811,2144.64,2334.1450918815544,189.50509188155456,-189.50509188155456,1001-1500
TR-047242,Richmond,Charleston,392.7,Dry Van,30549.0,2025-10-27,0.83934,1.85645,892.17,888.1538671654632,4.016132834536734,4.016132834536734,251-500
TR-047243,Tulsa,Richmond,1252.9,Reefer,23995.0,2025-10-27,0.88015,2.00615,2709.66,2694.3943244358784,15.265675564121466,15.265675564121466,1001-1500
TR-047244,Syracuse,Mobile,1138.2,Dry Van,41113.0,2025-10-27,0.85436,2.22052,2232.87,2360.8738516597427,128.00385165974285,-128.00385165974285,1001-1500
TR-047245,Nashville,Cincinnati,180.5,Reefer,47321.0,2025-10-27,0.83869,0.99293,570.97,557.8655941413896,13.104405858610448,13.104405858610448,0-250
TR-047246,Lexington,Kansas City,438.9,Dry Van,21795.0,2025-10-27,0.81173,1.93114,956.7,974.4820875783673,17.782087578367282,-17.782087578367282,251-500
TR-047247,Buffalo,Tampa,1186.4,Dry Van,44531.0,2025-10-27,0.84706,2.13127,2367.47,2426.3662738931826,58.89627389318275,-58.89627389318275,1001-1500
TR-047248,Toledo,Boston,929.3,Flatbed,24613.0,2025-10-27,0.85832,2.16366,1881.5,2014.1266384498865,132.6266384498865,-132.6266384498865,751-1000
TR-047249,Dayton,Memphis,446.3,Reefer,28646.0,2025-10-27,0.87514,1.71131,1101.36,1107.2874396947311,5.92743969473122,-5.92743969473122,251-500
TR-047250,Richmond,Lubbock,1655.3,Dry Van,34514.0,2025-10-27,0.87088,2.18042,3281.87,3406.354482800648,124.48448280064804,-124.48448280064804,1500+
TR-047251,Phoenix,Baton Rouge,1598.9,Dry Van,37996.0,2025-10-27,0.87354,2.12691,3285.09,3216.1661066692673,68.92389333073288,68.92389333073288,1500+
TR-047252,Columbia,Philadelphia,763.4,Dry Van,16350.0,2025-10-27,0.89383,2.23517,1487.21,1554.441769176728,67.231769176728,-67.231769176728,751-1000
TR-047253,Lubbock,El Paso,788.0,Reefer,36917.0,2025-10-27,0.83278,1.64778,1979.85,1967.6633553315148,12.186644668485087,12.186644668485087,751-1000
TR-047254,Albany,Jacksonville,1317.4,Dry Van,22056.0,2025-10-27,0.85579,2.28438,2463.55,2507.0217838610324,43.471783861032236,-43.471783861032236,1001-1500
TR-047255,Boston,Montgomery,1275.0,Reefer,43067.0,2025-10-27,0.84743,1.8554,2865.84,2893.7456317260912,27.905631726091087,-27.905631726091087,1001-1500
TR-047256,Baton Rouge,Charleston,927.8,Reefer,37062.0,2025-10-27,0.87675,1.78947,2200.08,2212.070801067229,11.990801067228858,-11.990801067228858,751-1000
TR-047257,Lubbock,Albany,2144.5,Dry Van,33515.0,2025-10-27,0.85083,2.2019,4098.55,4065.220023858466,33.32997614153419,33.32997614153419,1500+
TR-047258,Phoenix,Tucson,276.9,Dry Van,45911.0,2025-10-27,0.82977,1.57055,713.13,718.8391977981403,5.709197798140281,-5.709197798140281,251-500
TR-047259,Charleston,Mobile,615.6,Reefer,29994.0,2025-10-27,0.86321,1.7249,1493.65,1532.744323522717,39.09432352271688,-39.09432352271688,501-750
TR-047260,Phoenix,Green Bay,2191.0,Flatbed,27979.0,2025-10-27,0.86378,2.19804,4291.12,4381.644280412039,90.52428041203893,-90.52428041203893,1500+
TR-047261,Tucson,Baltimore,2616.0,Reefer,31204.0,2025-10-27,0.87697,2.06177,5450.63,5503.476773501613,52.846773501612915,-52.846773501612915,1500+
TR-047262,Tucson,Memphis,1636.0,Flatbed,37601.0,2025-10-27,0.85153,2.0651,3452.83,3612.5834507126037,159.7534507126038,-159.7534507126038,1500+
TR-047263,Toledo,Shreveport,922.8,Dry Van,43858.0,2025-10-27,0.81103,2.05595,1992.41,1937.6690944511183,54.740905548881756,54.740905548881756,751-1000
TR-047264,Bakersfield,Tucson,319.7,Dry Van,32290.0,2025-10-27,0.82393,1.73835,781.27,802.3379063531715,21.067906353171566,-21.067906353171566,251-500
TR-047265,Corpus Christi,Amarillo,710.8,Dry Van,29491.0,2025-10-27,0.84576,1.98698,1559.38,1539.960876063263,19.41912393673715,19.41912393673715,501-750
TR-047266,Hartford,Baton Rouge,1535.2,Dry Van,40922.0,2025-10-27,0.85876,2.17589,3012.34,3146.2218941642927,133.8818941642926,-133.8818941642926,1500+
TR-047267,Grand Rapids,Mobile,969.4,Dry Van,35790.0,2025-10-27,0.86882,2.08659,2001.79,2002.3714705161897,0.5814705161897109,-0.5814705161897109,751-1000
TR-047268,Amarillo,Albany,2213.4,Dry Van,33149.0,2025-10-27,0.87063,2.3003,4180.37,4260.276400275932,79.90640027593236,-79.90640027593236,1500+
TR-047269,Madison,Cincinnati,430.4,Flatbed,26979.0,2025-10-27,0.87705,1.8632,1008.7,1044.3435710667486,35.643571066748564,-35.643571066748564,251-500
TR-047270,Fort Wayne,Greensboro,477.1,Dry Van,38946.0,2025-10-27,0.85069,1.80096,1119.83,1089.580630119311,30.249369880688846,30.249369880688846,251-500
TR-047271,Phoenix,Buffalo,2621.1,Flatbed,29588.0,2025-10-27,0.86257,2.20299,5029.22,5197.091835316991,167.87183531699065,-167.87183531699065,1500+
TR-047272,Cincinnati,Atlanta,193.6,Dry Van,21790.0,2025-10-27,0.83869,1.62864,485.95,511.779803503268,25.82980350326801,-25.82980350326801,0-250
TR-047273,Oklahoma City,Baton Rouge,463.4,Dry Van,47500.0,2025-10-27,0.85834,1.70533,1165.7,1129.8555746606712,35.844425339328836,35.844425339328836,251-500
TR-047274,Mobile,Buffalo,1039.1,Dry Van,15111.0,2025-10-27,0.88791,2.14816,2037.11,2044.9832720242289,7.8732720242289815,-7.8732720242289815,1001-1500
TR-047275,Columbia,San Francisco,2520.1,Reefer,28258.0,2025-10-27,0.87197,2.04447,5264.57,5251.236877848472,13.333122151527277,13.333122151527277,1500+
TR-047276,San Antonio,Mobile,768.7,Reefer,47500.0,2025-10-27,0.90235,1.57607,1992.37,1948.5007309295627,43.86926907043721,43.86926907043721,751-1000
TR-047277,Lubbock,Oklahoma City,219.4,Dry Van,38277.0,2025-10-27,0.89341,1.38696,614.66,606.6039845468333,8.056015453166651,8.056015453166651,0-250
TR-047278,Atlanta,Bakersfield,1987.7,Reefer,19241.0,2025-10-27,0.81912,2.07156,4113.53,4204.818941267286,91.28894126728665,-91.28894126728665,1500+
TR-047279,Reno,Montgomery,2196.7,Reefer,29916.0,2025-10-27,0.86981,2.14153,4347.35,4594.506786710376,247.15678671037585,-247.15678671037585,1500+
TR-047280,Chattanooga,Philadelphia,957.4,Dry Van,35775.0,2025-10-27,0.82896,2.12402,1962.23,1999.7360765153883,37.50607651538826,-37.50607651538826,751-1000
TR-047281,Lexington,Buffalo,570.4,Dry Van,30246.0,2025-10-27,0.87275,2.11043,1179.2,1202.7041007979801,23.504100797980072,-23.504100797980072,501-750
TR-047282,Milwaukee,Madison,207.2,Dry Van,23716.0,2025-10-27,0.86981,1.74896,517.3,521.0528269074249,3.7528269074249465,-3.7528269074249465,0-250
TR-047283,Chattanooga,Fresno,2175.4,Dry Van,19483.0,2025-10-27,0.89485,2.36156,3901.87,3923.974063889679,22.10406388967931,-22.10406388967931,1500+
TR-047284,Lexington,Memphis,310.9,Flatbed,21452.0,2025-10-27,0.84641,1.71231,783.99,801.3297069195146,17.339706919514583,-17.339706919514583,251-500
TR-047285,Birmingham,Washington,772.6,Dry Van,47500.0,2025-10-27,0.85065,2.00729,1658.47,1660.7242461549658,2.254246154965813,-2.254246154965813,751-1000
TR-047286,Albuquerque,Grand Rapids,1588.3,Dry Van,23704.0,2025-10-27,0.86195,2.26239,2984.09,2940.1242913613887,43.96570863861143,43.96570863861143,1500+
TR-047287,New York,Philadelphia,103.8,Dry Van,39981.0,2025-10-27,0.88087,1.35421,292.09,281.3635737888114,10.726426211188596,10.726426211188596,0-250
TR-047288,Detroit,Baton Rouge,1211.3,Dry Van,38283.0,2025-10-27,0.90978,2.25449,2375.88,2469.7328619210857,93.8528619210856,-93.8528619210856,1001-1500
TR-047289,Grand Rapids,San Francisco,2256.6,Flatbed,22592.0,2025-10-27,0.8643,2.30557,4115.51,4353.021723628023,237.511723628023,-237.511723628023,1500+
TR-047290,New Orleans,New York,1334.2,Dry Van,23773.0,2025-10-27,0.8788,2.18815,2571.32,2546.547149929619,24.772850070381082,24.772850070381082,1001-1500
TR-047291,Corpus Christi,Shreveport,425.5,Flatbed,33323.0,2025-10-27,0.85576,1.536,1138.74,1115.783389022985,22.95661097701509,22.95661097701509,251-500
TR-047292,Albuquerque,Cincinnati,1477.0,Flatbed,17206.0,2025-10-27,0.84741,2.23116,2899.76,3076.238023143562,176.4780231435616,-176.4780231435616,1001-1500
TR-047293,Reno,Albany,2801.9,Reefer,24909.0,2025-10-27,0.89709,2.20221,5327.47,5500.69523188956,173.22523188955984,-173.22523188955984,1500+
TR-047294,Savannah,Syracuse,807.2,Flatbed,21670.0,2025-10-27,0.85641,2.05179,1662.74,1727.7058915129974,64.96589151299736,-64.96589151299736,751-1000
TR-047295,Greensboro,Hartford,750.2,Dry Van,36636.0,2025-10-27,0.83287,2.0315,1535.64,1594.0706442358069,58.43064423580677,-58.43064423580677,751-1000
TR-047296,San Antonio,Phoenix,1225.5,Flatbed,32090.0,2025-10-27,0.92087,1.91571,2740.37,2757.411047152381,17.041047152380997,-17.041047152380997,1001-1500
TR-047297,Nashville,El Paso,1467.2,Reefer,20512.0,2025-10-27,0.84046,2.00306,3171.33,3204.2046825752477,32.87468257524779,-32.87468257524779,1001-1500
TR-047298,Philadelphia,Columbia,776.1,Flatbed,23780.0,2025-10-27,0.85577,2.01583,1657.15,1695.244402008225,38.09440200822496,-38.09440200822496,751-1000
TR-047299,Boston,Bakersfield,2979.1,Reefer,30585.0,2025-10-27,0.86501,2.09472,19110.3,6030.3719672898305,13079.92803271017,13079.92803271017,1500+
TR-047300,San Antonio,Baton Rouge,411.7,Dry Van,36505.0,2025-10-27,0.86426,1.57974,1042.31,1030.9562469332518,11.35375306674814,11.35375306674814,251-500
TR-047301,Fort Wayne,Los Angeles,2312.6,Flatbed,31825.0,2025-10-27,0.8366,2.25452,4466.18,4694.6663059211405,228.48630592114023,-228.48630592114023,1500+
TR-047302,Syracuse,San Antonio,1715.6,Flatbed,23704.0,2025-10-27,0.83632,2.17641,3304.3,3630.842249915835,326.5422499158349,-326.5422499158349,1500+
TR-047303,Phoenix,Philadelphia,2936.3,Dry Van,29004.0,2025-10-27,0.86229,2.4128,5149.54,5215.576000071217,66.03600007121713,-66.03600007121713,1500+
TR-047304,Mobile,Bakersfield,1953.2,Reefer,42958.0,2025-10-27,0.83372,1.95873,4210.91,4424.928208756549,214.01820875654903,-214.01820875654903,1500+
TR-047305,Philadelphia,Albuquerque,2365.4,Dry Van,46610.0,2025-10-27,0.88307,2.24127,4473.29,4693.253468416955,219.96346841695504,-219.96346841695504,1500+
TR-047306,New York,Chattanooga,930.0,Dry Van,30866.0,2025-10-27,0.83433,2.20305,1837.59,1890.6516457873033,53.061645787303405,-53.061645787303405,751-1000
TR-047307,Fort Wayne,Oklahoma City,1167.3,Dry Van,45705.0,2025-10-27,0.90612,1.99891,2456.79,2487.6313031755512,30.841303175551275,-30.841303175551275,1001-1500
TR-047308,Toledo,Oklahoma City,1257.1,Reefer,35875.0,2025-10-27,0.86431,1.89779,2818.51,2912.7415066221483,94.23150662214812,-94.23150662214812,1001-1500
TR-047309,El Paso,Charleston,2019.7,Flatbed,17412.0,2025-10-27,0.8532,2.19725,3911.92,4079.6326545216684,167.71265452166836,-167.71265452166836,1500+
TR-047310,Washington,El Paso,2139.9,Flatbed,26634.0,2025-10-27,0.85894,2.10691,4311.77,4206.469222979281,105.30077702071958,105.30077702071958,1500+
TR-047311,Hartford,Greensboro,728.4,Flatbed,32029.0,2025-10-27,0.8866,1.95262,1608.17,1631.577473385639,23.407473385638923,-23.407473385638923,501-750
TR-047312,Bakersfield,Philadelphia,2786.7,Reefer,29628.0,2025-10-27,1.0558,2.08826,5637.98,5626.379226159273,11.600773840727015,11.600773840727015,1500+
TR-047313,Fort Wayne,Albany,879.9,Dry Van,32153.0,2025-10-27,0.87967,2.14797,1728.39,1865.0374808513075,136.64748085130736,-136.64748085130736,751-1000
TR-047314,Birmingham,Buffalo,835.3,Reefer,40380.0,2025-10-27,0.85198,1.76123,2008.6,1972.7199990966596,35.88000090334026,35.88000090334026,751-1000
TR-047315,Green Bay,Memphis,719.1,Dry Van,33285.0,2025-10-27,0.85038,1.96095,1564.16,1540.4733216333411,23.686678366658953,23.686678366658953,501-750
TR-047316,Fort Wayne,Richmond,614.9,Dry Van,38028.0,2025-10-27,0.86942,1.95226,1320.45,1337.4382644602517,16.988264460251685,-16.988264460251685,501-750
TR-047317,Reno,Madison,1741.4,Flatbed,34467.0,2025-10-27,0.83668,2.15607,3409.07,3719.988781359911,310.918781359911,-310.918781359911,1500+
TR-047318,Los Angeles,Baton Rouge,1693.3,Dry Van,15380.0,2025-10-27,1.0558,2.31001,3084.87,3373.9402118194703,289.0702118194704,-289.0702118194704,1500+
TR-047319,Little Rock,Hartford,1356.1,Flatbed,47500.0,2025-10-27,0.84343,2.01246,2904.7,2971.031508558923,66.33150855892336,-66.33150855892336,1001-1500
TR-047320,Milwaukee,Buffalo,658.3,Dry Van,34551.0,2025-10-27,0.89586,2.1092,1355.05,1353.449491637406,1.6005083625939278,1.6005083625939278,501-750
TR-047321,Lexington,Charleston,417.0,Dry Van,44784.0,2025-10-27,0.81804,1.8919,968.23,994.7936188675615,26.563618867561445,-26.563618867561445,251-500
TR-047322,Toledo,Oklahoma City,1258.0,Dry Van,23797.0,2025-10-27,0.82519,2.23465,2451.68,2475.7736122951815,24.09361229518163,-24.09361229518163,1001-1500
TR-047323,Harrisburg,Charleston,485.4,Dry Van,31116.0,2025-10-27,0.85363,2.03995,1040.5,1080.8463047751177,40.34630477511769,-40.34630477511769,251-500
TR-047324,Hartford,Toledo,784.5,Reefer,30482.0,2025-10-27,0.87576,1.96126,1729.69,1780.4283652410033,50.738365241003294,-50.738365241003294,751-1000
TR-047325,Columbia,Austin,1209.6,Dry Van,34476.0,2025-10-27,0.84782,2.07476,2546.21,2544.919031330257,1.2909686697430516,1.2909686697430516,1001-1500
TR-047326,Fort Wayne,Syracuse,544.3,Dry Van,34764.0,2025-10-27,0.83774,2.05131,1149.91,1189.6270972746404,39.71709727464031,-39.71709727464031,501-750
TR-047327,Richmond,Boston,493.2,Dry Van,47384.0,2025-10-27,0.89053,1.85881,1124.24,1119.2243276705096,5.015672329490371,5.015672329490371,251-500
TR-047328,Montgomery,Baton Rouge,457.1,Dry Van,33892.0,2025-10-27,0.8724,1.79546,1078.91,1098.8071422046287,19.897142204628608,-19.897142204628608,251-500
TR-047329,Salt Lake City,Fresno,470.1,Flatbed,27938.0,2025-10-27,0.86142,1.86519,1082.86,1160.9951623213879,78.13516232138795,-78.13516232138795,251-500
TR-047330,Baton Rouge,Tulsa,288.3,Dry Van,34139.0,2025-10-27,0.859,1.54477,754.18,740.0894926250103,14.09050737498967,14.09050737498967,251-500
TR-047331,Chattanooga,Tampa,586.4,Dry Van,29794.0,2025-10-27,0.88678,1.96726,1260.1,1303.9498067006987,43.849806700698764,-43.849806700698764,501-750
TR-047332,San Antonio,Phoenix,1219.1,Reefer,43994.0,2025-10-27,0.87667,1.74029,2947.21,2883.0139952093446,64.19600479065548,64.19600479065548,1001-1500
TR-047333,Little Rock,Shreveport,169.0,Dry Van,29287.0,2025-10-27,0.87804,1.37219,467.71,466.91130663737187,0.7986933626281143,0.7986933626281143,0-250
TR-047334,Green Bay,New York,886.2,Flatbed,42196.0,2025-10-27,0.83071,1.93469,1963.72,1993.7774052354016,30.057405235401575,-30.057405235401575,751-1000
TR-047335,Greensboro,Fresno,2440.9,Dry Van,25872.0,2025-10-27,0.81589,2.43948,4254.89,4422.9395551964135,168.04955519641317,-168.04955519641317,1500+
TR-047336,Houston,Greensboro,926.2,Flatbed,39295.0,2025-10-27,0.86382,1.81276,2173.71,2108.138293087729,65.57170691227111,65.57170691227111,751-1000
TR-047337,Albany,Phoenix,3097.3,Flatbed,39370.0,2025-10-27,0.85301,2.27425,5916.65,6185.660381960436,269.01038196043646,-269.01038196043646,1500+
TR-047338,Charleston,Tulsa,1032.8,Dry Van,36069.0,2025-10-27,0.89747,1.95216,2248.82,2206.4903050756584,42.329694924341766,42.329694924341766,1001-1500
TR-047339,Richmond,Montgomery,820.9,Reefer,25760.0,2025-10-27,0.81119,1.94501,1837.42,1868.6012590459757,31.181259045975594,-31.181259045975594,751-1000
TR-047340,Oklahoma City,Cincinnati,922.8,Dry Van,29257.0,2025-10-27,0.83102,2.03726,1909.42,1915.2191456216967,5.799145621696653,-5.799145621696653,751-1000
TR-047341,Houston,Lubbock,382.9,Dry Van,37064.0,2025-10-27,0.89346,1.62291,969.54,953.4725140293505,16.0674859706495,16.0674859706495,251-500
TR-047342,Birmingham,Tampa,437.1,Flatbed,28884.0,2025-10-27,0.88551,1.62671,1081.86,1111.0472232659888,29.187223265988905,-29.187223265988905,251-500
TR-047343,Little Rock,Houston,355.7,Dry Van,12485.0,2025-10-27,0.8321,1.65344,880.2,850.6664356610863,29.53356433891372,29.53356433891372,251-500
TR-047344,Nashville,Greensboro,366.4,Flatbed,24537.0,2025-10-27,0.90124,1.66479,910.03,881.8182867622812,28.211713237718754,28.211713237718754,251-500
TR-047345,Charleston,Los Angeles,2596.2,Dry Van,33707.0,2025-10-27,0.8817,2.22989,4879.54,4948.452366434295,68.91236643429511,-68.91236643429511,1500+
TR-047346,Reno,Providence,3173.4,Dry Van,28715.0,2025-10-27,0.84175,2.38148,5653.31,5426.404058948569,226.905941051431,226.905941051431,1500+
TR-047347,Atlanta,Richmond,699.3,Dry Van,36134.0,2025-10-27,0.83629,2.02374,1481.77,1480.5253030701215,1.2446969298785007,1.2446969298785007,501-750
TR-047348,Oklahoma City,San Antonio,202.9,Reefer,21691.0,2025-10-27,0.86973,1.20484,600.37,608.9582930079135,8.588293007913535,-8.588293007913535,0-250
TR-047349,Shreveport,Cincinnati,552.6,Dry Van,18262.0,2025-10-27,0.88333,2.02355,1181.66,1198.3943516669638,16.734351666963676,-16.734351666963676,501-750
TR-047350,Amarillo,Lexington,1320.9,Reefer,38441.0,2025-10-27,0.79882,1.80414,3020.37,3014.9944430884952,5.3755569115046455,5.3755569115046455,1001-1500
TR-047351,Albany,Columbia,1067.6,Dry Van,20685.0,2025-10-27,0.87585,2.36309,1953.54,2129.1292934632934,175.58929346329342,-175.58929346329342,1001-1500
TR-047352,Richmond,Baton Rouge,1262.8,Dry Van,32967.0,2025-10-27,0.83648,2.16809,2506.68,2552.705553421836,46.02555342183632,-46.02555342183632,1001-1500
TR-047353,Fort Wayne,New York,715.7,Flatbed,33051.0,2025-10-28,0.92264,1.95833,1575.97,1626.8036699666832,50.833669966683146,-50.833669966683146,501-750
TR-047354,New York,Syracuse,324.2,Dry Van,30509.0,2025-10-28,0.89448,1.95972,696.47,751.6562856835878,55.18628568358781,-55.18628568358781,251-500
TR-047355,Mobile,Austin,831.6,Reefer,32988.0,2025-10-28,0.96488,1.5957,2128.96,2093.3347079634823,35.62529203651775,35.62529203651775,751-1000
TR-047356,Dayton,Milwaukee,198.6,Dry Van,22963.0,2025-10-28,0.90202,1.61376,504.28,500.99713215311004,3.2828678468899284,3.2828678468899284,0-250
TR-047357,Phoenix,Nashville,1954.9,Dry Van,28677.0,2025-10-28,0.91195,2.18111,3847.37,3834.909378523473,12.46062147652674,12.46062147652674,1500+
TR-047358,Columbia,Fresno,2384.7,Flatbed,41518.0,2025-10-28,0.93602,2.02189,5009.28,4973.842237106781,35.43776289321886,35.43776289321886,1500+
TR-047359,Corpus Christi,Charleston,1233.6,Reefer,26135.0,2025-10-28,0.93271,1.91172,2709.64,2766.944478738658,57.30447873865796,-57.30447873865796,1001-1500
TR-047360,Baltimore,Corpus Christi,1743.9,Dry Van,47500.0,2025-10-28,0.93941,2.13427,3458.39,3572.7386197473475,114.34861974734758,-114.34861974734758,1500+
TR-047361,Savannah,Baton Rouge,770.4,Dry Van,38510.0,2025-10-28,0.93036,1.94905,1718.9,1703.2156972587052,15.684302741294914,15.684302741294914,751-1000
TR-047362,Greensboro,Shreveport,705.6,Dry Van,20948.0,2025-10-28,0.92446,2.0896,1468.62,1441.620265152446,26.999734847553782,26.999734847553782,501-750
TR-047363,Oklahoma City,San Antonio,225.6,Flatbed,19664.0,2025-10-28,0.92212,1.38973,618.21,617.4085567935786,0.8014432064214816,0.8014432064214816,0-250
TR-047364,Birmingham,Baton Rouge,487.6,Flatbed,47500.0,2025-10-28,0.91715,1.45637,1285.55,1258.4473089846424,27.10269101535755,27.10269101535755,251-500
TR-047365,Corpus Christi,Little Rock,529.9,Reefer,32059.0,2025-10-28,0.91506,1.52319,1391.52,1376.7262577099468,14.79374229005316,14.79374229005316,501-750
TR-047366,Oklahoma City,St. Louis,818.8,Flatbed,12484.0,2025-10-28,0.943,1.87376,1832.71,1869.0024911133657,36.29249111336571,-36.29249111336571,751-1000
TR-047367,Montgomery,Austin,967.4,Dry Van,34589.0,2025-10-28,0.94462,1.98553,2095.3,2123.421513695219,28.12151369521871,-28.12151369521871,751-1000
TR-047368,Grand Rapids,Indianapolis,442.0,Flatbed,22604.0,2025-10-28,0.92289,1.82323,1044.28,1044.9398825152296,0.6598825152295831,-0.6598825152295831,251-500
TR-047369,Toledo,Tulsa,975.4,Dry Van,39729.0,2025-10-28,0.91746,1.97855,2093.14,2056.2804132500964,36.85958674990343,36.85958674990343,751-1000
TR-047370,Shreveport,Memphis,314.8,Reefer,40591.0,2025-10-28,0.91355,1.37388,888.73,884.3535814811221,4.3764185188779265,4.3764185188779265,251-500
TR-047371,Las Vegas,Greensboro,2183.5,Dry Van,12741.0,2025-10-28,0.96125,2.349,3924.86,3965.999576536618,41.139576536617824,-41.139576536617824,1500+
TR-047372,Milwaukee,Providence,1198.9,Reefer,14598.0,2025-10-28,0.97363,2.01417,2569.09,2552.4178206202555,16.672179379744648,16.672179379744648,1001-1500
TR-047373,Bakersfield,Amarillo,848.6,Reefer,31157.0,2025-10-28,0.93664,1.82523,1998.58,2034.3942796558863,35.81427965588637,-35.81427965588637,751-1000
TR-047374,Memphis,Savannah,533.8,Dry Van,31056.0,2025-10-28,0.90307,1.85907,1234.58,1191.1689104360646,43.41108956393532,43.41108956393532,501-750
TR-047375,Oklahoma City,Indianapolis,863.3,Reefer,27148.0,2025-10-28,0.94047,1.83019,2035.9,2055.9415208425708,20.041520842570662,-20.041520842570662,751-1000
TR-047376,Tucson,Birmingham,1886.6,Dry Van,23552.0,2025-10-28,0.95853,2.20564,3597.23,3657.223078230532,59.993078230531864,-59.993078230531864,1500+
TR-047377,Austin,Phoenix,1139.4,Dry Van,24802.0,2025-10-28,0.91188,2.10673,2321.27,2360.9391389079397,39.66913890793967,-39.66913890793967,1001-1500
TR-047378,Cincinnati,Salt Lake City,1672.1,Dry Van,27259.0,2025-10-28,0.91671,2.24927,3163.93,3297.2331262206053,133.30312622060546,-133.30312622060546,1500+
TR-047379,Reno,Phoenix,884.5,Flatbed,30835.0,2025-10-28,0.89746,1.98432,1939.15,1994.8779020502652,55.72790205026513,-55.72790205026513,751-1000
TR-047380,Louisville,Fort Wayne,361.0,Dry Van,38758.0,2025-10-28,0.93049,1.81395,856.65,853.809897337151,2.840102662848949,2.840102662848949,251-500
TR-047381,Montgomery,Bakersfield,2035.1,Reefer,35254.0,2025-10-28,0.92557,2.0012,4463.62,4485.628561306813,22.008561306813135,-22.008561306813135,1500+
TR-047382,Chattanooga,Phoenix,2040.7,Flatbed,42407.0,2025-10-28,0.93078,2.05008,4338.95,4315.164567842495,23.785432157505056,23.785432157505056,1500+
TR-047383,Louisville,Baton Rouge,685.8,Dry Van,30472.0,2025-10-28,0.95442,1.9559,1498.89,1490.3563874825486,8.533612517451502,8.533612517451502,501-750
TR-047384,Richmond,Cincinnati,634.2,Reefer,31869.0,2025-10-28,0.92468,1.65754,1571.22,1538.6320971062764,32.587902893723594,32.587902893723594,501-750
TR-047385,Los Angeles,Jacksonville,2338.2,Dry Van,36888.0,2025-10-28,0.90711,2.28025,4355.11,4553.852066320908,198.74206632090863,-198.74206632090863,1500+
TR-047386,Montgomery,Philadelphia,1049.3,Flatbed,31257.0,2025-10-28,0.93435,1.97461,2270.1,2357.733624931235,87.63362493123532,-87.63362493123532,1001-1500
TR-047387,Baltimore,Syracuse,458.9,Flatbed,21554.0,2025-10-28,0.95557,1.9197,1042.46,1052.7726236191806,10.312623619180613,-10.312623619180613,251-500
TR-047388,San Francisco,Madison,2095.1,Dry Van,11567.0,2025-10-28,0.91652,2.4216,3678.26,3692.8305714202525,14.570571420252236,-14.570571420252236,1500+
TR-047389,Atlanta,Richmond,679.8,Dry Van,23834.0,2025-10-28,0.91121,2.07149,1425.24,1374.222203063815,51.01779693618505,51.01779693618505,501-750
TR-047390,Philadelphia,Salt Lake City,2531.1,Dry Van,26104.0,2025-10-28,0.962,2.26137,4745.33,4724.557705863927,20.77229413607256,20.77229413607256,1500+
TR-047391,Buffalo,Boston,598.2,Reefer,34650.0,2025-10-28,0.928,1.81517,1405.42,1492.9216562491729,87.50165624917281,-87.50165624917281,501-750
TR-047392,Los Angeles,Fresno,435.0,Reefer,30124.0,2025-10-28,0.90685,1.56388,1120.77,1130.230968932764,9.46096893276399,-9.46096893276399,251-500
TR-047393,Reno,San Francisco,428.0,Dry Van,22868.0,2025-10-28,0.90996,1.97325,941.6,929.3873035239968,12.212696476003202,12.212696476003202,251-500
TR-047394,Columbia,Reno,2306.4,Flatbed,42742.0,2025-10-28,0.90283,2.13382,4749.79,4782.042650023008,32.252650023007845,-32.252650023007845,1500+
TR-047395,Montgomery,El Paso,1652.5,Dry Van,25397.0,2025-10-28,0.89741,2.26194,3187.5,3249.468452054607,61.96845205460704,-61.96845205460704,1500+
TR-047396,Amarillo,Columbia,1413.1,Flatbed,37957.0,2025-10-28,0.9173,1.88517,3189.23,3151.35467705359,37.87532294641005,37.87532294641005,1001-1500
TR-047397,Oklahoma City,Austin,248.3,Dry Van,32860.0,2025-10-28,0.94746,1.48881,656.46,671.3760340007453,14.916034000745299,-14.916034000745299,0-250
TR-047398,Mobile,Philadelphia,1151.6,Reefer,21445.0,2025-10-28,0.95639,2.06941,2465.88,2577.6011651466706,111.7211651466705,-111.7211651466705,1001-1500
TR-047399,Syracuse,Nashville,909.5,Reefer,34680.0,2025-10-28,0.90078,1.87296,2112.89,2081.6203939985453,31.269606001454576,31.269606001454576,751-1000
TR-047400,Savannah,Milwaukee,637.7,Dry Van,29753.0,2025-10-28,0.9147,2.05493,1354.66,1348.6657359468754,5.9942640531246525,5.9942640531246525,501-750
TR-047401,New Orleans,Nashville,356.8,Reefer,29848.0,2025-10-28,0.92335,1.27866,1019.77,970.2942864749666,49.47571352503337,49.47571352503337,251-500
TR-047402,Detroit,San Antonio,1442.5,Dry Van,33530.0,2025-10-28,0.89922,2.20734,2754.21,2901.947615662564,147.73761566256417,-147.73761566256417,1001-1500
TR-047403,Washington,Fresno,2829.3,Flatbed,38958.0,2025-10-28,0.93254,2.13364,5681.27,5647.9228116936965,33.347188306303906,33.347188306303906,1500+
TR-047404,Toledo,Fresno,2355.5,Reefer,5000.0,2025-10-28,0.91572,2.16012,4655.6,4800.103996877902,144.50399687790195,-144.50399687790195,1500+
TR-047405,Baton Rouge,Memphis,468.7,Dry Van,24142.0,2025-10-28,0.94219,1.83201,1077.64,1071.644030259444,5.99596974055612,5.99596974055612,251-500
TR-047406,Baton Rouge,El Paso,1249.0,Dry Van,38948.0,2025-10-28,0.921,2.04298,2642.51,2663.5389916516992,21.028991651699016,-21.028991651699016,1001-1500
TR-047407,Albuquerque,Lexington,1611.3,Dry Van,26715.0,2025-10-28,0.90858,2.23109,3069.81,3154.311731866369,84.50173186636903,-84.50173186636903,1500+
TR-047408,Amarillo,New York,2026.7,Dry Van,32846.0,2025-10-28,0.89647,2.18169,3993.34,3935.605891465979,57.73410853402129,57.73410853402129,1500+
TR-047409,Milwaukee,Charleston,723.9,Dry Van,38911.0,2025-10-28,0.90661,1.92757,1605.8,1538.6506549463973,67.1493450536027,67.1493450536027,501-750
TR-047410,Corpus Christi,Bakersfield,1500.2,Dry Van,33273.0,2025-10-28,0.96137,2.12131,3021.1,3117.196750280597,96.096750280597,-96.096750280597,1500+
TR-047411,Bakersfield,Lubbock,1197.4,Flatbed,25020.0,2025-10-28,0.90331,1.96864,2578.04,2613.6226692603927,35.58266926039278,-35.58266926039278,1001-1500
TR-047412,Syracuse,Austin,1852.0,Dry Van,38503.0,2025-10-28,0.94446,2.25854,3556.61,3641.2867927566426,84.6767927566425,-84.6767927566425,1500+
TR-047413,Richmond,Fort Wayne,596.6,Dry Van,19140.0,2025-10-28,0.91725,2.14334,1183.25,1230.8430707383031,47.59307073830314,-47.59307073830314,501-750
TR-047414,Albuquerque,Amarillo,428.5,Reefer,33693.0,2025-10-28,0.89989,1.46098,1176.14,1142.712963873932,33.42703612606806,33.42703612606806,251-500
TR-047415,Syracuse,Bakersfield,2587.3,Flatbed,34587.0,2025-10-28,0.92873,2.22849,5096.63,5322.80942593591,226.17942593591033,-226.17942593591033,1500+
TR-047416,Fort Wayne,Philadelphia,769.0,Dry Van,38917.0,2025-10-28,0.93631,2.03066,1591.65,1618.9826239427127,27.332623942712644,-27.332623942712644,751-1000
TR-047417,Albany,Cincinnati,1149.8,Dry Van,35518.0,2025-10-28,0.92727,2.12353,2284.94,2410.434389181269,125.49438918126907,-125.49438918126907,1001-1500
TR-047418,Columbia,Phoenix,2187.1,Dry Van,24535.0,2025-10-28,0.88685,2.29427,4063.92,4036.449239450912,27.470760549088027,27.470760549088027,1500+
TR-047419,Cincinnati,Toledo,421.9,Reefer,47500.0,2025-10-28,0.91431,1.57878,1091.27,1093.741451368218,2.471451368217913,-2.471451368217913,251-500
TR-047420,Mobile,Salt Lake City,1650.6,Dry Van,25994.0,2025-10-28,0.9332,2.2311,3212.28,3250.0379907207102,37.75799072071004,-37.75799072071004,1500+
TR-047421,Lexington,Bakersfield,2190.8,Dry Van,34697.0,2025-10-28,0.90321,2.17307,4325.34,4256.9219065693505,68.4180934306496,68.4180934306496,1500+
TR-047422,Atlanta,Little Rock,404.4,Flatbed,32724.0,2025-10-28,0.90402,1.67856,1022.33,1047.5349953477644,25.20499534776434,-25.20499534776434,251-500
TR-047423,Savannah,Little Rock,658.0,Flatbed,44825.0,2025-10-28,0.87257,1.77523,1600.71,1556.7889125861063,43.9210874138937,43.9210874138937,501-750
TR-047424,Tucson,Albany,2896.1,Reefer,30027.0,2025-10-28,0.95621,2.12467,5972.82,5851.410892573209,121.4091074267908,121.4091074267908,1500+
TR-047425,Los Angeles,Charleston,2544.0,Dry Van,35756.0,2025-10-28,0.91905,2.33607,4709.46,4883.288250933674,173.8282509336741,-173.8282509336741,1500+
TR-047426,Salt Lake City,Milwaukee,1639.3,Flatbed,29787.0,2025-10-28,0.91054,2.04605,3365.06,3483.4523876666785,118.39238766667859,-118.39238766667859,1500+
TR-047427,Montgomery,Hartford,1148.9,Reefer,32324.0,2025-10-28,0.9183,1.92622,2540.54,2751.9276411285477,211.38764112854778,-211.38764112854778,1001-1500
TR-047428,Richmond,Greensboro,419.1,Dry Van,42095.0,2025-10-28,0.92268,1.80953,993.52,988.0883993527716,5.431600647228379,5.431600647228379,251-500
TR-047429,Birmingham,Memphis,272.6,Dry Van,41173.0,2025-10-28,0.94283,1.61185,692.88,717.716438991975,24.836438991975,-24.836438991975,251-500
TR-047430,Indianapolis,Raleigh,783.7,Reefer,32467.0,2025-10-28,0.90631,1.81851,1841.61,1852.0260523249804,10.416052324980456,-10.416052324980456,751-1000
TR-047431,Hartford,Grand Rapids,926.5,Dry Van,24736.0,2025-10-28,0.90467,2.16287,1806.26,1792.3396598909153,13.920340109084691,13.920340109084691,751-1000
TR-047432,Phoenix,Chattanooga,1978.6,Flatbed,35617.0,2025-10-28,0.9287,2.00708,4295.45,4283.49788789252,11.95211210747948,11.95211210747948,1500+
TR-047433,St. Louis,Baton Rouge,664.6,Reefer,30807.0,2025-10-28,0.92221,1.71592,1613.18,1635.2799320719644,22.099932071964304,-22.099932071964304,501-750
TR-047434,Greensboro,Corpus Christi,1096.5,Dry Van,31159.0,2025-10-28,0.96856,2.06232,2271.94,2292.554882564868,20.614882564867912,-20.614882564867912,1001-1500
TR-047435,Baton Rouge,Charleston,928.7,Dry Van,40240.0,2025-10-28,0.96778,1.92379,2060.68,1990.3911827535624,70.28881724643747,70.28881724643747,751-1000
TR-047436,Raleigh,Dayton,650.4,Flatbed,25304.0,2025-10-28,0.93433,1.9461,1447.73,1415.348033904703,32.381966095297,32.381966095297,501-750
TR-047437,Nashville,Dallas,527.7,Reefer,33803.0,2025-10-28,0.93552,1.53148,1373.08,1367.2983341652584,5.781665834741489,5.781665834741489,501-750
TR-047438,Albany,Houston,1867.0,Flatbed,45203.0,2025-10-28,0.9552,2.04819,3974.95,3917.5846915792954,57.36530842070442,57.36530842070442,1500+
TR-047439,Lubbock,Madison,1186.8,Reefer,30994.0,2025-10-28,0.94958,1.83658,2686.94,2720.060754359769,33.12075435976885,-33.12075435976885,1001-1500
TR-047440,Fort Wayne,Corpus Christi,1242.8,Dry Van,35688.0,2025-10-28,0.90109,2.10995,2579.09,2560.5421031082365,18.547896891763685,18.547896891763685,1001-1500
TR-047441,Greensboro,Amarillo,1458.4,Flatbed,32658.0,2025-10-28,0.94247,2.0123,3125.81,3209.6308184114064,83.82081841140644,-83.82081841140644,1001-1500
TR-047442,Montgomery,Kansas City,738.3,Reefer,27723.0,2025-10-28,0.90169,1.75509,1760.31,1731.0813477055121,29.2286522944878,29.2286522944878,501-750
TR-047443,Dallas,Buffalo,1287.2,Flatbed,39893.0,2025-10-28,0.95134,1.90178,2912.71,2835.4884004088226,77.22159959117744,77.22159959117744,1001-1500
TR-047444,Boston,Reno,3024.7,Dry Van,20006.0,2025-10-28,0.92806,2.41462,5224.85,5130.298702106156,94.5512978938441,94.5512978938441,1500+
TR-047445,Harrisburg,Greensboro,443.2,Dry Van,26610.0,2025-10-28,0.96411,1.9513,985.67,980.2020528072732,5.467947192726797,5.467947192726797,251-500
TR-047446,Syracuse,Columbia,735.8,Dry Van,21805.0,2025-10-28,0.93836,2.15974,1465.33,1460.2395847123519,5.090415287648057,5.090415287648057,501-750
TR-047447,Lubbock,Baltimore,1882.9,Dry Van,24357.0,2025-10-28,0.91256,2.20853,3575.15,3649.873864074521,74.72386407452086,-74.72386407452086,1500+
TR-047448,Corpus Christi,Richmond,1495.0,Dry Van,38199.0,2025-10-28,0.9429,2.1594,3023.55,3013.2372770339634,10.312722966036745,10.312722966036745,1001-1500
TR-047449,Dayton,New York,737.2,Dry Van,19145.0,2025-10-28,0.93778,2.12349,1474.64,1474.7005462963243,0.06054629632421893,-0.06054629632421893,501-750
TR-047450,San Antonio,Atlanta,920.4,Reefer,26586.0,2025-10-28,0.95963,1.72973,2197.71,2099.320587497868,98.38941250213202,98.38941250213202,751-1000
TR-047451,Raleigh,Grand Rapids,850.0,Dry Van,25363.0,2025-10-28,0.9579,2.07442,1698.45,1673.818619028992,24.631380971007957,24.631380971007957,751-1000
TR-047452,Milwaukee,Mobile,623.3,Reefer,31496.0,2025-10-28,0.91677,1.69449,1540.06,1536.581449166147,3.478550833852978,3.478550833852978,501-750
TR-047453,Reno,Fort Wayne,2091.9,Dry Van,27897.0,2025-10-28,0.92171,2.37665,3650.16,3774.4049205519877,124.24492055198789,-124.24492055198789,1500+
TR-047454,Salt Lake City,Richmond,2376.2,Dry Van,29835.0,2025-10-28,0.91694,2.29327,4413.94,4518.371769625334,104.43176962533471,-104.43176962533471,1500+
TR-047455,Montgomery,Austin,932.1,Dry Van,11608.0,2025-10-28,0.90109,2.12714,1871.9,1956.2841254165528,84.3841254165527,-84.3841254165527,751-1000
TR-047456,El Paso,Grand Rapids,1708.0,Flatbed,18694.0,2025-10-28,0.92182,2.23982,3295.02,3560.979325958642,265.95932595864224,-265.95932595864224,1500+
TR-047457,Cincinnati,Hartford,958.0,Reefer,30461.0,2025-10-28,0.94297,1.86295,2174.2,2208.423123114689,34.223123114689315,-34.223123114689315,751-1000
TR-047458,Los Angeles,Lexington,2267.2,Dry Van,38622.0,2025-10-28,0.94542,2.31047,4308.62,4422.328883416849,113.70888341684895,-113.70888341684895,1500+
TR-047459,Mobile,Lexington,490.2,Reefer,30597.0,2025-10-28,0.92768,1.58244,1258.82,1230.1243376790442,28.695662320955762,28.695662320955762,251-500
TR-047460,Fort Wayne,Atlanta,549.0,Dry Van,29011.0,2025-10-28,0.9118,1.95255,1200.85,1188.7463210122532,12.103678987746662,12.103678987746662,501-750
TR-047461,Toledo,Providence,987.4,Reefer,42333.0,2025-10-28,0.90318,1.92929,2207.48,2293.143171012723,85.66317101272307,-85.66317101272307,751-1000
TR-047462,Mobile,Reno,2069.7,Flatbed,25238.0,2025-10-28,0.96372,2.21227,3936.26,4118.220536396957,181.96053639695674,-181.96053639695674,1500+
TR-047463,Bakersfield,Little Rock,1640.8,Reefer,33270.0,2025-10-28,0.87127,1.92676,3628.24,3671.033037453455,42.79303745345533,-42.79303745345533,1500+
TR-047464,Harrisburg,Phoenix,2642.2,Flatbed,36603.0,2025-10-28,0.94567,2.15596,5167.12,5322.049780193013,154.92978019301336,-154.92978019301336,1500+
TR-047465,Fort Wayne,Hartford,807.5,Dry Van,34497.0,2025-10-28,0.91487,2.05383,1696.9,1698.9365583663925,2.0365583663924554,-2.0365583663924554,751-1000
TR-047466,Nashville,Fort Wayne,541.3,Dry Van,31941.0,2025-10-28,0.96111,2.08244,1179.5,1197.098658845959,17.598658845959108,-17.598658845959108,501-750
TR-047467,Green Bay,St. Louis,507.6,Dry Van,24538.0,2025-10-28,0.90239,2.0476,1083.36,1074.36588054593,8.99411945406996,8.99411945406996,501-750
TR-047468,Kansas City,Jacksonville,746.6,Dry Van,36843.0,2025-10-28,0.95697,1.95876,1641.29,1588.108612588216,53.181387411784044,53.181387411784044,501-750
TR-047469,Houston,Montgomery,624.4,Dry Van,42676.0,2025-10-28,0.89206,1.82462,1458.78,1419.2900599140817,39.489940085918306,39.489940085918306,501-750
TR-047470,Lexington,Detroit,534.0,Reefer,36779.0,2025-10-28,0.93385,1.67347,1330.5,1324.9888740460601,5.511125953939882,5.511125953939882,501-750
TR-047471,Oklahoma City,Baltimore,1766.6,Flatbed,26098.0,2025-10-28,0.90117,2.0863,3611.22,3780.6482996784475,169.42829967844773,-169.42829967844773,1500+
TR-047472,Houston,Tulsa,235.1,Dry Van,11373.0,2025-10-28,0.93187,1.65218,595.09,593.3062709388668,1.783729061133272,1.783729061133272,0-250
TR-047473,Charleston,Bakersfield,2465.2,Dry Van,17461.0,2025-10-28,0.90416,2.34982,4372.61,4473.778747478422,101.16874747842212,-101.16874747842212,1500+
TR-047474,Philadelphia,Columbia,774.0,Flatbed,31496.0,2025-10-28,0.93722,1.86721,1745.58,1754.0379885391503,8.457988539150392,-8.457988539150392,751-1000
TR-047475,El Paso,Phoenix,548.7,Reefer,15161.0,2025-10-28,0.95938,1.78981,1307.46,1365.839719891035,58.37971989103494,-58.37971989103494,501-750
TR-047476,Atlanta,Jacksonville,282.3,Reefer,26934.0,2025-10-28,0.94979,1.48713,751.16,756.4406022701742,5.2806022701741995,-5.2806022701741995,251-500
TR-047477,Las Vegas,Phoenix,383.6,Dry Van,40270.0,2025-10-28,0.88092,1.77218,916.19,924.2397071799746,8.049707179974575,-8.049707179974575,251-500
TR-047478,Milwaukee,Albuquerque,1408.6,Flatbed,28956.0,2025-10-28,0.91633,2.1434,2860.24,3026.64295693105,166.40295693105008,-166.40295693105008,1001-1500
TR-047479,Montgomery,Phoenix,2101.8,Dry Van,31496.0,2025-10-28,0.94401,2.15227,4115.49,4013.6167244696117,101.87327553038813,101.87327553038813,1500+
TR-047480,Bakersfield,Dallas,1473.1,Dry Van,28258.0,2025-10-28,0.95851,2.19873,2873.82,2939.7993080108345,65.9793080108343,-65.9793080108343,1001-1500
TR-047481,Philadelphia,New York,108.5,Dry Van,17386.0,2025-10-28,0.89926,1.55703,283.17,261.2664157510079,21.903584248992104,21.903584248992104,0-250
TR-047482,Syracuse,Montgomery,1040.7,Dry Van,40192.0,2025-10-28,0.9391,2.11782,2125.82,2127.9375184365813,2.117518436581122,-2.117518436581122,1001-1500
TR-047483,Louisville,Hartford,975.2,Dry Van,25034.0,2025-10-28,0.89614,2.12684,1976.8,1969.60083355484,7.199166445160017,7.199166445160017,751-1000
TR-047484,Oklahoma City,Buffalo,1518.9,Reefer,31139.0,2025-10-29,1.01919,1.91646,3370.38,3471.5249981288957,101.14499812889562,-101.14499812889562,1500+
TR-047485,Oklahoma City,El Paso,823.5,Dry Van,32767.0,2025-10-29,1.0177,1.91692,1870.23,1825.5175953497467,44.71240465025335,44.71240465025335,751-1000
TR-047486,Milwaukee,St. Louis,152.1,Reefer,46766.0,2025-10-29,1.01168,0.93373,484.6,464.8109010285308,19.78909897146923,19.78909897146923,0-250
TR-047487,Cincinnati,Montgomery,490.5,Dry Van,24317.0,2025-10-29,1.00749,1.85984,1121.9,1067.5646838840894,54.3353161159107,54.3353161159107,251-500
TR-047488,Milwaukee,Hartford,1014.5,Reefer,25210.0,2025-10-29,1.05319,1.88713,2270.61,2222.8608085022265,47.74919149777361,47.74919149777361,1001-1500
TR-047489,Albany,Tampa,1602.4,Dry Van,16921.0,2025-10-29,1.0127,2.32894,2892.34,2973.0687300436853,80.72873004368512,-80.72873004368512,1500+
TR-047490,Buffalo,Baton Rouge,1283.9,Flatbed,26878.0,2025-10-29,1.00546,1.99174,2747.48,2711.1004335531534,36.37956644684664,36.37956644684664,1001-1500
TR-047491,Richmond,Lexington,556.8,Reefer,31630.0,2025-10-29,1.00525,1.70342,1363.85,1358.6432653631805,5.206734636819419,5.206734636819419,501-750
TR-047492,Los Angeles,Shreveport,1737.9,Dry Van,37106.0,2025-10-29,1.00881,2.09415,3559.43,3580.8429486586306,21.41294865863074,-21.41294865863074,1500+
TR-047493,Fresno,Amarillo,1066.8,Dry Van,27245.0,2025-10-29,0.99719,2.01015,2250.61,2242.264054359843,8.34594564015697,8.34594564015697,1001-1500
TR-047494,Washington,Syracuse,327.0,Dry Van,27504.0,2025-10-29,0.97602,1.88156,731.72,764.3827328774157,32.66273287741569,-32.66273287741569,251-500
TR-047495,Lexington,Memphis,341.3,Flatbed,33053.0,2025-10-29,0.9865,1.51917,888.94,883.9928705903242,4.947129409675881,4.947129409675881,251-500
TR-047496,Tucson,Milwaukee,1743.6,Dry Van,30681.0,2025-10-29,1.01562,2.20557,3390.51,3458.2872805791476,67.77728057914737,-67.77728057914737,1500+
TR-047497,Chattanooga,Birmingham,169.4,Flatbed,34018.0,2025-10-29,1.00552,1.22012,500.4,507.49322232898976,7.093222328989782,-7.093222328989782,0-250
TR-047498,Reno,El Paso,731.6,Dry Van,41246.0,2025-10-29,0.98708,1.94427,1606.79,1564.9482314979773,41.84176850202266,41.84176850202266,501-750
TR-047499,Salt Lake City,Birmingham,1796.7,Dry Van,44035.0,2025-10-29,1.02213,2.05895,3778.61,3677.113773610955,101.4962263890452,101.4962263890452,1500+
TR-047500,Grand Rapids,San Francisco,2319.7,Dry Van,31836.0,2025-10-29,0.96252,2.28589,4190.67,4356.27033475353,165.60033475352975,-165.60033475352975,1500+
TR-047501,Philadelphia,Fort Wayne,790.2,Reefer,21719.0,2025-10-29,1.02424,1.92683,1783.42,1743.4326255279393,39.987374472060765,39.987374472060765,751-1000
TR-047502,Mobile,Nashville,299.5,Flatbed,36304.0,2025-10-29,1.03802,1.33501,846.81,850.2388109582093,3.4288109582093966,-3.4288109582093966,251-500
TR-047503,Las Vegas,Kansas City,1674.0,Reefer,31441.0,2025-10-29,0.97538,1.98041,3685.43,3745.8336054353813,60.40360543538145,-60.40360543538145,1500+
TR-047504,Bakersfield,Montgomery,2063.5,Reefer,18258.0,2025-10-29,1.00768,2.06983,880.04,4241.7611988487715,3361.7211988487716,-3361.7211988487716,1500+
TR-047505,Phoenix,Little Rock,1691.5,Reefer,20077.0,2025-10-29,1.00249,2.07258,3606.92,3736.7808173852573,129.86081738525718,-129.86081738525718,1500+
TR-047506,Philadelphia,Memphis,1112.3,Dry Van,35127.0,2025-10-29,1.01406,2.04535,2312.14,2321.1877941702232,9.04779417022337,-9.04779417022337,1001-1500
TR-047507,Charleston,Bakersfield,2454.6,Reefer,29122.0,2025-10-29,1.03949,2.05338,5152.2,5059.115644409845,93.0843555901547,93.0843555901547,1500+
TR-047508,Tulsa,Baton Rouge,290.9,Dry Van,37967.0,2025-10-29,1.0007,1.49118,766.56,755.0011370915768,11.55886290842318,11.55886290842318,251-500
TR-047509,St. Louis,Milwaukee,160.3,Dry Van,33699.0,2025-10-29,0.97842,1.38488,446.16,417.5163171207528,28.64368287924725,28.64368287924725,0-250
TR-047510,Oklahoma City,Jacksonville,959.7,Flatbed,36743.0,2025-10-29,0.97182,1.77765,2272.15,2249.068596585548,23.08140341445187,23.08140341445187,751-1000
TR-047511,El Paso,St. Louis,1398.3,Dry Van,19147.0,2025-10-29,0.99351,2.22787,2651.73,2740.8782352576854,89.14823525768543,-89.14823525768543,1001-1500
TR-047512,Tucson,Jacksonville,2002.3,Dry Van,20891.0,2025-10-29,1.0271,2.26929,3767.08,3797.300955432669,30.220955432669143,-30.220955432669143,1500+
TR-047513,Greensboro,Los Angeles,2399.3,Flatbed,34837.0,2025-10-29,1.01292,2.0614,4946.8,4963.000636856864,16.20063685686364,-16.20063685686364,1500+
TR-047514,Kansas City,Lexington,450.4,Dry Van,16250.0,2025-10-29,1.03792,1.9359,994.65,976.3672106851059,18.282789314894103,18.282789314894103,251-500
TR-047515,Kansas City,Tampa,944.0,Flatbed,32172.0,2025-10-29,1.05402,1.89665,2144.48,2133.6107878005923,10.869212199407684,10.869212199407684,751-1000
TR-047516,Albuquerque,Austin,856.3,Dry Van,45390.0,2025-10-29,1.06621,1.86026,1957.2,1900.6669452324336,56.533054767566455,56.533054767566455,751-1000
TR-047517,Lubbock,Shreveport,564.1,Dry Van,36162.0,2025-10-29,0.99618,1.73755,1357.67,1320.9902371448732,36.67976285512691,36.67976285512691,501-750
TR-047518,Columbia,New York,749.1,Reefer,32262.0,2025-10-29,0.95212,1.7677,1760.13,1791.0388410263874,30.908841026387336,-30.908841026387336,501-750
TR-047519,Montgomery,Raleigh,689.0,Dry Van,44983.0,2025-10-29,1.02295,1.83015,1602.83,1539.439044132718,63.390955867281946,63.390955867281946,501-750
TR-047520,Tulsa,Nashville,484.8,Reefer,25178.0,2025-10-29,1.02984,1.59295,1269.47,1226.8410030410216,42.628996958978405,42.628996958978405,251-500
TR-047521,Milwaukee,Jacksonville,697.9,Dry Van,31908.0,2025-10-29,1.02156,1.97308,1527.82,1474.9616039538016,52.85839604619832,52.85839604619832,501-750
TR-047522,Mobile,Shreveport,286.4,Dry Van,35233.0,2025-10-29,0.98632,1.50993,757.91,740.7615600203552,17.148439979644763,17.148439979644763,251-500
TR-047523,Memphis,Montgomery,433.5,Reefer,36422.0,2025-10-29,0.98961,1.40008,1174.09,1171.8443424204822,2.245657579517683,2.245657579517683,251-500
TR-047524,Richmond,Louisville,675.2,Flatbed,30153.0,2025-10-29,1.02456,1.82445,1547.03,1531.3521410112292,15.677858988770822,15.677858988770822,501-750
TR-047525,San Francisco,Lexington,2321.5,Dry Van,15373.0,2025-10-29,1.0161,2.35631,4199.93,4329.936057522596,130.00605752259526,-130.00605752259526,1500+
TR-047526,Columbia,Madison,692.5,Dry Van,25205.0,2025-10-29,1.01152,2.09955,1434.93,1421.0088060954797,13.92119390452035,13.92119390452035,501-750
TR-047527,New Orleans,Tucson,1469.7,Dry Van,20103.0,2025-10-29,0.98354,2.1652,2909.37,2918.6564990515767,9.286499051576811,-9.286499051576811,1001-1500
TR-047528,Indianapolis,St. Louis,93.0,Flatbed,46100.0,2025-10-29,0.98459,0.91607,299.74,329.30597570370395,29.56597570370394,-29.56597570370394,0-250
TR-047529,Bakersfield,El Paso,453.6,Dry Van,15896.0,2025-10-29,1.03754,2.00081,996.52,1007.6868796688119,11.16687966881193,-11.16687966881193,251-500
TR-047530,Chattanooga,Shreveport,424.6,Dry Van,35104.0,2025-10-29,1.01161,1.67524,1043.66,1028.0277621804937,15.632237819506372,15.632237819506372,251-500
TR-047531,Greensboro,Salt Lake City,2037.1,Dry Van,41204.0,2025-10-29,0.97602,2.22528,3939.96,4008.7527011664633,68.7927011664633,-68.7927011664633,1500+
TR-047532,Shreveport,Providence,1562.2,Dry Van,32688.0,2025-10-29,1.00657,2.19782,3087.48,3188.1380170450993,100.65801704509931,-100.65801704509931,1500+
TR-047533,Bakersfield,Amarillo,831.6,Reefer,45078.0,2025-10-29,1.01722,1.73223,2012.77,2050.8693318129694,38.09933181296947,-38.09933181296947,751-1000
TR-047534,Green Bay,Harrisburg,686.7,Flatbed,34120.0,2025-10-29,0.99296,1.98393,1537.05,1572.356944449506,35.30694444950609,-35.30694444950609,501-750
TR-047535,Shreveport,Philadelphia,1357.2,Dry Van,47500.0,2025-10-29,0.98228,2.15625,2731.05,2780.659362754683,49.609362754682934,-49.609362754682934,1001-1500
TR-047536,Savannah,Kansas City,734.7,Dry Van,24152.0,2025-10-29,0.99708,2.04475,1532.23,1476.680825067542,55.54917493245807,55.54917493245807,501-750
TR-047537,Los Angeles,Richmond,2782.4,Dry Van,25730.0,2025-10-29,1.0341,2.39203,15003.55,5046.230589589268,9957.319410410732,9957.319410410732,1500+
TR-047538,Tucson,Albany,2847.6,Dry Van,40966.0,2025-10-29,0.99402,2.31042,5253.36,5435.720110312695,182.36011031269572,-182.36011031269572,1500+
TR-047539,St. Louis,New York,1041.1,Dry Van,20785.0,2025-10-29,1.07407,2.24529,472.91,2060.5402693655055,1587.6302693655055,-1587.6302693655055,1001-1500
TR-047540,Green Bay,Cincinnati,596.3,Dry Van,33319.0,2025-10-29,1.01844,1.99187,1301.4,1331.9030207609708,30.503020760970685,-30.503020760970685,501-750
TR-047541,Raleigh,Baltimore,405.4,Flatbed,37350.0,2025-10-29,1.02664,1.59771,1028.05,1028.5185223182348,0.46852231823481816,-0.46852231823481816,251-500
TR-047542,Washington,Shreveport,1129.3,Dry Van,19834.0,2025-10-29,1.03224,2.13136,2245.8,2259.1866214280617,13.386621428061517,-13.386621428061517,1001-1500
TR-047543,Richmond,San Antonio,1579.2,Dry Van,37858.0,2025-10-29,0.96622,2.21111,3160.91,3200.4565216227315,39.54652162273169,-39.54652162273169,1500+
TR-047544,Salt Lake City,Houston,1291.1,Dry Van,33177.0,2025-10-29,1.02482,1.99302,2737.09,2660.925590165975,76.16440983402526,76.16440983402526,1001-1500
TR-047545,Salt Lake City,Montgomery,1881.2,Flatbed,35663.0,2025-10-29,1.01671,1.97576,4073.56,4154.543820840513,80.98382084051309,-80.98382084051309,1500+
TR-047546,Shreveport,Baltimore,1367.0,Dry Van,25028.0,2025-10-29,1.01397,2.19967,2729.05,2678.561733198304,50.48826680169623,50.48826680169623,1001-1500
TR-047547,Shreveport,Harrisburg,1091.3,Dry Van,18760.0,2025-10-29,0.97917,2.13693,2164.35,2173.0207772167073,8.670777216707393,-8.670777216707393,1001-1500
TR-047548,Toledo,Charleston,716.4,Dry Van,25671.0,2025-10-29,1.03906,2.11722,1457.56,1470.5471359143153,12.987135914315331,-12.987135914315331,501-750
TR-047549,Syracuse,Oklahoma City,1650.7,Reefer,44881.0,2025-10-29,1.01387,1.83725,3814.07,3784.754874846447,29.315125153553254,29.315125153553254,1500+
TR-047550,Chattanooga,Dayton,406.9,Dry Van,27885.0,2025-10-29,0.97439,1.86777,934.1,916.6971416493751,17.40285835062491,17.40285835062491,251-500
TR-047551,Atlanta,Kansas City,491.2,Dry Van,40038.0,2025-10-29,1.01123,1.73779,1173.54,1114.5586607037976,58.98133929620235,58.98133929620235,251-500
TR-047552,San Francisco,Birmingham,2283.8,Flatbed,41327.0,2025-10-29,1.01756,2.10207,4781.72,4837.704564639302,55.984564639301425,-55.984564639301425,1500+
TR-047553,Savannah,New Orleans,672.2,Dry Van,42084.0,2025-10-29,1.0021,1.79713,1576.9,1495.9474378700072,80.95256212999288,80.95256212999288,501-750
TR-047554,El Paso,Milwaukee,1471.7,Reefer,26938.0,2025-10-29,1.0558,2.03694,3164.95,3230.9628002109666,66.01280021096682,-66.01280021096682,1001-1500
TR-047555,Baltimore,Albany,513.7,Dry Van,35181.0,2025-10-29,1.02342,1.99383,1121.82,1114.7673765577742,7.052623442225695,7.052623442225695,501-750
TR-047556,Tucson,Lubbock,937.4,Dry Van,27511.0,2025-10-29,1.03593,2.02729,2021.99,1968.481262061464,53.508737938536115,53.508737938536115,751-1000
TR-047557,Indianapolis,Tampa,844.9,Dry Van,32986.0,2025-10-29,1.03851,1.99994,1802.15,1811.290921424714,9.140921424713952,-9.140921424713952,751-1000
TR-047558,Cincinnati,San Antonio,1054.5,Dry Van,26974.0,2025-10-29,1.01462,2.05832,2256.25,2247.3162415183715,8.933758481628502,8.933758481628502,1001-1500
TR-047559,Tucson,Phoenix,276.0,Reefer,27164.0,2025-10-29,1.03889,1.42366,751.56,761.6093127829589,10.049312782958964,-10.049312782958964,251-500
TR-047560,Atlanta,Phoenix,2107.5,Reefer,22074.0,2025-10-29,0.99058,2.13575,4370.07,4291.289313860728,78.7806861392719,78.7806861392719,1500+
TR-047561,Tulsa,Lexington,737.8,Dry Van,36664.0,2025-10-29,1.04286,1.89765,1661.68,1630.5823242618806,31.097675738119506,31.097675738119506,501-750
TR-047562,Kansas City,Hartford,1173.4,Dry Van,24524.0,2025-10-29,1.03352,2.23481,2324.37,2321.9548742052493,2.4151257947505655,2.4151257947505655,1001-1500
TR-047563,Lexington,Phoenix,2159.5,Reefer,24807.0,2025-10-29,0.99214,2.09134,4417.81,4407.444870694534,10.365129305466326,10.365129305466326,1500+
TR-047564,Nashville,Baltimore,1023.1,Reefer,19129.0,2025-10-29,1.00427,2.00072,2238.49,2267.8137393962493,29.323739396249493,-29.323739396249493,1001-1500
TR-047565,Providence,Columbia,910.8,Dry Van,28249.0,2025-10-29,1.00572,2.07749,1859.53,1835.6696721074081,23.86032789259184,23.86032789259184,751-1000
TR-047566,Tulsa,Greensboro,841.8,Reefer,37687.0,2025-10-29,1.0057,1.58852,2168.55,2051.7094338959764,116.84056610402376,116.84056610402376,751-1000
TR-047567,Columbia,Lexington,225.5,Dry Van,13578.0,2025-10-29,0.98727,1.70162,555.65,546.7429464498757,8.90705355012426,8.90705355012426,0-250
TR-047568,Austin,San Antonio,105.9,Flatbed,31460.0,2025-10-29,0.9933,1.07197,327.27,325.41740061923633,1.8525993807636496,1.8525993807636496,0-250
TR-047569,Raleigh,Montgomery,693.1,Flatbed,38474.0,2025-10-29,1.02329,1.75626,1633.65,1637.7766612206483,4.126661220648202,-4.126661220648202,501-750
TR-047570,Fresno,Phoenix,467.2,Dry Van,32566.0,2025-10-29,1.02125,1.81453,1086.62,1072.705770975185,13.914229024814858,13.914229024814858,251-500
TR-047571,Lexington,Nashville,263.2,Flatbed,47500.0,2025-10-29,1.02521,1.30052,748.27,731.48522684262,16.78477315737996,16.78477315737996,251-500
TR-047572,Tulsa,Indianapolis,594.9,Dry Van,23406.0,2025-10-29,1.02369,1.80322,1375.77,1301.288337828912,74.48166217108792,74.48166217108792,501-750
TR-047573,Oklahoma City,Kansas City,805.6,Dry Van,31329.0,2025-10-29,0.96899,1.94627,1783.98,1740.2756207565599,43.704379243440144,43.704379243440144,751-1000
TR-047574,Kansas City,Toledo,467.7,Flatbed,44047.0,2025-10-29,0.99313,1.58799,1187.99,1161.8467273910924,26.143272608907637,26.143272608907637,251-500
TR-047575,Memphis,Richmond,842.9,Dry Van,24405.0,2025-10-29,0.9949,2.08819,1710.9,1700.7836109340226,10.1163890659775,10.1163890659775,751-1000
TR-047576,Chattanooga,New York,944.2,Dry Van,29691.0,2025-10-29,0.97391,2.09399,1943.9,1913.5814239241458,30.318576075854253,30.318576075854253,751-1000
TR-047577,Oklahoma City,Corpus Christi,337.2,Reefer,32348.0,2025-10-29,1.01668,1.30541,966.33,947.0665880763155,19.263411923684544,19.263411923684544,251-500
TR-047578,Oklahoma City,Baton Rouge,431.4,Dry Van,24603.0,2025-10-29,1.01376,1.75086,1018.54,1016.2226316990882,2.3173683009117667,2.3173683009117667,251-500
TR-047579,Bakersfield,Phoenix,387.8,Flatbed,34540.0,2025-10-29,0.99708,1.63156,980.92,997.6995783372819,16.77957833728192,-16.77957833728192,251-500
TR-047580,Shreveport,Philadelphia,1374.0,Dry Van,21955.0,2025-10-29,1.0116,2.25332,2600.37,2634.321796406761,33.95179640676133,-33.95179640676133,1001-1500
TR-047581,Philadelphia,Albuquerque,2337.1,Reefer,22733.0,2025-10-29,0.99492,2.06083,4798.37,4896.709672457549,98.33967245754866,-98.33967245754866,1500+
TR-047582,Albany,Hartford,371.2,Dry Van,23779.0,2025-10-29,0.99521,1.98858,820.66,799.757092886976,20.902907113023957,20.902907113023957,251-500
TR-047583,Reno,Milwaukee,1852.6,Flatbed,31496.0,2025-10-29,0.98255,2.10315,3789.3,3820.524229148886,31.224229148886025,-31.224229148886025,1500+
TR-047584,Birmingham,Jacksonville,214.0,Dry Van,24774.0,2025-10-29,1.04271,1.52984,558.82,548.5270131073851,10.292986892614977,10.292986892614977,0-250
TR-047585,St. Louis,El Paso,1394.4,Dry Van,31252.0,2025-10-29,1.03879,2.07979,2854.93,2831.9795582035367,22.95044179646311,22.95044179646311,1001-1500
TR-047586,Houston,Grand Rapids,1140.7,Dry Van,25182.0,2025-10-29,0.98286,2.19566,2215.0,2295.6036822495,80.6036822494998,-80.6036822494998,1001-1500
TR-047587,Corpus Christi,Las Vegas,1383.3,Flatbed,18645.0,2025-10-29,1.01713,2.02448,11596.28,2946.8060429440307,8649.47395705597,8649.47395705597,1001-1500
TR-047588,Tulsa,Montgomery,631.7,Dry Van,23325.0,2025-10-29,1.0352,1.93179,1390.99,1353.1657096861002,37.82429031389984,37.82429031389984,501-750
TR-047589,Syracuse,Charleston,746.7,Reefer,36455.0,2025-10-29,1.0356,1.71079,1834.12,1749.2469409829207,84.87305901707919,84.87305901707919,501-750
TR-047590,Tucson,Hartford,2719.2,Dry Van,17427.0,2025-10-29,1.0122,2.34126,4873.36,4944.78494374749,71.42494374749003,-71.42494374749003,1500+
TR-047591,Montgomery,Richmond,832.3,Dry Van,31390.0,2025-10-29,1.01636,2.05697,1774.21,1756.330963397346,17.87903660265397,17.87903660265397,751-1000
TR-047592,Richmond,Hartford,325.4,Dry Van,32580.0,2025-10-29,1.01979,1.81307,754.97,800.9907959579252,46.0207959579252,-46.0207959579252,251-500
TR-047593,Bakersfield,Austin,1197.4,Reefer,37057.0,2025-10-29,1.00481,1.6552,2991.48,2865.863542883691,125.616457116309,125.616457116309,1001-1500
TR-047594,Memphis,Fort Wayne,518.3,Dry Van,33010.0,2025-10-29,1.03028,1.84019,1191.82,1143.0472981542318,48.7727018457681,48.7727018457681,501-750
TR-047595,Oklahoma City,Tulsa,308.4,Reefer,36353.0,2025-10-29,0.97767,1.18126,927.59,900.6696676115064,26.920332388493648,26.920332388493648,251-500
TR-047596,Oklahoma City,Amarillo,416.2,Reefer,40987.0,2025-10-29,0.98966,1.30894,1161.51,1162.8222712927984,1.312271292798414,-1.312271292798414,251-500
TR-047597,Tulsa,Toledo,979.8,Dry Van,40413.0,2025-10-29,0.97983,2.01408,2108.62,2060.566465853915,48.053534146084985,48.053534146084985,751-1000
TR-047598,Baton Rouge,Chattanooga,535.7,Reefer,30350.0,2025-10-29,0.96804,1.5748,1375.06,1368.545440650505,6.514559349494903,6.514559349494903,501-750
TR-047599,Mobile,Baltimore,1151.6,Reefer,34556.0,2025-10-29,0.97761,1.89523,2611.37,2755.0869388020847,143.71693880208477,-143.71693880208477,1001-1500
TR-047600,Syracuse,Memphis,1006.7,Dry Van,34472.0,2025-10-29,1.0368,2.11287,1993.97,2096.222240458173,102.25224045817299,-102.25224045817299,1001-1500
TR-047601,Cincinnati,Corpus Christi,940.9,Dry Van,25013.0,2025-10-29,1.03484,2.08231,1948.36,1944.796656932549,3.5633430674508872,3.5633430674508872,751-1000
TR-047602,San Antonio,Columbia,1145.7,Flatbed,22671.0,2025-10-29,1.01472,2.06409,2421.4,2535.364893086422,113.96489308642185,-113.96489308642185,1001-1500
TR-047603,Baltimore,Richmond,270.6,Flatbed,29305.0,2025-10-29,1.02621,1.55008,699.65,695.1424201913669,4.507579808633068,4.507579808633068,251-500
TR-047604,Tucson,Green Bay,1922.3,Flatbed,36102.0,2025-10-29,0.99755,2.09546,3920.05,4181.446716197694,261.3967161976934,-261.3967161976934,1500+
TR-047605,Raleigh,Fresno,2815.5,Dry Van,18246.0,2025-10-29,1.0,2.37972,5026.75,4980.7943586421225,45.95564135787754,45.95564135787754,1500+
TR-047606,Salt Lake City,Little Rock,1395.2,Reefer,23013.0,2025-10-29,0.93087,1.95941,3122.21,3027.3721816916313,94.8378183083687,94.8378183083687,1001-1500
TR-047607,Tucson,Detroit,2132.7,Flatbed,37126.0,2025-10-29,0.95894,2.12938,4301.42,4426.9010179168135,125.48101791681347,-125.48101791681347,1500+
TR-047608,Fresno,Jacksonville,2339.5,Dry Van,39200.0,2025-10-29,1.00474,2.20088,4614.73,4617.75287652798,3.0228765279807703,-3.0228765279807703,1500+
TR-047609,Salt Lake City,Memphis,1557.7,Reefer,24807.0,2025-10-29,0.98148,2.0427,3294.52,3405.092468645285,110.57246864528497,-110.57246864528497,1500+
TR-047610,Charleston,Houston,1080.6,Flatbed,45895.0,2025-10-29,1.03357,1.80007,2559.98,2540.522077471613,19.457922528386916,19.457922528386916,1001-1500
TR-047611,Memphis,Cincinnati,233.7,Reefer,16837.0,2025-10-29,1.00881,1.29426,660.61,631.5072752082499,29.10272479175012,29.10272479175012,0-250
TR-047612,Phoenix,Mobile,1911.1,Reefer,31478.0,2025-10-29,1.00223,1.91857,4203.68,4260.972583278727,57.29258327872685,-57.29258327872685,1500+
TR-047613,Dallas,Tulsa,144.8,Dry Van,22516.0,2025-10-29,1.0558,1.41826,403.88,420.68854824538084,16.808548245380848,-16.808548245380848,0-250
TR-047614,Dallas,Syracuse,1396.3,Reefer,43599.0,2025-10-29,0.99665,1.82947,3243.76,3234.0331534565667,9.726846543433567,9.726846543433567,1001-1500
TR-047615,Cincinnati,Jacksonville,463.8,Dry Van,32610.0,2025-10-29,1.00868,1.79111,1073.46,1079.6080812410426,6.148081241042519,-6.148081241042519,251-500
TR-047616,Tucson,Lexington,1912.3,Flatbed,34292.0,2025-10-29,1.00541,2.01006,4092.42,4204.521415015241,112.10141501524049,-112.10141501524049,1500+
TR-047617,Raleigh,Reno,2609.2,Dry Van,36635.0,2025-10-29,0.95413,2.28556,4874.2,4909.866914431917,35.666914431917576,-35.666914431917576,1500+
TR-047618,Boston,Shreveport,1569.1,Reefer,26326.0,2025-10-29,1.07108,1.89409,3464.06,3432.1412761848205,31.91872381517942,31.91872381517942,1500+
TR-047619,Tulsa,Albany,1723.4,Dry Van,36532.0,2025-10-29,0.99733,2.12027,3399.68,3524.6043624148388,124.92436241483892,-124.92436241483892,1500+
TR-047620,Nashville,Cincinnati,182.8,Flatbed,33719.0,2025-10-29,1.00141,1.17692,539.46,538.1765485338774,1.2834514661226422,1.2834514661226422,0-250
TR-047621,Little Rock,Boston,1527.8,Dry Van,38145.0,2025-10-29,0.99891,2.04632,3160.75,3166.3100871492725,5.560087149272476,-5.560087149272476,1500+
TR-047622,St. Louis,Charleston,758.8,Reefer,41892.0,2025-10-29,0.98318,1.68489,1856.54,1867.7530619889715,11.213061988971504,-11.213061988971504,751-1000
TR-047623,San Antonio,Albuquerque,910.4,Dry Van,33072.0,2025-10-29,1.02116,1.98953,2012.18,1931.8349762863938,80.34502371360622,80.34502371360622,751-1000
TR-047624,Bakersfield,Lubbock,1225.8,Dry Van,31941.0,2025-10-29,1.02186,2.0325,2564.63,2551.023969440474,13.606030559526062,13.606030559526062,1001-1500
TR-047625,Bakersfield,Fort Wayne,2070.0,Reefer,29668.0,2025-10-29,1.02665,2.04179,4277.21,4331.055056326267,53.845056326266786,-53.845056326266786,1500+
TR-047626,Cincinnati,Lexington,138.3,Dry Van,42548.0,2025-10-29,0.9752,1.37107,385.1,395.8411260245974,10.74112602459735,-10.74112602459735,0-250
TR-047627,Phoenix,Oklahoma City,1238.6,Dry Van,18860.0,2025-10-29,1.03216,2.17308,2471.08,2502.852278110906,31.772278110905972,-31.772278110905972,1001-1500
TR-047628,New York,Syracuse,310.5,Dry Van,27687.0,2025-10-29,1.03266,1.9738,688.18,717.3653451867949,29.18534518679496,-29.18534518679496,251-500
TR-047629,Baton Rouge,Boston,1667.7,Dry Van,35694.0,2025-10-29,0.98271,2.1492,3398.73,3437.0931742056027,38.36317420560272,-38.36317420560272,1500+
TR-047630,Kansas City,Albuquerque,1248.2,Reefer,41865.0,2025-10-29,0.98956,1.80751,2907.44,2933.421380108395,25.981380108395115,-25.981380108395115,1001-1500
TR-047631,San Francisco,Hartford,3092.4,Flatbed,17157.0,2025-10-29,0.98793,2.26144,5797.06,5801.547109383638,4.487109383637289,-4.487109383637289,1500+
TR-047632,Nashville,Detroit,707.8,Dry Van,13482.0,2025-10-29,1.0193,2.19065,1385.22,1448.9158532268198,63.695853226819736,-63.695853226819736,501-750
TR-047633,Grand Rapids,Phoenix,2260.1,Dry Van,26159.0,2025-10-29,1.02864,2.33652,4146.93,4057.991393804942,88.93860619505813,88.93860619505813,1500+
TR-047634,Shreveport,Green Bay,997.8,Dry Van,38452.0,2025-10-29,1.01485,2.09375,2093.42,2138.438334181272,45.01833418127171,-45.01833418127171,751-1000
TR-047635,Buffalo,Tucson,2424.6,Dry Van,26501.0,2025-10-29,1.01459,2.31327,4355.51,4408.203397620094,52.69339762009349,-52.69339762009349,1500+
TR-047636,Hartford,Grand Rapids,925.1,Dry Van,19007.0,2025-10-29,0.98988,2.21068,1774.25,1808.3988442239536,34.148844223953574,-34.148844223953574,751-1000
TR-047637,Milwaukee,New Orleans,657.5,Flatbed,33005.0,2025-10-29,1.01471,1.76337,1606.38,1529.0341626470542,77.34583735294586,77.34583735294586,501-750
TR-047638,Lubbock,Birmingham,968.5,Dry Van,37051.0,2025-10-29,0.99752,1.96839,2087.61,2095.434863775823,7.824863775822905,-7.824863775822905,751-1000
TR-047639,San Antonio,Indianapolis,961.3,Dry Van,27884.0,2025-10-29,1.00154,2.00818,2068.13,2008.2916163432087,59.83838365679139,59.83838365679139,751-1000
TR-047640,Toledo,Savannah,697.8,Dry Van,26872.0,2025-10-29,0.98922,2.18118,1393.76,1415.0223716161781,21.262371616178143,-21.262371616178143,501-750
TR-047641,Phoenix,San Antonio,1202.4,Dry Van,40330.0,2025-10-29,1.03252,1.97225,2581.13,2569.3301253102704,11.799874689729677,11.799874689729677,1001-1500
TR-047642,Fort Wayne,Columbia,592.5,Flatbed,28825.0,2025-10-29,1.05894,1.82758,1378.94,1395.6894690232537,16.749469023253596,-16.749469023253596,501-750
TR-047643,Providence,El Paso,2671.6,Dry Van,38605.0,2025-10-29,0.99081,2.18634,5279.51,5098.881663002316,180.62833699768453,180.62833699768453,1500+
TR-047644,Fort Wayne,Salt Lake City,1836.2,Dry Van,28776.0,2025-10-29,1.02397,2.25382,3453.76,3482.1551276775263,28.395127677526034,-28.395127677526034,1500+
TR-047645,Syracuse,Tucson,2512.9,Dry Van,29295.0,2025-10-29,0.98185,2.33217,4502.62,4752.767936449624,250.14793644962447,-250.14793644962447,1500+
TR-047646,Fresno,New Orleans,1835.1,Flatbed,47500.0,2025-10-29,1.03387,1.94667,4087.37,4000.8873647132914,86.4826352867085,86.4826352867085,1500+
TR-047647,New York,Toledo,668.5,Reefer,23123.0,2025-10-29,1.04305,1.87684,1532.92,1486.2461093877616,46.67389061223844,46.67389061223844,501-750
TR-047648,Corpus Christi,Memphis,724.1,Dry Van,34625.0,2025-10-30,1.02188,1.79955,1647.93,1628.4728204400592,19.45717955994087,19.45717955994087,501-750
TR-047649,Bakersfield,Charleston,2500.5,Dry Van,40896.0,2025-10-30,1.09247,2.20916,4892.67,4882.364095771797,10.305904228202962,10.305904228202962,1500+
TR-047650,Corpus Christi,San Antonio,206.5,Flatbed,26944.0,2025-10-30,1.05045,1.25373,601.03,605.9596363412458,4.929636341245782,-4.929636341245782,0-250
TR-047651,Bakersfield,Kansas City,1738.4,Dry Van,26574.0,2025-10-30,1.04848,2.21995,3349.82,3407.2922653091746,57.47226530917442,-57.47226530917442,1500+
TR-047652,Dallas,Lexington,768.6,Reefer,29399.0,2025-10-30,1.0301,1.70072,1898.3,1852.8931521286127,45.4068478713873,45.4068478713873,751-1000
TR-047653,Memphis,Buffalo,868.7,Dry Van,40351.0,2025-10-30,1.0147,2.04164,1840.18,1855.355913538064,15.175913538063924,-15.175913538063924,751-1000
TR-047654,Jacksonville,Fort Wayne,765.2,Dry Van,29579.0,2025-10-30,1.03601,2.00302,1635.87,1613.8207540325654,22.049245967434445,22.049245967434445,751-1000
TR-047655,Syracuse,Louisville,794.9,Dry Van,42577.0,2025-10-30,1.06937,2.01642,1709.94,1682.6227333789689,27.317266621031195,27.317266621031195,751-1000
TR-047656,Syracuse,Little Rock,1178.2,Reefer,27231.0,2025-10-30,1.04736,1.90724,2658.31,2651.49466275102,6.815337248980086,6.815337248980086,1001-1500
TR-047657,Memphis,Philadelphia,1125.7,Reefer,28166.0,2025-10-30,1.02381,1.90722,552.14,2520.588216620929,1968.448216620929,-1968.448216620929,1001-1500
TR-047658,Fort Wayne,Milwaukee,246.5,Dry Van,28719.0,2025-10-30,1.05502,1.70591,602.47,603.0615229964341,0.5915229964340369,-0.5915229964340369,0-250
TR-047659,Milwaukee,Los Angeles,2087.6,Dry Van,29602.0,2025-10-30,1.03437,2.22013,4068.07,3855.9498650085143,212.12013499148588,212.12013499148588,1500+
TR-047660,Richmond,San Antonio,1580.2,Dry Van,35633.0,2025-10-30,1.0192,2.10264,3247.49,3210.0473716024803,37.44262839751946,37.44262839751946,1500+
TR-047661,Little Rock,Baton Rouge,328.1,Dry Van,35579.0,2025-10-30,1.04545,1.57208,864.68,853.4453676056453,11.234632394354662,11.234632394354662,251-500
TR-047662,Phoenix,Oklahoma City,1261.3,Dry Van,35825.0,2025-10-30,1.06957,2.01821,8276.0,2663.826866914136,5612.173133085864,5612.173133085864,1001-1500
TR-047663,Amarillo,Nashville,1107.4,Reefer,25699.0,2025-10-30,1.01144,1.85147,2573.87,2574.5559978835145,0.6859978835145739,-0.6859978835145739,1001-1500
TR-047664,Los Angeles,Philadelphia,3104.8,Dry Van,24437.0,2025-10-30,1.0578,2.35908,5530.61,5469.903421960286,60.70657803971335,60.70657803971335,1500+
TR-047665,Richmond,New Orleans,1113.4,Dry Van,31098.0,2025-10-30,1.0447,2.08881,2292.7,2299.5392907971445,6.839290797144713,-6.839290797144713,1001-1500
TR-047666,Harrisburg,Greensboro,446.9,Reefer,29350.0,2025-10-30,1.01728,1.63039,1110.85,1110.4342950268222,0.41570497317775335,0.41570497317775335,251-500
TR-047667,Greensboro,Madison,646.4,Dry Van,21578.0,2025-10-30,1.04153,2.06657,1352.21,1312.4342658994954,39.77573410050468,39.77573410050468,501-750
TR-047668,Charleston,Little Rock,824.9,Dry Van,47500.0,2025-10-30,1.04515,1.90057,1856.57,1819.0166484287442,37.55335157125569,37.55335157125569,751-1000
TR-047669,Tampa,Savannah,551.2,Flatbed,34328.0,2025-10-30,1.02883,1.68161,1369.62,1384.5927220348758,14.972722034875915,-14.972722034875915,501-750
TR-047670,Columbia,Tulsa,776.6,Dry Van,47500.0,2025-10-30,0.99569,1.92857,1781.06,1714.8729721092066,66.18702789079339,66.18702789079339,751-1000
TR-047671,Lexington,Philadelphia,793.5,Flatbed,36718.0,2025-10-30,1.01778,1.87837,1756.84,1809.215516902362,52.37551690236205,-52.37551690236205,751-1000
TR-047672,Hartford,Boston,183.4,Reefer,47500.0,2025-10-30,1.01179,1.21382,535.76,518.7546816637154,17.00531833628463,17.00531833628463,0-250
TR-047673,Savannah,Hartford,822.7,Dry Van,47500.0,2025-10-30,1.07191,1.98821,1799.38,1776.402186243104,22.977813756896012,22.977813756896012,751-1000
TR-047674,San Antonio,Houston,284.2,Reefer,28639.0,2025-10-30,1.03115,1.22128,822.11,804.1102290044465,17.99977099555349,17.99977099555349,251-500
TR-047675,Reno,Charleston,2592.4,Flatbed,31447.0,2025-10-30,1.03189,2.14096,5216.72,5250.345305991399,33.62530599139882,-33.62530599139882,1500+
TR-047676,Nashville,Bakersfield,1935.7,Reefer,35320.0,2025-10-30,1.01549,1.94677,4313.84,4383.83823560026,69.99823560026016,-69.99823560026016,1500+
TR-047677,Greensboro,Indianapolis,447.5,Dry Van,40089.0,2025-10-30,1.05215,1.7819,1055.51,1041.4596751658619,14.05032483413811,14.05032483413811,251-500
TR-047678,Fresno,Louisville,2151.8,Reefer,35056.0,2025-10-30,0.98146,1.96245,4646.88,4596.409572445564,50.470427554436355,50.470427554436355,1500+
TR-047679,Las Vegas,Corpus Christi,1417.6,Dry Van,41583.0,2025-10-30,1.02652,2.054,2993.39,2974.923527912029,18.466472087970942,18.466472087970942,1001-1500
TR-047680,Greensboro,San Antonio,1175.7,Dry Van,27886.0,2025-10-30,1.03054,2.1291,2374.26,2454.6943311534746,80.43433115347443,-80.43433115347443,1001-1500
TR-047681,Syracuse,Columbia,778.2,Dry Van,38968.0,2025-10-30,1.02832,2.02563,1670.64,1646.1809031583477,24.459096841652354,24.459096841652354,751-1000
TR-047682,Richmond,Oklahoma City,1530.9,Flatbed,21005.0,2025-10-30,1.04051,2.12774,3188.2,3275.761788348364,87.56178834836419,-87.56178834836419,1500+
TR-047683,Cincinnati,Salt Lake City,1696.3,Dry Van,42350.0,2025-10-30,1.04811,2.1237,3388.71,3598.4651142220955,209.75511422209547,-209.75511422209547,1500+
TR-047684,San Antonio,Bakersfield,1311.1,Dry Van,26966.0,2025-10-30,1.03896,2.17177,2595.54,2632.0428270988823,36.502827098882335,-36.502827098882335,1001-1500
TR-047685,Buffalo,Grand Rapids,497.4,Reefer,20855.0,2025-10-30,1.07757,1.81742,1173.21,1182.8083317468345,9.598331746834447,-9.598331746834447,251-500
TR-047686,Jacksonville,San Francisco,2523.5,Reefer,39323.0,2025-10-30,1.05629,1.97145,5443.58,5472.279313716643,28.69931371664279,-28.69931371664279,1500+
TR-047687,Grand Rapids,Charleston,842.1,Dry Van,23130.0,2025-10-30,1.04271,2.09833,1735.58,1700.9868983071053,34.59310169289461,34.59310169289461,751-1000
TR-047688,San Antonio,Greensboro,1184.3,Reefer,31164.0,2025-10-30,1.03509,1.87212,2720.24,2764.7112236055846,44.47122360558478,-44.47122360558478,1001-1500
TR-047689,Memphis,Greensboro,461.9,Dry Van,36596.0,2025-10-30,1.06939,1.77553,1102.45,1089.475840348635,12.974159651364971,12.974159651364971,251-500
TR-047690,Atlanta,Mobile,288.2,Reefer,32365.0,2025-10-30,1.03059,1.32697,811.26,805.8231154322452,5.43688456775476,5.43688456775476,251-500
TR-047691,Reno,Hartford,2851.8,Dry Van,33125.0,2025-10-30,1.03833,2.3262,5264.69,5267.261253287239,2.571253287239415,-2.571253287239415,1500+
TR-047692,Kansas City,Washington,900.4,Dry Van,33254.0,2025-10-30,1.06269,2.14874,1822.65,1839.6408316502661,16.990831650266045,-16.990831650266045,751-1000
TR-047693,Hartford,Charleston,672.6,Flatbed,31286.0,2025-10-30,1.0467,1.79817,1566.62,1559.837905783957,6.7820942160428785,6.7820942160428785,501-750
TR-047694,San Francisco,Mobile,2240.8,Dry Van,34728.0,2025-10-30,0.99357,2.14903,4492.79,4309.564235647858,183.2257643521416,183.2257643521416,1500+
TR-047695,Tulsa,Cincinnati,619.3,Dry Van,24007.0,2025-10-30,1.01917,1.95058,1375.3,1357.8050749562149,17.494925043785088,17.494925043785088,501-750
TR-047696,Indianapolis,Salt Lake City,1582.9,Dry Van,37194.0,2025-10-30,1.06611,2.0389,3265.76,3233.6784213044166,32.08157869558363,32.08157869558363,1500+
TR-047697,Corpus Christi,Tucson,1210.4,Flatbed,42311.0,2025-10-30,1.01686,1.84875,2802.67,2779.520145248934,23.14985475106596,23.14985475106596,1001-1500
TR-047698,Oklahoma City,St. Louis,789.8,Dry Van,33652.0,2025-10-30,1.01723,1.9387,1773.38,1734.6843471570896,38.69565284291048,38.69565284291048,751-1000
TR-047699,Tulsa,Lubbock,464.1,Dry Van,20587.0,2025-10-30,1.06072,1.76762,1114.11,1076.1303562364667,37.979643763533204,37.979643763533204,251-500
TR-047700,Shreveport,Corpus Christi,409.2,Flatbed,39893.0,2025-10-30,1.04733,1.39743,1134.89,1121.7228721777326,13.167127822267503,13.167127822267503,251-500
TR-047701,Kansas City,Shreveport,570.8,Dry Van,31496.0,2025-10-30,1.02462,1.98408,1262.99,1259.9022974586558,3.0877025413442425,3.0877025413442425,501-750
TR-047702,Atlanta,Richmond,670.3,Flatbed,22559.0,2025-10-30,1.03804,1.92827,370.24,1480.3138178686424,1110.0738178686424,-1110.0738178686424,501-750
TR-047703,Hartford,Philadelphia,78.2,Flatbed,38298.0,2025-10-30,1.04151,1.00878,246.59,261.5458336611863,14.95583366118629,-14.95583366118629,0-250
TR-047704,New York,Little Rock,1307.3,Reefer,37486.0,2025-10-30,1.07917,1.89007,3005.3,2993.08949892058,12.210501079420283,12.210501079420283,1001-1500
TR-047705,Amarillo,Oklahoma City,418.8,Flatbed,47500.0,2025-10-30,1.0389,1.40876,1154.41,1110.931703763026,43.478296236974074,43.478296236974074,251-500
TR-047706,Washington,Greensboro,432.2,Dry Van,33407.0,2025-10-30,1.0334,1.8295,1009.87,1011.1576574380366,1.2876574380366037,-1.2876574380366037,251-500
TR-047707,Atlanta,Baton Rouge,579.2,Dry Van,23858.0,2025-10-30,1.05924,1.8354,1327.71,1277.0944458519564,50.61555414804366,50.61555414804366,501-750
TR-047708,Nashville,Greensboro,369.6,Reefer,30312.0,2025-10-30,1.03398,1.40419,1000.75,949.4631157623536,51.286884237646404,51.286884237646404,251-500
TR-047709,Baltimore,Phoenix,2979.0,Dry Van,33344.0,2025-10-30,1.02711,2.27902,5532.34,5500.8488720582955,31.49112794170469,31.49112794170469,1500+
TR-047710,Atlanta,Albany,1190.3,Dry Van,30316.0,2025-10-30,1.02266,2.22087,2247.46,2364.290149624387,116.8301496243871,-116.8301496243871,1001-1500
TR-047711,Columbia,Albuquerque,1728.6,Dry Van,30370.0,2025-10-30,1.03527,2.11911,3451.23,3485.9734782556384,34.743478255638365,-34.743478255638365,1500+
TR-047712,Washington,Memphis,862.6,Dry Van,34440.0,2025-10-30,1.05538,2.04253,1851.58,1863.9074287701892,12.327428770189272,-12.327428770189272,751-1000
TR-047713,Lexington,Mobile,500.7,Dry Van,45844.0,2025-10-30,1.02031,1.75777,1212.03,1161.1201298160745,50.90987018392548,50.90987018392548,501-750
TR-047714,Greensboro,Buffalo,542.9,Dry Van,44126.0,2025-10-30,1.05765,1.95227,1197.57,1223.3010645821223,25.73106458212237,-25.73106458212237,501-750
TR-047715,Albany,New York,363.5,Reefer,37078.0,2025-10-30,1.04573,1.54018,958.18,918.3492177005712,39.83078229942873,39.83078229942873,251-500
TR-047716,Oklahoma City,Richmond,1500.1,Reefer,32076.0,2025-10-30,1.04163,1.84046,3469.99,3463.6815245745497,6.3084754254500695,6.3084754254500695,1500+
TR-047717,Phoenix,Milwaukee,1994.0,Reefer,46171.0,2025-10-30,1.02055,1.84931,4434.45,4414.700653916076,19.749346083924138,19.749346083924138,1500+
TR-047718,Fresno,Albuquerque,699.6,Dry Van,41434.0,2025-10-30,1.01592,1.87338,1591.71,1531.4382039489922,60.27179605100787,60.27179605100787,501-750
TR-047719,Mobile,Shreveport,306.2,Reefer,29886.0,2025-10-30,1.03375,1.38434,859.86,879.8584800670009,19.998480067000855,-19.998480067000855,251-500
TR-047720,Lexington,Lubbock,1142.3,Dry Van,31437.0,2025-10-30,1.02687,2.00557,2463.27,2427.596185424495,35.67381457550482,35.67381457550482,1001-1500
TR-047721,Toledo,Syracuse,465.5,Dry Van,37265.0,2025-10-30,1.0386,1.96298,1022.08,1056.034286750918,33.95428675091796,-33.95428675091796,251-500
TR-047722,Hartford,Baton Rouge,1524.9,Dry Van,42077.0,2025-10-30,1.05902,2.13617,3134.03,3177.4185430636394,43.38854306363919,-43.38854306363919,1500+
TR-047723,Lexington,Fort Wayne,370.3,Dry Van,26358.0,2025-10-30,1.01336,1.82144,864.61,816.123873565518,48.486126434482,48.486126434482,251-500
TR-047724,Baton Rouge,Richmond,1183.7,Reefer,21309.0,2025-10-30,1.01733,1.87097,2620.82,2642.000729422202,21.180729422201694,-21.180729422201694,1001-1500
TR-047725,Lexington,Phoenix,2129.3,Dry Van,40220.0,2025-10-30,1.02154,2.17869,4171.25,4106.530384513186,64.71961548681429,64.71961548681429,1500+
TR-047726,Albany,Indianapolis,1194.3,Dry Van,33353.0,2025-10-30,1.02351,2.11381,2395.25,2413.787166887735,18.53716688773511,-18.53716688773511,1001-1500
TR-047727,Richmond,Shreveport,1148.3,Dry Van,45251.0,2025-10-30,1.01309,1.94529,2551.54,2484.1175060878213,67.42249391217865,67.42249391217865,1001-1500
TR-047728,New York,El Paso,2456.1,Dry Van,30926.0,2025-10-30,1.01932,2.21898,4757.71,4605.2777247419735,152.4322752580265,152.4322752580265,1500+
TR-047729,Lexington,Columbia,226.1,Dry Van,39462.0,2025-10-30,1.0566,1.55866,598.72,580.1423491865747,18.577650813425294,18.577650813425294,0-250
TR-047730,Hartford,Baton Rouge,1514.9,Dry Van,33477.0,2025-10-30,1.05478,2.15291,3021.06,3127.968415393733,106.90841539373287,-106.90841539373287,1500+
TR-047731,San Francisco,Phoenix,658.0,Dry Van,29496.0,2025-10-30,0.99732,1.86504,1477.27,1364.9332887488276,112.33671125117235,112.33671125117235,501-750
TR-047732,Birmingham,Mobile,201.6,Dry Van,25759.0,2025-10-30,1.04325,1.45975,541.2,550.9431904921591,9.743190492159101,-9.743190492159101,0-250
TR-047733,Baltimore,Harrisburg,392.2,Reefer,22042.0,2025-10-30,1.01238,1.65338,987.59,950.2188171941948,37.37118280580523,37.37118280580523,251-500
TR-047734,Los Angeles,Mobile,2008.7,Flatbed,32040.0,2025-10-30,1.04657,2.00776,4243.72,4305.02054274935,61.300542749349916,-61.300542749349916,1500+
TR-047735,Albany,St. Louis,1221.1,Reefer,29039.0,2025-10-30,1.05245,1.94859,2664.27,2674.5638411526334,10.293841152633377,-10.293841152633377,1001-1500
TR-047736,Houston,Reno,1689.1,Reefer,43951.0,2025-10-30,1.04615,1.85824,3933.12,3923.744749026603,9.37525097339676,9.37525097339676,1500+
TR-047737,Columbia,Hartford,839.9,Reefer,16112.0,2025-10-30,1.00263,1.95114,1857.61,1890.781001417648,33.171001417648085,-33.171001417648085,751-1000
TR-047738,El Paso,Green Bay,1633.8,Dry Van,21371.0,2025-10-30,1.01669,2.2158,3134.32,3120.458917717179,13.861082282821371,13.861082282821371,1500+
TR-047739,Baton Rouge,Green Bay,1149.2,Dry Van,27524.0,2025-10-30,1.04896,2.09141,2388.37,2415.550643026844,27.180643026844336,-27.180643026844336,1001-1500
TR-047740,Fresno,Mobile,2116.3,Flatbed,35041.0,2025-10-30,1.02865,2.02449,4577.61,4423.715701840387,153.89429815961284,153.89429815961284,1500+
TR-047741,Jacksonville,Memphis,446.0,Dry Van,36518.0,2025-10-30,1.0452,1.72738,1091.78,1074.951311629279,16.82868837072101,16.82868837072101,251-500
TR-047742,Bakersfield,Toledo,2161.5,Reefer,34727.0,2025-10-30,1.01412,1.86492,4815.8,4603.907065563309,211.89293443669158,211.89293443669158,1500+
TR-047743,Atlanta,Nashville,136.8,Reefer,35204.0,2025-10-30,1.05978,0.95701,104.38,441.1217054804226,336.7417054804226,-336.7417054804226,0-250
TR-047744,Hartford,Grand Rapids,915.4,Dry Van,27664.0,2025-10-30,1.03945,2.14755,1834.95,1772.572783548201,62.377216451799086,62.377216451799086,751-1000
TR-047745,Hartford,Salt Lake City,2619.5,Dry Van,22469.0,2025-10-30,1.04022,2.40475,4610.22,4792.655741407399,182.43574140739838,-182.43574140739838,1500+
TR-047746,Los Angeles,Columbia,2408.8,Reefer,31529.0,2025-10-30,1.04611,2.05498,5077.85,5141.761464592714,63.911464592713855,-63.911464592713855,1500+
TR-047747,Baltimore,Grand Rapids,946.8,Dry Van,31008.0,2025-10-30,0.98666,2.22797,1871.61,1888.4124286722674,16.802428672267524,-16.802428672267524,751-1000
TR-047748,Syracuse,Greensboro,651.2,Dry Van,19373.0,2025-10-30,1.03362,2.25472,1281.55,1312.097825302906,30.54782530290595,-30.54782530290595,501-750
TR-047749,Green Bay,Kansas City,467.6,Dry Van,25802.0,2025-10-30,1.00905,2.02103,998.55,1029.8435947460046,31.2935947460046,-31.2935947460046,251-500
TR-047750,Bakersfield,Atlanta,2058.6,Dry Van,31354.0,2025-10-30,1.03401,2.23269,4007.09,3970.850180190947,36.23981980905319,36.23981980905319,1500+
TR-047751,Madison,Tucson,1752.5,Reefer,37366.0,2025-10-30,1.01044,1.96848,3863.28,3969.8303185342443,106.55031853424407,-106.55031853424407,1500+
TR-047752,Lubbock,Tulsa,471.5,Reefer,40731.0,2025-10-30,1.02647,1.34737,1317.88,1310.7293320192518,7.150667980748267,7.150667980748267,251-500
TR-047753,Grand Rapids,Raleigh,878.1,Dry Van,32912.0,2025-10-30,1.00273,2.0463,1839.63,1795.2148582793352,44.415141720664906,44.415141720664906,751-1000
TR-047754,Boston,Atlanta,1131.3,Flatbed,19029.0,2025-10-30,1.0048,2.10033,2338.56,2451.2145179621834,112.65451796218349,-112.65451796218349,1001-1500
TR-047755,San Antonio,Jacksonville,982.4,Reefer,21333.0,2025-10-30,1.01653,1.78602,2331.19,2247.7478582345166,83.44214176548348,83.44214176548348,751-1000
TR-047756,Los Angeles,Savannah,2449.0,Reefer,45308.0,2025-10-30,1.05681,1.91723,5356.55,5285.249849840242,71.30015015975823,71.30015015975823,1500+
TR-047757,Buffalo,San Francisco,2735.6,Reefer,19144.0,2025-10-30,1.0433,2.18872,5369.38,5348.796026415163,20.583973584836713,20.583973584836713,1500+
TR-047758,Little Rock,Harrisburg,1012.2,Reefer,30805.0,2025-10-30,1.00872,1.94229,2288.61,2296.61060254732,8.000602547319886,-8.000602547319886,1001-1500
TR-047759,Corpus Christi,Oklahoma City,347.5,Dry Van,12786.0,2025-10-30,1.0454,1.69524,858.63,820.5264625655549,38.103537434445116,38.103537434445116,251-500
TR-047760,Cincinnati,New York,858.1,Reefer,30597.0,2025-10-30,1.02001,1.82315,2020.71,2043.0748477748512,22.364847774851114,-22.364847774851114,751-1000
TR-047761,Bakersfield,Oklahoma City,1230.4,Reefer,38028.0,2025-10-30,0.99326,1.7731,2982.91,2943.5985098091146,39.31149019088525,39.31149019088525,1001-1500
TR-047762,Philadelphia,Bakersfield,2768.3,Dry Van,45860.0,2025-10-30,1.00325,2.23996,5281.62,5336.179922412012,54.559922412012384,-54.559922412012384,1500+
TR-047763,Chattanooga,Philadelphia,986.6,Reefer,32218.0,2025-10-30,1.0158,1.81278,2309.11,2264.2956320127264,44.81436798727373,44.81436798727373,751-1000
TR-047764,Little Rock,Charleston,856.0,Reefer,42623.0,2025-10-30,1.01154,1.70222,2099.94,2084.2894238321587,15.650576167841336,15.650576167841336,751-1000
TR-047765,Phoenix,Memphis,1900.7,Dry Van,39559.0,2025-10-30,1.00507,2.13732,3771.54,3902.580806186787,131.040806186787,-131.040806186787,1500+
TR-047766,Richmond,El Paso,2190.0,Dry Van,24374.0,2025-10-30,1.05107,2.25555,4121.98,4058.4354676269177,63.54453237308189,63.54453237308189,1500+
TR-047767,Milwaukee,Indianapolis,113.4,Reefer,41000.0,2025-10-30,1.02482,0.95926,371.98,344.3723665973383,27.60763340266169,27.60763340266169,0-250
TR-047768,Kansas City,Philadelphia,1151.3,Flatbed,30517.0,2025-10-30,1.09834,1.92142,2543.77,2554.482103870804,10.712103870804185,-10.712103870804185,1001-1500
TR-047769,Green Bay,Richmond,839.3,Dry Van,27776.0,2025-10-30,1.04931,2.17315,1651.48,1685.937974352723,34.457974352722886,-34.457974352722886,751-1000
TR-047770,Bakersfield,Los Angeles,397.6,Flatbed,22666.0,2025-10-30,1.05959,1.76034,947.08,976.2483706695025,29.16837066950245,-29.16837066950245,251-500
TR-047771,Los Angeles,St. Louis,1986.6,Flatbed,36133.0,2025-10-30,0.99681,2.1234,4036.76,4292.0749012957795,255.31490129577924,-255.31490129577924,1500+
TR-047772,Atlanta,Fort Wayne,530.2,Reefer,40147.0,2025-10-30,1.00557,1.56579,1362.09,1327.3605045593788,34.72949544062112,34.72949544062112,501-750
TR-047773,Buffalo,Grand Rapids,480.5,Reefer,25665.0,2025-10-30,1.0322,1.80004,1137.26,1157.7470713352277,20.48707133522771,-20.48707133522771,251-500
TR-047774,Shreveport,Los Angeles,1704.6,Dry Van,24852.0,2025-10-30,1.0181,2.2212,3282.64,3419.906006447866,137.26600644786595,-137.26600644786595,1500+
TR-047775,Lexington,Syracuse,692.5,Dry Van,27799.0,2025-10-30,1.03214,2.06953,1449.52,1426.2594232755148,23.26057672448519,23.26057672448519,501-750
TR-047776,Hartford,Mobile,1196.3,Dry Van,20944.0,2025-10-30,1.05348,2.17736,2360.09,2353.0381871979707,7.051812802029417,7.051812802029417,1001-1500
TR-047777,Fresno,Albany,3094.9,Flatbed,41313.0,2025-10-30,1.03146,2.13683,6393.83,6173.873156280134,219.9568437198659,219.9568437198659,1500+
TR-047778,Oklahoma City,Shreveport,457.0,Dry Van,26119.0,2025-10-30,1.0381,1.67098,1120.44,1063.8476166502767,56.59238334972338,56.59238334972338,251-500
TR-047779,Baltimore,Grand Rapids,919.6,Flatbed,26915.0,2025-10-30,1.04846,2.00345,1973.74,1947.4275805016287,26.312419498371355,26.312419498371355,751-1000
TR-047780,Birmingham,Shreveport,396.9,Flatbed,26367.0,2025-10-30,1.07858,1.6281,1009.07,1011.2581328422914,2.1881328422913384,-2.1881328422913384,251-500
TR-047781,Lubbock,Phoenix,1122.2,Dry Van,39818.0,2025-10-30,1.0293,1.95795,2420.89,2447.777522435454,26.88752243545423,-26.88752243545423,1001-1500
TR-047782,Bakersfield,Syracuse,2558.4,Dry Van,33558.0,2025-10-30,1.06187,2.31402,4697.23,4970.4328566891045,273.2028566891049,-273.2028566891049,1500+
TR-047783,Cincinnati,Amarillo,1225.6,Dry Van,35406.0,2025-10-30,1.03316,2.02599,2639.31,2614.477799816195,24.83220018380507,24.83220018380507,1001-1500
TR-047784,Lexington,Montgomery,479.5,Flatbed,34883.0,2025-10-30,1.03356,1.64728,1199.51,1212.9895527919657,13.479552791965716,-13.479552791965716,251-500
TR-047785,Columbia,Louisville,363.1,Reefer,33180.0,2025-10-30,0.99004,1.48437,975.31,969.5312734331043,5.778726566895671,5.778726566895671,251-500
TR-047786,Tucson,Jacksonville,2007.6,Dry Van,43844.0,2025-10-30,1.04386,2.0387,4067.77,4062.589558570391,5.180441429608891,5.180441429608891,1500+
TR-047787,Savannah,Memphis,511.7,Reefer,27190.0,2025-10-30,1.04989,1.60042,1296.79,1275.7190338484352,21.07096615156479,21.07096615156479,501-750
TR-047788,Hartford,El Paso,2464.2,Dry Van,37178.0,2025-10-30,1.01523,2.21468,4760.41,4730.01162200262,30.39837799737961,30.39837799737961,1500+
TR-047789,Charleston,Memphis,672.1,Dry Van,46542.0,2025-10-30,1.03347,1.9447,1544.73,1493.2991751148586,51.43082488514142,51.43082488514142,501-750
TR-047790,Baltimore,Toledo,786.1,Reefer,33051.0,2025-10-30,1.02268,1.8323,1814.99,1836.5133111001992,21.52331110019918,-21.52331110019918,751-1000
TR-047791,Montgomery,Atlanta,305.8,Dry Van,25399.0,2025-10-30,1.04452,1.80304,734.35,755.6511747828989,21.301174782898897,-21.301174782898897,251-500
TR-047792,Tampa,Lexington,717.5,Dry Van,39504.0,2025-10-30,1.05489,1.91703,1613.34,1606.2760564182493,7.063943581750664,7.063943581750664,501-750
TR-047793,Little Rock,Raleigh,970.7,Flatbed,46862.0,2025-10-30,1.05654,1.87932,2255.27,2242.2830702490014,12.98692975099857,12.98692975099857,751-1000
TR-047794,Tampa,Tucson,1881.6,Dry Van,16866.0,2025-10-30,1.04783,2.28084,3558.09,3619.978353824639,61.88835382463867,-61.88835382463867,1500+
TR-047795,Hartford,Greensboro,741.1,Reefer,29335.0,2025-10-30,1.03837,1.75331,1782.82,1718.5316974176162,64.28830258238372,64.28830258238372,501-750
TR-047796,Memphis,Atlanta,239.2,Flatbed,37701.0,2025-10-30,1.04158,1.24252,227.15,693.7005034390304,466.5505034390304,-466.5505034390304,0-250
TR-047797,Mobile,Oklahoma City,711.6,Dry Van,39046.0,2025-10-30,1.06242,1.79025,1677.55,1611.8974840403587,65.65251595964128,65.65251595964128,501-750
TR-047798,Baton Rouge,Richmond,1240.0,Dry Van,35373.0,2025-10-30,1.05064,2.02759,2600.14,2604.970317059005,4.8303170590052105,-4.8303170590052105,1001-1500
TR-047799,Lexington,Shreveport,631.4,Dry Van,31583.0,2025-10-30,1.03978,1.86478,1440.59,1398.478942444549,42.111057555451,42.111057555451,501-750
TR-047800,El Paso,Raleigh,2145.7,Flatbed,39084.0,2025-10-30,1.03146,2.06555,4466.72,4450.96266691396,15.75733308604049,15.75733308604049,1500+
TR-047801,Louisville,Raleigh,675.7,Dry Van,47267.0,2025-10-30,1.00402,1.97258,1518.01,1467.7586234411497,50.251376558850325,50.251376558850325,501-750
TR-047802,Richmond,Memphis,849.4,Dry Van,23760.0,2025-10-30,0.99422,2.13473,1753.32,1721.3064238491172,32.01357615088273,32.01357615088273,751-1000
TR-047803,Mobile,Cincinnati,459.3,Flatbed,43087.0,2025-10-30,1.05355,1.59164,1163.6,1188.5716393554167,24.971639355416755,-24.971639355416755,251-500
TR-047804,Reno,Lexington,2139.6,Reefer,28425.0,2025-10-30,1.00083,2.09806,4403.34,4369.232948482663,34.10705151733691,34.10705151733691,1500+
TR-047805,Memphis,Buffalo,855.8,Reefer,40166.0,2025-10-30,1.07293,1.76339,2043.4,2044.5431488461409,1.1431488461407753,-1.1431488461407753,751-1000
TR-047806,Fort Wayne,Phoenix,2250.4,Dry Van,29644.0,2025-10-30,0.96886,2.28554,4158.35,4102.071463592878,56.278536407122374,56.278536407122374,1500+
TR-047807,Lubbock,Fort Wayne,1311.1,Dry Van,14250.0,2025-10-30,1.03526,2.28657,2463.2,2557.782201492102,94.58220149210229,-94.58220149210229,1001-1500
TR-047808,Dayton,Oklahoma City,1084.1,Reefer,18453.0,2025-10-30,1.04993,1.93609,2390.13,2465.2670826237586,75.13708262375849,-75.13708262375849,1001-1500
TR-047809,Cincinnati,Baltimore,908.7,Dry Van,31496.0,2025-10-30,1.0332,2.18658,1819.36,1856.5032437361522,37.14324373615227,-37.14324373615227,751-1000
TR-047810,Atlanta,Bakersfield,2041.1,Dry Van,31613.0,2025-10-30,1.02618,2.27179,3985.1,3948.5001561704116,36.59984382958828,36.59984382958828,1500+
TR-047811,Kansas City,Harrisburg,811.8,Dry Van,27008.0,2025-10-30,1.04537,2.12097,1612.1,1639.1155362423099,27.015536242309963,-27.015536242309963,751-1000
TR-047812,Jacksonville,Chattanooga,323.5,Dry Van,12702.0,2025-10-30,1.09416,1.80635,766.77,782.8183663419665,16.04836634196647,-16.04836634196647,251-500
TR-047813,Madison,Grand Rapids,278.0,Dry Van,34089.0,2025-10-30,1.01903,1.69393,673.77,675.8900781071839,2.120078107183872,-2.120078107183872,251-500
TR-047814,Chattanooga,Syracuse,890.4,Reefer,26510.0,2025-10-30,1.0102,1.8993,1927.01,1974.7137999110023,47.70379991100231,-47.70379991100231,751-1000
TR-047815,Nashville,Birmingham,196.7,Reefer,34603.0,2025-10-30,1.06874,1.0393,611.85,605.7602679149539,6.08973208504608,6.08973208504608,0-250
TR-047816,Houston,Reno,1732.4,Dry Van,17331.0,2025-10-30,1.02755,2.34562,3137.04,3350.2340474359657,213.19404743596579,-213.19404743596579,1500+
TR-047817,Oklahoma City,Washington,1481.0,Reefer,40715.0,2025-10-30,1.04114,1.8112,3474.52,3424.916521526843,49.60347847315688,49.60347847315688,1001-1500
TR-047818,Phoenix,San Francisco,668.3,Dry Van,34170.0,2025-10-30,1.0495,1.93747,1465.84,1441.8205360415436,24.0194639584563,24.0194639584563,501-750
TR-047819,Oklahoma City,New York,1730.4,Dry Van,15104.0,2025-10-30,1.04717,2.28968,3234.9,3402.556477979272,167.65647797927204,-167.65647797927204,1500+
TR-047820,Nashville,Savannah,409.9,Flatbed,34905.0,2025-10-30,1.04547,1.62355,1037.63,1080.9496093672542,43.31960936725409,-43.31960936725409,251-500
TR-047821,Los Angeles,Little Rock,1722.4,Reefer,41796.0,2025-10-30,1.03114,1.86271,9939.89,4011.1277897637137,5928.762210236286,5928.762210236286,1500+
TR-047822,Oklahoma City,Columbia,1046.0,Flatbed,47500.0,2025-10-30,1.08458,1.78147,2533.96,2499.844786836398,34.11521316360222,34.11521316360222,1001-1500
TR-047823,Bakersfield,Harrisburg,2536.4,Reefer,18765.0,2025-10-30,1.04727,2.16937,5043.29,5143.972867504672,100.68286750467178,-100.68286750467178,1500+
TR-047824,Columbia,Memphis,451.6,Dry Van,26478.0,2025-10-30,1.05401,1.87071,1019.9,1012.2661089444697,7.633891055530285,7.633891055530285,251-500
TR-047825,Jacksonville,San Antonio,992.1,Dry Van,47500.0,2025-10-31,0.98882,1.96964,2182.09,2242.4471271868315,60.35712718683135,-60.35712718683135,751-1000
TR-047826,Columbia,Toledo,594.5,Dry Van,31486.0,2025-10-31,1.01104,1.95736,1312.38,1292.2555967675264,20.124403232473696,20.124403232473696,501-750
TR-047827,Syracuse,Richmond,386.6,Dry Van,33568.0,2025-10-31,1.00281,1.88869,863.6,884.4325435863209,20.832543586320867,-20.832543586320867,251-500
TR-047828,Amarillo,Indianapolis,1088.0,Dry Van,31320.0,2025-10-31,0.99036,2.12866,2233.22,2284.6486764871065,51.42867648710671,-51.42867648710671,1001-1500
TR-047829,Fort Wayne,Albany,894.5,Flatbed,39520.0,2025-10-31,1.02762,1.97606,1987.95,2016.8068177419073,28.856817741907207,-28.856817741907207,751-1000
TR-047830,Lubbock,Charleston,1405.0,Flatbed,17093.0,2025-10-31,0.98272,2.14704,2865.04,2972.824253957558,107.78425395755812,-107.78425395755812,1001-1500
TR-047831,Phoenix,Baltimore,2958.8,Dry Van,23005.0,2025-10-31,1.01131,2.37346,5261.3,5214.6430064159995,46.6569935840007,46.6569935840007,1500+
TR-047832,Raleigh,Green Bay,969.9,Dry Van,33176.0,2025-10-31,0.956,2.17271,1956.59,1970.1290465808938,13.53904658089391,-13.53904658089391,751-1000
TR-047833,Cincinnati,Greensboro,281.0,Flatbed,25980.0,2025-10-31,0.97405,1.6232,718.63,719.7277803616099,1.0977803616099209,-1.0977803616099209,251-500
TR-047834,Savannah,San Francisco,2639.4,Dry Van,36585.0,2025-10-31,1.01405,2.22055,5079.05,4983.630716818769,95.41928318123155,95.41928318123155,1500+
TR-047835,Greensboro,Lexington,185.1,Dry Van,32266.0,2025-10-31,0.97891,1.57768,477.89,516.7011409096301,38.811140909630126,-38.811140909630126,0-250
TR-047836,Lubbock,Bakersfield,1220.6,Dry Van,30947.0,2025-10-31,0.98216,2.08729,2529.12,2532.9157184558394,3.7957184558395056,-3.7957184558395056,1001-1500
TR-047837,Houston,Albany,1829.0,Flatbed,37159.0,2025-10-31,0.94156,2.11455,3755.65,3962.9991691018927,207.34916910189258,-207.34916910189258,1500+
TR-047838,Madison,Austin,1188.3,Reefer,37684.0,2025-10-31,1.00174,1.81019,2813.02,2815.8387381952207,2.8187381952207033,-2.8187381952207033,1001-1500
TR-047839,Tucson,Bakersfield,316.5,Flatbed,22439.0,2025-10-31,0.97763,1.65079,798.38,800.4894536378986,2.109453637898582,-2.109453637898582,251-500
TR-047840,Corpus Christi,Madison,1139.5,Dry Van,35584.0,2025-10-31,0.99829,2.08148,772.61,2413.0589889083153,1640.4489889083152,-1640.4489889083152,1001-1500
TR-047841,Memphis,Oklahoma City,706.5,Dry Van,40427.0,2025-10-31,1.01341,1.87009,1628.64,1561.9768077257609,66.66319227423924,66.66319227423924,501-750
TR-047842,Kansas City,Green Bay,451.6,Dry Van,35037.0,2025-10-31,0.99841,1.82885,1037.85,1013.4085866117945,24.441413388205433,24.441413388205433,251-500
TR-047843,Atlanta,Amarillo,1232.0,Reefer,29264.0,2025-10-31,1.00734,1.72462,3006.47,2857.202717082759,149.26728291724066,149.26728291724066,1001-1500
TR-047844,Atlanta,Shreveport,470.7,Dry Van,33586.0,2025-10-31,0.99114,1.71906,1162.01,1131.2023800438587,30.807619956141252,30.807619956141252,251-500
TR-047845,Syracuse,Savannah,855.0,Dry Van,23762.0,2025-10-31,0.93999,2.22722,1648.06,1711.0988090954463,63.03880909544637,-63.03880909544637,751-1000
TR-047846,Nashville,Mobile,284.4,Dry Van,33697.0,2025-10-31,0.99043,1.62839,734.99,718.8653705861797,16.124629413820344,16.124629413820344,251-500
TR-047847,Little Rock,Oklahoma City,488.1,Dry Van,39999.0,2025-10-31,0.95829,1.61197,1236.93,1156.388123716632,80.54187628336808,80.54187628336808,251-500
TR-047848,Greensboro,Salt Lake City,2013.7,Dry Van,20807.0,2025-10-31,0.98819,2.40075,3562.85,3740.8047285791345,177.95472857913455,-177.95472857913455,1500+
TR-047849,Atlanta,Madison,614.2,Flatbed,35000.0,2025-10-31,0.98161,1.71158,1502.63,1486.0798005243971,16.550199475602994,16.550199475602994,501-750
TR-047850,Montgomery,Los Angeles,2139.5,Dry Van,22972.0,2025-10-31,0.93116,2.29966,3933.98,3906.5745575856195,27.40544241438056,27.40544241438056,1500+
TR-047851,Shreveport,Cincinnati,538.3,Dry Van,28144.0,2025-10-31,0.98093,1.86958,1191.61,1226.0928658755497,34.482865875549805,-34.482865875549805,501-750
TR-047852,Boston,Jacksonville,1150.4,Reefer,27740.0,2025-10-31,0.98572,1.87216,2620.28,2666.5852849149105,46.30528491491032,-46.30528491491032,1001-1500
TR-047853,Buffalo,Hartford,451.4,Dry Van,35159.0,2025-10-31,0.99014,1.93425,997.09,1000.1130821586968,3.0230821586967522,-3.0230821586967522,251-500
TR-047854,New Orleans,Houston,257.2,Flatbed,33818.0,2025-10-31,1.00856,1.33834,739.26,748.2141723879724,8.954172387972449,-8.954172387972449,251-500
TR-047855,Phoenix,El Paso,546.6,Dry Van,17966.0,2025-10-31,0.94916,2.08675,1152.24,1176.5669962272304,24.32699622723044,-24.32699622723044,501-750
TR-047856,Hartford,Madison,1115.4,Dry Van,12809.0,2025-10-31,0.97,2.22151,2145.81,2179.9504649731407,34.14046497314075,-34.14046497314075,1001-1500
TR-047857,Green Bay,Houston,1215.3,Dry Van,31358.0,2025-10-31,0.99835,2.05502,2506.8,2472.420252075687,34.37974792431305,34.37974792431305,1001-1500
TR-047858,Syracuse,New York,308.7,Dry Van,29382.0,2025-10-31,0.97213,1.829,703.44,722.2357415054233,18.79574150542328,-18.79574150542328,251-500
TR-047859,Lexington,Providence,1035.4,Reefer,25857.0,2025-10-31,0.96582,1.87246,2371.11,2342.1251890957983,28.984810904201822,28.984810904201822,1001-1500
TR-047860,New York,Milwaukee,904.6,Dry Van,28415.0,2025-10-31,0.96923,2.22011,1782.08,1790.0629334377902,7.98293343779028,-7.98293343779028,751-1000
TR-047861,Grand Rapids,Richmond,759.7,Flatbed,45449.0,2025-10-31,0.93658,1.87499,1711.56,1747.9834443771374,36.42344437713746,-36.42344437713746,751-1000
TR-047862,Hartford,New York,131.1,Dry Van,31971.0,2025-10-31,0.99575,1.43338,355.88,346.7185389396195,9.161461060380475,9.161461060380475,0-250
TR-047863,Raleigh,Richmond,242.2,Dry Van,20641.0,2025-10-31,0.96428,1.8002,577.77,584.6249697005621,6.854969700562151,-6.854969700562151,0-250
TR-047864,Milwaukee,El Paso,1533.1,Flatbed,26021.0,2025-10-31,0.99131,2.09412,3135.27,3277.1320359507235,141.86203595072357,-141.86203595072357,1500+
TR-047865,Raleigh,Albuquerque,2085.8,Dry Van,28686.0,2025-10-31,1.02483,2.30956,3874.49,3858.916288183253,15.573711816746709,15.573711816746709,1500+
TR-047866,Dayton,Grand Rapids,298.3,Flatbed,31272.0,2025-10-31,0.93548,1.66351,746.12,753.616179038696,7.496179038696027,-7.496179038696027,251-500
TR-047867,Las Vegas,Amarillo,744.3,Flatbed,23268.0,2025-10-31,0.98845,1.91089,1646.65,1681.3730168414284,34.72301684142826,-34.72301684142826,501-750
TR-047868,El Paso,Nashville,1547.4,Reefer,29540.0,2025-10-31,0.96231,1.82304,3529.14,3497.5639209945616,31.57607900543826,31.57607900543826,1500+
TR-047869,Hartford,Dayton,835.6,Flatbed,36262.0,2025-10-31,0.96862,1.9175,1892.15,1866.951798774444,25.198201225556204,25.198201225556204,751-1000
TR-047870,Mobile,Detroit,989.7,Dry Van,42493.0,2025-10-31,1.01939,2.10755,2033.55,2116.861173075956,83.31117307595582,-83.31117307595582,751-1000
TR-047871,Nashville,Columbia,329.6,Flatbed,31196.0,2025-10-31,0.9572,1.60182,854.46,864.6294742240384,10.169474224038368,-10.169474224038368,251-500
TR-047872,Harrisburg,Baton Rouge,1204.2,Dry Van,34292.0,2025-10-31,0.99169,2.08573,2493.55,2453.0143560797896,40.53564392021053,40.53564392021053,1001-1500
TR-047873,Buffalo,Shreveport,1181.8,Reefer,39793.0,2025-10-31,0.96289,1.78149,2766.59,2766.136032536357,0.4539674636430391,0.4539674636430391,1001-1500
TR-047874,Corpus Christi,Fort Wayne,1264.6,Reefer,13893.0,2025-10-31,0.99026,1.93247,2787.97,2733.049173479143,54.920826520856735,54.920826520856735,1001-1500
TR-047875,Hartford,Greensboro,749.0,Dry Van,30833.0,2025-10-31,0.98238,2.07837,1565.76,1557.4230945317026,8.336905468297346,8.336905468297346,501-750
TR-047876,Memphis,Philadelphia,1083.1,Dry Van,43328.0,2025-10-31,1.0039,2.05376,2282.64,2283.1050609597305,0.46506095973063566,-0.46506095973063566,1001-1500
TR-047877,Mobile,Atlanta,305.4,Dry Van,30594.0,2025-10-31,1.01361,1.59011,788.83,775.1470964559279,13.682903544072133,13.682903544072133,251-500
TR-047878,Los Angeles,Reno,887.6,Dry Van,9262.0,2025-10-31,0.93525,2.18568,1716.52,1784.7297182815087,68.20971828150869,-68.20971828150869,751-1000
TR-047879,Philadelphia,Albany,413.0,Dry Van,26093.0,2025-10-31,0.95949,2.02498,888.23,908.2334200326527,20.003420032652684,-20.003420032652684,251-500
TR-047880,Raleigh,Providence,565.4,Dry Van,33106.0,2025-10-31,0.99072,1.90221,1264.64,1249.13930948257,15.50069051743003,15.50069051743003,501-750
TR-047881,Richmond,Tucson,2548.0,Reefer,41685.0,2025-10-31,0.97378,1.99697,5507.65,5493.864956914498,13.785043085501457,13.785043085501457,1500+
TR-047882,Cincinnati,Phoenix,2093.9,Dry Van,34414.0,2025-10-31,1.01659,2.2289,4049.65,3995.8967107348867,53.75328926511338,53.75328926511338,1500+
TR-047883,Reno,Phoenix,853.9,Flatbed,24713.0,2025-10-31,1.03082,2.16248,1756.24,1909.6569472220328,153.41694722203283,-153.41694722203283,751-1000
TR-047884,Philadelphia,Lexington,764.9,Dry Van,33198.0,2025-10-31,0.98854,1.99663,1596.37,1630.2062881108375,33.836288110837586,-33.836288110837586,751-1000
TR-047885,Green Bay,Syracuse,656.8,Reefer,19655.0,2025-10-31,0.9908,1.96459,1454.79,1459.4418736904875,4.651873690487491,-4.651873690487491,501-750
TR-047886,Charleston,Columbia,271.0,Flatbed,42154.0,2025-10-31,0.96171,1.35623,760.7,738.1956596406001,22.504340359399976,22.504340359399976,251-500
TR-047887,Montgomery,New Orleans,450.0,Dry Van,34391.0,2025-10-31,0.98621,1.76458,1078.09,1074.9294386341635,3.160561365836429,3.160561365836429,251-500
TR-047888,Albuquerque,El Paso,184.1,Flatbed,24680.0,2025-10-31,1.00574,1.33967,525.91,509.81056390888773,16.09943609111224,16.09943609111224,0-250
TR-047889,Dayton,Jacksonville,635.4,Flatbed,37673.0,2025-10-31,1.02412,1.74857,1536.02,1494.1057734141573,41.9142265858427,41.9142265858427,501-750
TR-047890,Lubbock,Oklahoma City,196.3,Dry Van,37303.0,2025-10-31,0.97891,1.27436,561.02,562.2966144521312,1.2766144521311844,-1.2766144521311844,0-250
TR-047891,Atlanta,Cincinnati,199.4,Dry Van,45033.0,2025-10-31,1.00741,1.38474,552.6,545.0736905472531,7.526309452746887,7.526309452746887,0-250
TR-047892,Montgomery,Lexington,477.0,Reefer,34623.0,2025-10-31,1.00718,1.56319,1254.05,1266.644961884161,12.594961884160966,-12.594961884160966,251-500
TR-047893,Boston,Bakersfield,3090.5,Dry Van,34910.0,2025-10-31,0.97531,2.21653,5877.77,5787.48298624874,90.28701375126002,90.28701375126002,1500+
TR-047894,Montgomery,Jacksonville,142.6,Dry Van,44418.0,2025-10-31,0.99279,1.25003,406.71,403.7222855179094,2.987714482090553,2.987714482090553,0-250
TR-047895,Albany,Fort Wayne,878.9,Flatbed,25642.0,2025-10-31,0.97315,2.08447,1803.86,1859.5855384153094,55.72553841530953,-55.72553841530953,751-1000
TR-047896,Charleston,Fort Wayne,677.9,Flatbed,13375.0,2025-10-31,0.99904,2.01074,1484.36,1480.4581092130966,3.901890786903323,3.901890786903323,501-750
TR-047897,Greensboro,Albany,967.2,Dry Van,40861.0,2025-10-31,1.00887,2.21912,1920.32,1989.736648713338,69.41664871333796,-69.41664871333796,751-1000
TR-047898,Buffalo,Montgomery,965.5,Dry Van,32329.0,2025-10-31,1.00461,2.16189,1935.63,1958.7876939544437,23.15769395444363,-23.15769395444363,751-1000
TR-047899,Syracuse,Grand Rapids,559.2,Dry Van,45220.0,2025-10-31,0.99677,1.94876,389.18,1221.1362865961607,831.9562865961607,-831.9562865961607,501-750
TR-047900,Richmond,Green Bay,864.1,Reefer,25597.0,2025-10-31,1.04546,1.88401,1936.26,1949.1087980216003,12.84879802160026,-12.84879802160026,751-1000
TR-047901,Milwaukee,Kansas City,183.2,Dry Van,44526.0,2025-10-31,0.99952,1.41752,498.57,495.19178240304535,3.3782175969546415,3.3782175969546415,0-250
TR-047902,Kansas City,Shreveport,566.3,Dry Van,28873.0,2025-10-31,0.97248,1.86947,1298.84,1238.193516440882,60.646483559117996,60.646483559117996,501-750
TR-047903,Bakersfield,Houston,1517.0,Reefer,47500.0,2025-10-31,0.98033,1.78017,3544.7,3625.8918469537866,81.19184695378681,-81.19184695378681,1500+
TR-047904,San Antonio,Buffalo,1584.9,Dry Van,23974.0,2025-10-31,0.96934,2.17331,3014.39,3015.044853282303,0.6548532823030655,-0.6548532823030655,1500+
TR-047905,Atlanta,Shreveport,443.1,Flatbed,38303.0,2025-10-31,0.96448,1.42495,1193.87,1144.625178676342,49.24482132365779,49.24482132365779,251-500
TR-047906,Houston,Los Angeles,1529.9,Dry Van,14101.0,2025-10-31,1.0048,2.22459,2972.61,3047.567354981127,74.95735498112708,-74.95735498112708,1500+
TR-047907,Madison,Louisville,386.0,Dry Van,27657.0,2025-10-31,0.98457,1.85887,889.76,871.7589611613615,18.001038838638465,18.001038838638465,251-500
TR-047908,Oklahoma City,Lexington,999.7,Reefer,12507.0,2025-10-31,0.97237,1.9675,2196.67,2292.612286073159,95.94228607315881,-95.94228607315881,751-1000
TR-047909,Tucson,Cincinnati,1831.9,Dry Van,30121.0,2025-10-31,1.04564,2.14695,3726.44,3597.057037634325,129.3829623656752,129.3829623656752,1500+
TR-047910,Mobile,Phoenix,1904.2,Dry Van,31119.0,2025-10-31,0.96984,2.13721,3806.72,3805.6195657520675,1.1004342479322986,1.1004342479322986,1500+
TR-047911,Charleston,Salt Lake City,2182.6,Dry Van,26735.0,2025-10-31,0.99746,2.24777,4081.47,3977.9076218496893,103.56237815031045,103.56237815031045,1500+
TR-047912,Hartford,Columbia,844.4,Dry Van,45167.0,2025-10-31,0.98418,2.04428,1776.62,1795.4947689945936,18.87476899459375,-18.87476899459375,751-1000
TR-047913,Louisville,Cincinnati,72.8,Flatbed,33190.0,2025-10-31,0.96197,1.06068,225.89,265.59425853231204,39.70425853231205,-39.70425853231205,0-250
TR-047914,Mobile,Milwaukee,638.3,Dry Van,36710.0,2025-10-31,0.99942,1.84199,1428.79,1424.7523599420758,4.037640057924136,4.037640057924136,501-750
TR-047915,Reno,Albuquerque,700.0,Dry Van,30725.0,2025-10-31,0.96731,1.91383,1520.95,1449.361101165706,71.58889883429401,71.58889883429401,501-750
TR-047916,Atlanta,Oklahoma City,889.2,Dry Van,31136.0,2025-10-31,0.96671,1.93169,1964.56,1885.9674396323655,78.5925603676344,78.5925603676344,751-1000
TR-047917,Amarillo,Baltimore,2147.8,Reefer,33227.0,2025-10-31,0.99657,1.94488,4747.86,4525.646183490501,222.21381650949843,222.21381650949843,1500+
TR-047918,Tucson,Amarillo,626.4,Dry Van,33090.0,2025-10-31,1.01271,1.81534,1423.65,1409.8101418634858,13.839858136514295,13.839858136514295,501-750
TR-047919,Detroit,Tucson,2115.8,Dry Van,47500.0,2025-10-31,0.98061,2.20692,4047.69,4067.7438974891224,20.05389748912239,-20.05389748912239,1500+
TR-047920,Grand Rapids,Las Vegas,1986.1,Dry Van,37300.0,2025-10-31,0.94035,2.25491,3750.58,3926.4544660323377,175.87446603233775,-175.87446603233775,1500+
TR-047921,Corpus Christi,Lexington,1005.3,Dry Van,47500.0,2025-10-31,1.05526,1.93057,2241.06,2188.7112023932423,52.34879760675767,52.34879760675767,1001-1500
TR-047922,Austin,Albuquerque,831.9,Flatbed,25842.0,2025-10-31,1.02797,1.91855,1862.13,1917.9755688262399,55.84556882623974,-55.84556882623974,751-1000
TR-047923,Milwaukee,Shreveport,615.7,Flatbed,28954.0,2025-10-31,0.96776,1.74983,1487.72,1467.2514614071454,20.468538592854657,20.468538592854657,501-750
TR-047924,Baltimore,Shreveport,1334.7,Dry Van,33532.0,2025-10-31,0.98016,2.05742,2781.65,2670.08372541735,111.5662745826503,111.5662745826503,1001-1500
TR-047925,Tulsa,New York,1501.7,Dry Van,31042.0,2025-10-31,0.96058,2.11285,3013.52,3017.6201692333543,4.100169233354336,-4.100169233354336,1500+
TR-047926,Savannah,New Orleans,705.2,Dry Van,42328.0,2025-10-31,0.97125,1.84723,1624.99,1544.0423705393775,80.94762946062247,80.94762946062247,501-750
TR-047927,Greensboro,Jacksonville,367.0,Flatbed,24672.0,2025-10-31,0.95988,1.60269,928.29,895.5391821178545,32.7508178821455,32.7508178821455,251-500
TR-047928,Montgomery,Mobile,177.0,Dry Van,20233.0,2025-10-31,0.96494,1.49438,464.45,456.1074403021404,8.342559697859599,8.342559697859599,0-250
TR-047929,Syracuse,Mobile,1139.1,Dry Van,45469.0,2025-10-31,1.01407,2.05287,2419.63,2381.5935955367213,38.036404463278814,38.036404463278814,1001-1500
TR-047930,Charleston,Nashville,564.5,Dry Van,30728.0,2025-10-31,1.00869,1.95195,1245.87,1255.1433705889085,9.27337058890862,-9.27337058890862,501-750
TR-047931,Fort Wayne,Baton Rouge,1008.1,Dry Van,38899.0,2025-10-31,1.00962,2.10175,2083.49,2132.454677531777,48.9646775317774,-48.9646775317774,1001-1500
TR-047932,San Antonio,Albuquerque,916.6,Dry Van,38793.0,2025-10-31,1.00514,1.86725,2105.01,1969.782443577031,135.2275564229692,135.2275564229692,751-1000
TR-047933,Los Angeles,Greensboro,2412.3,Dry Van,33626.0,2025-10-31,1.03743,2.19303,4779.53,4686.266560894633,93.26343910536707,93.26343910536707,1500+
TR-047934,Hartford,Detroit,798.8,Flatbed,30839.0,2025-10-31,0.94188,2.04389,1694.68,1744.8143062472445,50.13430624724447,-50.13430624724447,751-1000
TR-047935,Milwaukee,Toledo,330.2,Dry Van,28396.0,2025-10-31,0.98358,1.8336,757.39,764.4314019680376,7.041401968037576,-7.041401968037576,251-500
TR-047936,San Francisco,Madison,2016.8,Dry Van,38439.0,2025-10-31,1.03693,2.1335,4018.5,3917.140008869905,101.35999113009484,101.35999113009484,1500+
TR-047937,Albany,New York,388.8,Flatbed,25875.0,2025-10-31,1.00257,1.80613,914.89,912.0855332102764,2.8044667897236195,2.8044667897236195,251-500
TR-047938,Oklahoma City,Baton Rouge,451.9,Dry Van,47500.0,2025-10-31,0.94557,1.66149,1148.08,1085.265491303794,62.81450869620585,62.81450869620585,251-500
TR-047939,Phoenix,Hartford,3003.7,Dry Van,25844.0,2025-10-31,0.99717,2.27103,5543.53,5439.6187678022125,103.91123219778729,103.91123219778729,1500+
TR-047940,Washington,Memphis,863.3,Dry Van,47500.0,2025-10-31,0.98408,2.00154,1865.96,1867.621784758199,1.661784758199019,-1.661784758199019,751-1000
TR-047941,Memphis,Tulsa,399.1,Dry Van,26374.0,2025-10-31,0.97504,1.79363,920.97,918.3586970847078,2.6113029152921854,2.6113029152921854,251-500
TR-047942,Providence,Columbia,939.9,Reefer,38954.0,2025-10-31,0.9436,1.68173,2285.41,2198.0516003202933,87.35839967970651,87.35839967970651,751-1000
TR-047943,Phoenix,Memphis,1857.4,Dry Van,10504.0,2025-10-31,0.98003,2.33421,3381.99,3533.7789434156216,151.78894341562182,-151.78894341562182,1500+
TR-047944,New York,New Orleans,1350.6,Reefer,41890.0,2025-10-31,0.97407,1.82877,3118.76,3094.0416481165394,24.718351883460855,24.718351883460855,1001-1500
TR-047945,Salt Lake City,Charleston,2261.2,Reefer,42932.0,2025-10-31,0.99942,1.87702,5091.54,4795.427730881295,296.1122691187047,296.1122691187047,1500+
TR-047946,Grand Rapids,Greensboro,646.1,Flatbed,35894.0,2025-10-31,0.98769,1.82787,1509.1,1480.5278981293031,28.57210187069677,28.57210187069677,501-750
TR-047947,Mobile,Buffalo,1014.4,Flatbed,37574.0,2025-10-31,1.0558,1.92199,2269.05,2304.093525991497,35.04352599149661,-35.04352599149661,1001-1500
TR-047948,Phoenix,Buffalo,2641.9,Dry Van,28019.0,2025-10-31,0.96782,2.31901,4788.74,4851.112332176425,62.372332176425516,-62.372332176425516,1500+
TR-047949,Memphis,Nashville,121.8,Dry Van,19117.0,2025-10-31,0.99594,1.37815,337.43,336.62525099206806,0.8047490079319459,0.8047490079319459,0-250
TR-047950,Tampa,Phoenix,2075.2,Dry Van,35768.0,2025-10-31,0.97414,2.17282,4091.21,4030.8462926436805,60.36370735631954,60.36370735631954,1500+
TR-047951,Lubbock,Mobile,830.8,Dry Van,29622.0,2025-10-31,0.98623,1.98404,1803.63,1786.3694599627224,17.26054003727768,17.26054003727768,751-1000
TR-047952,Corpus Christi,Kansas City,908.1,Dry Van,19128.0,2025-10-31,0.96158,2.12897,1832.95,1824.9223343041017,8.02766569589835,8.02766569589835,751-1000
TR-047953,Hartford,Fort Wayne,873.0,Dry Van,36458.0,2025-10-31,1.00549,2.01596,1872.97,1808.0847507082026,64.88524929179744,64.88524929179744,751-1000
TR-047954,Albuquerque,New Orleans,1173.6,Dry Van,33567.0,2025-10-31,1.0207,2.05872,2435.84,2497.6325620804355,61.792562080435346,-61.792562080435346,1001-1500
TR-047955,Charleston,Albuquerque,1953.3,Dry Van,44569.0,2025-10-31,1.02031,2.03999,4018.16,3973.057572699045,45.10242730095479,45.10242730095479,1500+
TR-047956,Philadelphia,Jacksonville,964.6,Reefer,33738.0,2025-10-31,0.97944,1.77554,2252.0,2227.5422857415792,24.457714258420765,24.457714258420765,751-1000
TR-047957,Baton Rouge,Hartford,1569.9,Dry Van,38779.0,2025-10-31,0.98687,2.12701,3142.24,3187.2914540754714,45.05145407547161,-45.05145407547161,1500+
TR-047958,Columbia,Reno,2314.4,Dry Van,31903.0,2025-10-31,1.00865,2.29935,4321.21,4320.972291237569,0.23770876243088424,0.23770876243088424,1500+
TR-047959,Milwaukee,Kansas City,184.3,Dry Van,35896.0,2025-10-31,0.97705,1.48368,486.72,491.58780281143356,4.867802811433535,-4.867802811433535,0-250
TR-047960,Raleigh,Lubbock,1574.5,Dry Van,34018.0,2025-10-31,1.00873,2.1208,3166.71,3207.642464690188,40.93246469018777,-40.93246469018777,1500+
TR-047961,Hartford,Corpus Christi,1788.8,Dry Van,28493.0,2025-10-31,1.01201,2.26137,3440.82,3470.480478660825,29.660478660824992,-29.660478660824992,1500+
TR-047962,Chattanooga,Nashville,70.0,Reefer,33010.0,2025-10-31,1.03217,0.74553,241.41,296.26352209679214,54.85352209679215,-54.85352209679215,0-250
TR-047963,Fort Wayne,El Paso,1731.7,Reefer,38479.0,2025-10-31,0.97252,1.87244,3897.49,3971.4487282170535,73.9587282170537,-73.9587282170537,1500+
TR-047964,Charleston,St. Louis,750.6,Reefer,24859.0,2025-10-31,0.95981,1.8533,1730.14,1723.679638048699,6.460361951301138,6.460361951301138,751-1000
TR-047965,Baton Rouge,Albuquerque,1232.6,Dry Van,37475.0,2025-10-31,0.99309,2.04349,2612.25,2642.5261449705195,30.276144970519454,-30.276144970519454,1001-1500
TR-047966,Buffalo,Mobile,1031.2,Dry Van,33509.0,2025-10-31,1.00962,2.06286,2131.84,2123.7588454503075,8.081154549692656,8.081154549692656,1001-1500
TR-047967,Savannah,El Paso,1868.5,Reefer,47500.0,2025-10-31,0.99127,1.84764,4242.21,4172.476609907165,69.73339009283518,69.73339009283518,1500+
TR-047968,El Paso,Charleston,2029.5,Dry Van,35288.0,2025-10-31,1.02463,2.15032,4143.03,4031.285020593931,111.74497940606852,111.74497940606852,1500+
TR-047969,Providence,Madison,1320.8,Flatbed,15582.0,2025-10-31,0.97997,2.09042,2756.18,2716.11816729376,40.061832706239784,40.061832706239784,1001-1500
TR-047970,Austin,Phoenix,1160.2,Flatbed,24927.0,2025-10-31,1.01193,1.91635,2578.62,2624.0335997671727,45.413599767172855,-45.413599767172855,1001-1500
TR-047971,Tulsa,Corpus Christi,414.4,Reefer,33267.0,2025-10-31,0.97106,1.37616,1140.1,1135.0996219724293,5.000378027570605,5.000378027570605,251-500
TR-047972,Albany,Toledo,816.3,Reefer,27605.0,2025-10-31,1.02512,1.85619,1856.36,1805.6956853636716,50.6643146363283,50.6643146363283,751-1000
TR-047973,Richmond,Philadelphia,283.3,Reefer,34899.0,2025-10-31,1.01771,1.39304,780.73,759.1663645635397,21.563635436460345,21.563635436460345,251-500
TR-047974,Raleigh,Richmond,238.9,Dry Van,20651.0,2025-10-31,0.98525,1.77545,575.35,586.1992753199331,10.8492753199331,-10.8492753199331,0-250
TR-047975,Hartford,Houston,1605.1,Dry Van,39701.0,2025-10-31,0.96853,2.15097,3168.5,3255.8315710493716,87.33157104937163,-87.33157104937163,1500+
TR-047976,New York,New Orleans,1306.0,Dry Van,19171.0,2025-10-31,0.97833,2.34832,2373.86,2509.069002956261,135.20900295626097,-135.20900295626097,1001-1500
TR-047977,Cincinnati,Lexington,132.4,Dry Van,32697.0,2025-10-31,0.97761,1.41791,361.79,386.0452385040767,24.255238504076658,-24.255238504076658,0-250
TR-047978,Hartford,Lexington,858.6,Flatbed,23090.0,2025-10-31,0.92387,1.99787,1861.13,1882.2413170543798,21.111317054379697,-21.111317054379697,751-1000
TR-047979,Washington,Richmond,80.1,Dry Van,22819.0,2025-10-31,0.9888,1.51173,210.91,233.39828717733522,22.488287177335224,-22.488287177335224,0-250
TR-047980,Bakersfield,New York,2784.4,Reefer,27940.0,2025-10-31,0.96914,2.13937,5609.53,5590.57103130374,18.958968696259944,18.958968696259944,1500+
TR-047981,Boston,Shreveport,1588.9,Dry Van,47500.0,2025-10-31,1.01639,2.01282,3381.74,3162.229588202866,219.51041179713366,219.51041179713366,1500+
TR-047982,Mobile,Fresno,2144.0,Dry Van,19169.0,2025-10-31,1.00251,2.25851,3993.28,3891.4668351066766,101.81316489332357,101.81316489332357,1500+
TR-047983,Baton Rouge,Mobile,337.5,Dry Van,47500.0,2025-10-31,0.95084,1.44325,890.41,853.0655377804428,37.34446221955716,37.34446221955716,251-500
TR-047984,Fresno,Baton Rouge,1890.3,Reefer,43064.0,2025-10-31,1.01146,1.87489,4368.15,4329.82296419998,38.327035800019985,38.327035800019985,1500+
TR-047985,San Francisco,Providence,3396.6,Dry Van,43205.0,2025-10-31,1.01436,2.26942,6482.04,5839.026905782467,643.0130942175329,643.0130942175329,1500+
TR-047986,Harrisburg,Shreveport,1101.8,Dry Van,31155.0,2025-10-31,0.99858,2.09499,2257.13,2231.4631960229144,25.666803977085692,25.666803977085692,1001-1500
TR-047987,Mobile,Shreveport,303.4,Reefer,31864.0,2025-10-31,0.98895,1.29148,863.24,867.9440565363187,4.704056536318717,-4.704056536318717,251-500
TR-047988,Lexington,Milwaukee,325.2,Dry Van,47500.0,2025-10-31,0.9809,1.62462,809.92,816.1768957483913,6.256895748391344,-6.256895748391344,251-500
TR-047989,Mobile,Phoenix,1951.5,Dry Van,27973.0,2025-10-31,0.97219,2.19905,3792.58,3830.0984998270765,37.51849982707654,-37.51849982707654,1500+
TR-047990,Dayton,Madison,314.9,Reefer,38185.0,2025-10-31,0.97425,1.45754,855.05,841.5440844820345,13.50591551796549,13.50591551796549,251-500
TR-047991,Atlanta,Washington,681.1,Reefer,42982.0,2025-10-31,1.02579,1.67972,1703.72,1632.3513981880876,71.36860181191241,71.36860181191241,501-750
TR-047992,Tucson,Chattanooga,1788.3,Flatbed,34602.0,2025-10-31,1.00403,2.03241,3804.9,3924.1102188037576,119.21021880375747,-119.21021880375747,1500+
TR-047993,Cincinnati,Mobile,457.0,Reefer,34524.0,2025-10-31,1.00672,1.58343,5561.19,1197.2750325751074,4363.914967424892,4363.914967424892,251-500
TR-047994,Phoenix,Dayton,2295.2,Dry Van,32358.0,2025-10-31,1.00093,2.2237,4371.59,4379.085133961448,7.4951339614481185,-7.4951339614481185,1500+
TR-047995,Little Rock,New York,1297.5,Dry Van,33915.0,2025-10-31,1.01799,2.06828,2682.29,2629.0945315521567,53.19546844784327,53.19546844784327,1001-1500
TR-047996,Reno,Baton Rouge,1830.9,Flatbed,31786.0,2025-10-31,0.98865,2.05626,3787.32,3870.7760681291497,83.45606812914957,-83.45606812914957,1500+
TR-047997,Greensboro,Memphis,445.8,Reefer,37465.0,2025-10-31,1.03034,1.51985,1171.93,1171.1849590826075,0.7450409173925436,0.7450409173925436,251-500
TR-047998,Greensboro,Cincinnati,267.9,Flatbed,24528.0,2025-10-31,1.00846,1.46954,713.36,694.4852391262214,18.874760873778655,18.874760873778655,251-500
TR-047999,Memphis,Reno,1901.3,Flatbed,37581.0,2025-10-31,1.00014,2.05132,3987.46,4114.806448179284,127.34644817928438,-127.34644817928438,1500+
TR-048000,Bakersfield,Baltimore,2860.4,Dry Van,28359.0,2025-10-31,1.07073,2.31578,5264.84,5252.449791448715,12.390208551285468,12.390208551285468,1500+
